concurrency,artifact_id,artifact_name,source_file_path,total_records,field,field_name,canonical_field,present_count,presence_rate,null_count,null_rate,null_rate_among_present,dtype,python_types,min,max,numeric_min,numeric_max,observed_unit,observed_unit_values,unit_value_present_count,inferred_unit
1,8497343270,agentic_glm5.2_p1x1_d1x8_conc1_kvdram-hisparse_fp8_dynamo-sglang_prefill-tp1-pp1-dcp1-pcp8-ep1-dpfalse-nw1_decode-tp8-pp1-dcp1-pcp1-ep1-dptrue-nw1_disagg-true_spec-none_conc1_h200-dgxc-slurm_3,/Users/sskim/Documents/Codex/2026-08-06/h200-agentx-conversation-id-benchmark-analysis/data/raw/github/run_29820102138/conc1/raw_agentic/8497343270_agentic_glm5.2_p1x1_d1x8_conc1_kvdram-hisparse_fp8_dynamo-sglang_prefill-tp1-pp1-dcp1-pcp8-ep1-dpfalse-nw1_decode-tp8-pp1-dcp1-pcp1-ep1-dptrue-nw1_disagg-true_spec-none_conc1_h200-dgxc-slurm_3/conc_1/aiperf_artifacts/profile_export.jsonl,638,metadata.agent_depth,metadata.agent_depth,metadataagentdepth,638,1.0,0,0.0,0.0,int,int,0.0,1.0,0.0,1.0,,,0,unknown
1,8497343270,agentic_glm5.2_p1x1_d1x8_conc1_kvdram-hisparse_fp8_dynamo-sglang_prefill-tp1-pp1-dcp1-pcp8-ep1-dpfalse-nw1_decode-tp8-pp1-dcp1-pcp1-ep1-dptrue-nw1_disagg-true_spec-none_conc1_h200-dgxc-slurm_3,/Users/sskim/Documents/Codex/2026-08-06/h200-agentx-conversation-id-benchmark-analysis/data/raw/github/run_29820102138/conc1/raw_agentic/8497343270_agentic_glm5.2_p1x1_d1x8_conc1_kvdram-hisparse_fp8_dynamo-sglang_prefill-tp1-pp1-dcp1-pcp8-ep1-dpfalse-nw1_decode-tp8-pp1-dcp1-pcp1-ep1-dptrue-nw1_disagg-true_spec-none_conc1_h200-dgxc-slurm_3/conc_1/aiperf_artifacts/profile_export.jsonl,638,metadata.benchmark_phase,metadata.benchmark_phase,metadatabenchmarkphase,638,1.0,0,0.0,0.0,str,str,,,,,,,0,unknown
1,8497343270,agentic_glm5.2_p1x1_d1x8_conc1_kvdram-hisparse_fp8_dynamo-sglang_prefill-tp1-pp1-dcp1-pcp8-ep1-dpfalse-nw1_decode-tp8-pp1-dcp1-pcp1-ep1-dptrue-nw1_disagg-true_spec-none_conc1_h200-dgxc-slurm_3,/Users/sskim/Documents/Codex/2026-08-06/h200-agentx-conversation-id-benchmark-analysis/data/raw/github/run_29820102138/conc1/raw_agentic/8497343270_agentic_glm5.2_p1x1_d1x8_conc1_kvdram-hisparse_fp8_dynamo-sglang_prefill-tp1-pp1-dcp1-pcp8-ep1-dpfalse-nw1_decode-tp8-pp1-dcp1-pcp1-ep1-dptrue-nw1_disagg-true_spec-none_conc1_h200-dgxc-slurm_3/conc_1/aiperf_artifacts/profile_export.jsonl,638,metadata.context_overflow_skip,metadata.context_overflow_skip,metadatacontextoverflowskip,638,1.0,0,0.0,0.0,bool,bool,,,,,,,0,unknown
1,8497343270,agentic_glm5.2_p1x1_d1x8_conc1_kvdram-hisparse_fp8_dynamo-sglang_prefill-tp1-pp1-dcp1-pcp8-ep1-dpfalse-nw1_decode-tp8-pp1-dcp1-pcp1-ep1-dptrue-nw1_disagg-true_spec-none_conc1_h200-dgxc-slurm_3,/Users/sskim/Documents/Codex/2026-08-06/h200-agentx-conversation-id-benchmark-analysis/data/raw/github/run_29820102138/conc1/raw_agentic/8497343270_agentic_glm5.2_p1x1_d1x8_conc1_kvdram-hisparse_fp8_dynamo-sglang_prefill-tp1-pp1-dcp1-pcp8-ep1-dpfalse-nw1_decode-tp8-pp1-dcp1-pcp1-ep1-dptrue-nw1_disagg-true_spec-none_conc1_h200-dgxc-slurm_3/conc_1/aiperf_artifacts/profile_export.jsonl,638,metadata.conversation_id,metadata.conversation_id,metadataconversationid,638,1.0,0,0.0,0.0,str,str,,,,,,,0,unknown
1,8497343270,agentic_glm5.2_p1x1_d1x8_conc1_kvdram-hisparse_fp8_dynamo-sglang_prefill-tp1-pp1-dcp1-pcp8-ep1-dpfalse-nw1_decode-tp8-pp1-dcp1-pcp1-ep1-dptrue-nw1_disagg-true_spec-none_conc1_h200-dgxc-slurm_3,/Users/sskim/Documents/Codex/2026-08-06/h200-agentx-conversation-id-benchmark-analysis/data/raw/github/run_29820102138/conc1/raw_agentic/8497343270_agentic_glm5.2_p1x1_d1x8_conc1_kvdram-hisparse_fp8_dynamo-sglang_prefill-tp1-pp1-dcp1-pcp8-ep1-dpfalse-nw1_decode-tp8-pp1-dcp1-pcp1-ep1-dptrue-nw1_disagg-true_spec-none_conc1_h200-dgxc-slurm_3/conc_1/aiperf_artifacts/profile_export.jsonl,638,metadata.credit_issued_ns,metadata.credit_issued_ns,metadatacreditissuedns,638,1.0,0,0.0,0.0,int,int,1.7846371576945047e+18,1.78464142974219e+18,1.7846371576945047e+18,1.78464142974219e+18,,,0,nanoseconds
1,8497343270,agentic_glm5.2_p1x1_d1x8_conc1_kvdram-hisparse_fp8_dynamo-sglang_prefill-tp1-pp1-dcp1-pcp8-ep1-dpfalse-nw1_decode-tp8-pp1-dcp1-pcp1-ep1-dptrue-nw1_disagg-true_spec-none_conc1_h200-dgxc-slurm_3,/Users/sskim/Documents/Codex/2026-08-06/h200-agentx-conversation-id-benchmark-analysis/data/raw/github/run_29820102138/conc1/raw_agentic/8497343270_agentic_glm5.2_p1x1_d1x8_conc1_kvdram-hisparse_fp8_dynamo-sglang_prefill-tp1-pp1-dcp1-pcp8-ep1-dpfalse-nw1_decode-tp8-pp1-dcp1-pcp1-ep1-dptrue-nw1_disagg-true_spec-none_conc1_h200-dgxc-slurm_3/conc_1/aiperf_artifacts/profile_export.jsonl,638,metadata.parent_correlation_id,metadata.parent_correlation_id,metadataparentcorrelationid,306,0.47962382445141066,0,0.0,0.0,str,str,,,,,,,0,unknown
1,8497343270,agentic_glm5.2_p1x1_d1x8_conc1_kvdram-hisparse_fp8_dynamo-sglang_prefill-tp1-pp1-dcp1-pcp8-ep1-dpfalse-nw1_decode-tp8-pp1-dcp1-pcp1-ep1-dptrue-nw1_disagg-true_spec-none_conc1_h200-dgxc-slurm_3,/Users/sskim/Documents/Codex/2026-08-06/h200-agentx-conversation-id-benchmark-analysis/data/raw/github/run_29820102138/conc1/raw_agentic/8497343270_agentic_glm5.2_p1x1_d1x8_conc1_kvdram-hisparse_fp8_dynamo-sglang_prefill-tp1-pp1-dcp1-pcp8-ep1-dpfalse-nw1_decode-tp8-pp1-dcp1-pcp1-ep1-dptrue-nw1_disagg-true_spec-none_conc1_h200-dgxc-slurm_3/conc_1/aiperf_artifacts/profile_export.jsonl,638,metadata.record_processor_id,metadata.record_processor_id,metadatarecordprocessorid,638,1.0,0,0.0,0.0,str,str,,,,,,,0,unknown
1,8497343270,agentic_glm5.2_p1x1_d1x8_conc1_kvdram-hisparse_fp8_dynamo-sglang_prefill-tp1-pp1-dcp1-pcp8-ep1-dpfalse-nw1_decode-tp8-pp1-dcp1-pcp1-ep1-dptrue-nw1_disagg-true_spec-none_conc1_h200-dgxc-slurm_3,/Users/sskim/Documents/Codex/2026-08-06/h200-agentx-conversation-id-benchmark-analysis/data/raw/github/run_29820102138/conc1/raw_agentic/8497343270_agentic_glm5.2_p1x1_d1x8_conc1_kvdram-hisparse_fp8_dynamo-sglang_prefill-tp1-pp1-dcp1-pcp8-ep1-dpfalse-nw1_decode-tp8-pp1-dcp1-pcp1-ep1-dptrue-nw1_disagg-true_spec-none_conc1_h200-dgxc-slurm_3/conc_1/aiperf_artifacts/profile_export.jsonl,638,metadata.request_ack_ns,metadata.request_ack_ns,metadatarequestackns,638,1.0,0,0.0,0.0,int,int,1.78463715873942e+18,1.7846414306873897e+18,1.78463715873942e+18,1.7846414306873897e+18,,,0,nanoseconds
1,8497343270,agentic_glm5.2_p1x1_d1x8_conc1_kvdram-hisparse_fp8_dynamo-sglang_prefill-tp1-pp1-dcp1-pcp8-ep1-dpfalse-nw1_decode-tp8-pp1-dcp1-pcp1-ep1-dptrue-nw1_disagg-true_spec-none_conc1_h200-dgxc-slurm_3,/Users/sskim/Documents/Codex/2026-08-06/h200-agentx-conversation-id-benchmark-analysis/data/raw/github/run_29820102138/conc1/raw_agentic/8497343270_agentic_glm5.2_p1x1_d1x8_conc1_kvdram-hisparse_fp8_dynamo-sglang_prefill-tp1-pp1-dcp1-pcp8-ep1-dpfalse-nw1_decode-tp8-pp1-dcp1-pcp1-ep1-dptrue-nw1_disagg-true_spec-none_conc1_h200-dgxc-slurm_3/conc_1/aiperf_artifacts/profile_export.jsonl,638,metadata.request_end_ns,metadata.request_end_ns,metadatarequestendns,638,1.0,0,0.0,0.0,int,int,1.784637237904247e+18,1.7846414315824335e+18,1.784637237904247e+18,1.7846414315824335e+18,,,0,nanoseconds
1,8497343270,agentic_glm5.2_p1x1_d1x8_conc1_kvdram-hisparse_fp8_dynamo-sglang_prefill-tp1-pp1-dcp1-pcp8-ep1-dpfalse-nw1_decode-tp8-pp1-dcp1-pcp1-ep1-dptrue-nw1_disagg-true_spec-none_conc1_h200-dgxc-slurm_3,/Users/sskim/Documents/Codex/2026-08-06/h200-agentx-conversation-id-benchmark-analysis/data/raw/github/run_29820102138/conc1/raw_agentic/8497343270_agentic_glm5.2_p1x1_d1x8_conc1_kvdram-hisparse_fp8_dynamo-sglang_prefill-tp1-pp1-dcp1-pcp8-ep1-dpfalse-nw1_decode-tp8-pp1-dcp1-pcp1-ep1-dptrue-nw1_disagg-true_spec-none_conc1_h200-dgxc-slurm_3/conc_1/aiperf_artifacts/profile_export.jsonl,638,metadata.request_start_ns,metadata.request_start_ns,metadatarequeststartns,638,1.0,0,0.0,0.0,int,int,1.7846371578043459e+18,1.7846414297438474e+18,1.7846371578043459e+18,1.7846414297438474e+18,,,0,nanoseconds
1,8497343270,agentic_glm5.2_p1x1_d1x8_conc1_kvdram-hisparse_fp8_dynamo-sglang_prefill-tp1-pp1-dcp1-pcp8-ep1-dpfalse-nw1_decode-tp8-pp1-dcp1-pcp1-ep1-dptrue-nw1_disagg-true_spec-none_conc1_h200-dgxc-slurm_3,/Users/sskim/Documents/Codex/2026-08-06/h200-agentx-conversation-id-benchmark-analysis/data/raw/github/run_29820102138/conc1/raw_agentic/8497343270_agentic_glm5.2_p1x1_d1x8_conc1_kvdram-hisparse_fp8_dynamo-sglang_prefill-tp1-pp1-dcp1-pcp8-ep1-dpfalse-nw1_decode-tp8-pp1-dcp1-pcp1-ep1-dptrue-nw1_disagg-true_spec-none_conc1_h200-dgxc-slurm_3/conc_1/aiperf_artifacts/profile_export.jsonl,638,metadata.root_correlation_id,metadata.root_correlation_id,metadatarootcorrelationid,638,1.0,0,0.0,0.0,str,str,,,,,,,0,unknown
1,8497343270,agentic_glm5.2_p1x1_d1x8_conc1_kvdram-hisparse_fp8_dynamo-sglang_prefill-tp1-pp1-dcp1-pcp8-ep1-dpfalse-nw1_decode-tp8-pp1-dcp1-pcp1-ep1-dptrue-nw1_disagg-true_spec-none_conc1_h200-dgxc-slurm_3,/Users/sskim/Documents/Codex/2026-08-06/h200-agentx-conversation-id-benchmark-analysis/data/raw/github/run_29820102138/conc1/raw_agentic/8497343270_agentic_glm5.2_p1x1_d1x8_conc1_kvdram-hisparse_fp8_dynamo-sglang_prefill-tp1-pp1-dcp1-pcp8-ep1-dpfalse-nw1_decode-tp8-pp1-dcp1-pcp1-ep1-dptrue-nw1_disagg-true_spec-none_conc1_h200-dgxc-slurm_3/conc_1/aiperf_artifacts/profile_export.jsonl,638,metadata.session_num,metadata.session_num,metadatasessionnum,638,1.0,0,0.0,0.0,int,int,0.0,355.0,0.0,355.0,,,0,unknown
1,8497343270,agentic_glm5.2_p1x1_d1x8_conc1_kvdram-hisparse_fp8_dynamo-sglang_prefill-tp1-pp1-dcp1-pcp8-ep1-dpfalse-nw1_decode-tp8-pp1-dcp1-pcp1-ep1-dptrue-nw1_disagg-true_spec-none_conc1_h200-dgxc-slurm_3,/Users/sskim/Documents/Codex/2026-08-06/h200-agentx-conversation-id-benchmark-analysis/data/raw/github/run_29820102138/conc1/raw_agentic/8497343270_agentic_glm5.2_p1x1_d1x8_conc1_kvdram-hisparse_fp8_dynamo-sglang_prefill-tp1-pp1-dcp1-pcp8-ep1-dpfalse-nw1_decode-tp8-pp1-dcp1-pcp1-ep1-dptrue-nw1_disagg-true_spec-none_conc1_h200-dgxc-slurm_3/conc_1/aiperf_artifacts/profile_export.jsonl,638,metadata.source_inner_idx,metadata.source_inner_idx,metadatasourceinneridx,201,0.31504702194357365,0,0.0,0.0,int,int,0.0,33.0,0.0,33.0,,,0,unknown
1,8497343270,agentic_glm5.2_p1x1_d1x8_conc1_kvdram-hisparse_fp8_dynamo-sglang_prefill-tp1-pp1-dcp1-pcp8-ep1-dpfalse-nw1_decode-tp8-pp1-dcp1-pcp1-ep1-dptrue-nw1_disagg-true_spec-none_conc1_h200-dgxc-slurm_3,/Users/sskim/Documents/Codex/2026-08-06/h200-agentx-conversation-id-benchmark-analysis/data/raw/github/run_29820102138/conc1/raw_agentic/8497343270_agentic_glm5.2_p1x1_d1x8_conc1_kvdram-hisparse_fp8_dynamo-sglang_prefill-tp1-pp1-dcp1-pcp8-ep1-dpfalse-nw1_decode-tp8-pp1-dcp1-pcp1-ep1-dptrue-nw1_disagg-true_spec-none_conc1_h200-dgxc-slurm_3/conc_1/aiperf_artifacts/profile_export.jsonl,638,metadata.source_kind,metadata.source_kind,metadatasourcekind,638,1.0,0,0.0,0.0,str,str,,,,,,,0,unknown
1,8497343270,agentic_glm5.2_p1x1_d1x8_conc1_kvdram-hisparse_fp8_dynamo-sglang_prefill-tp1-pp1-dcp1-pcp8-ep1-dpfalse-nw1_decode-tp8-pp1-dcp1-pcp1-ep1-dptrue-nw1_disagg-true_spec-none_conc1_h200-dgxc-slurm_3,/Users/sskim/Documents/Codex/2026-08-06/h200-agentx-conversation-id-benchmark-analysis/data/raw/github/run_29820102138/conc1/raw_agentic/8497343270_agentic_glm5.2_p1x1_d1x8_conc1_kvdram-hisparse_fp8_dynamo-sglang_prefill-tp1-pp1-dcp1-pcp8-ep1-dpfalse-nw1_decode-tp8-pp1-dcp1-pcp1-ep1-dptrue-nw1_disagg-true_spec-none_conc1_h200-dgxc-slurm_3/conc_1/aiperf_artifacts/profile_export.jsonl,638,metadata.source_outer_idx,metadata.source_outer_idx,metadatasourceouteridx,638,1.0,0,0.0,0.0,int,int,0.0,201.0,0.0,201.0,,,0,unknown
1,8497343270,agentic_glm5.2_p1x1_d1x8_conc1_kvdram-hisparse_fp8_dynamo-sglang_prefill-tp1-pp1-dcp1-pcp8-ep1-dpfalse-nw1_decode-tp8-pp1-dcp1-pcp1-ep1-dptrue-nw1_disagg-true_spec-none_conc1_h200-dgxc-slurm_3,/Users/sskim/Documents/Codex/2026-08-06/h200-agentx-conversation-id-benchmark-analysis/data/raw/github/run_29820102138/conc1/raw_agentic/8497343270_agentic_glm5.2_p1x1_d1x8_conc1_kvdram-hisparse_fp8_dynamo-sglang_prefill-tp1-pp1-dcp1-pcp8-ep1-dpfalse-nw1_decode-tp8-pp1-dcp1-pcp1-ep1-dptrue-nw1_disagg-true_spec-none_conc1_h200-dgxc-slurm_3/conc_1/aiperf_artifacts/profile_export.jsonl,638,metadata.source_trace_id,metadata.source_trace_id,metadatasourcetraceid,638,1.0,0,0.0,0.0,str,str,,,,,,,0,unknown
1,8497343270,agentic_glm5.2_p1x1_d1x8_conc1_kvdram-hisparse_fp8_dynamo-sglang_prefill-tp1-pp1-dcp1-pcp8-ep1-dpfalse-nw1_decode-tp8-pp1-dcp1-pcp1-ep1-dptrue-nw1_disagg-true_spec-none_conc1_h200-dgxc-slurm_3,/Users/sskim/Documents/Codex/2026-08-06/h200-agentx-conversation-id-benchmark-analysis/data/raw/github/run_29820102138/conc1/raw_agentic/8497343270_agentic_glm5.2_p1x1_d1x8_conc1_kvdram-hisparse_fp8_dynamo-sglang_prefill-tp1-pp1-dcp1-pcp8-ep1-dpfalse-nw1_decode-tp8-pp1-dcp1-pcp1-ep1-dptrue-nw1_disagg-true_spec-none_conc1_h200-dgxc-slurm_3/conc_1/aiperf_artifacts/profile_export.jsonl,638,metadata.turn_index,metadata.turn_index,metadataturnindex,638,1.0,0,0.0,0.0,int,int,0.0,190.0,0.0,190.0,,,0,unknown
1,8497343270,agentic_glm5.2_p1x1_d1x8_conc1_kvdram-hisparse_fp8_dynamo-sglang_prefill-tp1-pp1-dcp1-pcp8-ep1-dpfalse-nw1_decode-tp8-pp1-dcp1-pcp1-ep1-dptrue-nw1_disagg-true_spec-none_conc1_h200-dgxc-slurm_3,/Users/sskim/Documents/Codex/2026-08-06/h200-agentx-conversation-id-benchmark-analysis/data/raw/github/run_29820102138/conc1/raw_agentic/8497343270_agentic_glm5.2_p1x1_d1x8_conc1_kvdram-hisparse_fp8_dynamo-sglang_prefill-tp1-pp1-dcp1-pcp8-ep1-dpfalse-nw1_decode-tp8-pp1-dcp1-pcp1-ep1-dptrue-nw1_disagg-true_spec-none_conc1_h200-dgxc-slurm_3/conc_1/aiperf_artifacts/profile_export.jsonl,638,metadata.was_cancelled,metadata.was_cancelled,metadatawascancelled,638,1.0,0,0.0,0.0,bool,bool,,,,,,,0,unknown
1,8497343270,agentic_glm5.2_p1x1_d1x8_conc1_kvdram-hisparse_fp8_dynamo-sglang_prefill-tp1-pp1-dcp1-pcp8-ep1-dpfalse-nw1_decode-tp8-pp1-dcp1-pcp1-ep1-dptrue-nw1_disagg-true_spec-none_conc1_h200-dgxc-slurm_3,/Users/sskim/Documents/Codex/2026-08-06/h200-agentx-conversation-id-benchmark-analysis/data/raw/github/run_29820102138/conc1/raw_agentic/8497343270_agentic_glm5.2_p1x1_d1x8_conc1_kvdram-hisparse_fp8_dynamo-sglang_prefill-tp1-pp1-dcp1-pcp8-ep1-dpfalse-nw1_decode-tp8-pp1-dcp1-pcp1-ep1-dptrue-nw1_disagg-true_spec-none_conc1_h200-dgxc-slurm_3/conc_1/aiperf_artifacts/profile_export.jsonl,638,metadata.worker_id,metadata.worker_id,metadataworkerid,638,1.0,0,0.0,0.0,str,str,,,,,,,0,unknown
1,8497343270,agentic_glm5.2_p1x1_d1x8_conc1_kvdram-hisparse_fp8_dynamo-sglang_prefill-tp1-pp1-dcp1-pcp8-ep1-dpfalse-nw1_decode-tp8-pp1-dcp1-pcp1-ep1-dptrue-nw1_disagg-true_spec-none_conc1_h200-dgxc-slurm_3,/Users/sskim/Documents/Codex/2026-08-06/h200-agentx-conversation-id-benchmark-analysis/data/raw/github/run_29820102138/conc1/raw_agentic/8497343270_agentic_glm5.2_p1x1_d1x8_conc1_kvdram-hisparse_fp8_dynamo-sglang_prefill-tp1-pp1-dcp1-pcp8-ep1-dpfalse-nw1_decode-tp8-pp1-dcp1-pcp1-ep1-dptrue-nw1_disagg-true_spec-none_conc1_h200-dgxc-slurm_3/conc_1/aiperf_artifacts/profile_export.jsonl,638,metadata.x_correlation_id,metadata.x_correlation_id,metadataxcorrelationid,638,1.0,0,0.0,0.0,str,str,,,,,,,0,unknown
1,8497343270,agentic_glm5.2_p1x1_d1x8_conc1_kvdram-hisparse_fp8_dynamo-sglang_prefill-tp1-pp1-dcp1-pcp8-ep1-dpfalse-nw1_decode-tp8-pp1-dcp1-pcp1-ep1-dptrue-nw1_disagg-true_spec-none_conc1_h200-dgxc-slurm_3,/Users/sskim/Documents/Codex/2026-08-06/h200-agentx-conversation-id-benchmark-analysis/data/raw/github/run_29820102138/conc1/raw_agentic/8497343270_agentic_glm5.2_p1x1_d1x8_conc1_kvdram-hisparse_fp8_dynamo-sglang_prefill-tp1-pp1-dcp1-pcp8-ep1-dpfalse-nw1_decode-tp8-pp1-dcp1-pcp1-ep1-dptrue-nw1_disagg-true_spec-none_conc1_h200-dgxc-slurm_3/conc_1/aiperf_artifacts/profile_export.jsonl,638,metadata.x_request_id,metadata.x_request_id,metadataxrequestid,638,1.0,0,0.0,0.0,str,str,,,,,,,0,unknown
1,8497343270,agentic_glm5.2_p1x1_d1x8_conc1_kvdram-hisparse_fp8_dynamo-sglang_prefill-tp1-pp1-dcp1-pcp8-ep1-dpfalse-nw1_decode-tp8-pp1-dcp1-pcp1-ep1-dptrue-nw1_disagg-true_spec-none_conc1_h200-dgxc-slurm_3,/Users/sskim/Documents/Codex/2026-08-06/h200-agentx-conversation-id-benchmark-analysis/data/raw/github/run_29820102138/conc1/raw_agentic/8497343270_agentic_glm5.2_p1x1_d1x8_conc1_kvdram-hisparse_fp8_dynamo-sglang_prefill-tp1-pp1-dcp1-pcp8-ep1-dpfalse-nw1_decode-tp8-pp1-dcp1-pcp1-ep1-dptrue-nw1_disagg-true_spec-none_conc1_h200-dgxc-slurm_3/conc_1/aiperf_artifacts/profile_export.jsonl,638,metrics.e2e_output_token_throughput.unit,metrics.e2e_output_token_throughput.unit,metricse2eoutputtokenthroughputunit,638,1.0,0,0.0,0.0,str,str,,,,,,,0,unknown
1,8497343270,agentic_glm5.2_p1x1_d1x8_conc1_kvdram-hisparse_fp8_dynamo-sglang_prefill-tp1-pp1-dcp1-pcp8-ep1-dpfalse-nw1_decode-tp8-pp1-dcp1-pcp1-ep1-dptrue-nw1_disagg-true_spec-none_conc1_h200-dgxc-slurm_3,/Users/sskim/Documents/Codex/2026-08-06/h200-agentx-conversation-id-benchmark-analysis/data/raw/github/run_29820102138/conc1/raw_agentic/8497343270_agentic_glm5.2_p1x1_d1x8_conc1_kvdram-hisparse_fp8_dynamo-sglang_prefill-tp1-pp1-dcp1-pcp8-ep1-dpfalse-nw1_decode-tp8-pp1-dcp1-pcp1-ep1-dptrue-nw1_disagg-true_spec-none_conc1_h200-dgxc-slurm_3/conc_1/aiperf_artifacts/profile_export.jsonl,638,metrics.e2e_output_token_throughput.value,metrics.e2e_output_token_throughput.value,metricse2eoutputtokenthroughputvalue,638,1.0,0,0.0,0.0,float,float,0.012484409912410043,34.58357348588303,0.012484409912410043,34.58357348588303,tokens/sec/user,tokens/sec/user,638,tokens/sec/user
1,8497343270,agentic_glm5.2_p1x1_d1x8_conc1_kvdram-hisparse_fp8_dynamo-sglang_prefill-tp1-pp1-dcp1-pcp8-ep1-dpfalse-nw1_decode-tp8-pp1-dcp1-pcp1-ep1-dptrue-nw1_disagg-true_spec-none_conc1_h200-dgxc-slurm_3,/Users/sskim/Documents/Codex/2026-08-06/h200-agentx-conversation-id-benchmark-analysis/data/raw/github/run_29820102138/conc1/raw_agentic/8497343270_agentic_glm5.2_p1x1_d1x8_conc1_kvdram-hisparse_fp8_dynamo-sglang_prefill-tp1-pp1-dcp1-pcp8-ep1-dpfalse-nw1_decode-tp8-pp1-dcp1-pcp1-ep1-dptrue-nw1_disagg-true_spec-none_conc1_h200-dgxc-slurm_3/conc_1/aiperf_artifacts/profile_export.jsonl,638,metrics.http_req_blocked.unit,metrics.http_req_blocked.unit,metricshttpreqblockedunit,638,1.0,0,0.0,0.0,str,str,,,,,,,0,unknown
1,8497343270,agentic_glm5.2_p1x1_d1x8_conc1_kvdram-hisparse_fp8_dynamo-sglang_prefill-tp1-pp1-dcp1-pcp8-ep1-dpfalse-nw1_decode-tp8-pp1-dcp1-pcp1-ep1-dptrue-nw1_disagg-true_spec-none_conc1_h200-dgxc-slurm_3,/Users/sskim/Documents/Codex/2026-08-06/h200-agentx-conversation-id-benchmark-analysis/data/raw/github/run_29820102138/conc1/raw_agentic/8497343270_agentic_glm5.2_p1x1_d1x8_conc1_kvdram-hisparse_fp8_dynamo-sglang_prefill-tp1-pp1-dcp1-pcp8-ep1-dpfalse-nw1_decode-tp8-pp1-dcp1-pcp1-ep1-dptrue-nw1_disagg-true_spec-none_conc1_h200-dgxc-slurm_3/conc_1/aiperf_artifacts/profile_export.jsonl,638,metrics.http_req_blocked.value,metrics.http_req_blocked.value,metricshttpreqblockedvalue,638,1.0,0,0.0,0.0,float,float,0.0,0.0,0.0,0.0,ms,ms,638,ms
1,8497343270,agentic_glm5.2_p1x1_d1x8_conc1_kvdram-hisparse_fp8_dynamo-sglang_prefill-tp1-pp1-dcp1-pcp8-ep1-dpfalse-nw1_decode-tp8-pp1-dcp1-pcp1-ep1-dptrue-nw1_disagg-true_spec-none_conc1_h200-dgxc-slurm_3,/Users/sskim/Documents/Codex/2026-08-06/h200-agentx-conversation-id-benchmark-analysis/data/raw/github/run_29820102138/conc1/raw_agentic/8497343270_agentic_glm5.2_p1x1_d1x8_conc1_kvdram-hisparse_fp8_dynamo-sglang_prefill-tp1-pp1-dcp1-pcp8-ep1-dpfalse-nw1_decode-tp8-pp1-dcp1-pcp1-ep1-dptrue-nw1_disagg-true_spec-none_conc1_h200-dgxc-slurm_3/conc_1/aiperf_artifacts/profile_export.jsonl,638,metrics.http_req_chunks_received.unit,metrics.http_req_chunks_received.unit,metricshttpreqchunksreceivedunit,638,1.0,0,0.0,0.0,str,str,,,,,,,0,unknown
1,8497343270,agentic_glm5.2_p1x1_d1x8_conc1_kvdram-hisparse_fp8_dynamo-sglang_prefill-tp1-pp1-dcp1-pcp8-ep1-dpfalse-nw1_decode-tp8-pp1-dcp1-pcp1-ep1-dptrue-nw1_disagg-true_spec-none_conc1_h200-dgxc-slurm_3,/Users/sskim/Documents/Codex/2026-08-06/h200-agentx-conversation-id-benchmark-analysis/data/raw/github/run_29820102138/conc1/raw_agentic/8497343270_agentic_glm5.2_p1x1_d1x8_conc1_kvdram-hisparse_fp8_dynamo-sglang_prefill-tp1-pp1-dcp1-pcp8-ep1-dpfalse-nw1_decode-tp8-pp1-dcp1-pcp1-ep1-dptrue-nw1_disagg-true_spec-none_conc1_h200-dgxc-slurm_3/conc_1/aiperf_artifacts/profile_export.jsonl,638,metrics.http_req_chunks_received.value,metrics.http_req_chunks_received.value,metricshttpreqchunksreceivedvalue,638,1.0,0,0.0,0.0,int,int,1.0,172.0,1.0,172.0,count,count,638,count
1,8497343270,agentic_glm5.2_p1x1_d1x8_conc1_kvdram-hisparse_fp8_dynamo-sglang_prefill-tp1-pp1-dcp1-pcp8-ep1-dpfalse-nw1_decode-tp8-pp1-dcp1-pcp1-ep1-dptrue-nw1_disagg-true_spec-none_conc1_h200-dgxc-slurm_3,/Users/sskim/Documents/Codex/2026-08-06/h200-agentx-conversation-id-benchmark-analysis/data/raw/github/run_29820102138/conc1/raw_agentic/8497343270_agentic_glm5.2_p1x1_d1x8_conc1_kvdram-hisparse_fp8_dynamo-sglang_prefill-tp1-pp1-dcp1-pcp8-ep1-dpfalse-nw1_decode-tp8-pp1-dcp1-pcp1-ep1-dptrue-nw1_disagg-true_spec-none_conc1_h200-dgxc-slurm_3/conc_1/aiperf_artifacts/profile_export.jsonl,638,metrics.http_req_chunks_sent.unit,metrics.http_req_chunks_sent.unit,metricshttpreqchunkssentunit,638,1.0,0,0.0,0.0,str,str,,,,,,,0,unknown
1,8497343270,agentic_glm5.2_p1x1_d1x8_conc1_kvdram-hisparse_fp8_dynamo-sglang_prefill-tp1-pp1-dcp1-pcp8-ep1-dpfalse-nw1_decode-tp8-pp1-dcp1-pcp1-ep1-dptrue-nw1_disagg-true_spec-none_conc1_h200-dgxc-slurm_3,/Users/sskim/Documents/Codex/2026-08-06/h200-agentx-conversation-id-benchmark-analysis/data/raw/github/run_29820102138/conc1/raw_agentic/8497343270_agentic_glm5.2_p1x1_d1x8_conc1_kvdram-hisparse_fp8_dynamo-sglang_prefill-tp1-pp1-dcp1-pcp8-ep1-dpfalse-nw1_decode-tp8-pp1-dcp1-pcp1-ep1-dptrue-nw1_disagg-true_spec-none_conc1_h200-dgxc-slurm_3/conc_1/aiperf_artifacts/profile_export.jsonl,638,metrics.http_req_chunks_sent.value,metrics.http_req_chunks_sent.value,metricshttpreqchunkssentvalue,638,1.0,0,0.0,0.0,int,int,1.0,1.0,1.0,1.0,count,count,638,count
1,8497343270,agentic_glm5.2_p1x1_d1x8_conc1_kvdram-hisparse_fp8_dynamo-sglang_prefill-tp1-pp1-dcp1-pcp8-ep1-dpfalse-nw1_decode-tp8-pp1-dcp1-pcp1-ep1-dptrue-nw1_disagg-true_spec-none_conc1_h200-dgxc-slurm_3,/Users/sskim/Documents/Codex/2026-08-06/h200-agentx-conversation-id-benchmark-analysis/data/raw/github/run_29820102138/conc1/raw_agentic/8497343270_agentic_glm5.2_p1x1_d1x8_conc1_kvdram-hisparse_fp8_dynamo-sglang_prefill-tp1-pp1-dcp1-pcp8-ep1-dpfalse-nw1_decode-tp8-pp1-dcp1-pcp1-ep1-dptrue-nw1_disagg-true_spec-none_conc1_h200-dgxc-slurm_3/conc_1/aiperf_artifacts/profile_export.jsonl,638,metrics.http_req_connecting.unit,metrics.http_req_connecting.unit,metricshttpreqconnectingunit,638,1.0,0,0.0,0.0,str,str,,,,,,,0,unknown
1,8497343270,agentic_glm5.2_p1x1_d1x8_conc1_kvdram-hisparse_fp8_dynamo-sglang_prefill-tp1-pp1-dcp1-pcp8-ep1-dpfalse-nw1_decode-tp8-pp1-dcp1-pcp1-ep1-dptrue-nw1_disagg-true_spec-none_conc1_h200-dgxc-slurm_3,/Users/sskim/Documents/Codex/2026-08-06/h200-agentx-conversation-id-benchmark-analysis/data/raw/github/run_29820102138/conc1/raw_agentic/8497343270_agentic_glm5.2_p1x1_d1x8_conc1_kvdram-hisparse_fp8_dynamo-sglang_prefill-tp1-pp1-dcp1-pcp8-ep1-dpfalse-nw1_decode-tp8-pp1-dcp1-pcp1-ep1-dptrue-nw1_disagg-true_spec-none_conc1_h200-dgxc-slurm_3/conc_1/aiperf_artifacts/profile_export.jsonl,638,metrics.http_req_connecting.value,metrics.http_req_connecting.value,metricshttpreqconnectingvalue,638,1.0,0,0.0,0.0,float,float,0.0,20.334023,0.0,20.334023,ms,ms,638,ms
1,8497343270,agentic_glm5.2_p1x1_d1x8_conc1_kvdram-hisparse_fp8_dynamo-sglang_prefill-tp1-pp1-dcp1-pcp8-ep1-dpfalse-nw1_decode-tp8-pp1-dcp1-pcp1-ep1-dptrue-nw1_disagg-true_spec-none_conc1_h200-dgxc-slurm_3,/Users/sskim/Documents/Codex/2026-08-06/h200-agentx-conversation-id-benchmark-analysis/data/raw/github/run_29820102138/conc1/raw_agentic/8497343270_agentic_glm5.2_p1x1_d1x8_conc1_kvdram-hisparse_fp8_dynamo-sglang_prefill-tp1-pp1-dcp1-pcp8-ep1-dpfalse-nw1_decode-tp8-pp1-dcp1-pcp1-ep1-dptrue-nw1_disagg-true_spec-none_conc1_h200-dgxc-slurm_3/conc_1/aiperf_artifacts/profile_export.jsonl,638,metrics.http_req_connection_overhead.unit,metrics.http_req_connection_overhead.unit,metricshttpreqconnectionoverheadunit,638,1.0,0,0.0,0.0,str,str,,,,,,,0,unknown
1,8497343270,agentic_glm5.2_p1x1_d1x8_conc1_kvdram-hisparse_fp8_dynamo-sglang_prefill-tp1-pp1-dcp1-pcp8-ep1-dpfalse-nw1_decode-tp8-pp1-dcp1-pcp1-ep1-dptrue-nw1_disagg-true_spec-none_conc1_h200-dgxc-slurm_3,/Users/sskim/Documents/Codex/2026-08-06/h200-agentx-conversation-id-benchmark-analysis/data/raw/github/run_29820102138/conc1/raw_agentic/8497343270_agentic_glm5.2_p1x1_d1x8_conc1_kvdram-hisparse_fp8_dynamo-sglang_prefill-tp1-pp1-dcp1-pcp8-ep1-dpfalse-nw1_decode-tp8-pp1-dcp1-pcp1-ep1-dptrue-nw1_disagg-true_spec-none_conc1_h200-dgxc-slurm_3/conc_1/aiperf_artifacts/profile_export.jsonl,638,metrics.http_req_connection_overhead.value,metrics.http_req_connection_overhead.value,metricshttpreqconnectionoverheadvalue,638,1.0,0,0.0,0.0,float,float,0.0,20.334023,0.0,20.334023,ms,ms,638,ms
1,8497343270,agentic_glm5.2_p1x1_d1x8_conc1_kvdram-hisparse_fp8_dynamo-sglang_prefill-tp1-pp1-dcp1-pcp8-ep1-dpfalse-nw1_decode-tp8-pp1-dcp1-pcp1-ep1-dptrue-nw1_disagg-true_spec-none_conc1_h200-dgxc-slurm_3,/Users/sskim/Documents/Codex/2026-08-06/h200-agentx-conversation-id-benchmark-analysis/data/raw/github/run_29820102138/conc1/raw_agentic/8497343270_agentic_glm5.2_p1x1_d1x8_conc1_kvdram-hisparse_fp8_dynamo-sglang_prefill-tp1-pp1-dcp1-pcp8-ep1-dpfalse-nw1_decode-tp8-pp1-dcp1-pcp1-ep1-dptrue-nw1_disagg-true_spec-none_conc1_h200-dgxc-slurm_3/conc_1/aiperf_artifacts/profile_export.jsonl,638,metrics.http_req_connection_reused.unit,metrics.http_req_connection_reused.unit,metricshttpreqconnectionreusedunit,638,1.0,0,0.0,0.0,str,str,,,,,,,0,unknown
1,8497343270,agentic_glm5.2_p1x1_d1x8_conc1_kvdram-hisparse_fp8_dynamo-sglang_prefill-tp1-pp1-dcp1-pcp8-ep1-dpfalse-nw1_decode-tp8-pp1-dcp1-pcp1-ep1-dptrue-nw1_disagg-true_spec-none_conc1_h200-dgxc-slurm_3,/Users/sskim/Documents/Codex/2026-08-06/h200-agentx-conversation-id-benchmark-analysis/data/raw/github/run_29820102138/conc1/raw_agentic/8497343270_agentic_glm5.2_p1x1_d1x8_conc1_kvdram-hisparse_fp8_dynamo-sglang_prefill-tp1-pp1-dcp1-pcp8-ep1-dpfalse-nw1_decode-tp8-pp1-dcp1-pcp1-ep1-dptrue-nw1_disagg-true_spec-none_conc1_h200-dgxc-slurm_3/conc_1/aiperf_artifacts/profile_export.jsonl,638,metrics.http_req_connection_reused.value,metrics.http_req_connection_reused.value,metricshttpreqconnectionreusedvalue,638,1.0,0,0.0,0.0,int,int,0.0,1.0,0.0,1.0,ratio,ratio,638,ratio
1,8497343270,agentic_glm5.2_p1x1_d1x8_conc1_kvdram-hisparse_fp8_dynamo-sglang_prefill-tp1-pp1-dcp1-pcp8-ep1-dpfalse-nw1_decode-tp8-pp1-dcp1-pcp1-ep1-dptrue-nw1_disagg-true_spec-none_conc1_h200-dgxc-slurm_3,/Users/sskim/Documents/Codex/2026-08-06/h200-agentx-conversation-id-benchmark-analysis/data/raw/github/run_29820102138/conc1/raw_agentic/8497343270_agentic_glm5.2_p1x1_d1x8_conc1_kvdram-hisparse_fp8_dynamo-sglang_prefill-tp1-pp1-dcp1-pcp8-ep1-dpfalse-nw1_decode-tp8-pp1-dcp1-pcp1-ep1-dptrue-nw1_disagg-true_spec-none_conc1_h200-dgxc-slurm_3/conc_1/aiperf_artifacts/profile_export.jsonl,638,metrics.http_req_data_received.unit,metrics.http_req_data_received.unit,metricshttpreqdatareceivedunit,638,1.0,0,0.0,0.0,str,str,,,,,,,0,unknown
1,8497343270,agentic_glm5.2_p1x1_d1x8_conc1_kvdram-hisparse_fp8_dynamo-sglang_prefill-tp1-pp1-dcp1-pcp8-ep1-dpfalse-nw1_decode-tp8-pp1-dcp1-pcp1-ep1-dptrue-nw1_disagg-true_spec-none_conc1_h200-dgxc-slurm_3,/Users/sskim/Documents/Codex/2026-08-06/h200-agentx-conversation-id-benchmark-analysis/data/raw/github/run_29820102138/conc1/raw_agentic/8497343270_agentic_glm5.2_p1x1_d1x8_conc1_kvdram-hisparse_fp8_dynamo-sglang_prefill-tp1-pp1-dcp1-pcp8-ep1-dpfalse-nw1_decode-tp8-pp1-dcp1-pcp1-ep1-dptrue-nw1_disagg-true_spec-none_conc1_h200-dgxc-slurm_3/conc_1/aiperf_artifacts/profile_export.jsonl,638,metrics.http_req_data_received.value,metrics.http_req_data_received.value,metricshttpreqdatareceivedvalue,638,1.0,0,0.0,0.0,float,float,0.5849609375,86.9912109375,0.5849609375,86.9912109375,KB,KB,638,KB
1,8497343270,agentic_glm5.2_p1x1_d1x8_conc1_kvdram-hisparse_fp8_dynamo-sglang_prefill-tp1-pp1-dcp1-pcp8-ep1-dpfalse-nw1_decode-tp8-pp1-dcp1-pcp1-ep1-dptrue-nw1_disagg-true_spec-none_conc1_h200-dgxc-slurm_3,/Users/sskim/Documents/Codex/2026-08-06/h200-agentx-conversation-id-benchmark-analysis/data/raw/github/run_29820102138/conc1/raw_agentic/8497343270_agentic_glm5.2_p1x1_d1x8_conc1_kvdram-hisparse_fp8_dynamo-sglang_prefill-tp1-pp1-dcp1-pcp8-ep1-dpfalse-nw1_decode-tp8-pp1-dcp1-pcp1-ep1-dptrue-nw1_disagg-true_spec-none_conc1_h200-dgxc-slurm_3/conc_1/aiperf_artifacts/profile_export.jsonl,638,metrics.http_req_data_sent.unit,metrics.http_req_data_sent.unit,metricshttpreqdatasentunit,638,1.0,0,0.0,0.0,str,str,,,,,,,0,unknown
1,8497343270,agentic_glm5.2_p1x1_d1x8_conc1_kvdram-hisparse_fp8_dynamo-sglang_prefill-tp1-pp1-dcp1-pcp8-ep1-dpfalse-nw1_decode-tp8-pp1-dcp1-pcp1-ep1-dptrue-nw1_disagg-true_spec-none_conc1_h200-dgxc-slurm_3,/Users/sskim/Documents/Codex/2026-08-06/h200-agentx-conversation-id-benchmark-analysis/data/raw/github/run_29820102138/conc1/raw_agentic/8497343270_agentic_glm5.2_p1x1_d1x8_conc1_kvdram-hisparse_fp8_dynamo-sglang_prefill-tp1-pp1-dcp1-pcp8-ep1-dpfalse-nw1_decode-tp8-pp1-dcp1-pcp1-ep1-dptrue-nw1_disagg-true_spec-none_conc1_h200-dgxc-slurm_3/conc_1/aiperf_artifacts/profile_export.jsonl,638,metrics.http_req_data_sent.value,metrics.http_req_data_sent.value,metricshttpreqdatasentvalue,638,1.0,0,0.0,0.0,float,float,2.0166015625,2662.2412109375,2.0166015625,2662.2412109375,KB,KB,638,KB
1,8497343270,agentic_glm5.2_p1x1_d1x8_conc1_kvdram-hisparse_fp8_dynamo-sglang_prefill-tp1-pp1-dcp1-pcp8-ep1-dpfalse-nw1_decode-tp8-pp1-dcp1-pcp1-ep1-dptrue-nw1_disagg-true_spec-none_conc1_h200-dgxc-slurm_3,/Users/sskim/Documents/Codex/2026-08-06/h200-agentx-conversation-id-benchmark-analysis/data/raw/github/run_29820102138/conc1/raw_agentic/8497343270_agentic_glm5.2_p1x1_d1x8_conc1_kvdram-hisparse_fp8_dynamo-sglang_prefill-tp1-pp1-dcp1-pcp8-ep1-dpfalse-nw1_decode-tp8-pp1-dcp1-pcp1-ep1-dptrue-nw1_disagg-true_spec-none_conc1_h200-dgxc-slurm_3/conc_1/aiperf_artifacts/profile_export.jsonl,638,metrics.http_req_dns_lookup.unit,metrics.http_req_dns_lookup.unit,metricshttpreqdnslookupunit,638,1.0,0,0.0,0.0,str,str,,,,,,,0,unknown
1,8497343270,agentic_glm5.2_p1x1_d1x8_conc1_kvdram-hisparse_fp8_dynamo-sglang_prefill-tp1-pp1-dcp1-pcp8-ep1-dpfalse-nw1_decode-tp8-pp1-dcp1-pcp1-ep1-dptrue-nw1_disagg-true_spec-none_conc1_h200-dgxc-slurm_3,/Users/sskim/Documents/Codex/2026-08-06/h200-agentx-conversation-id-benchmark-analysis/data/raw/github/run_29820102138/conc1/raw_agentic/8497343270_agentic_glm5.2_p1x1_d1x8_conc1_kvdram-hisparse_fp8_dynamo-sglang_prefill-tp1-pp1-dcp1-pcp8-ep1-dpfalse-nw1_decode-tp8-pp1-dcp1-pcp1-ep1-dptrue-nw1_disagg-true_spec-none_conc1_h200-dgxc-slurm_3/conc_1/aiperf_artifacts/profile_export.jsonl,638,metrics.http_req_dns_lookup.value,metrics.http_req_dns_lookup.value,metricshttpreqdnslookupvalue,638,1.0,0,0.0,0.0,float,float,0.0,5.448951999999999,0.0,5.448951999999999,ms,ms,638,ms
1,8497343270,agentic_glm5.2_p1x1_d1x8_conc1_kvdram-hisparse_fp8_dynamo-sglang_prefill-tp1-pp1-dcp1-pcp8-ep1-dpfalse-nw1_decode-tp8-pp1-dcp1-pcp1-ep1-dptrue-nw1_disagg-true_spec-none_conc1_h200-dgxc-slurm_3,/Users/sskim/Documents/Codex/2026-08-06/h200-agentx-conversation-id-benchmark-analysis/data/raw/github/run_29820102138/conc1/raw_agentic/8497343270_agentic_glm5.2_p1x1_d1x8_conc1_kvdram-hisparse_fp8_dynamo-sglang_prefill-tp1-pp1-dcp1-pcp8-ep1-dpfalse-nw1_decode-tp8-pp1-dcp1-pcp1-ep1-dptrue-nw1_disagg-true_spec-none_conc1_h200-dgxc-slurm_3/conc_1/aiperf_artifacts/profile_export.jsonl,638,metrics.http_req_duration.unit,metrics.http_req_duration.unit,metricshttpreqdurationunit,638,1.0,0,0.0,0.0,str,str,,,,,,,0,unknown
1,8497343270,agentic_glm5.2_p1x1_d1x8_conc1_kvdram-hisparse_fp8_dynamo-sglang_prefill-tp1-pp1-dcp1-pcp8-ep1-dpfalse-nw1_decode-tp8-pp1-dcp1-pcp1-ep1-dptrue-nw1_disagg-true_spec-none_conc1_h200-dgxc-slurm_3,/Users/sskim/Documents/Codex/2026-08-06/h200-agentx-conversation-id-benchmark-analysis/data/raw/github/run_29820102138/conc1/raw_agentic/8497343270_agentic_glm5.2_p1x1_d1x8_conc1_kvdram-hisparse_fp8_dynamo-sglang_prefill-tp1-pp1-dcp1-pcp8-ep1-dpfalse-nw1_decode-tp8-pp1-dcp1-pcp1-ep1-dptrue-nw1_disagg-true_spec-none_conc1_h200-dgxc-slurm_3/conc_1/aiperf_artifacts/profile_export.jsonl,638,metrics.http_req_duration.value,metrics.http_req_duration.value,metricshttpreqdurationvalue,638,1.0,0,0.0,0.0,float,float,308.563109,314549.80076799996,308.563109,314549.80076799996,ms,ms,638,ms
1,8497343270,agentic_glm5.2_p1x1_d1x8_conc1_kvdram-hisparse_fp8_dynamo-sglang_prefill-tp1-pp1-dcp1-pcp8-ep1-dpfalse-nw1_decode-tp8-pp1-dcp1-pcp1-ep1-dptrue-nw1_disagg-true_spec-none_conc1_h200-dgxc-slurm_3,/Users/sskim/Documents/Codex/2026-08-06/h200-agentx-conversation-id-benchmark-analysis/data/raw/github/run_29820102138/conc1/raw_agentic/8497343270_agentic_glm5.2_p1x1_d1x8_conc1_kvdram-hisparse_fp8_dynamo-sglang_prefill-tp1-pp1-dcp1-pcp8-ep1-dpfalse-nw1_decode-tp8-pp1-dcp1-pcp1-ep1-dptrue-nw1_disagg-true_spec-none_conc1_h200-dgxc-slurm_3/conc_1/aiperf_artifacts/profile_export.jsonl,638,metrics.http_req_receiving.unit,metrics.http_req_receiving.unit,metricshttpreqreceivingunit,638,1.0,0,0.0,0.0,str,str,,,,,,,0,unknown
1,8497343270,agentic_glm5.2_p1x1_d1x8_conc1_kvdram-hisparse_fp8_dynamo-sglang_prefill-tp1-pp1-dcp1-pcp8-ep1-dpfalse-nw1_decode-tp8-pp1-dcp1-pcp1-ep1-dptrue-nw1_disagg-true_spec-none_conc1_h200-dgxc-slurm_3,/Users/sskim/Documents/Codex/2026-08-06/h200-agentx-conversation-id-benchmark-analysis/data/raw/github/run_29820102138/conc1/raw_agentic/8497343270_agentic_glm5.2_p1x1_d1x8_conc1_kvdram-hisparse_fp8_dynamo-sglang_prefill-tp1-pp1-dcp1-pcp8-ep1-dpfalse-nw1_decode-tp8-pp1-dcp1-pcp1-ep1-dptrue-nw1_disagg-true_spec-none_conc1_h200-dgxc-slurm_3/conc_1/aiperf_artifacts/profile_export.jsonl,638,metrics.http_req_receiving.value,metrics.http_req_receiving.value,metricshttpreqreceivingvalue,638,1.0,0,0.0,0.0,float,float,0.0,313712.85474499996,0.0,313712.85474499996,ms,ms,638,ms
1,8497343270,agentic_glm5.2_p1x1_d1x8_conc1_kvdram-hisparse_fp8_dynamo-sglang_prefill-tp1-pp1-dcp1-pcp8-ep1-dpfalse-nw1_decode-tp8-pp1-dcp1-pcp1-ep1-dptrue-nw1_disagg-true_spec-none_conc1_h200-dgxc-slurm_3,/Users/sskim/Documents/Codex/2026-08-06/h200-agentx-conversation-id-benchmark-analysis/data/raw/github/run_29820102138/conc1/raw_agentic/8497343270_agentic_glm5.2_p1x1_d1x8_conc1_kvdram-hisparse_fp8_dynamo-sglang_prefill-tp1-pp1-dcp1-pcp8-ep1-dpfalse-nw1_decode-tp8-pp1-dcp1-pcp1-ep1-dptrue-nw1_disagg-true_spec-none_conc1_h200-dgxc-slurm_3/conc_1/aiperf_artifacts/profile_export.jsonl,638,metrics.http_req_sending.unit,metrics.http_req_sending.unit,metricshttpreqsendingunit,638,1.0,0,0.0,0.0,str,str,,,,,,,0,unknown
1,8497343270,agentic_glm5.2_p1x1_d1x8_conc1_kvdram-hisparse_fp8_dynamo-sglang_prefill-tp1-pp1-dcp1-pcp8-ep1-dpfalse-nw1_decode-tp8-pp1-dcp1-pcp1-ep1-dptrue-nw1_disagg-true_spec-none_conc1_h200-dgxc-slurm_3,/Users/sskim/Documents/Codex/2026-08-06/h200-agentx-conversation-id-benchmark-analysis/data/raw/github/run_29820102138/conc1/raw_agentic/8497343270_agentic_glm5.2_p1x1_d1x8_conc1_kvdram-hisparse_fp8_dynamo-sglang_prefill-tp1-pp1-dcp1-pcp8-ep1-dpfalse-nw1_decode-tp8-pp1-dcp1-pcp1-ep1-dptrue-nw1_disagg-true_spec-none_conc1_h200-dgxc-slurm_3/conc_1/aiperf_artifacts/profile_export.jsonl,638,metrics.http_req_sending.value,metrics.http_req_sending.value,metricshttpreqsendingvalue,638,1.0,0,0.0,0.0,float,float,0.104123,20.457783,0.104123,20.457783,ms,ms,638,ms
1,8497343270,agentic_glm5.2_p1x1_d1x8_conc1_kvdram-hisparse_fp8_dynamo-sglang_prefill-tp1-pp1-dcp1-pcp8-ep1-dpfalse-nw1_decode-tp8-pp1-dcp1-pcp1-ep1-dptrue-nw1_disagg-true_spec-none_conc1_h200-dgxc-slurm_3,/Users/sskim/Documents/Codex/2026-08-06/h200-agentx-conversation-id-benchmark-analysis/data/raw/github/run_29820102138/conc1/raw_agentic/8497343270_agentic_glm5.2_p1x1_d1x8_conc1_kvdram-hisparse_fp8_dynamo-sglang_prefill-tp1-pp1-dcp1-pcp8-ep1-dpfalse-nw1_decode-tp8-pp1-dcp1-pcp1-ep1-dptrue-nw1_disagg-true_spec-none_conc1_h200-dgxc-slurm_3/conc_1/aiperf_artifacts/profile_export.jsonl,638,metrics.http_req_total.unit,metrics.http_req_total.unit,metricshttpreqtotalunit,638,1.0,0,0.0,0.0,str,str,,,,,,,0,unknown
1,8497343270,agentic_glm5.2_p1x1_d1x8_conc1_kvdram-hisparse_fp8_dynamo-sglang_prefill-tp1-pp1-dcp1-pcp8-ep1-dpfalse-nw1_decode-tp8-pp1-dcp1-pcp1-ep1-dptrue-nw1_disagg-true_spec-none_conc1_h200-dgxc-slurm_3,/Users/sskim/Documents/Codex/2026-08-06/h200-agentx-conversation-id-benchmark-analysis/data/raw/github/run_29820102138/conc1/raw_agentic/8497343270_agentic_glm5.2_p1x1_d1x8_conc1_kvdram-hisparse_fp8_dynamo-sglang_prefill-tp1-pp1-dcp1-pcp8-ep1-dpfalse-nw1_decode-tp8-pp1-dcp1-pcp1-ep1-dptrue-nw1_disagg-true_spec-none_conc1_h200-dgxc-slurm_3/conc_1/aiperf_artifacts/profile_export.jsonl,638,metrics.http_req_total.value,metrics.http_req_total.value,metricshttpreqtotalvalue,638,1.0,0,0.0,0.0,float,float,308.563109,314549.80076799996,308.563109,314549.80076799996,ms,ms,638,ms
1,8497343270,agentic_glm5.2_p1x1_d1x8_conc1_kvdram-hisparse_fp8_dynamo-sglang_prefill-tp1-pp1-dcp1-pcp8-ep1-dpfalse-nw1_decode-tp8-pp1-dcp1-pcp1-ep1-dptrue-nw1_disagg-true_spec-none_conc1_h200-dgxc-slurm_3,/Users/sskim/Documents/Codex/2026-08-06/h200-agentx-conversation-id-benchmark-analysis/data/raw/github/run_29820102138/conc1/raw_agentic/8497343270_agentic_glm5.2_p1x1_d1x8_conc1_kvdram-hisparse_fp8_dynamo-sglang_prefill-tp1-pp1-dcp1-pcp8-ep1-dpfalse-nw1_decode-tp8-pp1-dcp1-pcp1-ep1-dptrue-nw1_disagg-true_spec-none_conc1_h200-dgxc-slurm_3/conc_1/aiperf_artifacts/profile_export.jsonl,638,metrics.http_req_waiting.unit,metrics.http_req_waiting.unit,metricshttpreqwaitingunit,638,1.0,0,0.0,0.0,str,str,,,,,,,0,unknown
1,8497343270,agentic_glm5.2_p1x1_d1x8_conc1_kvdram-hisparse_fp8_dynamo-sglang_prefill-tp1-pp1-dcp1-pcp8-ep1-dpfalse-nw1_decode-tp8-pp1-dcp1-pcp1-ep1-dptrue-nw1_disagg-true_spec-none_conc1_h200-dgxc-slurm_3,/Users/sskim/Documents/Codex/2026-08-06/h200-agentx-conversation-id-benchmark-analysis/data/raw/github/run_29820102138/conc1/raw_agentic/8497343270_agentic_glm5.2_p1x1_d1x8_conc1_kvdram-hisparse_fp8_dynamo-sglang_prefill-tp1-pp1-dcp1-pcp8-ep1-dpfalse-nw1_decode-tp8-pp1-dcp1-pcp1-ep1-dptrue-nw1_disagg-true_spec-none_conc1_h200-dgxc-slurm_3/conc_1/aiperf_artifacts/profile_export.jsonl,638,metrics.http_req_waiting.value,metrics.http_req_waiting.value,metricshttpreqwaitingvalue,638,1.0,0,0.0,0.0,float,float,308.348754,80093.01389999999,308.348754,80093.01389999999,ms,ms,638,ms
1,8497343270,agentic_glm5.2_p1x1_d1x8_conc1_kvdram-hisparse_fp8_dynamo-sglang_prefill-tp1-pp1-dcp1-pcp8-ep1-dpfalse-nw1_decode-tp8-pp1-dcp1-pcp1-ep1-dptrue-nw1_disagg-true_spec-none_conc1_h200-dgxc-slurm_3,/Users/sskim/Documents/Codex/2026-08-06/h200-agentx-conversation-id-benchmark-analysis/data/raw/github/run_29820102138/conc1/raw_agentic/8497343270_agentic_glm5.2_p1x1_d1x8_conc1_kvdram-hisparse_fp8_dynamo-sglang_prefill-tp1-pp1-dcp1-pcp8-ep1-dpfalse-nw1_decode-tp8-pp1-dcp1-pcp1-ep1-dptrue-nw1_disagg-true_spec-none_conc1_h200-dgxc-slurm_3/conc_1/aiperf_artifacts/profile_export.jsonl,638,metrics.input_sequence_length.unit,metrics.input_sequence_length.unit,metricsinputsequencelengthunit,638,1.0,0,0.0,0.0,str,str,,,,,,,0,unknown
1,8497343270,agentic_glm5.2_p1x1_d1x8_conc1_kvdram-hisparse_fp8_dynamo-sglang_prefill-tp1-pp1-dcp1-pcp8-ep1-dpfalse-nw1_decode-tp8-pp1-dcp1-pcp1-ep1-dptrue-nw1_disagg-true_spec-none_conc1_h200-dgxc-slurm_3,/Users/sskim/Documents/Codex/2026-08-06/h200-agentx-conversation-id-benchmark-analysis/data/raw/github/run_29820102138/conc1/raw_agentic/8497343270_agentic_glm5.2_p1x1_d1x8_conc1_kvdram-hisparse_fp8_dynamo-sglang_prefill-tp1-pp1-dcp1-pcp8-ep1-dpfalse-nw1_decode-tp8-pp1-dcp1-pcp1-ep1-dptrue-nw1_disagg-true_spec-none_conc1_h200-dgxc-slurm_3/conc_1/aiperf_artifacts/profile_export.jsonl,638,metrics.input_sequence_length.value,metrics.input_sequence_length.value,metricsinputsequencelengthvalue,638,1.0,0,0.0,0.0,int,int,1.0,158683.0,1.0,158683.0,tokens,tokens,638,tokens
1,8497343270,agentic_glm5.2_p1x1_d1x8_conc1_kvdram-hisparse_fp8_dynamo-sglang_prefill-tp1-pp1-dcp1-pcp8-ep1-dpfalse-nw1_decode-tp8-pp1-dcp1-pcp1-ep1-dptrue-nw1_disagg-true_spec-none_conc1_h200-dgxc-slurm_3,/Users/sskim/Documents/Codex/2026-08-06/h200-agentx-conversation-id-benchmark-analysis/data/raw/github/run_29820102138/conc1/raw_agentic/8497343270_agentic_glm5.2_p1x1_d1x8_conc1_kvdram-hisparse_fp8_dynamo-sglang_prefill-tp1-pp1-dcp1-pcp8-ep1-dpfalse-nw1_decode-tp8-pp1-dcp1-pcp1-ep1-dptrue-nw1_disagg-true_spec-none_conc1_h200-dgxc-slurm_3/conc_1/aiperf_artifacts/profile_export.jsonl,638,metrics.inter_chunk_latency.unit,metrics.inter_chunk_latency.unit,metricsinterchunklatencyunit,197,0.30877742946708464,0,0.0,0.0,str,str,,,,,,,0,unknown
1,8497343270,agentic_glm5.2_p1x1_d1x8_conc1_kvdram-hisparse_fp8_dynamo-sglang_prefill-tp1-pp1-dcp1-pcp8-ep1-dpfalse-nw1_decode-tp8-pp1-dcp1-pcp1-ep1-dptrue-nw1_disagg-true_spec-none_conc1_h200-dgxc-slurm_3,/Users/sskim/Documents/Codex/2026-08-06/h200-agentx-conversation-id-benchmark-analysis/data/raw/github/run_29820102138/conc1/raw_agentic/8497343270_agentic_glm5.2_p1x1_d1x8_conc1_kvdram-hisparse_fp8_dynamo-sglang_prefill-tp1-pp1-dcp1-pcp8-ep1-dpfalse-nw1_decode-tp8-pp1-dcp1-pcp1-ep1-dptrue-nw1_disagg-true_spec-none_conc1_h200-dgxc-slurm_3/conc_1/aiperf_artifacts/profile_export.jsonl,638,metrics.inter_chunk_latency.value,metrics.inter_chunk_latency.value,metricsinterchunklatencyvalue,197,0.30877742946708464,0,0.0,0.0,str,str,,,,,ms,ms,197,ms
1,8497343270,agentic_glm5.2_p1x1_d1x8_conc1_kvdram-hisparse_fp8_dynamo-sglang_prefill-tp1-pp1-dcp1-pcp8-ep1-dpfalse-nw1_decode-tp8-pp1-dcp1-pcp1-ep1-dptrue-nw1_disagg-true_spec-none_conc1_h200-dgxc-slurm_3,/Users/sskim/Documents/Codex/2026-08-06/h200-agentx-conversation-id-benchmark-analysis/data/raw/github/run_29820102138/conc1/raw_agentic/8497343270_agentic_glm5.2_p1x1_d1x8_conc1_kvdram-hisparse_fp8_dynamo-sglang_prefill-tp1-pp1-dcp1-pcp8-ep1-dpfalse-nw1_decode-tp8-pp1-dcp1-pcp1-ep1-dptrue-nw1_disagg-true_spec-none_conc1_h200-dgxc-slurm_3/conc_1/aiperf_artifacts/profile_export.jsonl,638,metrics.inter_token_latency.unit,metrics.inter_token_latency.unit,metricsintertokenlatencyunit,197,0.30877742946708464,0,0.0,0.0,str,str,,,,,,,0,unknown
1,8497343270,agentic_glm5.2_p1x1_d1x8_conc1_kvdram-hisparse_fp8_dynamo-sglang_prefill-tp1-pp1-dcp1-pcp8-ep1-dpfalse-nw1_decode-tp8-pp1-dcp1-pcp1-ep1-dptrue-nw1_disagg-true_spec-none_conc1_h200-dgxc-slurm_3,/Users/sskim/Documents/Codex/2026-08-06/h200-agentx-conversation-id-benchmark-analysis/data/raw/github/run_29820102138/conc1/raw_agentic/8497343270_agentic_glm5.2_p1x1_d1x8_conc1_kvdram-hisparse_fp8_dynamo-sglang_prefill-tp1-pp1-dcp1-pcp8-ep1-dpfalse-nw1_decode-tp8-pp1-dcp1-pcp1-ep1-dptrue-nw1_disagg-true_spec-none_conc1_h200-dgxc-slurm_3/conc_1/aiperf_artifacts/profile_export.jsonl,638,metrics.inter_token_latency.value,metrics.inter_token_latency.value,metricsintertokenlatencyvalue,197,0.30877742946708464,0,0.0,0.0,float,float,27.385771290322577,41.221740399999995,27.385771290322577,41.221740399999995,ms,ms,197,ms
1,8497343270,agentic_glm5.2_p1x1_d1x8_conc1_kvdram-hisparse_fp8_dynamo-sglang_prefill-tp1-pp1-dcp1-pcp8-ep1-dpfalse-nw1_decode-tp8-pp1-dcp1-pcp1-ep1-dptrue-nw1_disagg-true_spec-none_conc1_h200-dgxc-slurm_3,/Users/sskim/Documents/Codex/2026-08-06/h200-agentx-conversation-id-benchmark-analysis/data/raw/github/run_29820102138/conc1/raw_agentic/8497343270_agentic_glm5.2_p1x1_d1x8_conc1_kvdram-hisparse_fp8_dynamo-sglang_prefill-tp1-pp1-dcp1-pcp8-ep1-dpfalse-nw1_decode-tp8-pp1-dcp1-pcp1-ep1-dptrue-nw1_disagg-true_spec-none_conc1_h200-dgxc-slurm_3/conc_1/aiperf_artifacts/profile_export.jsonl,638,metrics.osl_mismatch_diff_pct.unit,metrics.osl_mismatch_diff_pct.unit,metricsoslmismatchdiffpctunit,638,1.0,0,0.0,0.0,str,str,,,,,,,0,unknown
1,8497343270,agentic_glm5.2_p1x1_d1x8_conc1_kvdram-hisparse_fp8_dynamo-sglang_prefill-tp1-pp1-dcp1-pcp8-ep1-dpfalse-nw1_decode-tp8-pp1-dcp1-pcp1-ep1-dptrue-nw1_disagg-true_spec-none_conc1_h200-dgxc-slurm_3,/Users/sskim/Documents/Codex/2026-08-06/h200-agentx-conversation-id-benchmark-analysis/data/raw/github/run_29820102138/conc1/raw_agentic/8497343270_agentic_glm5.2_p1x1_d1x8_conc1_kvdram-hisparse_fp8_dynamo-sglang_prefill-tp1-pp1-dcp1-pcp8-ep1-dpfalse-nw1_decode-tp8-pp1-dcp1-pcp1-ep1-dptrue-nw1_disagg-true_spec-none_conc1_h200-dgxc-slurm_3/conc_1/aiperf_artifacts/profile_export.jsonl,638,metrics.osl_mismatch_diff_pct.value,metrics.osl_mismatch_diff_pct.value,metricsoslmismatchdiffpctvalue,638,1.0,0,0.0,0.0,float,float,-99.9937181983793,0.0,-99.9937181983793,0.0,%,%,638,%
1,8497343270,agentic_glm5.2_p1x1_d1x8_conc1_kvdram-hisparse_fp8_dynamo-sglang_prefill-tp1-pp1-dcp1-pcp8-ep1-dpfalse-nw1_decode-tp8-pp1-dcp1-pcp1-ep1-dptrue-nw1_disagg-true_spec-none_conc1_h200-dgxc-slurm_3,/Users/sskim/Documents/Codex/2026-08-06/h200-agentx-conversation-id-benchmark-analysis/data/raw/github/run_29820102138/conc1/raw_agentic/8497343270_agentic_glm5.2_p1x1_d1x8_conc1_kvdram-hisparse_fp8_dynamo-sglang_prefill-tp1-pp1-dcp1-pcp8-ep1-dpfalse-nw1_decode-tp8-pp1-dcp1-pcp1-ep1-dptrue-nw1_disagg-true_spec-none_conc1_h200-dgxc-slurm_3/conc_1/aiperf_artifacts/profile_export.jsonl,638,metrics.output_sequence_length.unit,metrics.output_sequence_length.unit,metricsoutputsequencelengthunit,638,1.0,0,0.0,0.0,str,str,,,,,,,0,unknown
1,8497343270,agentic_glm5.2_p1x1_d1x8_conc1_kvdram-hisparse_fp8_dynamo-sglang_prefill-tp1-pp1-dcp1-pcp8-ep1-dpfalse-nw1_decode-tp8-pp1-dcp1-pcp1-ep1-dptrue-nw1_disagg-true_spec-none_conc1_h200-dgxc-slurm_3,/Users/sskim/Documents/Codex/2026-08-06/h200-agentx-conversation-id-benchmark-analysis/data/raw/github/run_29820102138/conc1/raw_agentic/8497343270_agentic_glm5.2_p1x1_d1x8_conc1_kvdram-hisparse_fp8_dynamo-sglang_prefill-tp1-pp1-dcp1-pcp8-ep1-dpfalse-nw1_decode-tp8-pp1-dcp1-pcp1-ep1-dptrue-nw1_disagg-true_spec-none_conc1_h200-dgxc-slurm_3/conc_1/aiperf_artifacts/profile_export.jsonl,638,metrics.output_sequence_length.value,metrics.output_sequence_length.value,metricsoutputsequencelengthvalue,638,1.0,0,0.0,0.0,int,int,1.0,10180.0,1.0,10180.0,tokens,tokens,638,tokens
1,8497343270,agentic_glm5.2_p1x1_d1x8_conc1_kvdram-hisparse_fp8_dynamo-sglang_prefill-tp1-pp1-dcp1-pcp8-ep1-dpfalse-nw1_decode-tp8-pp1-dcp1-pcp1-ep1-dptrue-nw1_disagg-true_spec-none_conc1_h200-dgxc-slurm_3,/Users/sskim/Documents/Codex/2026-08-06/h200-agentx-conversation-id-benchmark-analysis/data/raw/github/run_29820102138/conc1/raw_agentic/8497343270_agentic_glm5.2_p1x1_d1x8_conc1_kvdram-hisparse_fp8_dynamo-sglang_prefill-tp1-pp1-dcp1-pcp8-ep1-dpfalse-nw1_decode-tp8-pp1-dcp1-pcp1-ep1-dptrue-nw1_disagg-true_spec-none_conc1_h200-dgxc-slurm_3/conc_1/aiperf_artifacts/profile_export.jsonl,638,metrics.output_token_count.unit,metrics.output_token_count.unit,metricsoutputtokencountunit,638,1.0,0,0.0,0.0,str,str,,,,,,,0,unknown
1,8497343270,agentic_glm5.2_p1x1_d1x8_conc1_kvdram-hisparse_fp8_dynamo-sglang_prefill-tp1-pp1-dcp1-pcp8-ep1-dpfalse-nw1_decode-tp8-pp1-dcp1-pcp1-ep1-dptrue-nw1_disagg-true_spec-none_conc1_h200-dgxc-slurm_3,/Users/sskim/Documents/Codex/2026-08-06/h200-agentx-conversation-id-benchmark-analysis/data/raw/github/run_29820102138/conc1/raw_agentic/8497343270_agentic_glm5.2_p1x1_d1x8_conc1_kvdram-hisparse_fp8_dynamo-sglang_prefill-tp1-pp1-dcp1-pcp8-ep1-dpfalse-nw1_decode-tp8-pp1-dcp1-pcp1-ep1-dptrue-nw1_disagg-true_spec-none_conc1_h200-dgxc-slurm_3/conc_1/aiperf_artifacts/profile_export.jsonl,638,metrics.output_token_count.value,metrics.output_token_count.value,metricsoutputtokencountvalue,638,1.0,0,0.0,0.0,int,int,1.0,10180.0,1.0,10180.0,tokens,tokens,638,tokens
1,8497343270,agentic_glm5.2_p1x1_d1x8_conc1_kvdram-hisparse_fp8_dynamo-sglang_prefill-tp1-pp1-dcp1-pcp8-ep1-dpfalse-nw1_decode-tp8-pp1-dcp1-pcp1-ep1-dptrue-nw1_disagg-true_spec-none_conc1_h200-dgxc-slurm_3,/Users/sskim/Documents/Codex/2026-08-06/h200-agentx-conversation-id-benchmark-analysis/data/raw/github/run_29820102138/conc1/raw_agentic/8497343270_agentic_glm5.2_p1x1_d1x8_conc1_kvdram-hisparse_fp8_dynamo-sglang_prefill-tp1-pp1-dcp1-pcp8-ep1-dpfalse-nw1_decode-tp8-pp1-dcp1-pcp1-ep1-dptrue-nw1_disagg-true_spec-none_conc1_h200-dgxc-slurm_3/conc_1/aiperf_artifacts/profile_export.jsonl,638,metrics.output_token_throughput_per_user.unit,metrics.output_token_throughput_per_user.unit,metricsoutputtokenthroughputperuserunit,197,0.30877742946708464,0,0.0,0.0,str,str,,,,,,,0,unknown
1,8497343270,agentic_glm5.2_p1x1_d1x8_conc1_kvdram-hisparse_fp8_dynamo-sglang_prefill-tp1-pp1-dcp1-pcp8-ep1-dpfalse-nw1_decode-tp8-pp1-dcp1-pcp1-ep1-dptrue-nw1_disagg-true_spec-none_conc1_h200-dgxc-slurm_3,/Users/sskim/Documents/Codex/2026-08-06/h200-agentx-conversation-id-benchmark-analysis/data/raw/github/run_29820102138/conc1/raw_agentic/8497343270_agentic_glm5.2_p1x1_d1x8_conc1_kvdram-hisparse_fp8_dynamo-sglang_prefill-tp1-pp1-dcp1-pcp8-ep1-dpfalse-nw1_decode-tp8-pp1-dcp1-pcp1-ep1-dptrue-nw1_disagg-true_spec-none_conc1_h200-dgxc-slurm_3/conc_1/aiperf_artifacts/profile_export.jsonl,638,metrics.output_token_throughput_per_user.value,metrics.output_token_throughput_per_user.value,metricsoutputtokenthroughputperuservalue,197,0.30877742946708464,0,0.0,0.0,float,float,24.259043657457998,36.51531261978274,24.259043657457998,36.51531261978274,tokens/sec/user,tokens/sec/user,197,tokens/sec/user
1,8497343270,agentic_glm5.2_p1x1_d1x8_conc1_kvdram-hisparse_fp8_dynamo-sglang_prefill-tp1-pp1-dcp1-pcp8-ep1-dpfalse-nw1_decode-tp8-pp1-dcp1-pcp1-ep1-dptrue-nw1_disagg-true_spec-none_conc1_h200-dgxc-slurm_3,/Users/sskim/Documents/Codex/2026-08-06/h200-agentx-conversation-id-benchmark-analysis/data/raw/github/run_29820102138/conc1/raw_agentic/8497343270_agentic_glm5.2_p1x1_d1x8_conc1_kvdram-hisparse_fp8_dynamo-sglang_prefill-tp1-pp1-dcp1-pcp8-ep1-dpfalse-nw1_decode-tp8-pp1-dcp1-pcp1-ep1-dptrue-nw1_disagg-true_spec-none_conc1_h200-dgxc-slurm_3/conc_1/aiperf_artifacts/profile_export.jsonl,638,metrics.prefill_throughput_per_user.unit,metrics.prefill_throughput_per_user.unit,metricsprefillthroughputperuserunit,638,1.0,0,0.0,0.0,str,str,,,,,,,0,unknown
1,8497343270,agentic_glm5.2_p1x1_d1x8_conc1_kvdram-hisparse_fp8_dynamo-sglang_prefill-tp1-pp1-dcp1-pcp8-ep1-dpfalse-nw1_decode-tp8-pp1-dcp1-pcp1-ep1-dptrue-nw1_disagg-true_spec-none_conc1_h200-dgxc-slurm_3,/Users/sskim/Documents/Codex/2026-08-06/h200-agentx-conversation-id-benchmark-analysis/data/raw/github/run_29820102138/conc1/raw_agentic/8497343270_agentic_glm5.2_p1x1_d1x8_conc1_kvdram-hisparse_fp8_dynamo-sglang_prefill-tp1-pp1-dcp1-pcp8-ep1-dpfalse-nw1_decode-tp8-pp1-dcp1-pcp1-ep1-dptrue-nw1_disagg-true_spec-none_conc1_h200-dgxc-slurm_3/conc_1/aiperf_artifacts/profile_export.jsonl,638,metrics.prefill_throughput_per_user.value,metrics.prefill_throughput_per_user.value,metricsprefillthroughputperuservalue,638,1.0,0,0.0,0.0,float,float,0.012484409912410043,153221.46621031157,0.012484409912410043,153221.46621031157,tokens/sec/user,tokens/sec/user,638,tokens/sec/user
1,8497343270,agentic_glm5.2_p1x1_d1x8_conc1_kvdram-hisparse_fp8_dynamo-sglang_prefill-tp1-pp1-dcp1-pcp8-ep1-dpfalse-nw1_decode-tp8-pp1-dcp1-pcp1-ep1-dptrue-nw1_disagg-true_spec-none_conc1_h200-dgxc-slurm_3,/Users/sskim/Documents/Codex/2026-08-06/h200-agentx-conversation-id-benchmark-analysis/data/raw/github/run_29820102138/conc1/raw_agentic/8497343270_agentic_glm5.2_p1x1_d1x8_conc1_kvdram-hisparse_fp8_dynamo-sglang_prefill-tp1-pp1-dcp1-pcp8-ep1-dpfalse-nw1_decode-tp8-pp1-dcp1-pcp1-ep1-dptrue-nw1_disagg-true_spec-none_conc1_h200-dgxc-slurm_3/conc_1/aiperf_artifacts/profile_export.jsonl,638,metrics.request_latency.unit,metrics.request_latency.unit,metricsrequestlatencyunit,638,1.0,0,0.0,0.0,str,str,,,,,,,0,unknown
1,8497343270,agentic_glm5.2_p1x1_d1x8_conc1_kvdram-hisparse_fp8_dynamo-sglang_prefill-tp1-pp1-dcp1-pcp8-ep1-dpfalse-nw1_decode-tp8-pp1-dcp1-pcp1-ep1-dptrue-nw1_disagg-true_spec-none_conc1_h200-dgxc-slurm_3,/Users/sskim/Documents/Codex/2026-08-06/h200-agentx-conversation-id-benchmark-analysis/data/raw/github/run_29820102138/conc1/raw_agentic/8497343270_agentic_glm5.2_p1x1_d1x8_conc1_kvdram-hisparse_fp8_dynamo-sglang_prefill-tp1-pp1-dcp1-pcp8-ep1-dpfalse-nw1_decode-tp8-pp1-dcp1-pcp1-ep1-dptrue-nw1_disagg-true_spec-none_conc1_h200-dgxc-slurm_3/conc_1/aiperf_artifacts/profile_export.jsonl,638,metrics.request_latency.value,metrics.request_latency.value,metricsrequestlatencyvalue,638,1.0,0,0.0,0.0,float,float,308.53790699999996,314549.453383,308.53790699999996,314549.453383,ms,ms,638,ms
1,8497343270,agentic_glm5.2_p1x1_d1x8_conc1_kvdram-hisparse_fp8_dynamo-sglang_prefill-tp1-pp1-dcp1-pcp8-ep1-dpfalse-nw1_decode-tp8-pp1-dcp1-pcp1-ep1-dptrue-nw1_disagg-true_spec-none_conc1_h200-dgxc-slurm_3,/Users/sskim/Documents/Codex/2026-08-06/h200-agentx-conversation-id-benchmark-analysis/data/raw/github/run_29820102138/conc1/raw_agentic/8497343270_agentic_glm5.2_p1x1_d1x8_conc1_kvdram-hisparse_fp8_dynamo-sglang_prefill-tp1-pp1-dcp1-pcp8-ep1-dpfalse-nw1_decode-tp8-pp1-dcp1-pcp1-ep1-dptrue-nw1_disagg-true_spec-none_conc1_h200-dgxc-slurm_3/conc_1/aiperf_artifacts/profile_export.jsonl,638,metrics.time_to_first_output_token.unit,metrics.time_to_first_output_token.unit,metricstimetofirstoutputtokenunit,638,1.0,0,0.0,0.0,str,str,,,,,,,0,unknown
1,8497343270,agentic_glm5.2_p1x1_d1x8_conc1_kvdram-hisparse_fp8_dynamo-sglang_prefill-tp1-pp1-dcp1-pcp8-ep1-dpfalse-nw1_decode-tp8-pp1-dcp1-pcp1-ep1-dptrue-nw1_disagg-true_spec-none_conc1_h200-dgxc-slurm_3,/Users/sskim/Documents/Codex/2026-08-06/h200-agentx-conversation-id-benchmark-analysis/data/raw/github/run_29820102138/conc1/raw_agentic/8497343270_agentic_glm5.2_p1x1_d1x8_conc1_kvdram-hisparse_fp8_dynamo-sglang_prefill-tp1-pp1-dcp1-pcp8-ep1-dpfalse-nw1_decode-tp8-pp1-dcp1-pcp1-ep1-dptrue-nw1_disagg-true_spec-none_conc1_h200-dgxc-slurm_3/conc_1/aiperf_artifacts/profile_export.jsonl,638,metrics.time_to_first_output_token.value,metrics.time_to_first_output_token.value,metricstimetofirstoutputtokenvalue,638,1.0,0,0.0,0.0,float,float,308.53790699999996,80099.901158,308.53790699999996,80099.901158,ms,ms,638,ms
1,8497343270,agentic_glm5.2_p1x1_d1x8_conc1_kvdram-hisparse_fp8_dynamo-sglang_prefill-tp1-pp1-dcp1-pcp8-ep1-dpfalse-nw1_decode-tp8-pp1-dcp1-pcp1-ep1-dptrue-nw1_disagg-true_spec-none_conc1_h200-dgxc-slurm_3,/Users/sskim/Documents/Codex/2026-08-06/h200-agentx-conversation-id-benchmark-analysis/data/raw/github/run_29820102138/conc1/raw_agentic/8497343270_agentic_glm5.2_p1x1_d1x8_conc1_kvdram-hisparse_fp8_dynamo-sglang_prefill-tp1-pp1-dcp1-pcp8-ep1-dpfalse-nw1_decode-tp8-pp1-dcp1-pcp1-ep1-dptrue-nw1_disagg-true_spec-none_conc1_h200-dgxc-slurm_3/conc_1/aiperf_artifacts/profile_export.jsonl,638,metrics.time_to_first_token.unit,metrics.time_to_first_token.unit,metricstimetofirsttokenunit,638,1.0,0,0.0,0.0,str,str,,,,,,,0,unknown
1,8497343270,agentic_glm5.2_p1x1_d1x8_conc1_kvdram-hisparse_fp8_dynamo-sglang_prefill-tp1-pp1-dcp1-pcp8-ep1-dpfalse-nw1_decode-tp8-pp1-dcp1-pcp1-ep1-dptrue-nw1_disagg-true_spec-none_conc1_h200-dgxc-slurm_3,/Users/sskim/Documents/Codex/2026-08-06/h200-agentx-conversation-id-benchmark-analysis/data/raw/github/run_29820102138/conc1/raw_agentic/8497343270_agentic_glm5.2_p1x1_d1x8_conc1_kvdram-hisparse_fp8_dynamo-sglang_prefill-tp1-pp1-dcp1-pcp8-ep1-dpfalse-nw1_decode-tp8-pp1-dcp1-pcp1-ep1-dptrue-nw1_disagg-true_spec-none_conc1_h200-dgxc-slurm_3/conc_1/aiperf_artifacts/profile_export.jsonl,638,metrics.time_to_first_token.value,metrics.time_to_first_token.value,metricstimetofirsttokenvalue,638,1.0,0,0.0,0.0,float,float,308.53790699999996,80099.901158,308.53790699999996,80099.901158,ms,ms,638,ms
1,8497343270,agentic_glm5.2_p1x1_d1x8_conc1_kvdram-hisparse_fp8_dynamo-sglang_prefill-tp1-pp1-dcp1-pcp8-ep1-dpfalse-nw1_decode-tp8-pp1-dcp1-pcp1-ep1-dptrue-nw1_disagg-true_spec-none_conc1_h200-dgxc-slurm_3,/Users/sskim/Documents/Codex/2026-08-06/h200-agentx-conversation-id-benchmark-analysis/data/raw/github/run_29820102138/conc1/raw_agentic/8497343270_agentic_glm5.2_p1x1_d1x8_conc1_kvdram-hisparse_fp8_dynamo-sglang_prefill-tp1-pp1-dcp1-pcp8-ep1-dpfalse-nw1_decode-tp8-pp1-dcp1-pcp1-ep1-dptrue-nw1_disagg-true_spec-none_conc1_h200-dgxc-slurm_3/conc_1/aiperf_artifacts/profile_export.jsonl,638,metrics.time_to_second_token.unit,metrics.time_to_second_token.unit,metricstimetosecondtokenunit,197,0.30877742946708464,0,0.0,0.0,str,str,,,,,,,0,seconds
1,8497343270,agentic_glm5.2_p1x1_d1x8_conc1_kvdram-hisparse_fp8_dynamo-sglang_prefill-tp1-pp1-dcp1-pcp8-ep1-dpfalse-nw1_decode-tp8-pp1-dcp1-pcp1-ep1-dptrue-nw1_disagg-true_spec-none_conc1_h200-dgxc-slurm_3,/Users/sskim/Documents/Codex/2026-08-06/h200-agentx-conversation-id-benchmark-analysis/data/raw/github/run_29820102138/conc1/raw_agentic/8497343270_agentic_glm5.2_p1x1_d1x8_conc1_kvdram-hisparse_fp8_dynamo-sglang_prefill-tp1-pp1-dcp1-pcp8-ep1-dpfalse-nw1_decode-tp8-pp1-dcp1-pcp1-ep1-dptrue-nw1_disagg-true_spec-none_conc1_h200-dgxc-slurm_3/conc_1/aiperf_artifacts/profile_export.jsonl,638,metrics.time_to_second_token.value,metrics.time_to_second_token.value,metricstimetosecondtokenvalue,197,0.30877742946708464,0,0.0,0.0,float,float,206.108702,7040.5480099999995,206.108702,7040.5480099999995,ms,ms,197,ms
1,8497343270,agentic_glm5.2_p1x1_d1x8_conc1_kvdram-hisparse_fp8_dynamo-sglang_prefill-tp1-pp1-dcp1-pcp8-ep1-dpfalse-nw1_decode-tp8-pp1-dcp1-pcp1-ep1-dptrue-nw1_disagg-true_spec-none_conc1_h200-dgxc-slurm_3,/Users/sskim/Documents/Codex/2026-08-06/h200-agentx-conversation-id-benchmark-analysis/data/raw/github/run_29820102138/conc1/raw_agentic/8497343270_agentic_glm5.2_p1x1_d1x8_conc1_kvdram-hisparse_fp8_dynamo-sglang_prefill-tp1-pp1-dcp1-pcp8-ep1-dpfalse-nw1_decode-tp8-pp1-dcp1-pcp1-ep1-dptrue-nw1_disagg-true_spec-none_conc1_h200-dgxc-slurm_3/conc_1/aiperf_artifacts/profile_export.jsonl,638,metrics.usage_completion_tokens.unit,metrics.usage_completion_tokens.unit,metricsusagecompletiontokensunit,638,1.0,0,0.0,0.0,str,str,,,,,,,0,unknown
1,8497343270,agentic_glm5.2_p1x1_d1x8_conc1_kvdram-hisparse_fp8_dynamo-sglang_prefill-tp1-pp1-dcp1-pcp8-ep1-dpfalse-nw1_decode-tp8-pp1-dcp1-pcp1-ep1-dptrue-nw1_disagg-true_spec-none_conc1_h200-dgxc-slurm_3,/Users/sskim/Documents/Codex/2026-08-06/h200-agentx-conversation-id-benchmark-analysis/data/raw/github/run_29820102138/conc1/raw_agentic/8497343270_agentic_glm5.2_p1x1_d1x8_conc1_kvdram-hisparse_fp8_dynamo-sglang_prefill-tp1-pp1-dcp1-pcp8-ep1-dpfalse-nw1_decode-tp8-pp1-dcp1-pcp1-ep1-dptrue-nw1_disagg-true_spec-none_conc1_h200-dgxc-slurm_3/conc_1/aiperf_artifacts/profile_export.jsonl,638,metrics.usage_completion_tokens.value,metrics.usage_completion_tokens.value,metricsusagecompletiontokensvalue,638,1.0,0,0.0,0.0,int,int,1.0,10180.0,1.0,10180.0,tokens,tokens,638,tokens
1,8497343270,agentic_glm5.2_p1x1_d1x8_conc1_kvdram-hisparse_fp8_dynamo-sglang_prefill-tp1-pp1-dcp1-pcp8-ep1-dpfalse-nw1_decode-tp8-pp1-dcp1-pcp1-ep1-dptrue-nw1_disagg-true_spec-none_conc1_h200-dgxc-slurm_3,/Users/sskim/Documents/Codex/2026-08-06/h200-agentx-conversation-id-benchmark-analysis/data/raw/github/run_29820102138/conc1/raw_agentic/8497343270_agentic_glm5.2_p1x1_d1x8_conc1_kvdram-hisparse_fp8_dynamo-sglang_prefill-tp1-pp1-dcp1-pcp8-ep1-dpfalse-nw1_decode-tp8-pp1-dcp1-pcp1-ep1-dptrue-nw1_disagg-true_spec-none_conc1_h200-dgxc-slurm_3/conc_1/aiperf_artifacts/profile_export.jsonl,638,metrics.usage_prompt_cache_read_tokens.unit,metrics.usage_prompt_cache_read_tokens.unit,metricsusagepromptcachereadtokensunit,621,0.9733542319749217,0,0.0,0.0,str,str,,,,,,,0,unknown
1,8497343270,agentic_glm5.2_p1x1_d1x8_conc1_kvdram-hisparse_fp8_dynamo-sglang_prefill-tp1-pp1-dcp1-pcp8-ep1-dpfalse-nw1_decode-tp8-pp1-dcp1-pcp1-ep1-dptrue-nw1_disagg-true_spec-none_conc1_h200-dgxc-slurm_3,/Users/sskim/Documents/Codex/2026-08-06/h200-agentx-conversation-id-benchmark-analysis/data/raw/github/run_29820102138/conc1/raw_agentic/8497343270_agentic_glm5.2_p1x1_d1x8_conc1_kvdram-hisparse_fp8_dynamo-sglang_prefill-tp1-pp1-dcp1-pcp8-ep1-dpfalse-nw1_decode-tp8-pp1-dcp1-pcp1-ep1-dptrue-nw1_disagg-true_spec-none_conc1_h200-dgxc-slurm_3/conc_1/aiperf_artifacts/profile_export.jsonl,638,metrics.usage_prompt_cache_read_tokens.value,metrics.usage_prompt_cache_read_tokens.value,metricsusagepromptcachereadtokensvalue,621,0.9733542319749217,0,0.0,0.0,int,int,2560.0,680512.0,2560.0,680512.0,tokens,tokens,621,tokens
1,8497343270,agentic_glm5.2_p1x1_d1x8_conc1_kvdram-hisparse_fp8_dynamo-sglang_prefill-tp1-pp1-dcp1-pcp8-ep1-dpfalse-nw1_decode-tp8-pp1-dcp1-pcp1-ep1-dptrue-nw1_disagg-true_spec-none_conc1_h200-dgxc-slurm_3,/Users/sskim/Documents/Codex/2026-08-06/h200-agentx-conversation-id-benchmark-analysis/data/raw/github/run_29820102138/conc1/raw_agentic/8497343270_agentic_glm5.2_p1x1_d1x8_conc1_kvdram-hisparse_fp8_dynamo-sglang_prefill-tp1-pp1-dcp1-pcp8-ep1-dpfalse-nw1_decode-tp8-pp1-dcp1-pcp1-ep1-dptrue-nw1_disagg-true_spec-none_conc1_h200-dgxc-slurm_3/conc_1/aiperf_artifacts/profile_export.jsonl,638,metrics.usage_prompt_tokens.unit,metrics.usage_prompt_tokens.unit,metricsusageprompttokensunit,638,1.0,0,0.0,0.0,str,str,,,,,,,0,unknown
1,8497343270,agentic_glm5.2_p1x1_d1x8_conc1_kvdram-hisparse_fp8_dynamo-sglang_prefill-tp1-pp1-dcp1-pcp8-ep1-dpfalse-nw1_decode-tp8-pp1-dcp1-pcp1-ep1-dptrue-nw1_disagg-true_spec-none_conc1_h200-dgxc-slurm_3,/Users/sskim/Documents/Codex/2026-08-06/h200-agentx-conversation-id-benchmark-analysis/data/raw/github/run_29820102138/conc1/raw_agentic/8497343270_agentic_glm5.2_p1x1_d1x8_conc1_kvdram-hisparse_fp8_dynamo-sglang_prefill-tp1-pp1-dcp1-pcp8-ep1-dpfalse-nw1_decode-tp8-pp1-dcp1-pcp1-ep1-dptrue-nw1_disagg-true_spec-none_conc1_h200-dgxc-slurm_3/conc_1/aiperf_artifacts/profile_export.jsonl,638,metrics.usage_prompt_tokens.value,metrics.usage_prompt_tokens.value,metricsusageprompttokensvalue,638,1.0,0,0.0,0.0,int,int,1.0,158683.0,1.0,158683.0,tokens,tokens,638,tokens
1,8497343270,agentic_glm5.2_p1x1_d1x8_conc1_kvdram-hisparse_fp8_dynamo-sglang_prefill-tp1-pp1-dcp1-pcp8-ep1-dpfalse-nw1_decode-tp8-pp1-dcp1-pcp1-ep1-dptrue-nw1_disagg-true_spec-none_conc1_h200-dgxc-slurm_3,/Users/sskim/Documents/Codex/2026-08-06/h200-agentx-conversation-id-benchmark-analysis/data/raw/github/run_29820102138/conc1/raw_agentic/8497343270_agentic_glm5.2_p1x1_d1x8_conc1_kvdram-hisparse_fp8_dynamo-sglang_prefill-tp1-pp1-dcp1-pcp8-ep1-dpfalse-nw1_decode-tp8-pp1-dcp1-pcp1-ep1-dptrue-nw1_disagg-true_spec-none_conc1_h200-dgxc-slurm_3/conc_1/aiperf_artifacts/profile_export.jsonl,638,metrics.usage_total_tokens.unit,metrics.usage_total_tokens.unit,metricsusagetotaltokensunit,638,1.0,0,0.0,0.0,str,str,,,,,,,0,unknown
1,8497343270,agentic_glm5.2_p1x1_d1x8_conc1_kvdram-hisparse_fp8_dynamo-sglang_prefill-tp1-pp1-dcp1-pcp8-ep1-dpfalse-nw1_decode-tp8-pp1-dcp1-pcp1-ep1-dptrue-nw1_disagg-true_spec-none_conc1_h200-dgxc-slurm_3,/Users/sskim/Documents/Codex/2026-08-06/h200-agentx-conversation-id-benchmark-analysis/data/raw/github/run_29820102138/conc1/raw_agentic/8497343270_agentic_glm5.2_p1x1_d1x8_conc1_kvdram-hisparse_fp8_dynamo-sglang_prefill-tp1-pp1-dcp1-pcp8-ep1-dpfalse-nw1_decode-tp8-pp1-dcp1-pcp1-ep1-dptrue-nw1_disagg-true_spec-none_conc1_h200-dgxc-slurm_3/conc_1/aiperf_artifacts/profile_export.jsonl,638,metrics.usage_total_tokens.value,metrics.usage_total_tokens.value,metricsusagetotaltokensvalue,638,1.0,0,0.0,0.0,int,int,2.0,158896.0,2.0,158896.0,tokens,tokens,638,tokens
2,8497653427,agentic_glm5.2_p1x1_d1x8_conc2_kvdram-hisparse_fp8_dynamo-sglang_prefill-tp1-pp1-dcp1-pcp8-ep1-dpfalse-nw1_decode-tp8-pp1-dcp1-pcp1-ep1-dptrue-nw1_disagg-true_spec-none_conc2_h200-dgxc-slurm_1,/Users/sskim/Documents/Codex/2026-08-06/h200-agentx-conversation-id-benchmark-analysis/data/raw/github/run_29820102138/conc2/raw_agentic/8497653427_agentic_glm5.2_p1x1_d1x8_conc2_kvdram-hisparse_fp8_dynamo-sglang_prefill-tp1-pp1-dcp1-pcp8-ep1-dpfalse-nw1_decode-tp8-pp1-dcp1-pcp1-ep1-dptrue-nw1_disagg-true_spec-none_conc2_h200-dgxc-slurm_1/conc_2/aiperf_artifacts/profile_export.jsonl,954,metadata.agent_depth,metadata.agent_depth,metadataagentdepth,954,1.0,0,0.0,0.0,int,int,0.0,1.0,0.0,1.0,,,0,unknown
2,8497653427,agentic_glm5.2_p1x1_d1x8_conc2_kvdram-hisparse_fp8_dynamo-sglang_prefill-tp1-pp1-dcp1-pcp8-ep1-dpfalse-nw1_decode-tp8-pp1-dcp1-pcp1-ep1-dptrue-nw1_disagg-true_spec-none_conc2_h200-dgxc-slurm_1,/Users/sskim/Documents/Codex/2026-08-06/h200-agentx-conversation-id-benchmark-analysis/data/raw/github/run_29820102138/conc2/raw_agentic/8497653427_agentic_glm5.2_p1x1_d1x8_conc2_kvdram-hisparse_fp8_dynamo-sglang_prefill-tp1-pp1-dcp1-pcp8-ep1-dpfalse-nw1_decode-tp8-pp1-dcp1-pcp1-ep1-dptrue-nw1_disagg-true_spec-none_conc2_h200-dgxc-slurm_1/conc_2/aiperf_artifacts/profile_export.jsonl,954,metadata.benchmark_phase,metadata.benchmark_phase,metadatabenchmarkphase,954,1.0,0,0.0,0.0,str,str,,,,,,,0,unknown
2,8497653427,agentic_glm5.2_p1x1_d1x8_conc2_kvdram-hisparse_fp8_dynamo-sglang_prefill-tp1-pp1-dcp1-pcp8-ep1-dpfalse-nw1_decode-tp8-pp1-dcp1-pcp1-ep1-dptrue-nw1_disagg-true_spec-none_conc2_h200-dgxc-slurm_1,/Users/sskim/Documents/Codex/2026-08-06/h200-agentx-conversation-id-benchmark-analysis/data/raw/github/run_29820102138/conc2/raw_agentic/8497653427_agentic_glm5.2_p1x1_d1x8_conc2_kvdram-hisparse_fp8_dynamo-sglang_prefill-tp1-pp1-dcp1-pcp8-ep1-dpfalse-nw1_decode-tp8-pp1-dcp1-pcp1-ep1-dptrue-nw1_disagg-true_spec-none_conc2_h200-dgxc-slurm_1/conc_2/aiperf_artifacts/profile_export.jsonl,954,metadata.context_overflow_skip,metadata.context_overflow_skip,metadatacontextoverflowskip,954,1.0,0,0.0,0.0,bool,bool,,,,,,,0,unknown
2,8497653427,agentic_glm5.2_p1x1_d1x8_conc2_kvdram-hisparse_fp8_dynamo-sglang_prefill-tp1-pp1-dcp1-pcp8-ep1-dpfalse-nw1_decode-tp8-pp1-dcp1-pcp1-ep1-dptrue-nw1_disagg-true_spec-none_conc2_h200-dgxc-slurm_1,/Users/sskim/Documents/Codex/2026-08-06/h200-agentx-conversation-id-benchmark-analysis/data/raw/github/run_29820102138/conc2/raw_agentic/8497653427_agentic_glm5.2_p1x1_d1x8_conc2_kvdram-hisparse_fp8_dynamo-sglang_prefill-tp1-pp1-dcp1-pcp8-ep1-dpfalse-nw1_decode-tp8-pp1-dcp1-pcp1-ep1-dptrue-nw1_disagg-true_spec-none_conc2_h200-dgxc-slurm_1/conc_2/aiperf_artifacts/profile_export.jsonl,954,metadata.conversation_id,metadata.conversation_id,metadataconversationid,954,1.0,0,0.0,0.0,str,str,,,,,,,0,unknown
2,8497653427,agentic_glm5.2_p1x1_d1x8_conc2_kvdram-hisparse_fp8_dynamo-sglang_prefill-tp1-pp1-dcp1-pcp8-ep1-dpfalse-nw1_decode-tp8-pp1-dcp1-pcp1-ep1-dptrue-nw1_disagg-true_spec-none_conc2_h200-dgxc-slurm_1,/Users/sskim/Documents/Codex/2026-08-06/h200-agentx-conversation-id-benchmark-analysis/data/raw/github/run_29820102138/conc2/raw_agentic/8497653427_agentic_glm5.2_p1x1_d1x8_conc2_kvdram-hisparse_fp8_dynamo-sglang_prefill-tp1-pp1-dcp1-pcp8-ep1-dpfalse-nw1_decode-tp8-pp1-dcp1-pcp1-ep1-dptrue-nw1_disagg-true_spec-none_conc2_h200-dgxc-slurm_1/conc_2/aiperf_artifacts/profile_export.jsonl,954,metadata.credit_issued_ns,metadata.credit_issued_ns,metadatacreditissuedns,954,1.0,0,0.0,0.0,int,int,1.78463772119978e+18,1.7846419896505444e+18,1.78463772119978e+18,1.7846419896505444e+18,,,0,nanoseconds
2,8497653427,agentic_glm5.2_p1x1_d1x8_conc2_kvdram-hisparse_fp8_dynamo-sglang_prefill-tp1-pp1-dcp1-pcp8-ep1-dpfalse-nw1_decode-tp8-pp1-dcp1-pcp1-ep1-dptrue-nw1_disagg-true_spec-none_conc2_h200-dgxc-slurm_1,/Users/sskim/Documents/Codex/2026-08-06/h200-agentx-conversation-id-benchmark-analysis/data/raw/github/run_29820102138/conc2/raw_agentic/8497653427_agentic_glm5.2_p1x1_d1x8_conc2_kvdram-hisparse_fp8_dynamo-sglang_prefill-tp1-pp1-dcp1-pcp8-ep1-dpfalse-nw1_decode-tp8-pp1-dcp1-pcp1-ep1-dptrue-nw1_disagg-true_spec-none_conc2_h200-dgxc-slurm_1/conc_2/aiperf_artifacts/profile_export.jsonl,954,metadata.parent_correlation_id,metadata.parent_correlation_id,metadataparentcorrelationid,556,0.5828092243186582,0,0.0,0.0,str,str,,,,,,,0,unknown
2,8497653427,agentic_glm5.2_p1x1_d1x8_conc2_kvdram-hisparse_fp8_dynamo-sglang_prefill-tp1-pp1-dcp1-pcp8-ep1-dpfalse-nw1_decode-tp8-pp1-dcp1-pcp1-ep1-dptrue-nw1_disagg-true_spec-none_conc2_h200-dgxc-slurm_1,/Users/sskim/Documents/Codex/2026-08-06/h200-agentx-conversation-id-benchmark-analysis/data/raw/github/run_29820102138/conc2/raw_agentic/8497653427_agentic_glm5.2_p1x1_d1x8_conc2_kvdram-hisparse_fp8_dynamo-sglang_prefill-tp1-pp1-dcp1-pcp8-ep1-dpfalse-nw1_decode-tp8-pp1-dcp1-pcp1-ep1-dptrue-nw1_disagg-true_spec-none_conc2_h200-dgxc-slurm_1/conc_2/aiperf_artifacts/profile_export.jsonl,954,metadata.record_processor_id,metadata.record_processor_id,metadatarecordprocessorid,954,1.0,0,0.0,0.0,str,str,,,,,,,0,unknown
2,8497653427,agentic_glm5.2_p1x1_d1x8_conc2_kvdram-hisparse_fp8_dynamo-sglang_prefill-tp1-pp1-dcp1-pcp8-ep1-dpfalse-nw1_decode-tp8-pp1-dcp1-pcp1-ep1-dptrue-nw1_disagg-true_spec-none_conc2_h200-dgxc-slurm_1,/Users/sskim/Documents/Codex/2026-08-06/h200-agentx-conversation-id-benchmark-analysis/data/raw/github/run_29820102138/conc2/raw_agentic/8497653427_agentic_glm5.2_p1x1_d1x8_conc2_kvdram-hisparse_fp8_dynamo-sglang_prefill-tp1-pp1-dcp1-pcp8-ep1-dpfalse-nw1_decode-tp8-pp1-dcp1-pcp1-ep1-dptrue-nw1_disagg-true_spec-none_conc2_h200-dgxc-slurm_1/conc_2/aiperf_artifacts/profile_export.jsonl,954,metadata.request_ack_ns,metadata.request_ack_ns,metadatarequestackns,954,1.0,0,0.0,0.0,int,int,1.7846377222522079e+18,1.7846419900670828e+18,1.7846377222522079e+18,1.7846419900670828e+18,,,0,nanoseconds
2,8497653427,agentic_glm5.2_p1x1_d1x8_conc2_kvdram-hisparse_fp8_dynamo-sglang_prefill-tp1-pp1-dcp1-pcp8-ep1-dpfalse-nw1_decode-tp8-pp1-dcp1-pcp1-ep1-dptrue-nw1_disagg-true_spec-none_conc2_h200-dgxc-slurm_1,/Users/sskim/Documents/Codex/2026-08-06/h200-agentx-conversation-id-benchmark-analysis/data/raw/github/run_29820102138/conc2/raw_agentic/8497653427_agentic_glm5.2_p1x1_d1x8_conc2_kvdram-hisparse_fp8_dynamo-sglang_prefill-tp1-pp1-dcp1-pcp8-ep1-dpfalse-nw1_decode-tp8-pp1-dcp1-pcp1-ep1-dptrue-nw1_disagg-true_spec-none_conc2_h200-dgxc-slurm_1/conc_2/aiperf_artifacts/profile_export.jsonl,954,metadata.request_end_ns,metadata.request_end_ns,metadatarequestendns,954,1.0,0,0.0,0.0,int,int,1.784637805391458e+18,1.784642015284768e+18,1.784637805391458e+18,1.784642015284768e+18,,,0,nanoseconds
2,8497653427,agentic_glm5.2_p1x1_d1x8_conc2_kvdram-hisparse_fp8_dynamo-sglang_prefill-tp1-pp1-dcp1-pcp8-ep1-dpfalse-nw1_decode-tp8-pp1-dcp1-pcp1-ep1-dptrue-nw1_disagg-true_spec-none_conc2_h200-dgxc-slurm_1,/Users/sskim/Documents/Codex/2026-08-06/h200-agentx-conversation-id-benchmark-analysis/data/raw/github/run_29820102138/conc2/raw_agentic/8497653427_agentic_glm5.2_p1x1_d1x8_conc2_kvdram-hisparse_fp8_dynamo-sglang_prefill-tp1-pp1-dcp1-pcp8-ep1-dpfalse-nw1_decode-tp8-pp1-dcp1-pcp1-ep1-dptrue-nw1_disagg-true_spec-none_conc2_h200-dgxc-slurm_1/conc_2/aiperf_artifacts/profile_export.jsonl,954,metadata.request_start_ns,metadata.request_start_ns,metadatarequeststartns,954,1.0,0,0.0,0.0,int,int,1.784637721305508e+18,1.7846419896517228e+18,1.784637721305508e+18,1.7846419896517228e+18,,,0,nanoseconds
2,8497653427,agentic_glm5.2_p1x1_d1x8_conc2_kvdram-hisparse_fp8_dynamo-sglang_prefill-tp1-pp1-dcp1-pcp8-ep1-dpfalse-nw1_decode-tp8-pp1-dcp1-pcp1-ep1-dptrue-nw1_disagg-true_spec-none_conc2_h200-dgxc-slurm_1,/Users/sskim/Documents/Codex/2026-08-06/h200-agentx-conversation-id-benchmark-analysis/data/raw/github/run_29820102138/conc2/raw_agentic/8497653427_agentic_glm5.2_p1x1_d1x8_conc2_kvdram-hisparse_fp8_dynamo-sglang_prefill-tp1-pp1-dcp1-pcp8-ep1-dpfalse-nw1_decode-tp8-pp1-dcp1-pcp1-ep1-dptrue-nw1_disagg-true_spec-none_conc2_h200-dgxc-slurm_1/conc_2/aiperf_artifacts/profile_export.jsonl,954,metadata.root_correlation_id,metadata.root_correlation_id,metadatarootcorrelationid,954,1.0,0,0.0,0.0,str,str,,,,,,,0,unknown
2,8497653427,agentic_glm5.2_p1x1_d1x8_conc2_kvdram-hisparse_fp8_dynamo-sglang_prefill-tp1-pp1-dcp1-pcp8-ep1-dpfalse-nw1_decode-tp8-pp1-dcp1-pcp1-ep1-dptrue-nw1_disagg-true_spec-none_conc2_h200-dgxc-slurm_1,/Users/sskim/Documents/Codex/2026-08-06/h200-agentx-conversation-id-benchmark-analysis/data/raw/github/run_29820102138/conc2/raw_agentic/8497653427_agentic_glm5.2_p1x1_d1x8_conc2_kvdram-hisparse_fp8_dynamo-sglang_prefill-tp1-pp1-dcp1-pcp8-ep1-dpfalse-nw1_decode-tp8-pp1-dcp1-pcp1-ep1-dptrue-nw1_disagg-true_spec-none_conc2_h200-dgxc-slurm_1/conc_2/aiperf_artifacts/profile_export.jsonl,954,metadata.session_num,metadata.session_num,metadatasessionnum,954,1.0,0,0.0,0.0,int,int,0.0,558.0,0.0,558.0,,,0,unknown
2,8497653427,agentic_glm5.2_p1x1_d1x8_conc2_kvdram-hisparse_fp8_dynamo-sglang_prefill-tp1-pp1-dcp1-pcp8-ep1-dpfalse-nw1_decode-tp8-pp1-dcp1-pcp1-ep1-dptrue-nw1_disagg-true_spec-none_conc2_h200-dgxc-slurm_1,/Users/sskim/Documents/Codex/2026-08-06/h200-agentx-conversation-id-benchmark-analysis/data/raw/github/run_29820102138/conc2/raw_agentic/8497653427_agentic_glm5.2_p1x1_d1x8_conc2_kvdram-hisparse_fp8_dynamo-sglang_prefill-tp1-pp1-dcp1-pcp8-ep1-dpfalse-nw1_decode-tp8-pp1-dcp1-pcp1-ep1-dptrue-nw1_disagg-true_spec-none_conc2_h200-dgxc-slurm_1/conc_2/aiperf_artifacts/profile_export.jsonl,954,metadata.source_inner_idx,metadata.source_inner_idx,metadatasourceinneridx,305,0.319706498951782,0,0.0,0.0,int,int,0.0,54.0,0.0,54.0,,,0,unknown
2,8497653427,agentic_glm5.2_p1x1_d1x8_conc2_kvdram-hisparse_fp8_dynamo-sglang_prefill-tp1-pp1-dcp1-pcp8-ep1-dpfalse-nw1_decode-tp8-pp1-dcp1-pcp1-ep1-dptrue-nw1_disagg-true_spec-none_conc2_h200-dgxc-slurm_1,/Users/sskim/Documents/Codex/2026-08-06/h200-agentx-conversation-id-benchmark-analysis/data/raw/github/run_29820102138/conc2/raw_agentic/8497653427_agentic_glm5.2_p1x1_d1x8_conc2_kvdram-hisparse_fp8_dynamo-sglang_prefill-tp1-pp1-dcp1-pcp8-ep1-dpfalse-nw1_decode-tp8-pp1-dcp1-pcp1-ep1-dptrue-nw1_disagg-true_spec-none_conc2_h200-dgxc-slurm_1/conc_2/aiperf_artifacts/profile_export.jsonl,954,metadata.source_kind,metadata.source_kind,metadatasourcekind,954,1.0,0,0.0,0.0,str,str,,,,,,,0,unknown
2,8497653427,agentic_glm5.2_p1x1_d1x8_conc2_kvdram-hisparse_fp8_dynamo-sglang_prefill-tp1-pp1-dcp1-pcp8-ep1-dpfalse-nw1_decode-tp8-pp1-dcp1-pcp1-ep1-dptrue-nw1_disagg-true_spec-none_conc2_h200-dgxc-slurm_1,/Users/sskim/Documents/Codex/2026-08-06/h200-agentx-conversation-id-benchmark-analysis/data/raw/github/run_29820102138/conc2/raw_agentic/8497653427_agentic_glm5.2_p1x1_d1x8_conc2_kvdram-hisparse_fp8_dynamo-sglang_prefill-tp1-pp1-dcp1-pcp8-ep1-dpfalse-nw1_decode-tp8-pp1-dcp1-pcp1-ep1-dptrue-nw1_disagg-true_spec-none_conc2_h200-dgxc-slurm_1/conc_2/aiperf_artifacts/profile_export.jsonl,954,metadata.source_outer_idx,metadata.source_outer_idx,metadatasourceouteridx,954,1.0,0,0.0,0.0,int,int,0.0,261.0,0.0,261.0,,,0,unknown
2,8497653427,agentic_glm5.2_p1x1_d1x8_conc2_kvdram-hisparse_fp8_dynamo-sglang_prefill-tp1-pp1-dcp1-pcp8-ep1-dpfalse-nw1_decode-tp8-pp1-dcp1-pcp1-ep1-dptrue-nw1_disagg-true_spec-none_conc2_h200-dgxc-slurm_1,/Users/sskim/Documents/Codex/2026-08-06/h200-agentx-conversation-id-benchmark-analysis/data/raw/github/run_29820102138/conc2/raw_agentic/8497653427_agentic_glm5.2_p1x1_d1x8_conc2_kvdram-hisparse_fp8_dynamo-sglang_prefill-tp1-pp1-dcp1-pcp8-ep1-dpfalse-nw1_decode-tp8-pp1-dcp1-pcp1-ep1-dptrue-nw1_disagg-true_spec-none_conc2_h200-dgxc-slurm_1/conc_2/aiperf_artifacts/profile_export.jsonl,954,metadata.source_trace_id,metadata.source_trace_id,metadatasourcetraceid,954,1.0,0,0.0,0.0,str,str,,,,,,,0,unknown
2,8497653427,agentic_glm5.2_p1x1_d1x8_conc2_kvdram-hisparse_fp8_dynamo-sglang_prefill-tp1-pp1-dcp1-pcp8-ep1-dpfalse-nw1_decode-tp8-pp1-dcp1-pcp1-ep1-dptrue-nw1_disagg-true_spec-none_conc2_h200-dgxc-slurm_1,/Users/sskim/Documents/Codex/2026-08-06/h200-agentx-conversation-id-benchmark-analysis/data/raw/github/run_29820102138/conc2/raw_agentic/8497653427_agentic_glm5.2_p1x1_d1x8_conc2_kvdram-hisparse_fp8_dynamo-sglang_prefill-tp1-pp1-dcp1-pcp8-ep1-dpfalse-nw1_decode-tp8-pp1-dcp1-pcp1-ep1-dptrue-nw1_disagg-true_spec-none_conc2_h200-dgxc-slurm_1/conc_2/aiperf_artifacts/profile_export.jsonl,954,metadata.turn_index,metadata.turn_index,metadataturnindex,954,1.0,0,0.0,0.0,int,int,0.0,190.0,0.0,190.0,,,0,unknown
2,8497653427,agentic_glm5.2_p1x1_d1x8_conc2_kvdram-hisparse_fp8_dynamo-sglang_prefill-tp1-pp1-dcp1-pcp8-ep1-dpfalse-nw1_decode-tp8-pp1-dcp1-pcp1-ep1-dptrue-nw1_disagg-true_spec-none_conc2_h200-dgxc-slurm_1,/Users/sskim/Documents/Codex/2026-08-06/h200-agentx-conversation-id-benchmark-analysis/data/raw/github/run_29820102138/conc2/raw_agentic/8497653427_agentic_glm5.2_p1x1_d1x8_conc2_kvdram-hisparse_fp8_dynamo-sglang_prefill-tp1-pp1-dcp1-pcp8-ep1-dpfalse-nw1_decode-tp8-pp1-dcp1-pcp1-ep1-dptrue-nw1_disagg-true_spec-none_conc2_h200-dgxc-slurm_1/conc_2/aiperf_artifacts/profile_export.jsonl,954,metadata.was_cancelled,metadata.was_cancelled,metadatawascancelled,954,1.0,0,0.0,0.0,bool,bool,,,,,,,0,unknown
2,8497653427,agentic_glm5.2_p1x1_d1x8_conc2_kvdram-hisparse_fp8_dynamo-sglang_prefill-tp1-pp1-dcp1-pcp8-ep1-dpfalse-nw1_decode-tp8-pp1-dcp1-pcp1-ep1-dptrue-nw1_disagg-true_spec-none_conc2_h200-dgxc-slurm_1,/Users/sskim/Documents/Codex/2026-08-06/h200-agentx-conversation-id-benchmark-analysis/data/raw/github/run_29820102138/conc2/raw_agentic/8497653427_agentic_glm5.2_p1x1_d1x8_conc2_kvdram-hisparse_fp8_dynamo-sglang_prefill-tp1-pp1-dcp1-pcp8-ep1-dpfalse-nw1_decode-tp8-pp1-dcp1-pcp1-ep1-dptrue-nw1_disagg-true_spec-none_conc2_h200-dgxc-slurm_1/conc_2/aiperf_artifacts/profile_export.jsonl,954,metadata.worker_id,metadata.worker_id,metadataworkerid,954,1.0,0,0.0,0.0,str,str,,,,,,,0,unknown
2,8497653427,agentic_glm5.2_p1x1_d1x8_conc2_kvdram-hisparse_fp8_dynamo-sglang_prefill-tp1-pp1-dcp1-pcp8-ep1-dpfalse-nw1_decode-tp8-pp1-dcp1-pcp1-ep1-dptrue-nw1_disagg-true_spec-none_conc2_h200-dgxc-slurm_1,/Users/sskim/Documents/Codex/2026-08-06/h200-agentx-conversation-id-benchmark-analysis/data/raw/github/run_29820102138/conc2/raw_agentic/8497653427_agentic_glm5.2_p1x1_d1x8_conc2_kvdram-hisparse_fp8_dynamo-sglang_prefill-tp1-pp1-dcp1-pcp8-ep1-dpfalse-nw1_decode-tp8-pp1-dcp1-pcp1-ep1-dptrue-nw1_disagg-true_spec-none_conc2_h200-dgxc-slurm_1/conc_2/aiperf_artifacts/profile_export.jsonl,954,metadata.x_correlation_id,metadata.x_correlation_id,metadataxcorrelationid,954,1.0,0,0.0,0.0,str,str,,,,,,,0,unknown
2,8497653427,agentic_glm5.2_p1x1_d1x8_conc2_kvdram-hisparse_fp8_dynamo-sglang_prefill-tp1-pp1-dcp1-pcp8-ep1-dpfalse-nw1_decode-tp8-pp1-dcp1-pcp1-ep1-dptrue-nw1_disagg-true_spec-none_conc2_h200-dgxc-slurm_1,/Users/sskim/Documents/Codex/2026-08-06/h200-agentx-conversation-id-benchmark-analysis/data/raw/github/run_29820102138/conc2/raw_agentic/8497653427_agentic_glm5.2_p1x1_d1x8_conc2_kvdram-hisparse_fp8_dynamo-sglang_prefill-tp1-pp1-dcp1-pcp8-ep1-dpfalse-nw1_decode-tp8-pp1-dcp1-pcp1-ep1-dptrue-nw1_disagg-true_spec-none_conc2_h200-dgxc-slurm_1/conc_2/aiperf_artifacts/profile_export.jsonl,954,metadata.x_request_id,metadata.x_request_id,metadataxrequestid,954,1.0,0,0.0,0.0,str,str,,,,,,,0,unknown
2,8497653427,agentic_glm5.2_p1x1_d1x8_conc2_kvdram-hisparse_fp8_dynamo-sglang_prefill-tp1-pp1-dcp1-pcp8-ep1-dpfalse-nw1_decode-tp8-pp1-dcp1-pcp1-ep1-dptrue-nw1_disagg-true_spec-none_conc2_h200-dgxc-slurm_1,/Users/sskim/Documents/Codex/2026-08-06/h200-agentx-conversation-id-benchmark-analysis/data/raw/github/run_29820102138/conc2/raw_agentic/8497653427_agentic_glm5.2_p1x1_d1x8_conc2_kvdram-hisparse_fp8_dynamo-sglang_prefill-tp1-pp1-dcp1-pcp8-ep1-dpfalse-nw1_decode-tp8-pp1-dcp1-pcp1-ep1-dptrue-nw1_disagg-true_spec-none_conc2_h200-dgxc-slurm_1/conc_2/aiperf_artifacts/profile_export.jsonl,954,metrics.e2e_output_token_throughput.unit,metrics.e2e_output_token_throughput.unit,metricse2eoutputtokenthroughputunit,954,1.0,0,0.0,0.0,str,str,,,,,,,0,unknown
2,8497653427,agentic_glm5.2_p1x1_d1x8_conc2_kvdram-hisparse_fp8_dynamo-sglang_prefill-tp1-pp1-dcp1-pcp8-ep1-dpfalse-nw1_decode-tp8-pp1-dcp1-pcp1-ep1-dptrue-nw1_disagg-true_spec-none_conc2_h200-dgxc-slurm_1,/Users/sskim/Documents/Codex/2026-08-06/h200-agentx-conversation-id-benchmark-analysis/data/raw/github/run_29820102138/conc2/raw_agentic/8497653427_agentic_glm5.2_p1x1_d1x8_conc2_kvdram-hisparse_fp8_dynamo-sglang_prefill-tp1-pp1-dcp1-pcp8-ep1-dpfalse-nw1_decode-tp8-pp1-dcp1-pcp1-ep1-dptrue-nw1_disagg-true_spec-none_conc2_h200-dgxc-slurm_1/conc_2/aiperf_artifacts/profile_export.jsonl,954,metrics.e2e_output_token_throughput.value,metrics.e2e_output_token_throughput.value,metricse2eoutputtokenthroughputvalue,954,1.0,0,0.0,0.0,float,float,0.004836557310992022,34.19183707099232,0.004836557310992022,34.19183707099232,tokens/sec/user,tokens/sec/user,954,tokens/sec/user
2,8497653427,agentic_glm5.2_p1x1_d1x8_conc2_kvdram-hisparse_fp8_dynamo-sglang_prefill-tp1-pp1-dcp1-pcp8-ep1-dpfalse-nw1_decode-tp8-pp1-dcp1-pcp1-ep1-dptrue-nw1_disagg-true_spec-none_conc2_h200-dgxc-slurm_1,/Users/sskim/Documents/Codex/2026-08-06/h200-agentx-conversation-id-benchmark-analysis/data/raw/github/run_29820102138/conc2/raw_agentic/8497653427_agentic_glm5.2_p1x1_d1x8_conc2_kvdram-hisparse_fp8_dynamo-sglang_prefill-tp1-pp1-dcp1-pcp8-ep1-dpfalse-nw1_decode-tp8-pp1-dcp1-pcp1-ep1-dptrue-nw1_disagg-true_spec-none_conc2_h200-dgxc-slurm_1/conc_2/aiperf_artifacts/profile_export.jsonl,954,metrics.http_req_blocked.unit,metrics.http_req_blocked.unit,metricshttpreqblockedunit,954,1.0,0,0.0,0.0,str,str,,,,,,,0,unknown
2,8497653427,agentic_glm5.2_p1x1_d1x8_conc2_kvdram-hisparse_fp8_dynamo-sglang_prefill-tp1-pp1-dcp1-pcp8-ep1-dpfalse-nw1_decode-tp8-pp1-dcp1-pcp1-ep1-dptrue-nw1_disagg-true_spec-none_conc2_h200-dgxc-slurm_1,/Users/sskim/Documents/Codex/2026-08-06/h200-agentx-conversation-id-benchmark-analysis/data/raw/github/run_29820102138/conc2/raw_agentic/8497653427_agentic_glm5.2_p1x1_d1x8_conc2_kvdram-hisparse_fp8_dynamo-sglang_prefill-tp1-pp1-dcp1-pcp8-ep1-dpfalse-nw1_decode-tp8-pp1-dcp1-pcp1-ep1-dptrue-nw1_disagg-true_spec-none_conc2_h200-dgxc-slurm_1/conc_2/aiperf_artifacts/profile_export.jsonl,954,metrics.http_req_blocked.value,metrics.http_req_blocked.value,metricshttpreqblockedvalue,954,1.0,0,0.0,0.0,float,float,0.0,0.0,0.0,0.0,ms,ms,954,ms
2,8497653427,agentic_glm5.2_p1x1_d1x8_conc2_kvdram-hisparse_fp8_dynamo-sglang_prefill-tp1-pp1-dcp1-pcp8-ep1-dpfalse-nw1_decode-tp8-pp1-dcp1-pcp1-ep1-dptrue-nw1_disagg-true_spec-none_conc2_h200-dgxc-slurm_1,/Users/sskim/Documents/Codex/2026-08-06/h200-agentx-conversation-id-benchmark-analysis/data/raw/github/run_29820102138/conc2/raw_agentic/8497653427_agentic_glm5.2_p1x1_d1x8_conc2_kvdram-hisparse_fp8_dynamo-sglang_prefill-tp1-pp1-dcp1-pcp8-ep1-dpfalse-nw1_decode-tp8-pp1-dcp1-pcp1-ep1-dptrue-nw1_disagg-true_spec-none_conc2_h200-dgxc-slurm_1/conc_2/aiperf_artifacts/profile_export.jsonl,954,metrics.http_req_chunks_received.unit,metrics.http_req_chunks_received.unit,metricshttpreqchunksreceivedunit,954,1.0,0,0.0,0.0,str,str,,,,,,,0,unknown
2,8497653427,agentic_glm5.2_p1x1_d1x8_conc2_kvdram-hisparse_fp8_dynamo-sglang_prefill-tp1-pp1-dcp1-pcp8-ep1-dpfalse-nw1_decode-tp8-pp1-dcp1-pcp1-ep1-dptrue-nw1_disagg-true_spec-none_conc2_h200-dgxc-slurm_1,/Users/sskim/Documents/Codex/2026-08-06/h200-agentx-conversation-id-benchmark-analysis/data/raw/github/run_29820102138/conc2/raw_agentic/8497653427_agentic_glm5.2_p1x1_d1x8_conc2_kvdram-hisparse_fp8_dynamo-sglang_prefill-tp1-pp1-dcp1-pcp8-ep1-dpfalse-nw1_decode-tp8-pp1-dcp1-pcp1-ep1-dptrue-nw1_disagg-true_spec-none_conc2_h200-dgxc-slurm_1/conc_2/aiperf_artifacts/profile_export.jsonl,954,metrics.http_req_chunks_received.value,metrics.http_req_chunks_received.value,metricshttpreqchunksreceivedvalue,954,1.0,0,0.0,0.0,int,int,1.0,183.0,1.0,183.0,count,count,954,count
2,8497653427,agentic_glm5.2_p1x1_d1x8_conc2_kvdram-hisparse_fp8_dynamo-sglang_prefill-tp1-pp1-dcp1-pcp8-ep1-dpfalse-nw1_decode-tp8-pp1-dcp1-pcp1-ep1-dptrue-nw1_disagg-true_spec-none_conc2_h200-dgxc-slurm_1,/Users/sskim/Documents/Codex/2026-08-06/h200-agentx-conversation-id-benchmark-analysis/data/raw/github/run_29820102138/conc2/raw_agentic/8497653427_agentic_glm5.2_p1x1_d1x8_conc2_kvdram-hisparse_fp8_dynamo-sglang_prefill-tp1-pp1-dcp1-pcp8-ep1-dpfalse-nw1_decode-tp8-pp1-dcp1-pcp1-ep1-dptrue-nw1_disagg-true_spec-none_conc2_h200-dgxc-slurm_1/conc_2/aiperf_artifacts/profile_export.jsonl,954,metrics.http_req_chunks_sent.unit,metrics.http_req_chunks_sent.unit,metricshttpreqchunkssentunit,954,1.0,0,0.0,0.0,str,str,,,,,,,0,unknown
2,8497653427,agentic_glm5.2_p1x1_d1x8_conc2_kvdram-hisparse_fp8_dynamo-sglang_prefill-tp1-pp1-dcp1-pcp8-ep1-dpfalse-nw1_decode-tp8-pp1-dcp1-pcp1-ep1-dptrue-nw1_disagg-true_spec-none_conc2_h200-dgxc-slurm_1,/Users/sskim/Documents/Codex/2026-08-06/h200-agentx-conversation-id-benchmark-analysis/data/raw/github/run_29820102138/conc2/raw_agentic/8497653427_agentic_glm5.2_p1x1_d1x8_conc2_kvdram-hisparse_fp8_dynamo-sglang_prefill-tp1-pp1-dcp1-pcp8-ep1-dpfalse-nw1_decode-tp8-pp1-dcp1-pcp1-ep1-dptrue-nw1_disagg-true_spec-none_conc2_h200-dgxc-slurm_1/conc_2/aiperf_artifacts/profile_export.jsonl,954,metrics.http_req_chunks_sent.value,metrics.http_req_chunks_sent.value,metricshttpreqchunkssentvalue,954,1.0,0,0.0,0.0,int,int,1.0,1.0,1.0,1.0,count,count,954,count
2,8497653427,agentic_glm5.2_p1x1_d1x8_conc2_kvdram-hisparse_fp8_dynamo-sglang_prefill-tp1-pp1-dcp1-pcp8-ep1-dpfalse-nw1_decode-tp8-pp1-dcp1-pcp1-ep1-dptrue-nw1_disagg-true_spec-none_conc2_h200-dgxc-slurm_1,/Users/sskim/Documents/Codex/2026-08-06/h200-agentx-conversation-id-benchmark-analysis/data/raw/github/run_29820102138/conc2/raw_agentic/8497653427_agentic_glm5.2_p1x1_d1x8_conc2_kvdram-hisparse_fp8_dynamo-sglang_prefill-tp1-pp1-dcp1-pcp8-ep1-dpfalse-nw1_decode-tp8-pp1-dcp1-pcp1-ep1-dptrue-nw1_disagg-true_spec-none_conc2_h200-dgxc-slurm_1/conc_2/aiperf_artifacts/profile_export.jsonl,954,metrics.http_req_connecting.unit,metrics.http_req_connecting.unit,metricshttpreqconnectingunit,954,1.0,0,0.0,0.0,str,str,,,,,,,0,unknown
2,8497653427,agentic_glm5.2_p1x1_d1x8_conc2_kvdram-hisparse_fp8_dynamo-sglang_prefill-tp1-pp1-dcp1-pcp8-ep1-dpfalse-nw1_decode-tp8-pp1-dcp1-pcp1-ep1-dptrue-nw1_disagg-true_spec-none_conc2_h200-dgxc-slurm_1,/Users/sskim/Documents/Codex/2026-08-06/h200-agentx-conversation-id-benchmark-analysis/data/raw/github/run_29820102138/conc2/raw_agentic/8497653427_agentic_glm5.2_p1x1_d1x8_conc2_kvdram-hisparse_fp8_dynamo-sglang_prefill-tp1-pp1-dcp1-pcp8-ep1-dpfalse-nw1_decode-tp8-pp1-dcp1-pcp1-ep1-dptrue-nw1_disagg-true_spec-none_conc2_h200-dgxc-slurm_1/conc_2/aiperf_artifacts/profile_export.jsonl,954,metrics.http_req_connecting.value,metrics.http_req_connecting.value,metricshttpreqconnectingvalue,954,1.0,0,0.0,0.0,float,float,0.0,6.082629,0.0,6.082629,ms,ms,954,ms
2,8497653427,agentic_glm5.2_p1x1_d1x8_conc2_kvdram-hisparse_fp8_dynamo-sglang_prefill-tp1-pp1-dcp1-pcp8-ep1-dpfalse-nw1_decode-tp8-pp1-dcp1-pcp1-ep1-dptrue-nw1_disagg-true_spec-none_conc2_h200-dgxc-slurm_1,/Users/sskim/Documents/Codex/2026-08-06/h200-agentx-conversation-id-benchmark-analysis/data/raw/github/run_29820102138/conc2/raw_agentic/8497653427_agentic_glm5.2_p1x1_d1x8_conc2_kvdram-hisparse_fp8_dynamo-sglang_prefill-tp1-pp1-dcp1-pcp8-ep1-dpfalse-nw1_decode-tp8-pp1-dcp1-pcp1-ep1-dptrue-nw1_disagg-true_spec-none_conc2_h200-dgxc-slurm_1/conc_2/aiperf_artifacts/profile_export.jsonl,954,metrics.http_req_connection_overhead.unit,metrics.http_req_connection_overhead.unit,metricshttpreqconnectionoverheadunit,954,1.0,0,0.0,0.0,str,str,,,,,,,0,unknown
2,8497653427,agentic_glm5.2_p1x1_d1x8_conc2_kvdram-hisparse_fp8_dynamo-sglang_prefill-tp1-pp1-dcp1-pcp8-ep1-dpfalse-nw1_decode-tp8-pp1-dcp1-pcp1-ep1-dptrue-nw1_disagg-true_spec-none_conc2_h200-dgxc-slurm_1,/Users/sskim/Documents/Codex/2026-08-06/h200-agentx-conversation-id-benchmark-analysis/data/raw/github/run_29820102138/conc2/raw_agentic/8497653427_agentic_glm5.2_p1x1_d1x8_conc2_kvdram-hisparse_fp8_dynamo-sglang_prefill-tp1-pp1-dcp1-pcp8-ep1-dpfalse-nw1_decode-tp8-pp1-dcp1-pcp1-ep1-dptrue-nw1_disagg-true_spec-none_conc2_h200-dgxc-slurm_1/conc_2/aiperf_artifacts/profile_export.jsonl,954,metrics.http_req_connection_overhead.value,metrics.http_req_connection_overhead.value,metricshttpreqconnectionoverheadvalue,954,1.0,0,0.0,0.0,float,float,0.0,11.454706,0.0,11.454706,ms,ms,954,ms
2,8497653427,agentic_glm5.2_p1x1_d1x8_conc2_kvdram-hisparse_fp8_dynamo-sglang_prefill-tp1-pp1-dcp1-pcp8-ep1-dpfalse-nw1_decode-tp8-pp1-dcp1-pcp1-ep1-dptrue-nw1_disagg-true_spec-none_conc2_h200-dgxc-slurm_1,/Users/sskim/Documents/Codex/2026-08-06/h200-agentx-conversation-id-benchmark-analysis/data/raw/github/run_29820102138/conc2/raw_agentic/8497653427_agentic_glm5.2_p1x1_d1x8_conc2_kvdram-hisparse_fp8_dynamo-sglang_prefill-tp1-pp1-dcp1-pcp8-ep1-dpfalse-nw1_decode-tp8-pp1-dcp1-pcp1-ep1-dptrue-nw1_disagg-true_spec-none_conc2_h200-dgxc-slurm_1/conc_2/aiperf_artifacts/profile_export.jsonl,954,metrics.http_req_connection_reused.unit,metrics.http_req_connection_reused.unit,metricshttpreqconnectionreusedunit,954,1.0,0,0.0,0.0,str,str,,,,,,,0,unknown
2,8497653427,agentic_glm5.2_p1x1_d1x8_conc2_kvdram-hisparse_fp8_dynamo-sglang_prefill-tp1-pp1-dcp1-pcp8-ep1-dpfalse-nw1_decode-tp8-pp1-dcp1-pcp1-ep1-dptrue-nw1_disagg-true_spec-none_conc2_h200-dgxc-slurm_1,/Users/sskim/Documents/Codex/2026-08-06/h200-agentx-conversation-id-benchmark-analysis/data/raw/github/run_29820102138/conc2/raw_agentic/8497653427_agentic_glm5.2_p1x1_d1x8_conc2_kvdram-hisparse_fp8_dynamo-sglang_prefill-tp1-pp1-dcp1-pcp8-ep1-dpfalse-nw1_decode-tp8-pp1-dcp1-pcp1-ep1-dptrue-nw1_disagg-true_spec-none_conc2_h200-dgxc-slurm_1/conc_2/aiperf_artifacts/profile_export.jsonl,954,metrics.http_req_connection_reused.value,metrics.http_req_connection_reused.value,metricshttpreqconnectionreusedvalue,954,1.0,0,0.0,0.0,int,int,0.0,1.0,0.0,1.0,ratio,ratio,954,ratio
2,8497653427,agentic_glm5.2_p1x1_d1x8_conc2_kvdram-hisparse_fp8_dynamo-sglang_prefill-tp1-pp1-dcp1-pcp8-ep1-dpfalse-nw1_decode-tp8-pp1-dcp1-pcp1-ep1-dptrue-nw1_disagg-true_spec-none_conc2_h200-dgxc-slurm_1,/Users/sskim/Documents/Codex/2026-08-06/h200-agentx-conversation-id-benchmark-analysis/data/raw/github/run_29820102138/conc2/raw_agentic/8497653427_agentic_glm5.2_p1x1_d1x8_conc2_kvdram-hisparse_fp8_dynamo-sglang_prefill-tp1-pp1-dcp1-pcp8-ep1-dpfalse-nw1_decode-tp8-pp1-dcp1-pcp1-ep1-dptrue-nw1_disagg-true_spec-none_conc2_h200-dgxc-slurm_1/conc_2/aiperf_artifacts/profile_export.jsonl,954,metrics.http_req_data_received.unit,metrics.http_req_data_received.unit,metricshttpreqdatareceivedunit,954,1.0,0,0.0,0.0,str,str,,,,,,,0,unknown
2,8497653427,agentic_glm5.2_p1x1_d1x8_conc2_kvdram-hisparse_fp8_dynamo-sglang_prefill-tp1-pp1-dcp1-pcp8-ep1-dpfalse-nw1_decode-tp8-pp1-dcp1-pcp1-ep1-dptrue-nw1_disagg-true_spec-none_conc2_h200-dgxc-slurm_1,/Users/sskim/Documents/Codex/2026-08-06/h200-agentx-conversation-id-benchmark-analysis/data/raw/github/run_29820102138/conc2/raw_agentic/8497653427_agentic_glm5.2_p1x1_d1x8_conc2_kvdram-hisparse_fp8_dynamo-sglang_prefill-tp1-pp1-dcp1-pcp8-ep1-dpfalse-nw1_decode-tp8-pp1-dcp1-pcp1-ep1-dptrue-nw1_disagg-true_spec-none_conc2_h200-dgxc-slurm_1/conc_2/aiperf_artifacts/profile_export.jsonl,954,metrics.http_req_data_received.value,metrics.http_req_data_received.value,metricshttpreqdatareceivedvalue,954,1.0,0,0.0,0.0,float,float,0.5849609375,96.4384765625,0.5849609375,96.4384765625,KB,KB,954,KB
2,8497653427,agentic_glm5.2_p1x1_d1x8_conc2_kvdram-hisparse_fp8_dynamo-sglang_prefill-tp1-pp1-dcp1-pcp8-ep1-dpfalse-nw1_decode-tp8-pp1-dcp1-pcp1-ep1-dptrue-nw1_disagg-true_spec-none_conc2_h200-dgxc-slurm_1,/Users/sskim/Documents/Codex/2026-08-06/h200-agentx-conversation-id-benchmark-analysis/data/raw/github/run_29820102138/conc2/raw_agentic/8497653427_agentic_glm5.2_p1x1_d1x8_conc2_kvdram-hisparse_fp8_dynamo-sglang_prefill-tp1-pp1-dcp1-pcp8-ep1-dpfalse-nw1_decode-tp8-pp1-dcp1-pcp1-ep1-dptrue-nw1_disagg-true_spec-none_conc2_h200-dgxc-slurm_1/conc_2/aiperf_artifacts/profile_export.jsonl,954,metrics.http_req_data_sent.unit,metrics.http_req_data_sent.unit,metricshttpreqdatasentunit,954,1.0,0,0.0,0.0,str,str,,,,,,,0,unknown
2,8497653427,agentic_glm5.2_p1x1_d1x8_conc2_kvdram-hisparse_fp8_dynamo-sglang_prefill-tp1-pp1-dcp1-pcp8-ep1-dpfalse-nw1_decode-tp8-pp1-dcp1-pcp1-ep1-dptrue-nw1_disagg-true_spec-none_conc2_h200-dgxc-slurm_1,/Users/sskim/Documents/Codex/2026-08-06/h200-agentx-conversation-id-benchmark-analysis/data/raw/github/run_29820102138/conc2/raw_agentic/8497653427_agentic_glm5.2_p1x1_d1x8_conc2_kvdram-hisparse_fp8_dynamo-sglang_prefill-tp1-pp1-dcp1-pcp8-ep1-dpfalse-nw1_decode-tp8-pp1-dcp1-pcp1-ep1-dptrue-nw1_disagg-true_spec-none_conc2_h200-dgxc-slurm_1/conc_2/aiperf_artifacts/profile_export.jsonl,954,metrics.http_req_data_sent.value,metrics.http_req_data_sent.value,metricshttpreqdatasentvalue,954,1.0,0,0.0,0.0,float,float,2.0166015625,2662.2412109375,2.0166015625,2662.2412109375,KB,KB,954,KB
2,8497653427,agentic_glm5.2_p1x1_d1x8_conc2_kvdram-hisparse_fp8_dynamo-sglang_prefill-tp1-pp1-dcp1-pcp8-ep1-dpfalse-nw1_decode-tp8-pp1-dcp1-pcp1-ep1-dptrue-nw1_disagg-true_spec-none_conc2_h200-dgxc-slurm_1,/Users/sskim/Documents/Codex/2026-08-06/h200-agentx-conversation-id-benchmark-analysis/data/raw/github/run_29820102138/conc2/raw_agentic/8497653427_agentic_glm5.2_p1x1_d1x8_conc2_kvdram-hisparse_fp8_dynamo-sglang_prefill-tp1-pp1-dcp1-pcp8-ep1-dpfalse-nw1_decode-tp8-pp1-dcp1-pcp1-ep1-dptrue-nw1_disagg-true_spec-none_conc2_h200-dgxc-slurm_1/conc_2/aiperf_artifacts/profile_export.jsonl,954,metrics.http_req_dns_lookup.unit,metrics.http_req_dns_lookup.unit,metricshttpreqdnslookupunit,954,1.0,0,0.0,0.0,str,str,,,,,,,0,unknown
2,8497653427,agentic_glm5.2_p1x1_d1x8_conc2_kvdram-hisparse_fp8_dynamo-sglang_prefill-tp1-pp1-dcp1-pcp8-ep1-dpfalse-nw1_decode-tp8-pp1-dcp1-pcp1-ep1-dptrue-nw1_disagg-true_spec-none_conc2_h200-dgxc-slurm_1,/Users/sskim/Documents/Codex/2026-08-06/h200-agentx-conversation-id-benchmark-analysis/data/raw/github/run_29820102138/conc2/raw_agentic/8497653427_agentic_glm5.2_p1x1_d1x8_conc2_kvdram-hisparse_fp8_dynamo-sglang_prefill-tp1-pp1-dcp1-pcp8-ep1-dpfalse-nw1_decode-tp8-pp1-dcp1-pcp1-ep1-dptrue-nw1_disagg-true_spec-none_conc2_h200-dgxc-slurm_1/conc_2/aiperf_artifacts/profile_export.jsonl,954,metrics.http_req_dns_lookup.value,metrics.http_req_dns_lookup.value,metricshttpreqdnslookupvalue,954,1.0,0,0.0,0.0,float,float,0.0,5.372077,0.0,5.372077,ms,ms,954,ms
2,8497653427,agentic_glm5.2_p1x1_d1x8_conc2_kvdram-hisparse_fp8_dynamo-sglang_prefill-tp1-pp1-dcp1-pcp8-ep1-dpfalse-nw1_decode-tp8-pp1-dcp1-pcp1-ep1-dptrue-nw1_disagg-true_spec-none_conc2_h200-dgxc-slurm_1,/Users/sskim/Documents/Codex/2026-08-06/h200-agentx-conversation-id-benchmark-analysis/data/raw/github/run_29820102138/conc2/raw_agentic/8497653427_agentic_glm5.2_p1x1_d1x8_conc2_kvdram-hisparse_fp8_dynamo-sglang_prefill-tp1-pp1-dcp1-pcp8-ep1-dpfalse-nw1_decode-tp8-pp1-dcp1-pcp1-ep1-dptrue-nw1_disagg-true_spec-none_conc2_h200-dgxc-slurm_1/conc_2/aiperf_artifacts/profile_export.jsonl,954,metrics.http_req_duration.unit,metrics.http_req_duration.unit,metricshttpreqdurationunit,954,1.0,0,0.0,0.0,str,str,,,,,,,0,unknown
2,8497653427,agentic_glm5.2_p1x1_d1x8_conc2_kvdram-hisparse_fp8_dynamo-sglang_prefill-tp1-pp1-dcp1-pcp8-ep1-dpfalse-nw1_decode-tp8-pp1-dcp1-pcp1-ep1-dptrue-nw1_disagg-true_spec-none_conc2_h200-dgxc-slurm_1,/Users/sskim/Documents/Codex/2026-08-06/h200-agentx-conversation-id-benchmark-analysis/data/raw/github/run_29820102138/conc2/raw_agentic/8497653427_agentic_glm5.2_p1x1_d1x8_conc2_kvdram-hisparse_fp8_dynamo-sglang_prefill-tp1-pp1-dcp1-pcp8-ep1-dpfalse-nw1_decode-tp8-pp1-dcp1-pcp1-ep1-dptrue-nw1_disagg-true_spec-none_conc2_h200-dgxc-slurm_1/conc_2/aiperf_artifacts/profile_export.jsonl,954,metrics.http_req_duration.value,metrics.http_req_duration.value,metricshttpreqdurationvalue,954,1.0,0,0.0,0.0,float,float,528.557156,339063.664329,528.557156,339063.664329,ms,ms,954,ms
2,8497653427,agentic_glm5.2_p1x1_d1x8_conc2_kvdram-hisparse_fp8_dynamo-sglang_prefill-tp1-pp1-dcp1-pcp8-ep1-dpfalse-nw1_decode-tp8-pp1-dcp1-pcp1-ep1-dptrue-nw1_disagg-true_spec-none_conc2_h200-dgxc-slurm_1,/Users/sskim/Documents/Codex/2026-08-06/h200-agentx-conversation-id-benchmark-analysis/data/raw/github/run_29820102138/conc2/raw_agentic/8497653427_agentic_glm5.2_p1x1_d1x8_conc2_kvdram-hisparse_fp8_dynamo-sglang_prefill-tp1-pp1-dcp1-pcp8-ep1-dpfalse-nw1_decode-tp8-pp1-dcp1-pcp1-ep1-dptrue-nw1_disagg-true_spec-none_conc2_h200-dgxc-slurm_1/conc_2/aiperf_artifacts/profile_export.jsonl,954,metrics.http_req_receiving.unit,metrics.http_req_receiving.unit,metricshttpreqreceivingunit,954,1.0,0,0.0,0.0,str,str,,,,,,,0,unknown
2,8497653427,agentic_glm5.2_p1x1_d1x8_conc2_kvdram-hisparse_fp8_dynamo-sglang_prefill-tp1-pp1-dcp1-pcp8-ep1-dpfalse-nw1_decode-tp8-pp1-dcp1-pcp1-ep1-dptrue-nw1_disagg-true_spec-none_conc2_h200-dgxc-slurm_1,/Users/sskim/Documents/Codex/2026-08-06/h200-agentx-conversation-id-benchmark-analysis/data/raw/github/run_29820102138/conc2/raw_agentic/8497653427_agentic_glm5.2_p1x1_d1x8_conc2_kvdram-hisparse_fp8_dynamo-sglang_prefill-tp1-pp1-dcp1-pcp8-ep1-dpfalse-nw1_decode-tp8-pp1-dcp1-pcp1-ep1-dptrue-nw1_disagg-true_spec-none_conc2_h200-dgxc-slurm_1/conc_2/aiperf_artifacts/profile_export.jsonl,954,metrics.http_req_receiving.value,metrics.http_req_receiving.value,metricshttpreqreceivingvalue,954,1.0,0,0.0,0.0,float,float,0.0,338146.256552,0.0,338146.256552,ms,ms,954,ms
2,8497653427,agentic_glm5.2_p1x1_d1x8_conc2_kvdram-hisparse_fp8_dynamo-sglang_prefill-tp1-pp1-dcp1-pcp8-ep1-dpfalse-nw1_decode-tp8-pp1-dcp1-pcp1-ep1-dptrue-nw1_disagg-true_spec-none_conc2_h200-dgxc-slurm_1,/Users/sskim/Documents/Codex/2026-08-06/h200-agentx-conversation-id-benchmark-analysis/data/raw/github/run_29820102138/conc2/raw_agentic/8497653427_agentic_glm5.2_p1x1_d1x8_conc2_kvdram-hisparse_fp8_dynamo-sglang_prefill-tp1-pp1-dcp1-pcp8-ep1-dpfalse-nw1_decode-tp8-pp1-dcp1-pcp1-ep1-dptrue-nw1_disagg-true_spec-none_conc2_h200-dgxc-slurm_1/conc_2/aiperf_artifacts/profile_export.jsonl,954,metrics.http_req_sending.unit,metrics.http_req_sending.unit,metricshttpreqsendingunit,954,1.0,0,0.0,0.0,str,str,,,,,,,0,unknown
2,8497653427,agentic_glm5.2_p1x1_d1x8_conc2_kvdram-hisparse_fp8_dynamo-sglang_prefill-tp1-pp1-dcp1-pcp8-ep1-dpfalse-nw1_decode-tp8-pp1-dcp1-pcp1-ep1-dptrue-nw1_disagg-true_spec-none_conc2_h200-dgxc-slurm_1,/Users/sskim/Documents/Codex/2026-08-06/h200-agentx-conversation-id-benchmark-analysis/data/raw/github/run_29820102138/conc2/raw_agentic/8497653427_agentic_glm5.2_p1x1_d1x8_conc2_kvdram-hisparse_fp8_dynamo-sglang_prefill-tp1-pp1-dcp1-pcp8-ep1-dpfalse-nw1_decode-tp8-pp1-dcp1-pcp1-ep1-dptrue-nw1_disagg-true_spec-none_conc2_h200-dgxc-slurm_1/conc_2/aiperf_artifacts/profile_export.jsonl,954,metrics.http_req_sending.value,metrics.http_req_sending.value,metricshttpreqsendingvalue,954,1.0,0,0.0,0.0,float,float,0.089055,6.609783999999999,0.089055,6.609783999999999,ms,ms,954,ms
2,8497653427,agentic_glm5.2_p1x1_d1x8_conc2_kvdram-hisparse_fp8_dynamo-sglang_prefill-tp1-pp1-dcp1-pcp8-ep1-dpfalse-nw1_decode-tp8-pp1-dcp1-pcp1-ep1-dptrue-nw1_disagg-true_spec-none_conc2_h200-dgxc-slurm_1,/Users/sskim/Documents/Codex/2026-08-06/h200-agentx-conversation-id-benchmark-analysis/data/raw/github/run_29820102138/conc2/raw_agentic/8497653427_agentic_glm5.2_p1x1_d1x8_conc2_kvdram-hisparse_fp8_dynamo-sglang_prefill-tp1-pp1-dcp1-pcp8-ep1-dpfalse-nw1_decode-tp8-pp1-dcp1-pcp1-ep1-dptrue-nw1_disagg-true_spec-none_conc2_h200-dgxc-slurm_1/conc_2/aiperf_artifacts/profile_export.jsonl,954,metrics.http_req_total.unit,metrics.http_req_total.unit,metricshttpreqtotalunit,954,1.0,0,0.0,0.0,str,str,,,,,,,0,unknown
2,8497653427,agentic_glm5.2_p1x1_d1x8_conc2_kvdram-hisparse_fp8_dynamo-sglang_prefill-tp1-pp1-dcp1-pcp8-ep1-dpfalse-nw1_decode-tp8-pp1-dcp1-pcp1-ep1-dptrue-nw1_disagg-true_spec-none_conc2_h200-dgxc-slurm_1,/Users/sskim/Documents/Codex/2026-08-06/h200-agentx-conversation-id-benchmark-analysis/data/raw/github/run_29820102138/conc2/raw_agentic/8497653427_agentic_glm5.2_p1x1_d1x8_conc2_kvdram-hisparse_fp8_dynamo-sglang_prefill-tp1-pp1-dcp1-pcp8-ep1-dpfalse-nw1_decode-tp8-pp1-dcp1-pcp1-ep1-dptrue-nw1_disagg-true_spec-none_conc2_h200-dgxc-slurm_1/conc_2/aiperf_artifacts/profile_export.jsonl,954,metrics.http_req_total.value,metrics.http_req_total.value,metricshttpreqtotalvalue,954,1.0,0,0.0,0.0,float,float,528.557156,339063.664329,528.557156,339063.664329,ms,ms,954,ms
2,8497653427,agentic_glm5.2_p1x1_d1x8_conc2_kvdram-hisparse_fp8_dynamo-sglang_prefill-tp1-pp1-dcp1-pcp8-ep1-dpfalse-nw1_decode-tp8-pp1-dcp1-pcp1-ep1-dptrue-nw1_disagg-true_spec-none_conc2_h200-dgxc-slurm_1,/Users/sskim/Documents/Codex/2026-08-06/h200-agentx-conversation-id-benchmark-analysis/data/raw/github/run_29820102138/conc2/raw_agentic/8497653427_agentic_glm5.2_p1x1_d1x8_conc2_kvdram-hisparse_fp8_dynamo-sglang_prefill-tp1-pp1-dcp1-pcp8-ep1-dpfalse-nw1_decode-tp8-pp1-dcp1-pcp1-ep1-dptrue-nw1_disagg-true_spec-none_conc2_h200-dgxc-slurm_1/conc_2/aiperf_artifacts/profile_export.jsonl,954,metrics.http_req_waiting.unit,metrics.http_req_waiting.unit,metricshttpreqwaitingunit,954,1.0,0,0.0,0.0,str,str,,,,,,,0,unknown
2,8497653427,agentic_glm5.2_p1x1_d1x8_conc2_kvdram-hisparse_fp8_dynamo-sglang_prefill-tp1-pp1-dcp1-pcp8-ep1-dpfalse-nw1_decode-tp8-pp1-dcp1-pcp1-ep1-dptrue-nw1_disagg-true_spec-none_conc2_h200-dgxc-slurm_1,/Users/sskim/Documents/Codex/2026-08-06/h200-agentx-conversation-id-benchmark-analysis/data/raw/github/run_29820102138/conc2/raw_agentic/8497653427_agentic_glm5.2_p1x1_d1x8_conc2_kvdram-hisparse_fp8_dynamo-sglang_prefill-tp1-pp1-dcp1-pcp8-ep1-dpfalse-nw1_decode-tp8-pp1-dcp1-pcp1-ep1-dptrue-nw1_disagg-true_spec-none_conc2_h200-dgxc-slurm_1/conc_2/aiperf_artifacts/profile_export.jsonl,954,metrics.http_req_waiting.value,metrics.http_req_waiting.value,metricshttpreqwaitingvalue,954,1.0,0,0.0,0.0,float,float,373.25989699999997,206758.26003399998,373.25989699999997,206758.26003399998,ms,ms,954,ms
2,8497653427,agentic_glm5.2_p1x1_d1x8_conc2_kvdram-hisparse_fp8_dynamo-sglang_prefill-tp1-pp1-dcp1-pcp8-ep1-dpfalse-nw1_decode-tp8-pp1-dcp1-pcp1-ep1-dptrue-nw1_disagg-true_spec-none_conc2_h200-dgxc-slurm_1,/Users/sskim/Documents/Codex/2026-08-06/h200-agentx-conversation-id-benchmark-analysis/data/raw/github/run_29820102138/conc2/raw_agentic/8497653427_agentic_glm5.2_p1x1_d1x8_conc2_kvdram-hisparse_fp8_dynamo-sglang_prefill-tp1-pp1-dcp1-pcp8-ep1-dpfalse-nw1_decode-tp8-pp1-dcp1-pcp1-ep1-dptrue-nw1_disagg-true_spec-none_conc2_h200-dgxc-slurm_1/conc_2/aiperf_artifacts/profile_export.jsonl,954,metrics.input_sequence_length.unit,metrics.input_sequence_length.unit,metricsinputsequencelengthunit,954,1.0,0,0.0,0.0,str,str,,,,,,,0,unknown
2,8497653427,agentic_glm5.2_p1x1_d1x8_conc2_kvdram-hisparse_fp8_dynamo-sglang_prefill-tp1-pp1-dcp1-pcp8-ep1-dpfalse-nw1_decode-tp8-pp1-dcp1-pcp1-ep1-dptrue-nw1_disagg-true_spec-none_conc2_h200-dgxc-slurm_1,/Users/sskim/Documents/Codex/2026-08-06/h200-agentx-conversation-id-benchmark-analysis/data/raw/github/run_29820102138/conc2/raw_agentic/8497653427_agentic_glm5.2_p1x1_d1x8_conc2_kvdram-hisparse_fp8_dynamo-sglang_prefill-tp1-pp1-dcp1-pcp8-ep1-dpfalse-nw1_decode-tp8-pp1-dcp1-pcp1-ep1-dptrue-nw1_disagg-true_spec-none_conc2_h200-dgxc-slurm_1/conc_2/aiperf_artifacts/profile_export.jsonl,954,metrics.input_sequence_length.value,metrics.input_sequence_length.value,metricsinputsequencelengthvalue,954,1.0,0,0.0,0.0,int,int,1.0,158682.0,1.0,158682.0,tokens,tokens,954,tokens
2,8497653427,agentic_glm5.2_p1x1_d1x8_conc2_kvdram-hisparse_fp8_dynamo-sglang_prefill-tp1-pp1-dcp1-pcp8-ep1-dpfalse-nw1_decode-tp8-pp1-dcp1-pcp1-ep1-dptrue-nw1_disagg-true_spec-none_conc2_h200-dgxc-slurm_1,/Users/sskim/Documents/Codex/2026-08-06/h200-agentx-conversation-id-benchmark-analysis/data/raw/github/run_29820102138/conc2/raw_agentic/8497653427_agentic_glm5.2_p1x1_d1x8_conc2_kvdram-hisparse_fp8_dynamo-sglang_prefill-tp1-pp1-dcp1-pcp8-ep1-dpfalse-nw1_decode-tp8-pp1-dcp1-pcp1-ep1-dptrue-nw1_disagg-true_spec-none_conc2_h200-dgxc-slurm_1/conc_2/aiperf_artifacts/profile_export.jsonl,954,metrics.inter_chunk_latency.unit,metrics.inter_chunk_latency.unit,metricsinterchunklatencyunit,119,0.12473794549266247,0,0.0,0.0,str,str,,,,,,,0,unknown
2,8497653427,agentic_glm5.2_p1x1_d1x8_conc2_kvdram-hisparse_fp8_dynamo-sglang_prefill-tp1-pp1-dcp1-pcp8-ep1-dpfalse-nw1_decode-tp8-pp1-dcp1-pcp1-ep1-dptrue-nw1_disagg-true_spec-none_conc2_h200-dgxc-slurm_1,/Users/sskim/Documents/Codex/2026-08-06/h200-agentx-conversation-id-benchmark-analysis/data/raw/github/run_29820102138/conc2/raw_agentic/8497653427_agentic_glm5.2_p1x1_d1x8_conc2_kvdram-hisparse_fp8_dynamo-sglang_prefill-tp1-pp1-dcp1-pcp8-ep1-dpfalse-nw1_decode-tp8-pp1-dcp1-pcp1-ep1-dptrue-nw1_disagg-true_spec-none_conc2_h200-dgxc-slurm_1/conc_2/aiperf_artifacts/profile_export.jsonl,954,metrics.inter_chunk_latency.value,metrics.inter_chunk_latency.value,metricsinterchunklatencyvalue,119,0.12473794549266247,0,0.0,0.0,str,str,,,,,ms,ms,119,ms
2,8497653427,agentic_glm5.2_p1x1_d1x8_conc2_kvdram-hisparse_fp8_dynamo-sglang_prefill-tp1-pp1-dcp1-pcp8-ep1-dpfalse-nw1_decode-tp8-pp1-dcp1-pcp1-ep1-dptrue-nw1_disagg-true_spec-none_conc2_h200-dgxc-slurm_1,/Users/sskim/Documents/Codex/2026-08-06/h200-agentx-conversation-id-benchmark-analysis/data/raw/github/run_29820102138/conc2/raw_agentic/8497653427_agentic_glm5.2_p1x1_d1x8_conc2_kvdram-hisparse_fp8_dynamo-sglang_prefill-tp1-pp1-dcp1-pcp8-ep1-dpfalse-nw1_decode-tp8-pp1-dcp1-pcp1-ep1-dptrue-nw1_disagg-true_spec-none_conc2_h200-dgxc-slurm_1/conc_2/aiperf_artifacts/profile_export.jsonl,954,metrics.inter_token_latency.unit,metrics.inter_token_latency.unit,metricsintertokenlatencyunit,119,0.12473794549266247,0,0.0,0.0,str,str,,,,,,,0,unknown
2,8497653427,agentic_glm5.2_p1x1_d1x8_conc2_kvdram-hisparse_fp8_dynamo-sglang_prefill-tp1-pp1-dcp1-pcp8-ep1-dpfalse-nw1_decode-tp8-pp1-dcp1-pcp1-ep1-dptrue-nw1_disagg-true_spec-none_conc2_h200-dgxc-slurm_1,/Users/sskim/Documents/Codex/2026-08-06/h200-agentx-conversation-id-benchmark-analysis/data/raw/github/run_29820102138/conc2/raw_agentic/8497653427_agentic_glm5.2_p1x1_d1x8_conc2_kvdram-hisparse_fp8_dynamo-sglang_prefill-tp1-pp1-dcp1-pcp8-ep1-dpfalse-nw1_decode-tp8-pp1-dcp1-pcp1-ep1-dptrue-nw1_disagg-true_spec-none_conc2_h200-dgxc-slurm_1/conc_2/aiperf_artifacts/profile_export.jsonl,954,metrics.inter_token_latency.value,metrics.inter_token_latency.value,metricsintertokenlatencyvalue,119,0.12473794549266247,0,0.0,0.0,float,float,26.807693099099097,81.854935,26.807693099099097,81.854935,ms,ms,119,ms
2,8497653427,agentic_glm5.2_p1x1_d1x8_conc2_kvdram-hisparse_fp8_dynamo-sglang_prefill-tp1-pp1-dcp1-pcp8-ep1-dpfalse-nw1_decode-tp8-pp1-dcp1-pcp1-ep1-dptrue-nw1_disagg-true_spec-none_conc2_h200-dgxc-slurm_1,/Users/sskim/Documents/Codex/2026-08-06/h200-agentx-conversation-id-benchmark-analysis/data/raw/github/run_29820102138/conc2/raw_agentic/8497653427_agentic_glm5.2_p1x1_d1x8_conc2_kvdram-hisparse_fp8_dynamo-sglang_prefill-tp1-pp1-dcp1-pcp8-ep1-dpfalse-nw1_decode-tp8-pp1-dcp1-pcp1-ep1-dptrue-nw1_disagg-true_spec-none_conc2_h200-dgxc-slurm_1/conc_2/aiperf_artifacts/profile_export.jsonl,954,metrics.osl_mismatch_diff_pct.unit,metrics.osl_mismatch_diff_pct.unit,metricsoslmismatchdiffpctunit,954,1.0,0,0.0,0.0,str,str,,,,,,,0,unknown
2,8497653427,agentic_glm5.2_p1x1_d1x8_conc2_kvdram-hisparse_fp8_dynamo-sglang_prefill-tp1-pp1-dcp1-pcp8-ep1-dpfalse-nw1_decode-tp8-pp1-dcp1-pcp1-ep1-dptrue-nw1_disagg-true_spec-none_conc2_h200-dgxc-slurm_1,/Users/sskim/Documents/Codex/2026-08-06/h200-agentx-conversation-id-benchmark-analysis/data/raw/github/run_29820102138/conc2/raw_agentic/8497653427_agentic_glm5.2_p1x1_d1x8_conc2_kvdram-hisparse_fp8_dynamo-sglang_prefill-tp1-pp1-dcp1-pcp8-ep1-dpfalse-nw1_decode-tp8-pp1-dcp1-pcp1-ep1-dptrue-nw1_disagg-true_spec-none_conc2_h200-dgxc-slurm_1/conc_2/aiperf_artifacts/profile_export.jsonl,954,metrics.osl_mismatch_diff_pct.value,metrics.osl_mismatch_diff_pct.value,metricsoslmismatchdiffpctvalue,954,1.0,0,0.0,0.0,float,float,-99.99623649843815,0.0,-99.99623649843815,0.0,%,%,954,%
2,8497653427,agentic_glm5.2_p1x1_d1x8_conc2_kvdram-hisparse_fp8_dynamo-sglang_prefill-tp1-pp1-dcp1-pcp8-ep1-dpfalse-nw1_decode-tp8-pp1-dcp1-pcp1-ep1-dptrue-nw1_disagg-true_spec-none_conc2_h200-dgxc-slurm_1,/Users/sskim/Documents/Codex/2026-08-06/h200-agentx-conversation-id-benchmark-analysis/data/raw/github/run_29820102138/conc2/raw_agentic/8497653427_agentic_glm5.2_p1x1_d1x8_conc2_kvdram-hisparse_fp8_dynamo-sglang_prefill-tp1-pp1-dcp1-pcp8-ep1-dpfalse-nw1_decode-tp8-pp1-dcp1-pcp1-ep1-dptrue-nw1_disagg-true_spec-none_conc2_h200-dgxc-slurm_1/conc_2/aiperf_artifacts/profile_export.jsonl,954,metrics.output_sequence_length.unit,metrics.output_sequence_length.unit,metricsoutputsequencelengthunit,954,1.0,0,0.0,0.0,str,str,,,,,,,0,unknown
2,8497653427,agentic_glm5.2_p1x1_d1x8_conc2_kvdram-hisparse_fp8_dynamo-sglang_prefill-tp1-pp1-dcp1-pcp8-ep1-dpfalse-nw1_decode-tp8-pp1-dcp1-pcp1-ep1-dptrue-nw1_disagg-true_spec-none_conc2_h200-dgxc-slurm_1,/Users/sskim/Documents/Codex/2026-08-06/h200-agentx-conversation-id-benchmark-analysis/data/raw/github/run_29820102138/conc2/raw_agentic/8497653427_agentic_glm5.2_p1x1_d1x8_conc2_kvdram-hisparse_fp8_dynamo-sglang_prefill-tp1-pp1-dcp1-pcp8-ep1-dpfalse-nw1_decode-tp8-pp1-dcp1-pcp1-ep1-dptrue-nw1_disagg-true_spec-none_conc2_h200-dgxc-slurm_1/conc_2/aiperf_artifacts/profile_export.jsonl,954,metrics.output_sequence_length.value,metrics.output_sequence_length.value,metricsoutputsequencelengthvalue,954,1.0,0,0.0,0.0,int,int,1.0,10912.0,1.0,10912.0,tokens,tokens,954,tokens
2,8497653427,agentic_glm5.2_p1x1_d1x8_conc2_kvdram-hisparse_fp8_dynamo-sglang_prefill-tp1-pp1-dcp1-pcp8-ep1-dpfalse-nw1_decode-tp8-pp1-dcp1-pcp1-ep1-dptrue-nw1_disagg-true_spec-none_conc2_h200-dgxc-slurm_1,/Users/sskim/Documents/Codex/2026-08-06/h200-agentx-conversation-id-benchmark-analysis/data/raw/github/run_29820102138/conc2/raw_agentic/8497653427_agentic_glm5.2_p1x1_d1x8_conc2_kvdram-hisparse_fp8_dynamo-sglang_prefill-tp1-pp1-dcp1-pcp8-ep1-dpfalse-nw1_decode-tp8-pp1-dcp1-pcp1-ep1-dptrue-nw1_disagg-true_spec-none_conc2_h200-dgxc-slurm_1/conc_2/aiperf_artifacts/profile_export.jsonl,954,metrics.output_token_count.unit,metrics.output_token_count.unit,metricsoutputtokencountunit,954,1.0,0,0.0,0.0,str,str,,,,,,,0,unknown
2,8497653427,agentic_glm5.2_p1x1_d1x8_conc2_kvdram-hisparse_fp8_dynamo-sglang_prefill-tp1-pp1-dcp1-pcp8-ep1-dpfalse-nw1_decode-tp8-pp1-dcp1-pcp1-ep1-dptrue-nw1_disagg-true_spec-none_conc2_h200-dgxc-slurm_1,/Users/sskim/Documents/Codex/2026-08-06/h200-agentx-conversation-id-benchmark-analysis/data/raw/github/run_29820102138/conc2/raw_agentic/8497653427_agentic_glm5.2_p1x1_d1x8_conc2_kvdram-hisparse_fp8_dynamo-sglang_prefill-tp1-pp1-dcp1-pcp8-ep1-dpfalse-nw1_decode-tp8-pp1-dcp1-pcp1-ep1-dptrue-nw1_disagg-true_spec-none_conc2_h200-dgxc-slurm_1/conc_2/aiperf_artifacts/profile_export.jsonl,954,metrics.output_token_count.value,metrics.output_token_count.value,metricsoutputtokencountvalue,954,1.0,0,0.0,0.0,int,int,1.0,10912.0,1.0,10912.0,tokens,tokens,954,tokens
2,8497653427,agentic_glm5.2_p1x1_d1x8_conc2_kvdram-hisparse_fp8_dynamo-sglang_prefill-tp1-pp1-dcp1-pcp8-ep1-dpfalse-nw1_decode-tp8-pp1-dcp1-pcp1-ep1-dptrue-nw1_disagg-true_spec-none_conc2_h200-dgxc-slurm_1,/Users/sskim/Documents/Codex/2026-08-06/h200-agentx-conversation-id-benchmark-analysis/data/raw/github/run_29820102138/conc2/raw_agentic/8497653427_agentic_glm5.2_p1x1_d1x8_conc2_kvdram-hisparse_fp8_dynamo-sglang_prefill-tp1-pp1-dcp1-pcp8-ep1-dpfalse-nw1_decode-tp8-pp1-dcp1-pcp1-ep1-dptrue-nw1_disagg-true_spec-none_conc2_h200-dgxc-slurm_1/conc_2/aiperf_artifacts/profile_export.jsonl,954,metrics.output_token_throughput_per_user.unit,metrics.output_token_throughput_per_user.unit,metricsoutputtokenthroughputperuserunit,119,0.12473794549266247,0,0.0,0.0,str,str,,,,,,,0,unknown
2,8497653427,agentic_glm5.2_p1x1_d1x8_conc2_kvdram-hisparse_fp8_dynamo-sglang_prefill-tp1-pp1-dcp1-pcp8-ep1-dpfalse-nw1_decode-tp8-pp1-dcp1-pcp1-ep1-dptrue-nw1_disagg-true_spec-none_conc2_h200-dgxc-slurm_1,/Users/sskim/Documents/Codex/2026-08-06/h200-agentx-conversation-id-benchmark-analysis/data/raw/github/run_29820102138/conc2/raw_agentic/8497653427_agentic_glm5.2_p1x1_d1x8_conc2_kvdram-hisparse_fp8_dynamo-sglang_prefill-tp1-pp1-dcp1-pcp8-ep1-dpfalse-nw1_decode-tp8-pp1-dcp1-pcp1-ep1-dptrue-nw1_disagg-true_spec-none_conc2_h200-dgxc-slurm_1/conc_2/aiperf_artifacts/profile_export.jsonl,954,metrics.output_token_throughput_per_user.value,metrics.output_token_throughput_per_user.value,metricsoutputtokenthroughputperuservalue,119,0.12473794549266247,0,0.0,0.0,float,float,12.216734397260225,37.30272486719888,12.216734397260225,37.30272486719888,tokens/sec/user,tokens/sec/user,119,tokens/sec/user
2,8497653427,agentic_glm5.2_p1x1_d1x8_conc2_kvdram-hisparse_fp8_dynamo-sglang_prefill-tp1-pp1-dcp1-pcp8-ep1-dpfalse-nw1_decode-tp8-pp1-dcp1-pcp1-ep1-dptrue-nw1_disagg-true_spec-none_conc2_h200-dgxc-slurm_1,/Users/sskim/Documents/Codex/2026-08-06/h200-agentx-conversation-id-benchmark-analysis/data/raw/github/run_29820102138/conc2/raw_agentic/8497653427_agentic_glm5.2_p1x1_d1x8_conc2_kvdram-hisparse_fp8_dynamo-sglang_prefill-tp1-pp1-dcp1-pcp8-ep1-dpfalse-nw1_decode-tp8-pp1-dcp1-pcp1-ep1-dptrue-nw1_disagg-true_spec-none_conc2_h200-dgxc-slurm_1/conc_2/aiperf_artifacts/profile_export.jsonl,954,metrics.prefill_throughput_per_user.unit,metrics.prefill_throughput_per_user.unit,metricsprefillthroughputperuserunit,954,1.0,0,0.0,0.0,str,str,,,,,,,0,unknown
2,8497653427,agentic_glm5.2_p1x1_d1x8_conc2_kvdram-hisparse_fp8_dynamo-sglang_prefill-tp1-pp1-dcp1-pcp8-ep1-dpfalse-nw1_decode-tp8-pp1-dcp1-pcp1-ep1-dptrue-nw1_disagg-true_spec-none_conc2_h200-dgxc-slurm_1,/Users/sskim/Documents/Codex/2026-08-06/h200-agentx-conversation-id-benchmark-analysis/data/raw/github/run_29820102138/conc2/raw_agentic/8497653427_agentic_glm5.2_p1x1_d1x8_conc2_kvdram-hisparse_fp8_dynamo-sglang_prefill-tp1-pp1-dcp1-pcp8-ep1-dpfalse-nw1_decode-tp8-pp1-dcp1-pcp1-ep1-dptrue-nw1_disagg-true_spec-none_conc2_h200-dgxc-slurm_1/conc_2/aiperf_artifacts/profile_export.jsonl,954,metrics.prefill_throughput_per_user.value,metrics.prefill_throughput_per_user.value,metricsprefillthroughputperuservalue,954,1.0,0,0.0,0.0,float,float,0.004836557310992022,135802.82253190884,0.004836557310992022,135802.82253190884,tokens/sec/user,tokens/sec/user,954,tokens/sec/user
2,8497653427,agentic_glm5.2_p1x1_d1x8_conc2_kvdram-hisparse_fp8_dynamo-sglang_prefill-tp1-pp1-dcp1-pcp8-ep1-dpfalse-nw1_decode-tp8-pp1-dcp1-pcp1-ep1-dptrue-nw1_disagg-true_spec-none_conc2_h200-dgxc-slurm_1,/Users/sskim/Documents/Codex/2026-08-06/h200-agentx-conversation-id-benchmark-analysis/data/raw/github/run_29820102138/conc2/raw_agentic/8497653427_agentic_glm5.2_p1x1_d1x8_conc2_kvdram-hisparse_fp8_dynamo-sglang_prefill-tp1-pp1-dcp1-pcp8-ep1-dpfalse-nw1_decode-tp8-pp1-dcp1-pcp1-ep1-dptrue-nw1_disagg-true_spec-none_conc2_h200-dgxc-slurm_1/conc_2/aiperf_artifacts/profile_export.jsonl,954,metrics.request_latency.unit,metrics.request_latency.unit,metricsrequestlatencyunit,954,1.0,0,0.0,0.0,str,str,,,,,,,0,unknown
2,8497653427,agentic_glm5.2_p1x1_d1x8_conc2_kvdram-hisparse_fp8_dynamo-sglang_prefill-tp1-pp1-dcp1-pcp8-ep1-dpfalse-nw1_decode-tp8-pp1-dcp1-pcp1-ep1-dptrue-nw1_disagg-true_spec-none_conc2_h200-dgxc-slurm_1,/Users/sskim/Documents/Codex/2026-08-06/h200-agentx-conversation-id-benchmark-analysis/data/raw/github/run_29820102138/conc2/raw_agentic/8497653427_agentic_glm5.2_p1x1_d1x8_conc2_kvdram-hisparse_fp8_dynamo-sglang_prefill-tp1-pp1-dcp1-pcp8-ep1-dpfalse-nw1_decode-tp8-pp1-dcp1-pcp1-ep1-dptrue-nw1_disagg-true_spec-none_conc2_h200-dgxc-slurm_1/conc_2/aiperf_artifacts/profile_export.jsonl,954,metrics.request_latency.value,metrics.request_latency.value,metricsrequestlatencyvalue,954,1.0,0,0.0,0.0,float,float,528.49709,339063.795141,528.49709,339063.795141,ms,ms,954,ms
2,8497653427,agentic_glm5.2_p1x1_d1x8_conc2_kvdram-hisparse_fp8_dynamo-sglang_prefill-tp1-pp1-dcp1-pcp8-ep1-dpfalse-nw1_decode-tp8-pp1-dcp1-pcp1-ep1-dptrue-nw1_disagg-true_spec-none_conc2_h200-dgxc-slurm_1,/Users/sskim/Documents/Codex/2026-08-06/h200-agentx-conversation-id-benchmark-analysis/data/raw/github/run_29820102138/conc2/raw_agentic/8497653427_agentic_glm5.2_p1x1_d1x8_conc2_kvdram-hisparse_fp8_dynamo-sglang_prefill-tp1-pp1-dcp1-pcp8-ep1-dpfalse-nw1_decode-tp8-pp1-dcp1-pcp1-ep1-dptrue-nw1_disagg-true_spec-none_conc2_h200-dgxc-slurm_1/conc_2/aiperf_artifacts/profile_export.jsonl,954,metrics.time_to_first_output_token.unit,metrics.time_to_first_output_token.unit,metricstimetofirstoutputtokenunit,954,1.0,0,0.0,0.0,str,str,,,,,,,0,unknown
2,8497653427,agentic_glm5.2_p1x1_d1x8_conc2_kvdram-hisparse_fp8_dynamo-sglang_prefill-tp1-pp1-dcp1-pcp8-ep1-dpfalse-nw1_decode-tp8-pp1-dcp1-pcp1-ep1-dptrue-nw1_disagg-true_spec-none_conc2_h200-dgxc-slurm_1,/Users/sskim/Documents/Codex/2026-08-06/h200-agentx-conversation-id-benchmark-analysis/data/raw/github/run_29820102138/conc2/raw_agentic/8497653427_agentic_glm5.2_p1x1_d1x8_conc2_kvdram-hisparse_fp8_dynamo-sglang_prefill-tp1-pp1-dcp1-pcp8-ep1-dpfalse-nw1_decode-tp8-pp1-dcp1-pcp1-ep1-dptrue-nw1_disagg-true_spec-none_conc2_h200-dgxc-slurm_1/conc_2/aiperf_artifacts/profile_export.jsonl,954,metrics.time_to_first_output_token.value,metrics.time_to_first_output_token.value,metricstimetofirstoutputtokenvalue,954,1.0,0,0.0,0.0,float,float,373.57712499999997,206758.637539,373.57712499999997,206758.637539,ms,ms,954,ms
2,8497653427,agentic_glm5.2_p1x1_d1x8_conc2_kvdram-hisparse_fp8_dynamo-sglang_prefill-tp1-pp1-dcp1-pcp8-ep1-dpfalse-nw1_decode-tp8-pp1-dcp1-pcp1-ep1-dptrue-nw1_disagg-true_spec-none_conc2_h200-dgxc-slurm_1,/Users/sskim/Documents/Codex/2026-08-06/h200-agentx-conversation-id-benchmark-analysis/data/raw/github/run_29820102138/conc2/raw_agentic/8497653427_agentic_glm5.2_p1x1_d1x8_conc2_kvdram-hisparse_fp8_dynamo-sglang_prefill-tp1-pp1-dcp1-pcp8-ep1-dpfalse-nw1_decode-tp8-pp1-dcp1-pcp1-ep1-dptrue-nw1_disagg-true_spec-none_conc2_h200-dgxc-slurm_1/conc_2/aiperf_artifacts/profile_export.jsonl,954,metrics.time_to_first_token.unit,metrics.time_to_first_token.unit,metricstimetofirsttokenunit,954,1.0,0,0.0,0.0,str,str,,,,,,,0,unknown
2,8497653427,agentic_glm5.2_p1x1_d1x8_conc2_kvdram-hisparse_fp8_dynamo-sglang_prefill-tp1-pp1-dcp1-pcp8-ep1-dpfalse-nw1_decode-tp8-pp1-dcp1-pcp1-ep1-dptrue-nw1_disagg-true_spec-none_conc2_h200-dgxc-slurm_1,/Users/sskim/Documents/Codex/2026-08-06/h200-agentx-conversation-id-benchmark-analysis/data/raw/github/run_29820102138/conc2/raw_agentic/8497653427_agentic_glm5.2_p1x1_d1x8_conc2_kvdram-hisparse_fp8_dynamo-sglang_prefill-tp1-pp1-dcp1-pcp8-ep1-dpfalse-nw1_decode-tp8-pp1-dcp1-pcp1-ep1-dptrue-nw1_disagg-true_spec-none_conc2_h200-dgxc-slurm_1/conc_2/aiperf_artifacts/profile_export.jsonl,954,metrics.time_to_first_token.value,metrics.time_to_first_token.value,metricstimetofirsttokenvalue,954,1.0,0,0.0,0.0,float,float,373.57712499999997,206758.637539,373.57712499999997,206758.637539,ms,ms,954,ms
2,8497653427,agentic_glm5.2_p1x1_d1x8_conc2_kvdram-hisparse_fp8_dynamo-sglang_prefill-tp1-pp1-dcp1-pcp8-ep1-dpfalse-nw1_decode-tp8-pp1-dcp1-pcp1-ep1-dptrue-nw1_disagg-true_spec-none_conc2_h200-dgxc-slurm_1,/Users/sskim/Documents/Codex/2026-08-06/h200-agentx-conversation-id-benchmark-analysis/data/raw/github/run_29820102138/conc2/raw_agentic/8497653427_agentic_glm5.2_p1x1_d1x8_conc2_kvdram-hisparse_fp8_dynamo-sglang_prefill-tp1-pp1-dcp1-pcp8-ep1-dpfalse-nw1_decode-tp8-pp1-dcp1-pcp1-ep1-dptrue-nw1_disagg-true_spec-none_conc2_h200-dgxc-slurm_1/conc_2/aiperf_artifacts/profile_export.jsonl,954,metrics.time_to_second_token.unit,metrics.time_to_second_token.unit,metricstimetosecondtokenunit,119,0.12473794549266247,0,0.0,0.0,str,str,,,,,,,0,seconds
2,8497653427,agentic_glm5.2_p1x1_d1x8_conc2_kvdram-hisparse_fp8_dynamo-sglang_prefill-tp1-pp1-dcp1-pcp8-ep1-dpfalse-nw1_decode-tp8-pp1-dcp1-pcp1-ep1-dptrue-nw1_disagg-true_spec-none_conc2_h200-dgxc-slurm_1,/Users/sskim/Documents/Codex/2026-08-06/h200-agentx-conversation-id-benchmark-analysis/data/raw/github/run_29820102138/conc2/raw_agentic/8497653427_agentic_glm5.2_p1x1_d1x8_conc2_kvdram-hisparse_fp8_dynamo-sglang_prefill-tp1-pp1-dcp1-pcp8-ep1-dpfalse-nw1_decode-tp8-pp1-dcp1-pcp1-ep1-dptrue-nw1_disagg-true_spec-none_conc2_h200-dgxc-slurm_1/conc_2/aiperf_artifacts/profile_export.jsonl,954,metrics.time_to_second_token.value,metrics.time_to_second_token.value,metricstimetosecondtokenvalue,119,0.12473794549266247,0,0.0,0.0,float,float,80.293365,7016.059263,80.293365,7016.059263,ms,ms,119,ms
2,8497653427,agentic_glm5.2_p1x1_d1x8_conc2_kvdram-hisparse_fp8_dynamo-sglang_prefill-tp1-pp1-dcp1-pcp8-ep1-dpfalse-nw1_decode-tp8-pp1-dcp1-pcp1-ep1-dptrue-nw1_disagg-true_spec-none_conc2_h200-dgxc-slurm_1,/Users/sskim/Documents/Codex/2026-08-06/h200-agentx-conversation-id-benchmark-analysis/data/raw/github/run_29820102138/conc2/raw_agentic/8497653427_agentic_glm5.2_p1x1_d1x8_conc2_kvdram-hisparse_fp8_dynamo-sglang_prefill-tp1-pp1-dcp1-pcp8-ep1-dpfalse-nw1_decode-tp8-pp1-dcp1-pcp1-ep1-dptrue-nw1_disagg-true_spec-none_conc2_h200-dgxc-slurm_1/conc_2/aiperf_artifacts/profile_export.jsonl,954,metrics.usage_completion_tokens.unit,metrics.usage_completion_tokens.unit,metricsusagecompletiontokensunit,954,1.0,0,0.0,0.0,str,str,,,,,,,0,unknown
2,8497653427,agentic_glm5.2_p1x1_d1x8_conc2_kvdram-hisparse_fp8_dynamo-sglang_prefill-tp1-pp1-dcp1-pcp8-ep1-dpfalse-nw1_decode-tp8-pp1-dcp1-pcp1-ep1-dptrue-nw1_disagg-true_spec-none_conc2_h200-dgxc-slurm_1,/Users/sskim/Documents/Codex/2026-08-06/h200-agentx-conversation-id-benchmark-analysis/data/raw/github/run_29820102138/conc2/raw_agentic/8497653427_agentic_glm5.2_p1x1_d1x8_conc2_kvdram-hisparse_fp8_dynamo-sglang_prefill-tp1-pp1-dcp1-pcp8-ep1-dpfalse-nw1_decode-tp8-pp1-dcp1-pcp1-ep1-dptrue-nw1_disagg-true_spec-none_conc2_h200-dgxc-slurm_1/conc_2/aiperf_artifacts/profile_export.jsonl,954,metrics.usage_completion_tokens.value,metrics.usage_completion_tokens.value,metricsusagecompletiontokensvalue,954,1.0,0,0.0,0.0,int,int,1.0,10912.0,1.0,10912.0,tokens,tokens,954,tokens
2,8497653427,agentic_glm5.2_p1x1_d1x8_conc2_kvdram-hisparse_fp8_dynamo-sglang_prefill-tp1-pp1-dcp1-pcp8-ep1-dpfalse-nw1_decode-tp8-pp1-dcp1-pcp1-ep1-dptrue-nw1_disagg-true_spec-none_conc2_h200-dgxc-slurm_1,/Users/sskim/Documents/Codex/2026-08-06/h200-agentx-conversation-id-benchmark-analysis/data/raw/github/run_29820102138/conc2/raw_agentic/8497653427_agentic_glm5.2_p1x1_d1x8_conc2_kvdram-hisparse_fp8_dynamo-sglang_prefill-tp1-pp1-dcp1-pcp8-ep1-dpfalse-nw1_decode-tp8-pp1-dcp1-pcp1-ep1-dptrue-nw1_disagg-true_spec-none_conc2_h200-dgxc-slurm_1/conc_2/aiperf_artifacts/profile_export.jsonl,954,metrics.usage_prompt_cache_read_tokens.unit,metrics.usage_prompt_cache_read_tokens.unit,metricsusagepromptcachereadtokensunit,919,0.9633123689727463,0,0.0,0.0,str,str,,,,,,,0,unknown
2,8497653427,agentic_glm5.2_p1x1_d1x8_conc2_kvdram-hisparse_fp8_dynamo-sglang_prefill-tp1-pp1-dcp1-pcp8-ep1-dpfalse-nw1_decode-tp8-pp1-dcp1-pcp1-ep1-dptrue-nw1_disagg-true_spec-none_conc2_h200-dgxc-slurm_1,/Users/sskim/Documents/Codex/2026-08-06/h200-agentx-conversation-id-benchmark-analysis/data/raw/github/run_29820102138/conc2/raw_agentic/8497653427_agentic_glm5.2_p1x1_d1x8_conc2_kvdram-hisparse_fp8_dynamo-sglang_prefill-tp1-pp1-dcp1-pcp8-ep1-dpfalse-nw1_decode-tp8-pp1-dcp1-pcp1-ep1-dptrue-nw1_disagg-true_spec-none_conc2_h200-dgxc-slurm_1/conc_2/aiperf_artifacts/profile_export.jsonl,954,metrics.usage_prompt_cache_read_tokens.value,metrics.usage_prompt_cache_read_tokens.value,metricsusagepromptcachereadtokensvalue,919,0.9633123689727463,0,0.0,0.0,int,int,2560.0,669184.0,2560.0,669184.0,tokens,tokens,919,tokens
2,8497653427,agentic_glm5.2_p1x1_d1x8_conc2_kvdram-hisparse_fp8_dynamo-sglang_prefill-tp1-pp1-dcp1-pcp8-ep1-dpfalse-nw1_decode-tp8-pp1-dcp1-pcp1-ep1-dptrue-nw1_disagg-true_spec-none_conc2_h200-dgxc-slurm_1,/Users/sskim/Documents/Codex/2026-08-06/h200-agentx-conversation-id-benchmark-analysis/data/raw/github/run_29820102138/conc2/raw_agentic/8497653427_agentic_glm5.2_p1x1_d1x8_conc2_kvdram-hisparse_fp8_dynamo-sglang_prefill-tp1-pp1-dcp1-pcp8-ep1-dpfalse-nw1_decode-tp8-pp1-dcp1-pcp1-ep1-dptrue-nw1_disagg-true_spec-none_conc2_h200-dgxc-slurm_1/conc_2/aiperf_artifacts/profile_export.jsonl,954,metrics.usage_prompt_tokens.unit,metrics.usage_prompt_tokens.unit,metricsusageprompttokensunit,954,1.0,0,0.0,0.0,str,str,,,,,,,0,unknown
2,8497653427,agentic_glm5.2_p1x1_d1x8_conc2_kvdram-hisparse_fp8_dynamo-sglang_prefill-tp1-pp1-dcp1-pcp8-ep1-dpfalse-nw1_decode-tp8-pp1-dcp1-pcp1-ep1-dptrue-nw1_disagg-true_spec-none_conc2_h200-dgxc-slurm_1,/Users/sskim/Documents/Codex/2026-08-06/h200-agentx-conversation-id-benchmark-analysis/data/raw/github/run_29820102138/conc2/raw_agentic/8497653427_agentic_glm5.2_p1x1_d1x8_conc2_kvdram-hisparse_fp8_dynamo-sglang_prefill-tp1-pp1-dcp1-pcp8-ep1-dpfalse-nw1_decode-tp8-pp1-dcp1-pcp1-ep1-dptrue-nw1_disagg-true_spec-none_conc2_h200-dgxc-slurm_1/conc_2/aiperf_artifacts/profile_export.jsonl,954,metrics.usage_prompt_tokens.value,metrics.usage_prompt_tokens.value,metricsusageprompttokensvalue,954,1.0,0,0.0,0.0,int,int,1.0,158682.0,1.0,158682.0,tokens,tokens,954,tokens
2,8497653427,agentic_glm5.2_p1x1_d1x8_conc2_kvdram-hisparse_fp8_dynamo-sglang_prefill-tp1-pp1-dcp1-pcp8-ep1-dpfalse-nw1_decode-tp8-pp1-dcp1-pcp1-ep1-dptrue-nw1_disagg-true_spec-none_conc2_h200-dgxc-slurm_1,/Users/sskim/Documents/Codex/2026-08-06/h200-agentx-conversation-id-benchmark-analysis/data/raw/github/run_29820102138/conc2/raw_agentic/8497653427_agentic_glm5.2_p1x1_d1x8_conc2_kvdram-hisparse_fp8_dynamo-sglang_prefill-tp1-pp1-dcp1-pcp8-ep1-dpfalse-nw1_decode-tp8-pp1-dcp1-pcp1-ep1-dptrue-nw1_disagg-true_spec-none_conc2_h200-dgxc-slurm_1/conc_2/aiperf_artifacts/profile_export.jsonl,954,metrics.usage_total_tokens.unit,metrics.usage_total_tokens.unit,metricsusagetotaltokensunit,954,1.0,0,0.0,0.0,str,str,,,,,,,0,unknown
2,8497653427,agentic_glm5.2_p1x1_d1x8_conc2_kvdram-hisparse_fp8_dynamo-sglang_prefill-tp1-pp1-dcp1-pcp8-ep1-dpfalse-nw1_decode-tp8-pp1-dcp1-pcp1-ep1-dptrue-nw1_disagg-true_spec-none_conc2_h200-dgxc-slurm_1,/Users/sskim/Documents/Codex/2026-08-06/h200-agentx-conversation-id-benchmark-analysis/data/raw/github/run_29820102138/conc2/raw_agentic/8497653427_agentic_glm5.2_p1x1_d1x8_conc2_kvdram-hisparse_fp8_dynamo-sglang_prefill-tp1-pp1-dcp1-pcp8-ep1-dpfalse-nw1_decode-tp8-pp1-dcp1-pcp1-ep1-dptrue-nw1_disagg-true_spec-none_conc2_h200-dgxc-slurm_1/conc_2/aiperf_artifacts/profile_export.jsonl,954,metrics.usage_total_tokens.value,metrics.usage_total_tokens.value,metricsusagetotaltokensvalue,954,1.0,0,0.0,0.0,int,int,2.0,158683.0,2.0,158683.0,tokens,tokens,954,tokens
3,8493759151,agentic_glm5.2_p1x1_d1x8_conc3_kvdram-hisparse_fp8_dynamo-sglang_prefill-tp1-pp1-dcp1-pcp8-ep1-dpfalse-nw1_decode-tp8-pp1-dcp1-pcp1-ep1-dptrue-nw1_disagg-true_spec-none_conc3_h200-dgxc-slurm_4,/Users/sskim/Documents/Codex/2026-08-06/h200-agentx-conversation-id-benchmark-analysis/data/raw/github/run_29820102138/conc3/raw_agentic/8493759151_agentic_glm5.2_p1x1_d1x8_conc3_kvdram-hisparse_fp8_dynamo-sglang_prefill-tp1-pp1-dcp1-pcp8-ep1-dpfalse-nw1_decode-tp8-pp1-dcp1-pcp1-ep1-dptrue-nw1_disagg-true_spec-none_conc3_h200-dgxc-slurm_4/conc_3/aiperf_artifacts/profile_export.jsonl,1025,metadata.agent_depth,metadata.agent_depth,metadataagentdepth,1025,1.0,0,0.0,0.0,int,int,0.0,1.0,0.0,1.0,,,0,unknown
3,8493759151,agentic_glm5.2_p1x1_d1x8_conc3_kvdram-hisparse_fp8_dynamo-sglang_prefill-tp1-pp1-dcp1-pcp8-ep1-dpfalse-nw1_decode-tp8-pp1-dcp1-pcp1-ep1-dptrue-nw1_disagg-true_spec-none_conc3_h200-dgxc-slurm_4,/Users/sskim/Documents/Codex/2026-08-06/h200-agentx-conversation-id-benchmark-analysis/data/raw/github/run_29820102138/conc3/raw_agentic/8493759151_agentic_glm5.2_p1x1_d1x8_conc3_kvdram-hisparse_fp8_dynamo-sglang_prefill-tp1-pp1-dcp1-pcp8-ep1-dpfalse-nw1_decode-tp8-pp1-dcp1-pcp1-ep1-dptrue-nw1_disagg-true_spec-none_conc3_h200-dgxc-slurm_4/conc_3/aiperf_artifacts/profile_export.jsonl,1025,metadata.benchmark_phase,metadata.benchmark_phase,metadatabenchmarkphase,1025,1.0,0,0.0,0.0,str,str,,,,,,,0,unknown
3,8493759151,agentic_glm5.2_p1x1_d1x8_conc3_kvdram-hisparse_fp8_dynamo-sglang_prefill-tp1-pp1-dcp1-pcp8-ep1-dpfalse-nw1_decode-tp8-pp1-dcp1-pcp1-ep1-dptrue-nw1_disagg-true_spec-none_conc3_h200-dgxc-slurm_4,/Users/sskim/Documents/Codex/2026-08-06/h200-agentx-conversation-id-benchmark-analysis/data/raw/github/run_29820102138/conc3/raw_agentic/8493759151_agentic_glm5.2_p1x1_d1x8_conc3_kvdram-hisparse_fp8_dynamo-sglang_prefill-tp1-pp1-dcp1-pcp8-ep1-dpfalse-nw1_decode-tp8-pp1-dcp1-pcp1-ep1-dptrue-nw1_disagg-true_spec-none_conc3_h200-dgxc-slurm_4/conc_3/aiperf_artifacts/profile_export.jsonl,1025,metadata.context_overflow_skip,metadata.context_overflow_skip,metadatacontextoverflowskip,1025,1.0,0,0.0,0.0,bool,bool,,,,,,,0,unknown
3,8493759151,agentic_glm5.2_p1x1_d1x8_conc3_kvdram-hisparse_fp8_dynamo-sglang_prefill-tp1-pp1-dcp1-pcp8-ep1-dpfalse-nw1_decode-tp8-pp1-dcp1-pcp1-ep1-dptrue-nw1_disagg-true_spec-none_conc3_h200-dgxc-slurm_4,/Users/sskim/Documents/Codex/2026-08-06/h200-agentx-conversation-id-benchmark-analysis/data/raw/github/run_29820102138/conc3/raw_agentic/8493759151_agentic_glm5.2_p1x1_d1x8_conc3_kvdram-hisparse_fp8_dynamo-sglang_prefill-tp1-pp1-dcp1-pcp8-ep1-dpfalse-nw1_decode-tp8-pp1-dcp1-pcp1-ep1-dptrue-nw1_disagg-true_spec-none_conc3_h200-dgxc-slurm_4/conc_3/aiperf_artifacts/profile_export.jsonl,1025,metadata.conversation_id,metadata.conversation_id,metadataconversationid,1025,1.0,0,0.0,0.0,str,str,,,,,,,0,unknown
3,8493759151,agentic_glm5.2_p1x1_d1x8_conc3_kvdram-hisparse_fp8_dynamo-sglang_prefill-tp1-pp1-dcp1-pcp8-ep1-dpfalse-nw1_decode-tp8-pp1-dcp1-pcp1-ep1-dptrue-nw1_disagg-true_spec-none_conc3_h200-dgxc-slurm_4,/Users/sskim/Documents/Codex/2026-08-06/h200-agentx-conversation-id-benchmark-analysis/data/raw/github/run_29820102138/conc3/raw_agentic/8493759151_agentic_glm5.2_p1x1_d1x8_conc3_kvdram-hisparse_fp8_dynamo-sglang_prefill-tp1-pp1-dcp1-pcp8-ep1-dpfalse-nw1_decode-tp8-pp1-dcp1-pcp1-ep1-dptrue-nw1_disagg-true_spec-none_conc3_h200-dgxc-slurm_4/conc_3/aiperf_artifacts/profile_export.jsonl,1025,metadata.credit_issued_ns,metadata.credit_issued_ns,metadatacreditissuedns,1025,1.0,0,0.0,0.0,int,int,1.7846296084362092e+18,1.7846338883006436e+18,1.7846296084362092e+18,1.7846338883006436e+18,,,0,nanoseconds
3,8493759151,agentic_glm5.2_p1x1_d1x8_conc3_kvdram-hisparse_fp8_dynamo-sglang_prefill-tp1-pp1-dcp1-pcp8-ep1-dpfalse-nw1_decode-tp8-pp1-dcp1-pcp1-ep1-dptrue-nw1_disagg-true_spec-none_conc3_h200-dgxc-slurm_4,/Users/sskim/Documents/Codex/2026-08-06/h200-agentx-conversation-id-benchmark-analysis/data/raw/github/run_29820102138/conc3/raw_agentic/8493759151_agentic_glm5.2_p1x1_d1x8_conc3_kvdram-hisparse_fp8_dynamo-sglang_prefill-tp1-pp1-dcp1-pcp8-ep1-dpfalse-nw1_decode-tp8-pp1-dcp1-pcp1-ep1-dptrue-nw1_disagg-true_spec-none_conc3_h200-dgxc-slurm_4/conc_3/aiperf_artifacts/profile_export.jsonl,1025,metadata.parent_correlation_id,metadata.parent_correlation_id,metadataparentcorrelationid,588,0.5736585365853658,0,0.0,0.0,str,str,,,,,,,0,unknown
3,8493759151,agentic_glm5.2_p1x1_d1x8_conc3_kvdram-hisparse_fp8_dynamo-sglang_prefill-tp1-pp1-dcp1-pcp8-ep1-dpfalse-nw1_decode-tp8-pp1-dcp1-pcp1-ep1-dptrue-nw1_disagg-true_spec-none_conc3_h200-dgxc-slurm_4,/Users/sskim/Documents/Codex/2026-08-06/h200-agentx-conversation-id-benchmark-analysis/data/raw/github/run_29820102138/conc3/raw_agentic/8493759151_agentic_glm5.2_p1x1_d1x8_conc3_kvdram-hisparse_fp8_dynamo-sglang_prefill-tp1-pp1-dcp1-pcp8-ep1-dpfalse-nw1_decode-tp8-pp1-dcp1-pcp1-ep1-dptrue-nw1_disagg-true_spec-none_conc3_h200-dgxc-slurm_4/conc_3/aiperf_artifacts/profile_export.jsonl,1025,metadata.record_processor_id,metadata.record_processor_id,metadatarecordprocessorid,1025,1.0,0,0.0,0.0,str,str,,,,,,,0,unknown
3,8493759151,agentic_glm5.2_p1x1_d1x8_conc3_kvdram-hisparse_fp8_dynamo-sglang_prefill-tp1-pp1-dcp1-pcp8-ep1-dpfalse-nw1_decode-tp8-pp1-dcp1-pcp1-ep1-dptrue-nw1_disagg-true_spec-none_conc3_h200-dgxc-slurm_4,/Users/sskim/Documents/Codex/2026-08-06/h200-agentx-conversation-id-benchmark-analysis/data/raw/github/run_29820102138/conc3/raw_agentic/8493759151_agentic_glm5.2_p1x1_d1x8_conc3_kvdram-hisparse_fp8_dynamo-sglang_prefill-tp1-pp1-dcp1-pcp8-ep1-dpfalse-nw1_decode-tp8-pp1-dcp1-pcp1-ep1-dptrue-nw1_disagg-true_spec-none_conc3_h200-dgxc-slurm_4/conc_3/aiperf_artifacts/profile_export.jsonl,1025,metadata.request_ack_ns,metadata.request_ack_ns,metadatarequestackns,1025,1.0,0,0.0,0.0,int,int,1.7846296095119304e+18,1.7846338885500178e+18,1.7846296095119304e+18,1.7846338885500178e+18,,,0,nanoseconds
3,8493759151,agentic_glm5.2_p1x1_d1x8_conc3_kvdram-hisparse_fp8_dynamo-sglang_prefill-tp1-pp1-dcp1-pcp8-ep1-dpfalse-nw1_decode-tp8-pp1-dcp1-pcp1-ep1-dptrue-nw1_disagg-true_spec-none_conc3_h200-dgxc-slurm_4,/Users/sskim/Documents/Codex/2026-08-06/h200-agentx-conversation-id-benchmark-analysis/data/raw/github/run_29820102138/conc3/raw_agentic/8493759151_agentic_glm5.2_p1x1_d1x8_conc3_kvdram-hisparse_fp8_dynamo-sglang_prefill-tp1-pp1-dcp1-pcp8-ep1-dpfalse-nw1_decode-tp8-pp1-dcp1-pcp1-ep1-dptrue-nw1_disagg-true_spec-none_conc3_h200-dgxc-slurm_4/conc_3/aiperf_artifacts/profile_export.jsonl,1025,metadata.request_end_ns,metadata.request_end_ns,metadatarequestendns,1025,1.0,0,0.0,0.0,int,int,1.7846296927756383e+18,1.7846339668185587e+18,1.7846296927756383e+18,1.7846339668185587e+18,,,0,nanoseconds
3,8493759151,agentic_glm5.2_p1x1_d1x8_conc3_kvdram-hisparse_fp8_dynamo-sglang_prefill-tp1-pp1-dcp1-pcp8-ep1-dpfalse-nw1_decode-tp8-pp1-dcp1-pcp1-ep1-dptrue-nw1_disagg-true_spec-none_conc3_h200-dgxc-slurm_4,/Users/sskim/Documents/Codex/2026-08-06/h200-agentx-conversation-id-benchmark-analysis/data/raw/github/run_29820102138/conc3/raw_agentic/8493759151_agentic_glm5.2_p1x1_d1x8_conc3_kvdram-hisparse_fp8_dynamo-sglang_prefill-tp1-pp1-dcp1-pcp8-ep1-dpfalse-nw1_decode-tp8-pp1-dcp1-pcp1-ep1-dptrue-nw1_disagg-true_spec-none_conc3_h200-dgxc-slurm_4/conc_3/aiperf_artifacts/profile_export.jsonl,1025,metadata.request_start_ns,metadata.request_start_ns,metadatarequeststartns,1025,1.0,0,0.0,0.0,int,int,1.7846296085387187e+18,1.7846338883017516e+18,1.7846296085387187e+18,1.7846338883017516e+18,,,0,nanoseconds
3,8493759151,agentic_glm5.2_p1x1_d1x8_conc3_kvdram-hisparse_fp8_dynamo-sglang_prefill-tp1-pp1-dcp1-pcp8-ep1-dpfalse-nw1_decode-tp8-pp1-dcp1-pcp1-ep1-dptrue-nw1_disagg-true_spec-none_conc3_h200-dgxc-slurm_4,/Users/sskim/Documents/Codex/2026-08-06/h200-agentx-conversation-id-benchmark-analysis/data/raw/github/run_29820102138/conc3/raw_agentic/8493759151_agentic_glm5.2_p1x1_d1x8_conc3_kvdram-hisparse_fp8_dynamo-sglang_prefill-tp1-pp1-dcp1-pcp8-ep1-dpfalse-nw1_decode-tp8-pp1-dcp1-pcp1-ep1-dptrue-nw1_disagg-true_spec-none_conc3_h200-dgxc-slurm_4/conc_3/aiperf_artifacts/profile_export.jsonl,1025,metadata.root_correlation_id,metadata.root_correlation_id,metadatarootcorrelationid,1025,1.0,0,0.0,0.0,str,str,,,,,,,0,unknown
3,8493759151,agentic_glm5.2_p1x1_d1x8_conc3_kvdram-hisparse_fp8_dynamo-sglang_prefill-tp1-pp1-dcp1-pcp8-ep1-dpfalse-nw1_decode-tp8-pp1-dcp1-pcp1-ep1-dptrue-nw1_disagg-true_spec-none_conc3_h200-dgxc-slurm_4,/Users/sskim/Documents/Codex/2026-08-06/h200-agentx-conversation-id-benchmark-analysis/data/raw/github/run_29820102138/conc3/raw_agentic/8493759151_agentic_glm5.2_p1x1_d1x8_conc3_kvdram-hisparse_fp8_dynamo-sglang_prefill-tp1-pp1-dcp1-pcp8-ep1-dpfalse-nw1_decode-tp8-pp1-dcp1-pcp1-ep1-dptrue-nw1_disagg-true_spec-none_conc3_h200-dgxc-slurm_4/conc_3/aiperf_artifacts/profile_export.jsonl,1025,metadata.session_num,metadata.session_num,metadatasessionnum,1025,1.0,0,0.0,0.0,int,int,0.0,569.0,0.0,569.0,,,0,unknown
3,8493759151,agentic_glm5.2_p1x1_d1x8_conc3_kvdram-hisparse_fp8_dynamo-sglang_prefill-tp1-pp1-dcp1-pcp8-ep1-dpfalse-nw1_decode-tp8-pp1-dcp1-pcp1-ep1-dptrue-nw1_disagg-true_spec-none_conc3_h200-dgxc-slurm_4,/Users/sskim/Documents/Codex/2026-08-06/h200-agentx-conversation-id-benchmark-analysis/data/raw/github/run_29820102138/conc3/raw_agentic/8493759151_agentic_glm5.2_p1x1_d1x8_conc3_kvdram-hisparse_fp8_dynamo-sglang_prefill-tp1-pp1-dcp1-pcp8-ep1-dpfalse-nw1_decode-tp8-pp1-dcp1-pcp1-ep1-dptrue-nw1_disagg-true_spec-none_conc3_h200-dgxc-slurm_4/conc_3/aiperf_artifacts/profile_export.jsonl,1025,metadata.source_inner_idx,metadata.source_inner_idx,metadatasourceinneridx,335,0.32682926829268294,0,0.0,0.0,int,int,0.0,54.0,0.0,54.0,,,0,unknown
3,8493759151,agentic_glm5.2_p1x1_d1x8_conc3_kvdram-hisparse_fp8_dynamo-sglang_prefill-tp1-pp1-dcp1-pcp8-ep1-dpfalse-nw1_decode-tp8-pp1-dcp1-pcp1-ep1-dptrue-nw1_disagg-true_spec-none_conc3_h200-dgxc-slurm_4,/Users/sskim/Documents/Codex/2026-08-06/h200-agentx-conversation-id-benchmark-analysis/data/raw/github/run_29820102138/conc3/raw_agentic/8493759151_agentic_glm5.2_p1x1_d1x8_conc3_kvdram-hisparse_fp8_dynamo-sglang_prefill-tp1-pp1-dcp1-pcp8-ep1-dpfalse-nw1_decode-tp8-pp1-dcp1-pcp1-ep1-dptrue-nw1_disagg-true_spec-none_conc3_h200-dgxc-slurm_4/conc_3/aiperf_artifacts/profile_export.jsonl,1025,metadata.source_kind,metadata.source_kind,metadatasourcekind,1025,1.0,0,0.0,0.0,str,str,,,,,,,0,unknown
3,8493759151,agentic_glm5.2_p1x1_d1x8_conc3_kvdram-hisparse_fp8_dynamo-sglang_prefill-tp1-pp1-dcp1-pcp8-ep1-dpfalse-nw1_decode-tp8-pp1-dcp1-pcp1-ep1-dptrue-nw1_disagg-true_spec-none_conc3_h200-dgxc-slurm_4,/Users/sskim/Documents/Codex/2026-08-06/h200-agentx-conversation-id-benchmark-analysis/data/raw/github/run_29820102138/conc3/raw_agentic/8493759151_agentic_glm5.2_p1x1_d1x8_conc3_kvdram-hisparse_fp8_dynamo-sglang_prefill-tp1-pp1-dcp1-pcp8-ep1-dpfalse-nw1_decode-tp8-pp1-dcp1-pcp1-ep1-dptrue-nw1_disagg-true_spec-none_conc3_h200-dgxc-slurm_4/conc_3/aiperf_artifacts/profile_export.jsonl,1025,metadata.source_outer_idx,metadata.source_outer_idx,metadatasourceouteridx,1025,1.0,0,0.0,0.0,int,int,0.0,261.0,0.0,261.0,,,0,unknown
3,8493759151,agentic_glm5.2_p1x1_d1x8_conc3_kvdram-hisparse_fp8_dynamo-sglang_prefill-tp1-pp1-dcp1-pcp8-ep1-dpfalse-nw1_decode-tp8-pp1-dcp1-pcp1-ep1-dptrue-nw1_disagg-true_spec-none_conc3_h200-dgxc-slurm_4,/Users/sskim/Documents/Codex/2026-08-06/h200-agentx-conversation-id-benchmark-analysis/data/raw/github/run_29820102138/conc3/raw_agentic/8493759151_agentic_glm5.2_p1x1_d1x8_conc3_kvdram-hisparse_fp8_dynamo-sglang_prefill-tp1-pp1-dcp1-pcp8-ep1-dpfalse-nw1_decode-tp8-pp1-dcp1-pcp1-ep1-dptrue-nw1_disagg-true_spec-none_conc3_h200-dgxc-slurm_4/conc_3/aiperf_artifacts/profile_export.jsonl,1025,metadata.source_trace_id,metadata.source_trace_id,metadatasourcetraceid,1025,1.0,0,0.0,0.0,str,str,,,,,,,0,unknown
3,8493759151,agentic_glm5.2_p1x1_d1x8_conc3_kvdram-hisparse_fp8_dynamo-sglang_prefill-tp1-pp1-dcp1-pcp8-ep1-dpfalse-nw1_decode-tp8-pp1-dcp1-pcp1-ep1-dptrue-nw1_disagg-true_spec-none_conc3_h200-dgxc-slurm_4,/Users/sskim/Documents/Codex/2026-08-06/h200-agentx-conversation-id-benchmark-analysis/data/raw/github/run_29820102138/conc3/raw_agentic/8493759151_agentic_glm5.2_p1x1_d1x8_conc3_kvdram-hisparse_fp8_dynamo-sglang_prefill-tp1-pp1-dcp1-pcp8-ep1-dpfalse-nw1_decode-tp8-pp1-dcp1-pcp1-ep1-dptrue-nw1_disagg-true_spec-none_conc3_h200-dgxc-slurm_4/conc_3/aiperf_artifacts/profile_export.jsonl,1025,metadata.turn_index,metadata.turn_index,metadataturnindex,1025,1.0,0,0.0,0.0,int,int,0.0,190.0,0.0,190.0,,,0,unknown
3,8493759151,agentic_glm5.2_p1x1_d1x8_conc3_kvdram-hisparse_fp8_dynamo-sglang_prefill-tp1-pp1-dcp1-pcp8-ep1-dpfalse-nw1_decode-tp8-pp1-dcp1-pcp1-ep1-dptrue-nw1_disagg-true_spec-none_conc3_h200-dgxc-slurm_4,/Users/sskim/Documents/Codex/2026-08-06/h200-agentx-conversation-id-benchmark-analysis/data/raw/github/run_29820102138/conc3/raw_agentic/8493759151_agentic_glm5.2_p1x1_d1x8_conc3_kvdram-hisparse_fp8_dynamo-sglang_prefill-tp1-pp1-dcp1-pcp8-ep1-dpfalse-nw1_decode-tp8-pp1-dcp1-pcp1-ep1-dptrue-nw1_disagg-true_spec-none_conc3_h200-dgxc-slurm_4/conc_3/aiperf_artifacts/profile_export.jsonl,1025,metadata.was_cancelled,metadata.was_cancelled,metadatawascancelled,1025,1.0,0,0.0,0.0,bool,bool,,,,,,,0,unknown
3,8493759151,agentic_glm5.2_p1x1_d1x8_conc3_kvdram-hisparse_fp8_dynamo-sglang_prefill-tp1-pp1-dcp1-pcp8-ep1-dpfalse-nw1_decode-tp8-pp1-dcp1-pcp1-ep1-dptrue-nw1_disagg-true_spec-none_conc3_h200-dgxc-slurm_4,/Users/sskim/Documents/Codex/2026-08-06/h200-agentx-conversation-id-benchmark-analysis/data/raw/github/run_29820102138/conc3/raw_agentic/8493759151_agentic_glm5.2_p1x1_d1x8_conc3_kvdram-hisparse_fp8_dynamo-sglang_prefill-tp1-pp1-dcp1-pcp8-ep1-dpfalse-nw1_decode-tp8-pp1-dcp1-pcp1-ep1-dptrue-nw1_disagg-true_spec-none_conc3_h200-dgxc-slurm_4/conc_3/aiperf_artifacts/profile_export.jsonl,1025,metadata.worker_id,metadata.worker_id,metadataworkerid,1025,1.0,0,0.0,0.0,str,str,,,,,,,0,unknown
3,8493759151,agentic_glm5.2_p1x1_d1x8_conc3_kvdram-hisparse_fp8_dynamo-sglang_prefill-tp1-pp1-dcp1-pcp8-ep1-dpfalse-nw1_decode-tp8-pp1-dcp1-pcp1-ep1-dptrue-nw1_disagg-true_spec-none_conc3_h200-dgxc-slurm_4,/Users/sskim/Documents/Codex/2026-08-06/h200-agentx-conversation-id-benchmark-analysis/data/raw/github/run_29820102138/conc3/raw_agentic/8493759151_agentic_glm5.2_p1x1_d1x8_conc3_kvdram-hisparse_fp8_dynamo-sglang_prefill-tp1-pp1-dcp1-pcp8-ep1-dpfalse-nw1_decode-tp8-pp1-dcp1-pcp1-ep1-dptrue-nw1_disagg-true_spec-none_conc3_h200-dgxc-slurm_4/conc_3/aiperf_artifacts/profile_export.jsonl,1025,metadata.x_correlation_id,metadata.x_correlation_id,metadataxcorrelationid,1025,1.0,0,0.0,0.0,str,str,,,,,,,0,unknown
3,8493759151,agentic_glm5.2_p1x1_d1x8_conc3_kvdram-hisparse_fp8_dynamo-sglang_prefill-tp1-pp1-dcp1-pcp8-ep1-dpfalse-nw1_decode-tp8-pp1-dcp1-pcp1-ep1-dptrue-nw1_disagg-true_spec-none_conc3_h200-dgxc-slurm_4,/Users/sskim/Documents/Codex/2026-08-06/h200-agentx-conversation-id-benchmark-analysis/data/raw/github/run_29820102138/conc3/raw_agentic/8493759151_agentic_glm5.2_p1x1_d1x8_conc3_kvdram-hisparse_fp8_dynamo-sglang_prefill-tp1-pp1-dcp1-pcp8-ep1-dpfalse-nw1_decode-tp8-pp1-dcp1-pcp1-ep1-dptrue-nw1_disagg-true_spec-none_conc3_h200-dgxc-slurm_4/conc_3/aiperf_artifacts/profile_export.jsonl,1025,metadata.x_request_id,metadata.x_request_id,metadataxrequestid,1025,1.0,0,0.0,0.0,str,str,,,,,,,0,unknown
3,8493759151,agentic_glm5.2_p1x1_d1x8_conc3_kvdram-hisparse_fp8_dynamo-sglang_prefill-tp1-pp1-dcp1-pcp8-ep1-dpfalse-nw1_decode-tp8-pp1-dcp1-pcp1-ep1-dptrue-nw1_disagg-true_spec-none_conc3_h200-dgxc-slurm_4,/Users/sskim/Documents/Codex/2026-08-06/h200-agentx-conversation-id-benchmark-analysis/data/raw/github/run_29820102138/conc3/raw_agentic/8493759151_agentic_glm5.2_p1x1_d1x8_conc3_kvdram-hisparse_fp8_dynamo-sglang_prefill-tp1-pp1-dcp1-pcp8-ep1-dpfalse-nw1_decode-tp8-pp1-dcp1-pcp1-ep1-dptrue-nw1_disagg-true_spec-none_conc3_h200-dgxc-slurm_4/conc_3/aiperf_artifacts/profile_export.jsonl,1025,metrics.e2e_output_token_throughput.unit,metrics.e2e_output_token_throughput.unit,metricse2eoutputtokenthroughputunit,1025,1.0,0,0.0,0.0,str,str,,,,,,,0,unknown
3,8493759151,agentic_glm5.2_p1x1_d1x8_conc3_kvdram-hisparse_fp8_dynamo-sglang_prefill-tp1-pp1-dcp1-pcp8-ep1-dpfalse-nw1_decode-tp8-pp1-dcp1-pcp1-ep1-dptrue-nw1_disagg-true_spec-none_conc3_h200-dgxc-slurm_4,/Users/sskim/Documents/Codex/2026-08-06/h200-agentx-conversation-id-benchmark-analysis/data/raw/github/run_29820102138/conc3/raw_agentic/8493759151_agentic_glm5.2_p1x1_d1x8_conc3_kvdram-hisparse_fp8_dynamo-sglang_prefill-tp1-pp1-dcp1-pcp8-ep1-dpfalse-nw1_decode-tp8-pp1-dcp1-pcp1-ep1-dptrue-nw1_disagg-true_spec-none_conc3_h200-dgxc-slurm_4/conc_3/aiperf_artifacts/profile_export.jsonl,1025,metrics.e2e_output_token_throughput.value,metrics.e2e_output_token_throughput.value,metricse2eoutputtokenthroughputvalue,1025,1.0,0,0.0,0.0,float,float,0.0046712192672340135,35.435569164175575,0.0046712192672340135,35.435569164175575,tokens/sec/user,tokens/sec/user,1025,tokens/sec/user
3,8493759151,agentic_glm5.2_p1x1_d1x8_conc3_kvdram-hisparse_fp8_dynamo-sglang_prefill-tp1-pp1-dcp1-pcp8-ep1-dpfalse-nw1_decode-tp8-pp1-dcp1-pcp1-ep1-dptrue-nw1_disagg-true_spec-none_conc3_h200-dgxc-slurm_4,/Users/sskim/Documents/Codex/2026-08-06/h200-agentx-conversation-id-benchmark-analysis/data/raw/github/run_29820102138/conc3/raw_agentic/8493759151_agentic_glm5.2_p1x1_d1x8_conc3_kvdram-hisparse_fp8_dynamo-sglang_prefill-tp1-pp1-dcp1-pcp8-ep1-dpfalse-nw1_decode-tp8-pp1-dcp1-pcp1-ep1-dptrue-nw1_disagg-true_spec-none_conc3_h200-dgxc-slurm_4/conc_3/aiperf_artifacts/profile_export.jsonl,1025,metrics.http_req_blocked.unit,metrics.http_req_blocked.unit,metricshttpreqblockedunit,1025,1.0,0,0.0,0.0,str,str,,,,,,,0,unknown
3,8493759151,agentic_glm5.2_p1x1_d1x8_conc3_kvdram-hisparse_fp8_dynamo-sglang_prefill-tp1-pp1-dcp1-pcp8-ep1-dpfalse-nw1_decode-tp8-pp1-dcp1-pcp1-ep1-dptrue-nw1_disagg-true_spec-none_conc3_h200-dgxc-slurm_4,/Users/sskim/Documents/Codex/2026-08-06/h200-agentx-conversation-id-benchmark-analysis/data/raw/github/run_29820102138/conc3/raw_agentic/8493759151_agentic_glm5.2_p1x1_d1x8_conc3_kvdram-hisparse_fp8_dynamo-sglang_prefill-tp1-pp1-dcp1-pcp8-ep1-dpfalse-nw1_decode-tp8-pp1-dcp1-pcp1-ep1-dptrue-nw1_disagg-true_spec-none_conc3_h200-dgxc-slurm_4/conc_3/aiperf_artifacts/profile_export.jsonl,1025,metrics.http_req_blocked.value,metrics.http_req_blocked.value,metricshttpreqblockedvalue,1025,1.0,0,0.0,0.0,float,float,0.0,0.0,0.0,0.0,ms,ms,1025,ms
3,8493759151,agentic_glm5.2_p1x1_d1x8_conc3_kvdram-hisparse_fp8_dynamo-sglang_prefill-tp1-pp1-dcp1-pcp8-ep1-dpfalse-nw1_decode-tp8-pp1-dcp1-pcp1-ep1-dptrue-nw1_disagg-true_spec-none_conc3_h200-dgxc-slurm_4,/Users/sskim/Documents/Codex/2026-08-06/h200-agentx-conversation-id-benchmark-analysis/data/raw/github/run_29820102138/conc3/raw_agentic/8493759151_agentic_glm5.2_p1x1_d1x8_conc3_kvdram-hisparse_fp8_dynamo-sglang_prefill-tp1-pp1-dcp1-pcp8-ep1-dpfalse-nw1_decode-tp8-pp1-dcp1-pcp1-ep1-dptrue-nw1_disagg-true_spec-none_conc3_h200-dgxc-slurm_4/conc_3/aiperf_artifacts/profile_export.jsonl,1025,metrics.http_req_chunks_received.unit,metrics.http_req_chunks_received.unit,metricshttpreqchunksreceivedunit,1025,1.0,0,0.0,0.0,str,str,,,,,,,0,unknown
3,8493759151,agentic_glm5.2_p1x1_d1x8_conc3_kvdram-hisparse_fp8_dynamo-sglang_prefill-tp1-pp1-dcp1-pcp8-ep1-dpfalse-nw1_decode-tp8-pp1-dcp1-pcp1-ep1-dptrue-nw1_disagg-true_spec-none_conc3_h200-dgxc-slurm_4,/Users/sskim/Documents/Codex/2026-08-06/h200-agentx-conversation-id-benchmark-analysis/data/raw/github/run_29820102138/conc3/raw_agentic/8493759151_agentic_glm5.2_p1x1_d1x8_conc3_kvdram-hisparse_fp8_dynamo-sglang_prefill-tp1-pp1-dcp1-pcp8-ep1-dpfalse-nw1_decode-tp8-pp1-dcp1-pcp1-ep1-dptrue-nw1_disagg-true_spec-none_conc3_h200-dgxc-slurm_4/conc_3/aiperf_artifacts/profile_export.jsonl,1025,metrics.http_req_chunks_received.value,metrics.http_req_chunks_received.value,metricshttpreqchunksreceivedvalue,1025,1.0,0,0.0,0.0,int,int,1.0,99.0,1.0,99.0,count,count,1025,count
3,8493759151,agentic_glm5.2_p1x1_d1x8_conc3_kvdram-hisparse_fp8_dynamo-sglang_prefill-tp1-pp1-dcp1-pcp8-ep1-dpfalse-nw1_decode-tp8-pp1-dcp1-pcp1-ep1-dptrue-nw1_disagg-true_spec-none_conc3_h200-dgxc-slurm_4,/Users/sskim/Documents/Codex/2026-08-06/h200-agentx-conversation-id-benchmark-analysis/data/raw/github/run_29820102138/conc3/raw_agentic/8493759151_agentic_glm5.2_p1x1_d1x8_conc3_kvdram-hisparse_fp8_dynamo-sglang_prefill-tp1-pp1-dcp1-pcp8-ep1-dpfalse-nw1_decode-tp8-pp1-dcp1-pcp1-ep1-dptrue-nw1_disagg-true_spec-none_conc3_h200-dgxc-slurm_4/conc_3/aiperf_artifacts/profile_export.jsonl,1025,metrics.http_req_chunks_sent.unit,metrics.http_req_chunks_sent.unit,metricshttpreqchunkssentunit,1025,1.0,0,0.0,0.0,str,str,,,,,,,0,unknown
3,8493759151,agentic_glm5.2_p1x1_d1x8_conc3_kvdram-hisparse_fp8_dynamo-sglang_prefill-tp1-pp1-dcp1-pcp8-ep1-dpfalse-nw1_decode-tp8-pp1-dcp1-pcp1-ep1-dptrue-nw1_disagg-true_spec-none_conc3_h200-dgxc-slurm_4,/Users/sskim/Documents/Codex/2026-08-06/h200-agentx-conversation-id-benchmark-analysis/data/raw/github/run_29820102138/conc3/raw_agentic/8493759151_agentic_glm5.2_p1x1_d1x8_conc3_kvdram-hisparse_fp8_dynamo-sglang_prefill-tp1-pp1-dcp1-pcp8-ep1-dpfalse-nw1_decode-tp8-pp1-dcp1-pcp1-ep1-dptrue-nw1_disagg-true_spec-none_conc3_h200-dgxc-slurm_4/conc_3/aiperf_artifacts/profile_export.jsonl,1025,metrics.http_req_chunks_sent.value,metrics.http_req_chunks_sent.value,metricshttpreqchunkssentvalue,1025,1.0,0,0.0,0.0,int,int,1.0,1.0,1.0,1.0,count,count,1025,count
3,8493759151,agentic_glm5.2_p1x1_d1x8_conc3_kvdram-hisparse_fp8_dynamo-sglang_prefill-tp1-pp1-dcp1-pcp8-ep1-dpfalse-nw1_decode-tp8-pp1-dcp1-pcp1-ep1-dptrue-nw1_disagg-true_spec-none_conc3_h200-dgxc-slurm_4,/Users/sskim/Documents/Codex/2026-08-06/h200-agentx-conversation-id-benchmark-analysis/data/raw/github/run_29820102138/conc3/raw_agentic/8493759151_agentic_glm5.2_p1x1_d1x8_conc3_kvdram-hisparse_fp8_dynamo-sglang_prefill-tp1-pp1-dcp1-pcp8-ep1-dpfalse-nw1_decode-tp8-pp1-dcp1-pcp1-ep1-dptrue-nw1_disagg-true_spec-none_conc3_h200-dgxc-slurm_4/conc_3/aiperf_artifacts/profile_export.jsonl,1025,metrics.http_req_connecting.unit,metrics.http_req_connecting.unit,metricshttpreqconnectingunit,1025,1.0,0,0.0,0.0,str,str,,,,,,,0,unknown
3,8493759151,agentic_glm5.2_p1x1_d1x8_conc3_kvdram-hisparse_fp8_dynamo-sglang_prefill-tp1-pp1-dcp1-pcp8-ep1-dpfalse-nw1_decode-tp8-pp1-dcp1-pcp1-ep1-dptrue-nw1_disagg-true_spec-none_conc3_h200-dgxc-slurm_4,/Users/sskim/Documents/Codex/2026-08-06/h200-agentx-conversation-id-benchmark-analysis/data/raw/github/run_29820102138/conc3/raw_agentic/8493759151_agentic_glm5.2_p1x1_d1x8_conc3_kvdram-hisparse_fp8_dynamo-sglang_prefill-tp1-pp1-dcp1-pcp8-ep1-dpfalse-nw1_decode-tp8-pp1-dcp1-pcp1-ep1-dptrue-nw1_disagg-true_spec-none_conc3_h200-dgxc-slurm_4/conc_3/aiperf_artifacts/profile_export.jsonl,1025,metrics.http_req_connecting.value,metrics.http_req_connecting.value,metricshttpreqconnectingvalue,1025,1.0,0,0.0,0.0,float,float,0.0,7.19041,0.0,7.19041,ms,ms,1025,ms
3,8493759151,agentic_glm5.2_p1x1_d1x8_conc3_kvdram-hisparse_fp8_dynamo-sglang_prefill-tp1-pp1-dcp1-pcp8-ep1-dpfalse-nw1_decode-tp8-pp1-dcp1-pcp1-ep1-dptrue-nw1_disagg-true_spec-none_conc3_h200-dgxc-slurm_4,/Users/sskim/Documents/Codex/2026-08-06/h200-agentx-conversation-id-benchmark-analysis/data/raw/github/run_29820102138/conc3/raw_agentic/8493759151_agentic_glm5.2_p1x1_d1x8_conc3_kvdram-hisparse_fp8_dynamo-sglang_prefill-tp1-pp1-dcp1-pcp8-ep1-dpfalse-nw1_decode-tp8-pp1-dcp1-pcp1-ep1-dptrue-nw1_disagg-true_spec-none_conc3_h200-dgxc-slurm_4/conc_3/aiperf_artifacts/profile_export.jsonl,1025,metrics.http_req_connection_overhead.unit,metrics.http_req_connection_overhead.unit,metricshttpreqconnectionoverheadunit,1025,1.0,0,0.0,0.0,str,str,,,,,,,0,unknown
3,8493759151,agentic_glm5.2_p1x1_d1x8_conc3_kvdram-hisparse_fp8_dynamo-sglang_prefill-tp1-pp1-dcp1-pcp8-ep1-dpfalse-nw1_decode-tp8-pp1-dcp1-pcp1-ep1-dptrue-nw1_disagg-true_spec-none_conc3_h200-dgxc-slurm_4,/Users/sskim/Documents/Codex/2026-08-06/h200-agentx-conversation-id-benchmark-analysis/data/raw/github/run_29820102138/conc3/raw_agentic/8493759151_agentic_glm5.2_p1x1_d1x8_conc3_kvdram-hisparse_fp8_dynamo-sglang_prefill-tp1-pp1-dcp1-pcp8-ep1-dpfalse-nw1_decode-tp8-pp1-dcp1-pcp1-ep1-dptrue-nw1_disagg-true_spec-none_conc3_h200-dgxc-slurm_4/conc_3/aiperf_artifacts/profile_export.jsonl,1025,metrics.http_req_connection_overhead.value,metrics.http_req_connection_overhead.value,metricshttpreqconnectionoverheadvalue,1025,1.0,0,0.0,0.0,float,float,0.0,13.583573,0.0,13.583573,ms,ms,1025,ms
3,8493759151,agentic_glm5.2_p1x1_d1x8_conc3_kvdram-hisparse_fp8_dynamo-sglang_prefill-tp1-pp1-dcp1-pcp8-ep1-dpfalse-nw1_decode-tp8-pp1-dcp1-pcp1-ep1-dptrue-nw1_disagg-true_spec-none_conc3_h200-dgxc-slurm_4,/Users/sskim/Documents/Codex/2026-08-06/h200-agentx-conversation-id-benchmark-analysis/data/raw/github/run_29820102138/conc3/raw_agentic/8493759151_agentic_glm5.2_p1x1_d1x8_conc3_kvdram-hisparse_fp8_dynamo-sglang_prefill-tp1-pp1-dcp1-pcp8-ep1-dpfalse-nw1_decode-tp8-pp1-dcp1-pcp1-ep1-dptrue-nw1_disagg-true_spec-none_conc3_h200-dgxc-slurm_4/conc_3/aiperf_artifacts/profile_export.jsonl,1025,metrics.http_req_connection_reused.unit,metrics.http_req_connection_reused.unit,metricshttpreqconnectionreusedunit,1025,1.0,0,0.0,0.0,str,str,,,,,,,0,unknown
3,8493759151,agentic_glm5.2_p1x1_d1x8_conc3_kvdram-hisparse_fp8_dynamo-sglang_prefill-tp1-pp1-dcp1-pcp8-ep1-dpfalse-nw1_decode-tp8-pp1-dcp1-pcp1-ep1-dptrue-nw1_disagg-true_spec-none_conc3_h200-dgxc-slurm_4,/Users/sskim/Documents/Codex/2026-08-06/h200-agentx-conversation-id-benchmark-analysis/data/raw/github/run_29820102138/conc3/raw_agentic/8493759151_agentic_glm5.2_p1x1_d1x8_conc3_kvdram-hisparse_fp8_dynamo-sglang_prefill-tp1-pp1-dcp1-pcp8-ep1-dpfalse-nw1_decode-tp8-pp1-dcp1-pcp1-ep1-dptrue-nw1_disagg-true_spec-none_conc3_h200-dgxc-slurm_4/conc_3/aiperf_artifacts/profile_export.jsonl,1025,metrics.http_req_connection_reused.value,metrics.http_req_connection_reused.value,metricshttpreqconnectionreusedvalue,1025,1.0,0,0.0,0.0,int,int,0.0,1.0,0.0,1.0,ratio,ratio,1025,ratio
3,8493759151,agentic_glm5.2_p1x1_d1x8_conc3_kvdram-hisparse_fp8_dynamo-sglang_prefill-tp1-pp1-dcp1-pcp8-ep1-dpfalse-nw1_decode-tp8-pp1-dcp1-pcp1-ep1-dptrue-nw1_disagg-true_spec-none_conc3_h200-dgxc-slurm_4,/Users/sskim/Documents/Codex/2026-08-06/h200-agentx-conversation-id-benchmark-analysis/data/raw/github/run_29820102138/conc3/raw_agentic/8493759151_agentic_glm5.2_p1x1_d1x8_conc3_kvdram-hisparse_fp8_dynamo-sglang_prefill-tp1-pp1-dcp1-pcp8-ep1-dpfalse-nw1_decode-tp8-pp1-dcp1-pcp1-ep1-dptrue-nw1_disagg-true_spec-none_conc3_h200-dgxc-slurm_4/conc_3/aiperf_artifacts/profile_export.jsonl,1025,metrics.http_req_data_received.unit,metrics.http_req_data_received.unit,metricshttpreqdatareceivedunit,1025,1.0,0,0.0,0.0,str,str,,,,,,,0,unknown
3,8493759151,agentic_glm5.2_p1x1_d1x8_conc3_kvdram-hisparse_fp8_dynamo-sglang_prefill-tp1-pp1-dcp1-pcp8-ep1-dpfalse-nw1_decode-tp8-pp1-dcp1-pcp1-ep1-dptrue-nw1_disagg-true_spec-none_conc3_h200-dgxc-slurm_4,/Users/sskim/Documents/Codex/2026-08-06/h200-agentx-conversation-id-benchmark-analysis/data/raw/github/run_29820102138/conc3/raw_agentic/8493759151_agentic_glm5.2_p1x1_d1x8_conc3_kvdram-hisparse_fp8_dynamo-sglang_prefill-tp1-pp1-dcp1-pcp8-ep1-dpfalse-nw1_decode-tp8-pp1-dcp1-pcp1-ep1-dptrue-nw1_disagg-true_spec-none_conc3_h200-dgxc-slurm_4/conc_3/aiperf_artifacts/profile_export.jsonl,1025,metrics.http_req_data_received.value,metrics.http_req_data_received.value,metricshttpreqdatareceivedvalue,1025,1.0,0,0.0,0.0,float,float,0.5849609375,53.6650390625,0.5849609375,53.6650390625,KB,KB,1025,KB
3,8493759151,agentic_glm5.2_p1x1_d1x8_conc3_kvdram-hisparse_fp8_dynamo-sglang_prefill-tp1-pp1-dcp1-pcp8-ep1-dpfalse-nw1_decode-tp8-pp1-dcp1-pcp1-ep1-dptrue-nw1_disagg-true_spec-none_conc3_h200-dgxc-slurm_4,/Users/sskim/Documents/Codex/2026-08-06/h200-agentx-conversation-id-benchmark-analysis/data/raw/github/run_29820102138/conc3/raw_agentic/8493759151_agentic_glm5.2_p1x1_d1x8_conc3_kvdram-hisparse_fp8_dynamo-sglang_prefill-tp1-pp1-dcp1-pcp8-ep1-dpfalse-nw1_decode-tp8-pp1-dcp1-pcp1-ep1-dptrue-nw1_disagg-true_spec-none_conc3_h200-dgxc-slurm_4/conc_3/aiperf_artifacts/profile_export.jsonl,1025,metrics.http_req_data_sent.unit,metrics.http_req_data_sent.unit,metricshttpreqdatasentunit,1025,1.0,0,0.0,0.0,str,str,,,,,,,0,unknown
3,8493759151,agentic_glm5.2_p1x1_d1x8_conc3_kvdram-hisparse_fp8_dynamo-sglang_prefill-tp1-pp1-dcp1-pcp8-ep1-dpfalse-nw1_decode-tp8-pp1-dcp1-pcp1-ep1-dptrue-nw1_disagg-true_spec-none_conc3_h200-dgxc-slurm_4,/Users/sskim/Documents/Codex/2026-08-06/h200-agentx-conversation-id-benchmark-analysis/data/raw/github/run_29820102138/conc3/raw_agentic/8493759151_agentic_glm5.2_p1x1_d1x8_conc3_kvdram-hisparse_fp8_dynamo-sglang_prefill-tp1-pp1-dcp1-pcp8-ep1-dpfalse-nw1_decode-tp8-pp1-dcp1-pcp1-ep1-dptrue-nw1_disagg-true_spec-none_conc3_h200-dgxc-slurm_4/conc_3/aiperf_artifacts/profile_export.jsonl,1025,metrics.http_req_data_sent.value,metrics.http_req_data_sent.value,metricshttpreqdatasentvalue,1025,1.0,0,0.0,0.0,float,float,1.7265625,2662.2412109375,1.7265625,2662.2412109375,KB,KB,1025,KB
3,8493759151,agentic_glm5.2_p1x1_d1x8_conc3_kvdram-hisparse_fp8_dynamo-sglang_prefill-tp1-pp1-dcp1-pcp8-ep1-dpfalse-nw1_decode-tp8-pp1-dcp1-pcp1-ep1-dptrue-nw1_disagg-true_spec-none_conc3_h200-dgxc-slurm_4,/Users/sskim/Documents/Codex/2026-08-06/h200-agentx-conversation-id-benchmark-analysis/data/raw/github/run_29820102138/conc3/raw_agentic/8493759151_agentic_glm5.2_p1x1_d1x8_conc3_kvdram-hisparse_fp8_dynamo-sglang_prefill-tp1-pp1-dcp1-pcp8-ep1-dpfalse-nw1_decode-tp8-pp1-dcp1-pcp1-ep1-dptrue-nw1_disagg-true_spec-none_conc3_h200-dgxc-slurm_4/conc_3/aiperf_artifacts/profile_export.jsonl,1025,metrics.http_req_dns_lookup.unit,metrics.http_req_dns_lookup.unit,metricshttpreqdnslookupunit,1025,1.0,0,0.0,0.0,str,str,,,,,,,0,unknown
3,8493759151,agentic_glm5.2_p1x1_d1x8_conc3_kvdram-hisparse_fp8_dynamo-sglang_prefill-tp1-pp1-dcp1-pcp8-ep1-dpfalse-nw1_decode-tp8-pp1-dcp1-pcp1-ep1-dptrue-nw1_disagg-true_spec-none_conc3_h200-dgxc-slurm_4,/Users/sskim/Documents/Codex/2026-08-06/h200-agentx-conversation-id-benchmark-analysis/data/raw/github/run_29820102138/conc3/raw_agentic/8493759151_agentic_glm5.2_p1x1_d1x8_conc3_kvdram-hisparse_fp8_dynamo-sglang_prefill-tp1-pp1-dcp1-pcp8-ep1-dpfalse-nw1_decode-tp8-pp1-dcp1-pcp1-ep1-dptrue-nw1_disagg-true_spec-none_conc3_h200-dgxc-slurm_4/conc_3/aiperf_artifacts/profile_export.jsonl,1025,metrics.http_req_dns_lookup.value,metrics.http_req_dns_lookup.value,metricshttpreqdnslookupvalue,1025,1.0,0,0.0,0.0,float,float,0.0,6.3931629999999995,0.0,6.3931629999999995,ms,ms,1025,ms
3,8493759151,agentic_glm5.2_p1x1_d1x8_conc3_kvdram-hisparse_fp8_dynamo-sglang_prefill-tp1-pp1-dcp1-pcp8-ep1-dpfalse-nw1_decode-tp8-pp1-dcp1-pcp1-ep1-dptrue-nw1_disagg-true_spec-none_conc3_h200-dgxc-slurm_4,/Users/sskim/Documents/Codex/2026-08-06/h200-agentx-conversation-id-benchmark-analysis/data/raw/github/run_29820102138/conc3/raw_agentic/8493759151_agentic_glm5.2_p1x1_d1x8_conc3_kvdram-hisparse_fp8_dynamo-sglang_prefill-tp1-pp1-dcp1-pcp8-ep1-dpfalse-nw1_decode-tp8-pp1-dcp1-pcp1-ep1-dptrue-nw1_disagg-true_spec-none_conc3_h200-dgxc-slurm_4/conc_3/aiperf_artifacts/profile_export.jsonl,1025,metrics.http_req_duration.unit,metrics.http_req_duration.unit,metricshttpreqdurationunit,1025,1.0,0,0.0,0.0,str,str,,,,,,,0,unknown
3,8493759151,agentic_glm5.2_p1x1_d1x8_conc3_kvdram-hisparse_fp8_dynamo-sglang_prefill-tp1-pp1-dcp1-pcp8-ep1-dpfalse-nw1_decode-tp8-pp1-dcp1-pcp1-ep1-dptrue-nw1_disagg-true_spec-none_conc3_h200-dgxc-slurm_4,/Users/sskim/Documents/Codex/2026-08-06/h200-agentx-conversation-id-benchmark-analysis/data/raw/github/run_29820102138/conc3/raw_agentic/8493759151_agentic_glm5.2_p1x1_d1x8_conc3_kvdram-hisparse_fp8_dynamo-sglang_prefill-tp1-pp1-dcp1-pcp8-ep1-dpfalse-nw1_decode-tp8-pp1-dcp1-pcp1-ep1-dptrue-nw1_disagg-true_spec-none_conc3_h200-dgxc-slurm_4/conc_3/aiperf_artifacts/profile_export.jsonl,1025,metrics.http_req_duration.value,metrics.http_req_duration.value,metricshttpreqdurationvalue,1025,1.0,0,0.0,0.0,float,float,636.752532,214076.76985399998,636.752532,214076.76985399998,ms,ms,1025,ms
3,8493759151,agentic_glm5.2_p1x1_d1x8_conc3_kvdram-hisparse_fp8_dynamo-sglang_prefill-tp1-pp1-dcp1-pcp8-ep1-dpfalse-nw1_decode-tp8-pp1-dcp1-pcp1-ep1-dptrue-nw1_disagg-true_spec-none_conc3_h200-dgxc-slurm_4,/Users/sskim/Documents/Codex/2026-08-06/h200-agentx-conversation-id-benchmark-analysis/data/raw/github/run_29820102138/conc3/raw_agentic/8493759151_agentic_glm5.2_p1x1_d1x8_conc3_kvdram-hisparse_fp8_dynamo-sglang_prefill-tp1-pp1-dcp1-pcp8-ep1-dpfalse-nw1_decode-tp8-pp1-dcp1-pcp1-ep1-dptrue-nw1_disagg-true_spec-none_conc3_h200-dgxc-slurm_4/conc_3/aiperf_artifacts/profile_export.jsonl,1025,metrics.http_req_receiving.unit,metrics.http_req_receiving.unit,metricshttpreqreceivingunit,1025,1.0,0,0.0,0.0,str,str,,,,,,,0,unknown
3,8493759151,agentic_glm5.2_p1x1_d1x8_conc3_kvdram-hisparse_fp8_dynamo-sglang_prefill-tp1-pp1-dcp1-pcp8-ep1-dpfalse-nw1_decode-tp8-pp1-dcp1-pcp1-ep1-dptrue-nw1_disagg-true_spec-none_conc3_h200-dgxc-slurm_4,/Users/sskim/Documents/Codex/2026-08-06/h200-agentx-conversation-id-benchmark-analysis/data/raw/github/run_29820102138/conc3/raw_agentic/8493759151_agentic_glm5.2_p1x1_d1x8_conc3_kvdram-hisparse_fp8_dynamo-sglang_prefill-tp1-pp1-dcp1-pcp8-ep1-dpfalse-nw1_decode-tp8-pp1-dcp1-pcp1-ep1-dptrue-nw1_disagg-true_spec-none_conc3_h200-dgxc-slurm_4/conc_3/aiperf_artifacts/profile_export.jsonl,1025,metrics.http_req_receiving.value,metrics.http_req_receiving.value,metricshttpreqreceivingvalue,1025,1.0,0,0.0,0.0,float,float,0.0,181802.968554,0.0,181802.968554,ms,ms,1025,ms
3,8493759151,agentic_glm5.2_p1x1_d1x8_conc3_kvdram-hisparse_fp8_dynamo-sglang_prefill-tp1-pp1-dcp1-pcp8-ep1-dpfalse-nw1_decode-tp8-pp1-dcp1-pcp1-ep1-dptrue-nw1_disagg-true_spec-none_conc3_h200-dgxc-slurm_4,/Users/sskim/Documents/Codex/2026-08-06/h200-agentx-conversation-id-benchmark-analysis/data/raw/github/run_29820102138/conc3/raw_agentic/8493759151_agentic_glm5.2_p1x1_d1x8_conc3_kvdram-hisparse_fp8_dynamo-sglang_prefill-tp1-pp1-dcp1-pcp8-ep1-dpfalse-nw1_decode-tp8-pp1-dcp1-pcp1-ep1-dptrue-nw1_disagg-true_spec-none_conc3_h200-dgxc-slurm_4/conc_3/aiperf_artifacts/profile_export.jsonl,1025,metrics.http_req_sending.unit,metrics.http_req_sending.unit,metricshttpreqsendingunit,1025,1.0,0,0.0,0.0,str,str,,,,,,,0,unknown
3,8493759151,agentic_glm5.2_p1x1_d1x8_conc3_kvdram-hisparse_fp8_dynamo-sglang_prefill-tp1-pp1-dcp1-pcp8-ep1-dpfalse-nw1_decode-tp8-pp1-dcp1-pcp1-ep1-dptrue-nw1_disagg-true_spec-none_conc3_h200-dgxc-slurm_4,/Users/sskim/Documents/Codex/2026-08-06/h200-agentx-conversation-id-benchmark-analysis/data/raw/github/run_29820102138/conc3/raw_agentic/8493759151_agentic_glm5.2_p1x1_d1x8_conc3_kvdram-hisparse_fp8_dynamo-sglang_prefill-tp1-pp1-dcp1-pcp8-ep1-dpfalse-nw1_decode-tp8-pp1-dcp1-pcp1-ep1-dptrue-nw1_disagg-true_spec-none_conc3_h200-dgxc-slurm_4/conc_3/aiperf_artifacts/profile_export.jsonl,1025,metrics.http_req_sending.value,metrics.http_req_sending.value,metricshttpreqsendingvalue,1025,1.0,0,0.0,0.0,float,float,0.072878,7.715723,0.072878,7.715723,ms,ms,1025,ms
3,8493759151,agentic_glm5.2_p1x1_d1x8_conc3_kvdram-hisparse_fp8_dynamo-sglang_prefill-tp1-pp1-dcp1-pcp8-ep1-dpfalse-nw1_decode-tp8-pp1-dcp1-pcp1-ep1-dptrue-nw1_disagg-true_spec-none_conc3_h200-dgxc-slurm_4,/Users/sskim/Documents/Codex/2026-08-06/h200-agentx-conversation-id-benchmark-analysis/data/raw/github/run_29820102138/conc3/raw_agentic/8493759151_agentic_glm5.2_p1x1_d1x8_conc3_kvdram-hisparse_fp8_dynamo-sglang_prefill-tp1-pp1-dcp1-pcp8-ep1-dpfalse-nw1_decode-tp8-pp1-dcp1-pcp1-ep1-dptrue-nw1_disagg-true_spec-none_conc3_h200-dgxc-slurm_4/conc_3/aiperf_artifacts/profile_export.jsonl,1025,metrics.http_req_total.unit,metrics.http_req_total.unit,metricshttpreqtotalunit,1025,1.0,0,0.0,0.0,str,str,,,,,,,0,unknown
3,8493759151,agentic_glm5.2_p1x1_d1x8_conc3_kvdram-hisparse_fp8_dynamo-sglang_prefill-tp1-pp1-dcp1-pcp8-ep1-dpfalse-nw1_decode-tp8-pp1-dcp1-pcp1-ep1-dptrue-nw1_disagg-true_spec-none_conc3_h200-dgxc-slurm_4,/Users/sskim/Documents/Codex/2026-08-06/h200-agentx-conversation-id-benchmark-analysis/data/raw/github/run_29820102138/conc3/raw_agentic/8493759151_agentic_glm5.2_p1x1_d1x8_conc3_kvdram-hisparse_fp8_dynamo-sglang_prefill-tp1-pp1-dcp1-pcp8-ep1-dpfalse-nw1_decode-tp8-pp1-dcp1-pcp1-ep1-dptrue-nw1_disagg-true_spec-none_conc3_h200-dgxc-slurm_4/conc_3/aiperf_artifacts/profile_export.jsonl,1025,metrics.http_req_total.value,metrics.http_req_total.value,metricshttpreqtotalvalue,1025,1.0,0,0.0,0.0,float,float,636.752532,214076.76985399998,636.752532,214076.76985399998,ms,ms,1025,ms
3,8493759151,agentic_glm5.2_p1x1_d1x8_conc3_kvdram-hisparse_fp8_dynamo-sglang_prefill-tp1-pp1-dcp1-pcp8-ep1-dpfalse-nw1_decode-tp8-pp1-dcp1-pcp1-ep1-dptrue-nw1_disagg-true_spec-none_conc3_h200-dgxc-slurm_4,/Users/sskim/Documents/Codex/2026-08-06/h200-agentx-conversation-id-benchmark-analysis/data/raw/github/run_29820102138/conc3/raw_agentic/8493759151_agentic_glm5.2_p1x1_d1x8_conc3_kvdram-hisparse_fp8_dynamo-sglang_prefill-tp1-pp1-dcp1-pcp8-ep1-dpfalse-nw1_decode-tp8-pp1-dcp1-pcp1-ep1-dptrue-nw1_disagg-true_spec-none_conc3_h200-dgxc-slurm_4/conc_3/aiperf_artifacts/profile_export.jsonl,1025,metrics.http_req_waiting.unit,metrics.http_req_waiting.unit,metricshttpreqwaitingunit,1025,1.0,0,0.0,0.0,str,str,,,,,,,0,unknown
3,8493759151,agentic_glm5.2_p1x1_d1x8_conc3_kvdram-hisparse_fp8_dynamo-sglang_prefill-tp1-pp1-dcp1-pcp8-ep1-dpfalse-nw1_decode-tp8-pp1-dcp1-pcp1-ep1-dptrue-nw1_disagg-true_spec-none_conc3_h200-dgxc-slurm_4,/Users/sskim/Documents/Codex/2026-08-06/h200-agentx-conversation-id-benchmark-analysis/data/raw/github/run_29820102138/conc3/raw_agentic/8493759151_agentic_glm5.2_p1x1_d1x8_conc3_kvdram-hisparse_fp8_dynamo-sglang_prefill-tp1-pp1-dcp1-pcp8-ep1-dpfalse-nw1_decode-tp8-pp1-dcp1-pcp1-ep1-dptrue-nw1_disagg-true_spec-none_conc3_h200-dgxc-slurm_4/conc_3/aiperf_artifacts/profile_export.jsonl,1025,metrics.http_req_waiting.value,metrics.http_req_waiting.value,metricshttpreqwaitingvalue,1025,1.0,0,0.0,0.0,float,float,317.040558,214076.595588,317.040558,214076.595588,ms,ms,1025,ms
3,8493759151,agentic_glm5.2_p1x1_d1x8_conc3_kvdram-hisparse_fp8_dynamo-sglang_prefill-tp1-pp1-dcp1-pcp8-ep1-dpfalse-nw1_decode-tp8-pp1-dcp1-pcp1-ep1-dptrue-nw1_disagg-true_spec-none_conc3_h200-dgxc-slurm_4,/Users/sskim/Documents/Codex/2026-08-06/h200-agentx-conversation-id-benchmark-analysis/data/raw/github/run_29820102138/conc3/raw_agentic/8493759151_agentic_glm5.2_p1x1_d1x8_conc3_kvdram-hisparse_fp8_dynamo-sglang_prefill-tp1-pp1-dcp1-pcp8-ep1-dpfalse-nw1_decode-tp8-pp1-dcp1-pcp1-ep1-dptrue-nw1_disagg-true_spec-none_conc3_h200-dgxc-slurm_4/conc_3/aiperf_artifacts/profile_export.jsonl,1025,metrics.input_sequence_length.unit,metrics.input_sequence_length.unit,metricsinputsequencelengthunit,1025,1.0,0,0.0,0.0,str,str,,,,,,,0,unknown
3,8493759151,agentic_glm5.2_p1x1_d1x8_conc3_kvdram-hisparse_fp8_dynamo-sglang_prefill-tp1-pp1-dcp1-pcp8-ep1-dpfalse-nw1_decode-tp8-pp1-dcp1-pcp1-ep1-dptrue-nw1_disagg-true_spec-none_conc3_h200-dgxc-slurm_4,/Users/sskim/Documents/Codex/2026-08-06/h200-agentx-conversation-id-benchmark-analysis/data/raw/github/run_29820102138/conc3/raw_agentic/8493759151_agentic_glm5.2_p1x1_d1x8_conc3_kvdram-hisparse_fp8_dynamo-sglang_prefill-tp1-pp1-dcp1-pcp8-ep1-dpfalse-nw1_decode-tp8-pp1-dcp1-pcp1-ep1-dptrue-nw1_disagg-true_spec-none_conc3_h200-dgxc-slurm_4/conc_3/aiperf_artifacts/profile_export.jsonl,1025,metrics.input_sequence_length.value,metrics.input_sequence_length.value,metricsinputsequencelengthvalue,1025,1.0,0,0.0,0.0,int,int,1.0,158683.0,1.0,158683.0,tokens,tokens,1025,tokens
3,8493759151,agentic_glm5.2_p1x1_d1x8_conc3_kvdram-hisparse_fp8_dynamo-sglang_prefill-tp1-pp1-dcp1-pcp8-ep1-dpfalse-nw1_decode-tp8-pp1-dcp1-pcp1-ep1-dptrue-nw1_disagg-true_spec-none_conc3_h200-dgxc-slurm_4,/Users/sskim/Documents/Codex/2026-08-06/h200-agentx-conversation-id-benchmark-analysis/data/raw/github/run_29820102138/conc3/raw_agentic/8493759151_agentic_glm5.2_p1x1_d1x8_conc3_kvdram-hisparse_fp8_dynamo-sglang_prefill-tp1-pp1-dcp1-pcp8-ep1-dpfalse-nw1_decode-tp8-pp1-dcp1-pcp1-ep1-dptrue-nw1_disagg-true_spec-none_conc3_h200-dgxc-slurm_4/conc_3/aiperf_artifacts/profile_export.jsonl,1025,metrics.inter_chunk_latency.unit,metrics.inter_chunk_latency.unit,metricsinterchunklatencyunit,169,0.1648780487804878,0,0.0,0.0,str,str,,,,,,,0,unknown
3,8493759151,agentic_glm5.2_p1x1_d1x8_conc3_kvdram-hisparse_fp8_dynamo-sglang_prefill-tp1-pp1-dcp1-pcp8-ep1-dpfalse-nw1_decode-tp8-pp1-dcp1-pcp1-ep1-dptrue-nw1_disagg-true_spec-none_conc3_h200-dgxc-slurm_4,/Users/sskim/Documents/Codex/2026-08-06/h200-agentx-conversation-id-benchmark-analysis/data/raw/github/run_29820102138/conc3/raw_agentic/8493759151_agentic_glm5.2_p1x1_d1x8_conc3_kvdram-hisparse_fp8_dynamo-sglang_prefill-tp1-pp1-dcp1-pcp8-ep1-dpfalse-nw1_decode-tp8-pp1-dcp1-pcp1-ep1-dptrue-nw1_disagg-true_spec-none_conc3_h200-dgxc-slurm_4/conc_3/aiperf_artifacts/profile_export.jsonl,1025,metrics.inter_chunk_latency.value,metrics.inter_chunk_latency.value,metricsinterchunklatencyvalue,169,0.1648780487804878,0,0.0,0.0,str,str,,,,,ms,ms,169,ms
3,8493759151,agentic_glm5.2_p1x1_d1x8_conc3_kvdram-hisparse_fp8_dynamo-sglang_prefill-tp1-pp1-dcp1-pcp8-ep1-dpfalse-nw1_decode-tp8-pp1-dcp1-pcp1-ep1-dptrue-nw1_disagg-true_spec-none_conc3_h200-dgxc-slurm_4,/Users/sskim/Documents/Codex/2026-08-06/h200-agentx-conversation-id-benchmark-analysis/data/raw/github/run_29820102138/conc3/raw_agentic/8493759151_agentic_glm5.2_p1x1_d1x8_conc3_kvdram-hisparse_fp8_dynamo-sglang_prefill-tp1-pp1-dcp1-pcp8-ep1-dpfalse-nw1_decode-tp8-pp1-dcp1-pcp1-ep1-dptrue-nw1_disagg-true_spec-none_conc3_h200-dgxc-slurm_4/conc_3/aiperf_artifacts/profile_export.jsonl,1025,metrics.inter_token_latency.unit,metrics.inter_token_latency.unit,metricsintertokenlatencyunit,169,0.1648780487804878,0,0.0,0.0,str,str,,,,,,,0,unknown
3,8493759151,agentic_glm5.2_p1x1_d1x8_conc3_kvdram-hisparse_fp8_dynamo-sglang_prefill-tp1-pp1-dcp1-pcp8-ep1-dpfalse-nw1_decode-tp8-pp1-dcp1-pcp1-ep1-dptrue-nw1_disagg-true_spec-none_conc3_h200-dgxc-slurm_4,/Users/sskim/Documents/Codex/2026-08-06/h200-agentx-conversation-id-benchmark-analysis/data/raw/github/run_29820102138/conc3/raw_agentic/8493759151_agentic_glm5.2_p1x1_d1x8_conc3_kvdram-hisparse_fp8_dynamo-sglang_prefill-tp1-pp1-dcp1-pcp8-ep1-dpfalse-nw1_decode-tp8-pp1-dcp1-pcp1-ep1-dptrue-nw1_disagg-true_spec-none_conc3_h200-dgxc-slurm_4/conc_3/aiperf_artifacts/profile_export.jsonl,1025,metrics.inter_token_latency.value,metrics.inter_token_latency.value,metricsintertokenlatencyvalue,169,0.1648780487804878,0,0.0,0.0,float,float,25.68173860869565,80.22554199999999,25.68173860869565,80.22554199999999,ms,ms,169,ms
3,8493759151,agentic_glm5.2_p1x1_d1x8_conc3_kvdram-hisparse_fp8_dynamo-sglang_prefill-tp1-pp1-dcp1-pcp8-ep1-dpfalse-nw1_decode-tp8-pp1-dcp1-pcp1-ep1-dptrue-nw1_disagg-true_spec-none_conc3_h200-dgxc-slurm_4,/Users/sskim/Documents/Codex/2026-08-06/h200-agentx-conversation-id-benchmark-analysis/data/raw/github/run_29820102138/conc3/raw_agentic/8493759151_agentic_glm5.2_p1x1_d1x8_conc3_kvdram-hisparse_fp8_dynamo-sglang_prefill-tp1-pp1-dcp1-pcp8-ep1-dpfalse-nw1_decode-tp8-pp1-dcp1-pcp1-ep1-dptrue-nw1_disagg-true_spec-none_conc3_h200-dgxc-slurm_4/conc_3/aiperf_artifacts/profile_export.jsonl,1025,metrics.osl_mismatch_diff_pct.unit,metrics.osl_mismatch_diff_pct.unit,metricsoslmismatchdiffpctunit,1025,1.0,0,0.0,0.0,str,str,,,,,,,0,unknown
3,8493759151,agentic_glm5.2_p1x1_d1x8_conc3_kvdram-hisparse_fp8_dynamo-sglang_prefill-tp1-pp1-dcp1-pcp8-ep1-dpfalse-nw1_decode-tp8-pp1-dcp1-pcp1-ep1-dptrue-nw1_disagg-true_spec-none_conc3_h200-dgxc-slurm_4,/Users/sskim/Documents/Codex/2026-08-06/h200-agentx-conversation-id-benchmark-analysis/data/raw/github/run_29820102138/conc3/raw_agentic/8493759151_agentic_glm5.2_p1x1_d1x8_conc3_kvdram-hisparse_fp8_dynamo-sglang_prefill-tp1-pp1-dcp1-pcp8-ep1-dpfalse-nw1_decode-tp8-pp1-dcp1-pcp1-ep1-dptrue-nw1_disagg-true_spec-none_conc3_h200-dgxc-slurm_4/conc_3/aiperf_artifacts/profile_export.jsonl,1025,metrics.osl_mismatch_diff_pct.value,metrics.osl_mismatch_diff_pct.value,metricsoslmismatchdiffpctvalue,1025,1.0,0,0.0,0.0,float,float,-99.9937181983793,0.0,-99.9937181983793,0.0,%,%,1025,%
3,8493759151,agentic_glm5.2_p1x1_d1x8_conc3_kvdram-hisparse_fp8_dynamo-sglang_prefill-tp1-pp1-dcp1-pcp8-ep1-dpfalse-nw1_decode-tp8-pp1-dcp1-pcp1-ep1-dptrue-nw1_disagg-true_spec-none_conc3_h200-dgxc-slurm_4,/Users/sskim/Documents/Codex/2026-08-06/h200-agentx-conversation-id-benchmark-analysis/data/raw/github/run_29820102138/conc3/raw_agentic/8493759151_agentic_glm5.2_p1x1_d1x8_conc3_kvdram-hisparse_fp8_dynamo-sglang_prefill-tp1-pp1-dcp1-pcp8-ep1-dpfalse-nw1_decode-tp8-pp1-dcp1-pcp1-ep1-dptrue-nw1_disagg-true_spec-none_conc3_h200-dgxc-slurm_4/conc_3/aiperf_artifacts/profile_export.jsonl,1025,metrics.output_sequence_length.unit,metrics.output_sequence_length.unit,metricsoutputsequencelengthunit,1025,1.0,0,0.0,0.0,str,str,,,,,,,0,unknown
3,8493759151,agentic_glm5.2_p1x1_d1x8_conc3_kvdram-hisparse_fp8_dynamo-sglang_prefill-tp1-pp1-dcp1-pcp8-ep1-dpfalse-nw1_decode-tp8-pp1-dcp1-pcp1-ep1-dptrue-nw1_disagg-true_spec-none_conc3_h200-dgxc-slurm_4,/Users/sskim/Documents/Codex/2026-08-06/h200-agentx-conversation-id-benchmark-analysis/data/raw/github/run_29820102138/conc3/raw_agentic/8493759151_agentic_glm5.2_p1x1_d1x8_conc3_kvdram-hisparse_fp8_dynamo-sglang_prefill-tp1-pp1-dcp1-pcp8-ep1-dpfalse-nw1_decode-tp8-pp1-dcp1-pcp1-ep1-dptrue-nw1_disagg-true_spec-none_conc3_h200-dgxc-slurm_4/conc_3/aiperf_artifacts/profile_export.jsonl,1025,metrics.output_sequence_length.value,metrics.output_sequence_length.value,metricsoutputsequencelengthvalue,1025,1.0,0,0.0,0.0,int,int,1.0,5814.0,1.0,5814.0,tokens,tokens,1025,tokens
3,8493759151,agentic_glm5.2_p1x1_d1x8_conc3_kvdram-hisparse_fp8_dynamo-sglang_prefill-tp1-pp1-dcp1-pcp8-ep1-dpfalse-nw1_decode-tp8-pp1-dcp1-pcp1-ep1-dptrue-nw1_disagg-true_spec-none_conc3_h200-dgxc-slurm_4,/Users/sskim/Documents/Codex/2026-08-06/h200-agentx-conversation-id-benchmark-analysis/data/raw/github/run_29820102138/conc3/raw_agentic/8493759151_agentic_glm5.2_p1x1_d1x8_conc3_kvdram-hisparse_fp8_dynamo-sglang_prefill-tp1-pp1-dcp1-pcp8-ep1-dpfalse-nw1_decode-tp8-pp1-dcp1-pcp1-ep1-dptrue-nw1_disagg-true_spec-none_conc3_h200-dgxc-slurm_4/conc_3/aiperf_artifacts/profile_export.jsonl,1025,metrics.output_token_count.unit,metrics.output_token_count.unit,metricsoutputtokencountunit,1025,1.0,0,0.0,0.0,str,str,,,,,,,0,unknown
3,8493759151,agentic_glm5.2_p1x1_d1x8_conc3_kvdram-hisparse_fp8_dynamo-sglang_prefill-tp1-pp1-dcp1-pcp8-ep1-dpfalse-nw1_decode-tp8-pp1-dcp1-pcp1-ep1-dptrue-nw1_disagg-true_spec-none_conc3_h200-dgxc-slurm_4,/Users/sskim/Documents/Codex/2026-08-06/h200-agentx-conversation-id-benchmark-analysis/data/raw/github/run_29820102138/conc3/raw_agentic/8493759151_agentic_glm5.2_p1x1_d1x8_conc3_kvdram-hisparse_fp8_dynamo-sglang_prefill-tp1-pp1-dcp1-pcp8-ep1-dpfalse-nw1_decode-tp8-pp1-dcp1-pcp1-ep1-dptrue-nw1_disagg-true_spec-none_conc3_h200-dgxc-slurm_4/conc_3/aiperf_artifacts/profile_export.jsonl,1025,metrics.output_token_count.value,metrics.output_token_count.value,metricsoutputtokencountvalue,1025,1.0,0,0.0,0.0,int,int,1.0,5814.0,1.0,5814.0,tokens,tokens,1025,tokens
3,8493759151,agentic_glm5.2_p1x1_d1x8_conc3_kvdram-hisparse_fp8_dynamo-sglang_prefill-tp1-pp1-dcp1-pcp8-ep1-dpfalse-nw1_decode-tp8-pp1-dcp1-pcp1-ep1-dptrue-nw1_disagg-true_spec-none_conc3_h200-dgxc-slurm_4,/Users/sskim/Documents/Codex/2026-08-06/h200-agentx-conversation-id-benchmark-analysis/data/raw/github/run_29820102138/conc3/raw_agentic/8493759151_agentic_glm5.2_p1x1_d1x8_conc3_kvdram-hisparse_fp8_dynamo-sglang_prefill-tp1-pp1-dcp1-pcp8-ep1-dpfalse-nw1_decode-tp8-pp1-dcp1-pcp1-ep1-dptrue-nw1_disagg-true_spec-none_conc3_h200-dgxc-slurm_4/conc_3/aiperf_artifacts/profile_export.jsonl,1025,metrics.output_token_throughput_per_user.unit,metrics.output_token_throughput_per_user.unit,metricsoutputtokenthroughputperuserunit,169,0.1648780487804878,0,0.0,0.0,str,str,,,,,,,0,unknown
3,8493759151,agentic_glm5.2_p1x1_d1x8_conc3_kvdram-hisparse_fp8_dynamo-sglang_prefill-tp1-pp1-dcp1-pcp8-ep1-dpfalse-nw1_decode-tp8-pp1-dcp1-pcp1-ep1-dptrue-nw1_disagg-true_spec-none_conc3_h200-dgxc-slurm_4,/Users/sskim/Documents/Codex/2026-08-06/h200-agentx-conversation-id-benchmark-analysis/data/raw/github/run_29820102138/conc3/raw_agentic/8493759151_agentic_glm5.2_p1x1_d1x8_conc3_kvdram-hisparse_fp8_dynamo-sglang_prefill-tp1-pp1-dcp1-pcp8-ep1-dpfalse-nw1_decode-tp8-pp1-dcp1-pcp1-ep1-dptrue-nw1_disagg-true_spec-none_conc3_h200-dgxc-slurm_4/conc_3/aiperf_artifacts/profile_export.jsonl,1025,metrics.output_token_throughput_per_user.value,metrics.output_token_throughput_per_user.value,metricsoutputtokenthroughputperuservalue,169,0.1648780487804878,0,0.0,0.0,float,float,12.464858137075595,38.938173744257604,12.464858137075595,38.938173744257604,tokens/sec/user,tokens/sec/user,169,tokens/sec/user
3,8493759151,agentic_glm5.2_p1x1_d1x8_conc3_kvdram-hisparse_fp8_dynamo-sglang_prefill-tp1-pp1-dcp1-pcp8-ep1-dpfalse-nw1_decode-tp8-pp1-dcp1-pcp1-ep1-dptrue-nw1_disagg-true_spec-none_conc3_h200-dgxc-slurm_4,/Users/sskim/Documents/Codex/2026-08-06/h200-agentx-conversation-id-benchmark-analysis/data/raw/github/run_29820102138/conc3/raw_agentic/8493759151_agentic_glm5.2_p1x1_d1x8_conc3_kvdram-hisparse_fp8_dynamo-sglang_prefill-tp1-pp1-dcp1-pcp8-ep1-dpfalse-nw1_decode-tp8-pp1-dcp1-pcp1-ep1-dptrue-nw1_disagg-true_spec-none_conc3_h200-dgxc-slurm_4/conc_3/aiperf_artifacts/profile_export.jsonl,1025,metrics.prefill_throughput_per_user.unit,metrics.prefill_throughput_per_user.unit,metricsprefillthroughputperuserunit,1025,1.0,0,0.0,0.0,str,str,,,,,,,0,unknown
3,8493759151,agentic_glm5.2_p1x1_d1x8_conc3_kvdram-hisparse_fp8_dynamo-sglang_prefill-tp1-pp1-dcp1-pcp8-ep1-dpfalse-nw1_decode-tp8-pp1-dcp1-pcp1-ep1-dptrue-nw1_disagg-true_spec-none_conc3_h200-dgxc-slurm_4,/Users/sskim/Documents/Codex/2026-08-06/h200-agentx-conversation-id-benchmark-analysis/data/raw/github/run_29820102138/conc3/raw_agentic/8493759151_agentic_glm5.2_p1x1_d1x8_conc3_kvdram-hisparse_fp8_dynamo-sglang_prefill-tp1-pp1-dcp1-pcp8-ep1-dpfalse-nw1_decode-tp8-pp1-dcp1-pcp1-ep1-dptrue-nw1_disagg-true_spec-none_conc3_h200-dgxc-slurm_4/conc_3/aiperf_artifacts/profile_export.jsonl,1025,metrics.prefill_throughput_per_user.value,metrics.prefill_throughput_per_user.value,metricsprefillthroughputperuservalue,1025,1.0,0,0.0,0.0,float,float,0.0046712192672340135,138928.80507725975,0.0046712192672340135,138928.80507725975,tokens/sec/user,tokens/sec/user,1025,tokens/sec/user
3,8493759151,agentic_glm5.2_p1x1_d1x8_conc3_kvdram-hisparse_fp8_dynamo-sglang_prefill-tp1-pp1-dcp1-pcp8-ep1-dpfalse-nw1_decode-tp8-pp1-dcp1-pcp1-ep1-dptrue-nw1_disagg-true_spec-none_conc3_h200-dgxc-slurm_4,/Users/sskim/Documents/Codex/2026-08-06/h200-agentx-conversation-id-benchmark-analysis/data/raw/github/run_29820102138/conc3/raw_agentic/8493759151_agentic_glm5.2_p1x1_d1x8_conc3_kvdram-hisparse_fp8_dynamo-sglang_prefill-tp1-pp1-dcp1-pcp8-ep1-dpfalse-nw1_decode-tp8-pp1-dcp1-pcp1-ep1-dptrue-nw1_disagg-true_spec-none_conc3_h200-dgxc-slurm_4/conc_3/aiperf_artifacts/profile_export.jsonl,1025,metrics.request_latency.unit,metrics.request_latency.unit,metricsrequestlatencyunit,1025,1.0,0,0.0,0.0,str,str,,,,,,,0,unknown
3,8493759151,agentic_glm5.2_p1x1_d1x8_conc3_kvdram-hisparse_fp8_dynamo-sglang_prefill-tp1-pp1-dcp1-pcp8-ep1-dpfalse-nw1_decode-tp8-pp1-dcp1-pcp1-ep1-dptrue-nw1_disagg-true_spec-none_conc3_h200-dgxc-slurm_4,/Users/sskim/Documents/Codex/2026-08-06/h200-agentx-conversation-id-benchmark-analysis/data/raw/github/run_29820102138/conc3/raw_agentic/8493759151_agentic_glm5.2_p1x1_d1x8_conc3_kvdram-hisparse_fp8_dynamo-sglang_prefill-tp1-pp1-dcp1-pcp8-ep1-dpfalse-nw1_decode-tp8-pp1-dcp1-pcp1-ep1-dptrue-nw1_disagg-true_spec-none_conc3_h200-dgxc-slurm_4/conc_3/aiperf_artifacts/profile_export.jsonl,1025,metrics.request_latency.value,metrics.request_latency.value,metricsrequestlatencyvalue,1025,1.0,0,0.0,0.0,float,float,636.656214,214076.87003999998,636.656214,214076.87003999998,ms,ms,1025,ms
3,8493759151,agentic_glm5.2_p1x1_d1x8_conc3_kvdram-hisparse_fp8_dynamo-sglang_prefill-tp1-pp1-dcp1-pcp8-ep1-dpfalse-nw1_decode-tp8-pp1-dcp1-pcp1-ep1-dptrue-nw1_disagg-true_spec-none_conc3_h200-dgxc-slurm_4,/Users/sskim/Documents/Codex/2026-08-06/h200-agentx-conversation-id-benchmark-analysis/data/raw/github/run_29820102138/conc3/raw_agentic/8493759151_agentic_glm5.2_p1x1_d1x8_conc3_kvdram-hisparse_fp8_dynamo-sglang_prefill-tp1-pp1-dcp1-pcp8-ep1-dpfalse-nw1_decode-tp8-pp1-dcp1-pcp1-ep1-dptrue-nw1_disagg-true_spec-none_conc3_h200-dgxc-slurm_4/conc_3/aiperf_artifacts/profile_export.jsonl,1025,metrics.time_to_first_output_token.unit,metrics.time_to_first_output_token.unit,metricstimetofirstoutputtokenunit,1025,1.0,0,0.0,0.0,str,str,,,,,,,0,unknown
3,8493759151,agentic_glm5.2_p1x1_d1x8_conc3_kvdram-hisparse_fp8_dynamo-sglang_prefill-tp1-pp1-dcp1-pcp8-ep1-dpfalse-nw1_decode-tp8-pp1-dcp1-pcp1-ep1-dptrue-nw1_disagg-true_spec-none_conc3_h200-dgxc-slurm_4,/Users/sskim/Documents/Codex/2026-08-06/h200-agentx-conversation-id-benchmark-analysis/data/raw/github/run_29820102138/conc3/raw_agentic/8493759151_agentic_glm5.2_p1x1_d1x8_conc3_kvdram-hisparse_fp8_dynamo-sglang_prefill-tp1-pp1-dcp1-pcp8-ep1-dpfalse-nw1_decode-tp8-pp1-dcp1-pcp1-ep1-dptrue-nw1_disagg-true_spec-none_conc3_h200-dgxc-slurm_4/conc_3/aiperf_artifacts/profile_export.jsonl,1025,metrics.time_to_first_output_token.value,metrics.time_to_first_output_token.value,metricstimetofirstoutputtokenvalue,1025,1.0,0,0.0,0.0,float,float,317.36096299999997,214076.87003999998,317.36096299999997,214076.87003999998,ms,ms,1025,ms
3,8493759151,agentic_glm5.2_p1x1_d1x8_conc3_kvdram-hisparse_fp8_dynamo-sglang_prefill-tp1-pp1-dcp1-pcp8-ep1-dpfalse-nw1_decode-tp8-pp1-dcp1-pcp1-ep1-dptrue-nw1_disagg-true_spec-none_conc3_h200-dgxc-slurm_4,/Users/sskim/Documents/Codex/2026-08-06/h200-agentx-conversation-id-benchmark-analysis/data/raw/github/run_29820102138/conc3/raw_agentic/8493759151_agentic_glm5.2_p1x1_d1x8_conc3_kvdram-hisparse_fp8_dynamo-sglang_prefill-tp1-pp1-dcp1-pcp8-ep1-dpfalse-nw1_decode-tp8-pp1-dcp1-pcp1-ep1-dptrue-nw1_disagg-true_spec-none_conc3_h200-dgxc-slurm_4/conc_3/aiperf_artifacts/profile_export.jsonl,1025,metrics.time_to_first_token.unit,metrics.time_to_first_token.unit,metricstimetofirsttokenunit,1025,1.0,0,0.0,0.0,str,str,,,,,,,0,unknown
3,8493759151,agentic_glm5.2_p1x1_d1x8_conc3_kvdram-hisparse_fp8_dynamo-sglang_prefill-tp1-pp1-dcp1-pcp8-ep1-dpfalse-nw1_decode-tp8-pp1-dcp1-pcp1-ep1-dptrue-nw1_disagg-true_spec-none_conc3_h200-dgxc-slurm_4,/Users/sskim/Documents/Codex/2026-08-06/h200-agentx-conversation-id-benchmark-analysis/data/raw/github/run_29820102138/conc3/raw_agentic/8493759151_agentic_glm5.2_p1x1_d1x8_conc3_kvdram-hisparse_fp8_dynamo-sglang_prefill-tp1-pp1-dcp1-pcp8-ep1-dpfalse-nw1_decode-tp8-pp1-dcp1-pcp1-ep1-dptrue-nw1_disagg-true_spec-none_conc3_h200-dgxc-slurm_4/conc_3/aiperf_artifacts/profile_export.jsonl,1025,metrics.time_to_first_token.value,metrics.time_to_first_token.value,metricstimetofirsttokenvalue,1025,1.0,0,0.0,0.0,float,float,317.36096299999997,214076.87003999998,317.36096299999997,214076.87003999998,ms,ms,1025,ms
3,8493759151,agentic_glm5.2_p1x1_d1x8_conc3_kvdram-hisparse_fp8_dynamo-sglang_prefill-tp1-pp1-dcp1-pcp8-ep1-dpfalse-nw1_decode-tp8-pp1-dcp1-pcp1-ep1-dptrue-nw1_disagg-true_spec-none_conc3_h200-dgxc-slurm_4,/Users/sskim/Documents/Codex/2026-08-06/h200-agentx-conversation-id-benchmark-analysis/data/raw/github/run_29820102138/conc3/raw_agentic/8493759151_agentic_glm5.2_p1x1_d1x8_conc3_kvdram-hisparse_fp8_dynamo-sglang_prefill-tp1-pp1-dcp1-pcp8-ep1-dpfalse-nw1_decode-tp8-pp1-dcp1-pcp1-ep1-dptrue-nw1_disagg-true_spec-none_conc3_h200-dgxc-slurm_4/conc_3/aiperf_artifacts/profile_export.jsonl,1025,metrics.time_to_second_token.unit,metrics.time_to_second_token.unit,metricstimetosecondtokenunit,169,0.1648780487804878,0,0.0,0.0,str,str,,,,,,,0,seconds
3,8493759151,agentic_glm5.2_p1x1_d1x8_conc3_kvdram-hisparse_fp8_dynamo-sglang_prefill-tp1-pp1-dcp1-pcp8-ep1-dpfalse-nw1_decode-tp8-pp1-dcp1-pcp1-ep1-dptrue-nw1_disagg-true_spec-none_conc3_h200-dgxc-slurm_4,/Users/sskim/Documents/Codex/2026-08-06/h200-agentx-conversation-id-benchmark-analysis/data/raw/github/run_29820102138/conc3/raw_agentic/8493759151_agentic_glm5.2_p1x1_d1x8_conc3_kvdram-hisparse_fp8_dynamo-sglang_prefill-tp1-pp1-dcp1-pcp8-ep1-dpfalse-nw1_decode-tp8-pp1-dcp1-pcp1-ep1-dptrue-nw1_disagg-true_spec-none_conc3_h200-dgxc-slurm_4/conc_3/aiperf_artifacts/profile_export.jsonl,1025,metrics.time_to_second_token.value,metrics.time_to_second_token.value,metricstimetosecondtokenvalue,169,0.1648780487804878,0,0.0,0.0,float,float,77.515354,7425.4332699999995,77.515354,7425.4332699999995,ms,ms,169,ms
3,8493759151,agentic_glm5.2_p1x1_d1x8_conc3_kvdram-hisparse_fp8_dynamo-sglang_prefill-tp1-pp1-dcp1-pcp8-ep1-dpfalse-nw1_decode-tp8-pp1-dcp1-pcp1-ep1-dptrue-nw1_disagg-true_spec-none_conc3_h200-dgxc-slurm_4,/Users/sskim/Documents/Codex/2026-08-06/h200-agentx-conversation-id-benchmark-analysis/data/raw/github/run_29820102138/conc3/raw_agentic/8493759151_agentic_glm5.2_p1x1_d1x8_conc3_kvdram-hisparse_fp8_dynamo-sglang_prefill-tp1-pp1-dcp1-pcp8-ep1-dpfalse-nw1_decode-tp8-pp1-dcp1-pcp1-ep1-dptrue-nw1_disagg-true_spec-none_conc3_h200-dgxc-slurm_4/conc_3/aiperf_artifacts/profile_export.jsonl,1025,metrics.usage_completion_tokens.unit,metrics.usage_completion_tokens.unit,metricsusagecompletiontokensunit,1025,1.0,0,0.0,0.0,str,str,,,,,,,0,unknown
3,8493759151,agentic_glm5.2_p1x1_d1x8_conc3_kvdram-hisparse_fp8_dynamo-sglang_prefill-tp1-pp1-dcp1-pcp8-ep1-dpfalse-nw1_decode-tp8-pp1-dcp1-pcp1-ep1-dptrue-nw1_disagg-true_spec-none_conc3_h200-dgxc-slurm_4,/Users/sskim/Documents/Codex/2026-08-06/h200-agentx-conversation-id-benchmark-analysis/data/raw/github/run_29820102138/conc3/raw_agentic/8493759151_agentic_glm5.2_p1x1_d1x8_conc3_kvdram-hisparse_fp8_dynamo-sglang_prefill-tp1-pp1-dcp1-pcp8-ep1-dpfalse-nw1_decode-tp8-pp1-dcp1-pcp1-ep1-dptrue-nw1_disagg-true_spec-none_conc3_h200-dgxc-slurm_4/conc_3/aiperf_artifacts/profile_export.jsonl,1025,metrics.usage_completion_tokens.value,metrics.usage_completion_tokens.value,metricsusagecompletiontokensvalue,1025,1.0,0,0.0,0.0,int,int,1.0,5814.0,1.0,5814.0,tokens,tokens,1025,tokens
3,8493759151,agentic_glm5.2_p1x1_d1x8_conc3_kvdram-hisparse_fp8_dynamo-sglang_prefill-tp1-pp1-dcp1-pcp8-ep1-dpfalse-nw1_decode-tp8-pp1-dcp1-pcp1-ep1-dptrue-nw1_disagg-true_spec-none_conc3_h200-dgxc-slurm_4,/Users/sskim/Documents/Codex/2026-08-06/h200-agentx-conversation-id-benchmark-analysis/data/raw/github/run_29820102138/conc3/raw_agentic/8493759151_agentic_glm5.2_p1x1_d1x8_conc3_kvdram-hisparse_fp8_dynamo-sglang_prefill-tp1-pp1-dcp1-pcp8-ep1-dpfalse-nw1_decode-tp8-pp1-dcp1-pcp1-ep1-dptrue-nw1_disagg-true_spec-none_conc3_h200-dgxc-slurm_4/conc_3/aiperf_artifacts/profile_export.jsonl,1025,metrics.usage_prompt_cache_read_tokens.unit,metrics.usage_prompt_cache_read_tokens.unit,metricsusagepromptcachereadtokensunit,960,0.9365853658536586,0,0.0,0.0,str,str,,,,,,,0,unknown
3,8493759151,agentic_glm5.2_p1x1_d1x8_conc3_kvdram-hisparse_fp8_dynamo-sglang_prefill-tp1-pp1-dcp1-pcp8-ep1-dpfalse-nw1_decode-tp8-pp1-dcp1-pcp1-ep1-dptrue-nw1_disagg-true_spec-none_conc3_h200-dgxc-slurm_4,/Users/sskim/Documents/Codex/2026-08-06/h200-agentx-conversation-id-benchmark-analysis/data/raw/github/run_29820102138/conc3/raw_agentic/8493759151_agentic_glm5.2_p1x1_d1x8_conc3_kvdram-hisparse_fp8_dynamo-sglang_prefill-tp1-pp1-dcp1-pcp8-ep1-dpfalse-nw1_decode-tp8-pp1-dcp1-pcp1-ep1-dptrue-nw1_disagg-true_spec-none_conc3_h200-dgxc-slurm_4/conc_3/aiperf_artifacts/profile_export.jsonl,1025,metrics.usage_prompt_cache_read_tokens.value,metrics.usage_prompt_cache_read_tokens.value,metricsusagepromptcachereadtokensvalue,960,0.9365853658536586,0,0.0,0.0,int,int,2560.0,653312.0,2560.0,653312.0,tokens,tokens,960,tokens
3,8493759151,agentic_glm5.2_p1x1_d1x8_conc3_kvdram-hisparse_fp8_dynamo-sglang_prefill-tp1-pp1-dcp1-pcp8-ep1-dpfalse-nw1_decode-tp8-pp1-dcp1-pcp1-ep1-dptrue-nw1_disagg-true_spec-none_conc3_h200-dgxc-slurm_4,/Users/sskim/Documents/Codex/2026-08-06/h200-agentx-conversation-id-benchmark-analysis/data/raw/github/run_29820102138/conc3/raw_agentic/8493759151_agentic_glm5.2_p1x1_d1x8_conc3_kvdram-hisparse_fp8_dynamo-sglang_prefill-tp1-pp1-dcp1-pcp8-ep1-dpfalse-nw1_decode-tp8-pp1-dcp1-pcp1-ep1-dptrue-nw1_disagg-true_spec-none_conc3_h200-dgxc-slurm_4/conc_3/aiperf_artifacts/profile_export.jsonl,1025,metrics.usage_prompt_tokens.unit,metrics.usage_prompt_tokens.unit,metricsusageprompttokensunit,1025,1.0,0,0.0,0.0,str,str,,,,,,,0,unknown
3,8493759151,agentic_glm5.2_p1x1_d1x8_conc3_kvdram-hisparse_fp8_dynamo-sglang_prefill-tp1-pp1-dcp1-pcp8-ep1-dpfalse-nw1_decode-tp8-pp1-dcp1-pcp1-ep1-dptrue-nw1_disagg-true_spec-none_conc3_h200-dgxc-slurm_4,/Users/sskim/Documents/Codex/2026-08-06/h200-agentx-conversation-id-benchmark-analysis/data/raw/github/run_29820102138/conc3/raw_agentic/8493759151_agentic_glm5.2_p1x1_d1x8_conc3_kvdram-hisparse_fp8_dynamo-sglang_prefill-tp1-pp1-dcp1-pcp8-ep1-dpfalse-nw1_decode-tp8-pp1-dcp1-pcp1-ep1-dptrue-nw1_disagg-true_spec-none_conc3_h200-dgxc-slurm_4/conc_3/aiperf_artifacts/profile_export.jsonl,1025,metrics.usage_prompt_tokens.value,metrics.usage_prompt_tokens.value,metricsusageprompttokensvalue,1025,1.0,0,0.0,0.0,int,int,1.0,158683.0,1.0,158683.0,tokens,tokens,1025,tokens
3,8493759151,agentic_glm5.2_p1x1_d1x8_conc3_kvdram-hisparse_fp8_dynamo-sglang_prefill-tp1-pp1-dcp1-pcp8-ep1-dpfalse-nw1_decode-tp8-pp1-dcp1-pcp1-ep1-dptrue-nw1_disagg-true_spec-none_conc3_h200-dgxc-slurm_4,/Users/sskim/Documents/Codex/2026-08-06/h200-agentx-conversation-id-benchmark-analysis/data/raw/github/run_29820102138/conc3/raw_agentic/8493759151_agentic_glm5.2_p1x1_d1x8_conc3_kvdram-hisparse_fp8_dynamo-sglang_prefill-tp1-pp1-dcp1-pcp8-ep1-dpfalse-nw1_decode-tp8-pp1-dcp1-pcp1-ep1-dptrue-nw1_disagg-true_spec-none_conc3_h200-dgxc-slurm_4/conc_3/aiperf_artifacts/profile_export.jsonl,1025,metrics.usage_total_tokens.unit,metrics.usage_total_tokens.unit,metricsusagetotaltokensunit,1025,1.0,0,0.0,0.0,str,str,,,,,,,0,unknown
3,8493759151,agentic_glm5.2_p1x1_d1x8_conc3_kvdram-hisparse_fp8_dynamo-sglang_prefill-tp1-pp1-dcp1-pcp8-ep1-dpfalse-nw1_decode-tp8-pp1-dcp1-pcp1-ep1-dptrue-nw1_disagg-true_spec-none_conc3_h200-dgxc-slurm_4,/Users/sskim/Documents/Codex/2026-08-06/h200-agentx-conversation-id-benchmark-analysis/data/raw/github/run_29820102138/conc3/raw_agentic/8493759151_agentic_glm5.2_p1x1_d1x8_conc3_kvdram-hisparse_fp8_dynamo-sglang_prefill-tp1-pp1-dcp1-pcp8-ep1-dpfalse-nw1_decode-tp8-pp1-dcp1-pcp1-ep1-dptrue-nw1_disagg-true_spec-none_conc3_h200-dgxc-slurm_4/conc_3/aiperf_artifacts/profile_export.jsonl,1025,metrics.usage_total_tokens.value,metrics.usage_total_tokens.value,metricsusagetotaltokensvalue,1025,1.0,0,0.0,0.0,int,int,2.0,158684.0,2.0,158684.0,tokens,tokens,1025,tokens
4,8494252371,agentic_glm5.2_p1x1_d1x8_conc4_kvdram-hisparse_fp8_dynamo-sglang_prefill-tp1-pp1-dcp1-pcp8-ep1-dpfalse-nw1_decode-tp8-pp1-dcp1-pcp1-ep1-dptrue-nw1_disagg-true_spec-none_conc4_h200-dgxc-slurm_6,/Users/sskim/Documents/Codex/2026-08-06/h200-agentx-conversation-id-benchmark-analysis/data/raw/github/run_29820102138/conc4/raw_agentic/8494252371_agentic_glm5.2_p1x1_d1x8_conc4_kvdram-hisparse_fp8_dynamo-sglang_prefill-tp1-pp1-dcp1-pcp8-ep1-dpfalse-nw1_decode-tp8-pp1-dcp1-pcp1-ep1-dptrue-nw1_disagg-true_spec-none_conc4_h200-dgxc-slurm_6/conc_4/aiperf_artifacts/profile_export.jsonl,584,metadata.agent_depth,metadata.agent_depth,metadataagentdepth,584,1.0,0,0.0,0.0,int,int,0.0,1.0,0.0,1.0,,,0,unknown
4,8494252371,agentic_glm5.2_p1x1_d1x8_conc4_kvdram-hisparse_fp8_dynamo-sglang_prefill-tp1-pp1-dcp1-pcp8-ep1-dpfalse-nw1_decode-tp8-pp1-dcp1-pcp1-ep1-dptrue-nw1_disagg-true_spec-none_conc4_h200-dgxc-slurm_6,/Users/sskim/Documents/Codex/2026-08-06/h200-agentx-conversation-id-benchmark-analysis/data/raw/github/run_29820102138/conc4/raw_agentic/8494252371_agentic_glm5.2_p1x1_d1x8_conc4_kvdram-hisparse_fp8_dynamo-sglang_prefill-tp1-pp1-dcp1-pcp8-ep1-dpfalse-nw1_decode-tp8-pp1-dcp1-pcp1-ep1-dptrue-nw1_disagg-true_spec-none_conc4_h200-dgxc-slurm_6/conc_4/aiperf_artifacts/profile_export.jsonl,584,metadata.benchmark_phase,metadata.benchmark_phase,metadatabenchmarkphase,584,1.0,0,0.0,0.0,str,str,,,,,,,0,unknown
4,8494252371,agentic_glm5.2_p1x1_d1x8_conc4_kvdram-hisparse_fp8_dynamo-sglang_prefill-tp1-pp1-dcp1-pcp8-ep1-dpfalse-nw1_decode-tp8-pp1-dcp1-pcp1-ep1-dptrue-nw1_disagg-true_spec-none_conc4_h200-dgxc-slurm_6,/Users/sskim/Documents/Codex/2026-08-06/h200-agentx-conversation-id-benchmark-analysis/data/raw/github/run_29820102138/conc4/raw_agentic/8494252371_agentic_glm5.2_p1x1_d1x8_conc4_kvdram-hisparse_fp8_dynamo-sglang_prefill-tp1-pp1-dcp1-pcp8-ep1-dpfalse-nw1_decode-tp8-pp1-dcp1-pcp1-ep1-dptrue-nw1_disagg-true_spec-none_conc4_h200-dgxc-slurm_6/conc_4/aiperf_artifacts/profile_export.jsonl,584,metadata.context_overflow_skip,metadata.context_overflow_skip,metadatacontextoverflowskip,584,1.0,0,0.0,0.0,bool,bool,,,,,,,0,unknown
4,8494252371,agentic_glm5.2_p1x1_d1x8_conc4_kvdram-hisparse_fp8_dynamo-sglang_prefill-tp1-pp1-dcp1-pcp8-ep1-dpfalse-nw1_decode-tp8-pp1-dcp1-pcp1-ep1-dptrue-nw1_disagg-true_spec-none_conc4_h200-dgxc-slurm_6,/Users/sskim/Documents/Codex/2026-08-06/h200-agentx-conversation-id-benchmark-analysis/data/raw/github/run_29820102138/conc4/raw_agentic/8494252371_agentic_glm5.2_p1x1_d1x8_conc4_kvdram-hisparse_fp8_dynamo-sglang_prefill-tp1-pp1-dcp1-pcp8-ep1-dpfalse-nw1_decode-tp8-pp1-dcp1-pcp1-ep1-dptrue-nw1_disagg-true_spec-none_conc4_h200-dgxc-slurm_6/conc_4/aiperf_artifacts/profile_export.jsonl,584,metadata.conversation_id,metadata.conversation_id,metadataconversationid,584,1.0,0,0.0,0.0,str,str,,,,,,,0,unknown
4,8494252371,agentic_glm5.2_p1x1_d1x8_conc4_kvdram-hisparse_fp8_dynamo-sglang_prefill-tp1-pp1-dcp1-pcp8-ep1-dpfalse-nw1_decode-tp8-pp1-dcp1-pcp1-ep1-dptrue-nw1_disagg-true_spec-none_conc4_h200-dgxc-slurm_6,/Users/sskim/Documents/Codex/2026-08-06/h200-agentx-conversation-id-benchmark-analysis/data/raw/github/run_29820102138/conc4/raw_agentic/8494252371_agentic_glm5.2_p1x1_d1x8_conc4_kvdram-hisparse_fp8_dynamo-sglang_prefill-tp1-pp1-dcp1-pcp8-ep1-dpfalse-nw1_decode-tp8-pp1-dcp1-pcp1-ep1-dptrue-nw1_disagg-true_spec-none_conc4_h200-dgxc-slurm_6/conc_4/aiperf_artifacts/profile_export.jsonl,584,metadata.credit_issued_ns,metadata.credit_issued_ns,metadatacreditissuedns,584,1.0,0,0.0,0.0,int,int,1.7846306673222548e+18,1.784635085167505e+18,1.7846306673222548e+18,1.784635085167505e+18,,,0,nanoseconds
4,8494252371,agentic_glm5.2_p1x1_d1x8_conc4_kvdram-hisparse_fp8_dynamo-sglang_prefill-tp1-pp1-dcp1-pcp8-ep1-dpfalse-nw1_decode-tp8-pp1-dcp1-pcp1-ep1-dptrue-nw1_disagg-true_spec-none_conc4_h200-dgxc-slurm_6,/Users/sskim/Documents/Codex/2026-08-06/h200-agentx-conversation-id-benchmark-analysis/data/raw/github/run_29820102138/conc4/raw_agentic/8494252371_agentic_glm5.2_p1x1_d1x8_conc4_kvdram-hisparse_fp8_dynamo-sglang_prefill-tp1-pp1-dcp1-pcp8-ep1-dpfalse-nw1_decode-tp8-pp1-dcp1-pcp1-ep1-dptrue-nw1_disagg-true_spec-none_conc4_h200-dgxc-slurm_6/conc_4/aiperf_artifacts/profile_export.jsonl,584,metadata.parent_correlation_id,metadata.parent_correlation_id,metadataparentcorrelationid,258,0.4417808219178082,0,0.0,0.0,str,str,,,,,,,0,unknown
4,8494252371,agentic_glm5.2_p1x1_d1x8_conc4_kvdram-hisparse_fp8_dynamo-sglang_prefill-tp1-pp1-dcp1-pcp8-ep1-dpfalse-nw1_decode-tp8-pp1-dcp1-pcp1-ep1-dptrue-nw1_disagg-true_spec-none_conc4_h200-dgxc-slurm_6,/Users/sskim/Documents/Codex/2026-08-06/h200-agentx-conversation-id-benchmark-analysis/data/raw/github/run_29820102138/conc4/raw_agentic/8494252371_agentic_glm5.2_p1x1_d1x8_conc4_kvdram-hisparse_fp8_dynamo-sglang_prefill-tp1-pp1-dcp1-pcp8-ep1-dpfalse-nw1_decode-tp8-pp1-dcp1-pcp1-ep1-dptrue-nw1_disagg-true_spec-none_conc4_h200-dgxc-slurm_6/conc_4/aiperf_artifacts/profile_export.jsonl,584,metadata.record_processor_id,metadata.record_processor_id,metadatarecordprocessorid,584,1.0,0,0.0,0.0,str,str,,,,,,,0,unknown
4,8494252371,agentic_glm5.2_p1x1_d1x8_conc4_kvdram-hisparse_fp8_dynamo-sglang_prefill-tp1-pp1-dcp1-pcp8-ep1-dpfalse-nw1_decode-tp8-pp1-dcp1-pcp1-ep1-dptrue-nw1_disagg-true_spec-none_conc4_h200-dgxc-slurm_6,/Users/sskim/Documents/Codex/2026-08-06/h200-agentx-conversation-id-benchmark-analysis/data/raw/github/run_29820102138/conc4/raw_agentic/8494252371_agentic_glm5.2_p1x1_d1x8_conc4_kvdram-hisparse_fp8_dynamo-sglang_prefill-tp1-pp1-dcp1-pcp8-ep1-dpfalse-nw1_decode-tp8-pp1-dcp1-pcp1-ep1-dptrue-nw1_disagg-true_spec-none_conc4_h200-dgxc-slurm_6/conc_4/aiperf_artifacts/profile_export.jsonl,584,metadata.request_ack_ns,metadata.request_ack_ns,metadatarequestackns,584,1.0,0,0.0,0.0,int,int,1.7846306689798897e+18,1.7846350855647818e+18,1.7846306689798897e+18,1.7846350855647818e+18,,,0,nanoseconds
4,8494252371,agentic_glm5.2_p1x1_d1x8_conc4_kvdram-hisparse_fp8_dynamo-sglang_prefill-tp1-pp1-dcp1-pcp8-ep1-dpfalse-nw1_decode-tp8-pp1-dcp1-pcp1-ep1-dptrue-nw1_disagg-true_spec-none_conc4_h200-dgxc-slurm_6,/Users/sskim/Documents/Codex/2026-08-06/h200-agentx-conversation-id-benchmark-analysis/data/raw/github/run_29820102138/conc4/raw_agentic/8494252371_agentic_glm5.2_p1x1_d1x8_conc4_kvdram-hisparse_fp8_dynamo-sglang_prefill-tp1-pp1-dcp1-pcp8-ep1-dpfalse-nw1_decode-tp8-pp1-dcp1-pcp1-ep1-dptrue-nw1_disagg-true_spec-none_conc4_h200-dgxc-slurm_6/conc_4/aiperf_artifacts/profile_export.jsonl,584,metadata.request_end_ns,metadata.request_end_ns,metadatarequestendns,584,1.0,0,0.0,0.0,int,int,1.7846307983640484e+18,1.7846351204116828e+18,1.7846307983640484e+18,1.7846351204116828e+18,,,0,nanoseconds
4,8494252371,agentic_glm5.2_p1x1_d1x8_conc4_kvdram-hisparse_fp8_dynamo-sglang_prefill-tp1-pp1-dcp1-pcp8-ep1-dpfalse-nw1_decode-tp8-pp1-dcp1-pcp1-ep1-dptrue-nw1_disagg-true_spec-none_conc4_h200-dgxc-slurm_6,/Users/sskim/Documents/Codex/2026-08-06/h200-agentx-conversation-id-benchmark-analysis/data/raw/github/run_29820102138/conc4/raw_agentic/8494252371_agentic_glm5.2_p1x1_d1x8_conc4_kvdram-hisparse_fp8_dynamo-sglang_prefill-tp1-pp1-dcp1-pcp8-ep1-dpfalse-nw1_decode-tp8-pp1-dcp1-pcp1-ep1-dptrue-nw1_disagg-true_spec-none_conc4_h200-dgxc-slurm_6/conc_4/aiperf_artifacts/profile_export.jsonl,584,metadata.request_start_ns,metadata.request_start_ns,metadatarequeststartns,584,1.0,0,0.0,0.0,int,int,1.7846306673708431e+18,1.7846350851685105e+18,1.7846306673708431e+18,1.7846350851685105e+18,,,0,nanoseconds
4,8494252371,agentic_glm5.2_p1x1_d1x8_conc4_kvdram-hisparse_fp8_dynamo-sglang_prefill-tp1-pp1-dcp1-pcp8-ep1-dpfalse-nw1_decode-tp8-pp1-dcp1-pcp1-ep1-dptrue-nw1_disagg-true_spec-none_conc4_h200-dgxc-slurm_6,/Users/sskim/Documents/Codex/2026-08-06/h200-agentx-conversation-id-benchmark-analysis/data/raw/github/run_29820102138/conc4/raw_agentic/8494252371_agentic_glm5.2_p1x1_d1x8_conc4_kvdram-hisparse_fp8_dynamo-sglang_prefill-tp1-pp1-dcp1-pcp8-ep1-dpfalse-nw1_decode-tp8-pp1-dcp1-pcp1-ep1-dptrue-nw1_disagg-true_spec-none_conc4_h200-dgxc-slurm_6/conc_4/aiperf_artifacts/profile_export.jsonl,584,metadata.root_correlation_id,metadata.root_correlation_id,metadatarootcorrelationid,584,1.0,0,0.0,0.0,str,str,,,,,,,0,unknown
4,8494252371,agentic_glm5.2_p1x1_d1x8_conc4_kvdram-hisparse_fp8_dynamo-sglang_prefill-tp1-pp1-dcp1-pcp8-ep1-dpfalse-nw1_decode-tp8-pp1-dcp1-pcp1-ep1-dptrue-nw1_disagg-true_spec-none_conc4_h200-dgxc-slurm_6,/Users/sskim/Documents/Codex/2026-08-06/h200-agentx-conversation-id-benchmark-analysis/data/raw/github/run_29820102138/conc4/raw_agentic/8494252371_agentic_glm5.2_p1x1_d1x8_conc4_kvdram-hisparse_fp8_dynamo-sglang_prefill-tp1-pp1-dcp1-pcp8-ep1-dpfalse-nw1_decode-tp8-pp1-dcp1-pcp1-ep1-dptrue-nw1_disagg-true_spec-none_conc4_h200-dgxc-slurm_6/conc_4/aiperf_artifacts/profile_export.jsonl,584,metadata.session_num,metadata.session_num,metadatasessionnum,584,1.0,0,0.0,0.0,int,int,0.0,379.0,0.0,379.0,,,0,unknown
4,8494252371,agentic_glm5.2_p1x1_d1x8_conc4_kvdram-hisparse_fp8_dynamo-sglang_prefill-tp1-pp1-dcp1-pcp8-ep1-dpfalse-nw1_decode-tp8-pp1-dcp1-pcp1-ep1-dptrue-nw1_disagg-true_spec-none_conc4_h200-dgxc-slurm_6,/Users/sskim/Documents/Codex/2026-08-06/h200-agentx-conversation-id-benchmark-analysis/data/raw/github/run_29820102138/conc4/raw_agentic/8494252371_agentic_glm5.2_p1x1_d1x8_conc4_kvdram-hisparse_fp8_dynamo-sglang_prefill-tp1-pp1-dcp1-pcp8-ep1-dpfalse-nw1_decode-tp8-pp1-dcp1-pcp1-ep1-dptrue-nw1_disagg-true_spec-none_conc4_h200-dgxc-slurm_6/conc_4/aiperf_artifacts/profile_export.jsonl,584,metadata.source_inner_idx,metadata.source_inner_idx,metadatasourceinneridx,228,0.3904109589041096,0,0.0,0.0,int,int,0.0,33.0,0.0,33.0,,,0,unknown
4,8494252371,agentic_glm5.2_p1x1_d1x8_conc4_kvdram-hisparse_fp8_dynamo-sglang_prefill-tp1-pp1-dcp1-pcp8-ep1-dpfalse-nw1_decode-tp8-pp1-dcp1-pcp1-ep1-dptrue-nw1_disagg-true_spec-none_conc4_h200-dgxc-slurm_6,/Users/sskim/Documents/Codex/2026-08-06/h200-agentx-conversation-id-benchmark-analysis/data/raw/github/run_29820102138/conc4/raw_agentic/8494252371_agentic_glm5.2_p1x1_d1x8_conc4_kvdram-hisparse_fp8_dynamo-sglang_prefill-tp1-pp1-dcp1-pcp8-ep1-dpfalse-nw1_decode-tp8-pp1-dcp1-pcp1-ep1-dptrue-nw1_disagg-true_spec-none_conc4_h200-dgxc-slurm_6/conc_4/aiperf_artifacts/profile_export.jsonl,584,metadata.source_kind,metadata.source_kind,metadatasourcekind,584,1.0,0,0.0,0.0,str,str,,,,,,,0,unknown
4,8494252371,agentic_glm5.2_p1x1_d1x8_conc4_kvdram-hisparse_fp8_dynamo-sglang_prefill-tp1-pp1-dcp1-pcp8-ep1-dpfalse-nw1_decode-tp8-pp1-dcp1-pcp1-ep1-dptrue-nw1_disagg-true_spec-none_conc4_h200-dgxc-slurm_6,/Users/sskim/Documents/Codex/2026-08-06/h200-agentx-conversation-id-benchmark-analysis/data/raw/github/run_29820102138/conc4/raw_agentic/8494252371_agentic_glm5.2_p1x1_d1x8_conc4_kvdram-hisparse_fp8_dynamo-sglang_prefill-tp1-pp1-dcp1-pcp8-ep1-dpfalse-nw1_decode-tp8-pp1-dcp1-pcp1-ep1-dptrue-nw1_disagg-true_spec-none_conc4_h200-dgxc-slurm_6/conc_4/aiperf_artifacts/profile_export.jsonl,584,metadata.source_outer_idx,metadata.source_outer_idx,metadatasourceouteridx,584,1.0,0,0.0,0.0,int,int,0.0,201.0,0.0,201.0,,,0,unknown
4,8494252371,agentic_glm5.2_p1x1_d1x8_conc4_kvdram-hisparse_fp8_dynamo-sglang_prefill-tp1-pp1-dcp1-pcp8-ep1-dpfalse-nw1_decode-tp8-pp1-dcp1-pcp1-ep1-dptrue-nw1_disagg-true_spec-none_conc4_h200-dgxc-slurm_6,/Users/sskim/Documents/Codex/2026-08-06/h200-agentx-conversation-id-benchmark-analysis/data/raw/github/run_29820102138/conc4/raw_agentic/8494252371_agentic_glm5.2_p1x1_d1x8_conc4_kvdram-hisparse_fp8_dynamo-sglang_prefill-tp1-pp1-dcp1-pcp8-ep1-dpfalse-nw1_decode-tp8-pp1-dcp1-pcp1-ep1-dptrue-nw1_disagg-true_spec-none_conc4_h200-dgxc-slurm_6/conc_4/aiperf_artifacts/profile_export.jsonl,584,metadata.source_trace_id,metadata.source_trace_id,metadatasourcetraceid,584,1.0,0,0.0,0.0,str,str,,,,,,,0,unknown
4,8494252371,agentic_glm5.2_p1x1_d1x8_conc4_kvdram-hisparse_fp8_dynamo-sglang_prefill-tp1-pp1-dcp1-pcp8-ep1-dpfalse-nw1_decode-tp8-pp1-dcp1-pcp1-ep1-dptrue-nw1_disagg-true_spec-none_conc4_h200-dgxc-slurm_6,/Users/sskim/Documents/Codex/2026-08-06/h200-agentx-conversation-id-benchmark-analysis/data/raw/github/run_29820102138/conc4/raw_agentic/8494252371_agentic_glm5.2_p1x1_d1x8_conc4_kvdram-hisparse_fp8_dynamo-sglang_prefill-tp1-pp1-dcp1-pcp8-ep1-dpfalse-nw1_decode-tp8-pp1-dcp1-pcp1-ep1-dptrue-nw1_disagg-true_spec-none_conc4_h200-dgxc-slurm_6/conc_4/aiperf_artifacts/profile_export.jsonl,584,metadata.turn_index,metadata.turn_index,metadataturnindex,584,1.0,0,0.0,0.0,int,int,0.0,190.0,0.0,190.0,,,0,unknown
4,8494252371,agentic_glm5.2_p1x1_d1x8_conc4_kvdram-hisparse_fp8_dynamo-sglang_prefill-tp1-pp1-dcp1-pcp8-ep1-dpfalse-nw1_decode-tp8-pp1-dcp1-pcp1-ep1-dptrue-nw1_disagg-true_spec-none_conc4_h200-dgxc-slurm_6,/Users/sskim/Documents/Codex/2026-08-06/h200-agentx-conversation-id-benchmark-analysis/data/raw/github/run_29820102138/conc4/raw_agentic/8494252371_agentic_glm5.2_p1x1_d1x8_conc4_kvdram-hisparse_fp8_dynamo-sglang_prefill-tp1-pp1-dcp1-pcp8-ep1-dpfalse-nw1_decode-tp8-pp1-dcp1-pcp1-ep1-dptrue-nw1_disagg-true_spec-none_conc4_h200-dgxc-slurm_6/conc_4/aiperf_artifacts/profile_export.jsonl,584,metadata.was_cancelled,metadata.was_cancelled,metadatawascancelled,584,1.0,0,0.0,0.0,bool,bool,,,,,,,0,unknown
4,8494252371,agentic_glm5.2_p1x1_d1x8_conc4_kvdram-hisparse_fp8_dynamo-sglang_prefill-tp1-pp1-dcp1-pcp8-ep1-dpfalse-nw1_decode-tp8-pp1-dcp1-pcp1-ep1-dptrue-nw1_disagg-true_spec-none_conc4_h200-dgxc-slurm_6,/Users/sskim/Documents/Codex/2026-08-06/h200-agentx-conversation-id-benchmark-analysis/data/raw/github/run_29820102138/conc4/raw_agentic/8494252371_agentic_glm5.2_p1x1_d1x8_conc4_kvdram-hisparse_fp8_dynamo-sglang_prefill-tp1-pp1-dcp1-pcp8-ep1-dpfalse-nw1_decode-tp8-pp1-dcp1-pcp1-ep1-dptrue-nw1_disagg-true_spec-none_conc4_h200-dgxc-slurm_6/conc_4/aiperf_artifacts/profile_export.jsonl,584,metadata.worker_id,metadata.worker_id,metadataworkerid,584,1.0,0,0.0,0.0,str,str,,,,,,,0,unknown
4,8494252371,agentic_glm5.2_p1x1_d1x8_conc4_kvdram-hisparse_fp8_dynamo-sglang_prefill-tp1-pp1-dcp1-pcp8-ep1-dpfalse-nw1_decode-tp8-pp1-dcp1-pcp1-ep1-dptrue-nw1_disagg-true_spec-none_conc4_h200-dgxc-slurm_6,/Users/sskim/Documents/Codex/2026-08-06/h200-agentx-conversation-id-benchmark-analysis/data/raw/github/run_29820102138/conc4/raw_agentic/8494252371_agentic_glm5.2_p1x1_d1x8_conc4_kvdram-hisparse_fp8_dynamo-sglang_prefill-tp1-pp1-dcp1-pcp8-ep1-dpfalse-nw1_decode-tp8-pp1-dcp1-pcp1-ep1-dptrue-nw1_disagg-true_spec-none_conc4_h200-dgxc-slurm_6/conc_4/aiperf_artifacts/profile_export.jsonl,584,metadata.x_correlation_id,metadata.x_correlation_id,metadataxcorrelationid,584,1.0,0,0.0,0.0,str,str,,,,,,,0,unknown
4,8494252371,agentic_glm5.2_p1x1_d1x8_conc4_kvdram-hisparse_fp8_dynamo-sglang_prefill-tp1-pp1-dcp1-pcp8-ep1-dpfalse-nw1_decode-tp8-pp1-dcp1-pcp1-ep1-dptrue-nw1_disagg-true_spec-none_conc4_h200-dgxc-slurm_6,/Users/sskim/Documents/Codex/2026-08-06/h200-agentx-conversation-id-benchmark-analysis/data/raw/github/run_29820102138/conc4/raw_agentic/8494252371_agentic_glm5.2_p1x1_d1x8_conc4_kvdram-hisparse_fp8_dynamo-sglang_prefill-tp1-pp1-dcp1-pcp8-ep1-dpfalse-nw1_decode-tp8-pp1-dcp1-pcp1-ep1-dptrue-nw1_disagg-true_spec-none_conc4_h200-dgxc-slurm_6/conc_4/aiperf_artifacts/profile_export.jsonl,584,metadata.x_request_id,metadata.x_request_id,metadataxrequestid,584,1.0,0,0.0,0.0,str,str,,,,,,,0,unknown
4,8494252371,agentic_glm5.2_p1x1_d1x8_conc4_kvdram-hisparse_fp8_dynamo-sglang_prefill-tp1-pp1-dcp1-pcp8-ep1-dpfalse-nw1_decode-tp8-pp1-dcp1-pcp1-ep1-dptrue-nw1_disagg-true_spec-none_conc4_h200-dgxc-slurm_6,/Users/sskim/Documents/Codex/2026-08-06/h200-agentx-conversation-id-benchmark-analysis/data/raw/github/run_29820102138/conc4/raw_agentic/8494252371_agentic_glm5.2_p1x1_d1x8_conc4_kvdram-hisparse_fp8_dynamo-sglang_prefill-tp1-pp1-dcp1-pcp8-ep1-dpfalse-nw1_decode-tp8-pp1-dcp1-pcp1-ep1-dptrue-nw1_disagg-true_spec-none_conc4_h200-dgxc-slurm_6/conc_4/aiperf_artifacts/profile_export.jsonl,584,metrics.e2e_output_token_throughput.unit,metrics.e2e_output_token_throughput.unit,metricse2eoutputtokenthroughputunit,584,1.0,0,0.0,0.0,str,str,,,,,,,0,unknown
4,8494252371,agentic_glm5.2_p1x1_d1x8_conc4_kvdram-hisparse_fp8_dynamo-sglang_prefill-tp1-pp1-dcp1-pcp8-ep1-dpfalse-nw1_decode-tp8-pp1-dcp1-pcp1-ep1-dptrue-nw1_disagg-true_spec-none_conc4_h200-dgxc-slurm_6,/Users/sskim/Documents/Codex/2026-08-06/h200-agentx-conversation-id-benchmark-analysis/data/raw/github/run_29820102138/conc4/raw_agentic/8494252371_agentic_glm5.2_p1x1_d1x8_conc4_kvdram-hisparse_fp8_dynamo-sglang_prefill-tp1-pp1-dcp1-pcp8-ep1-dpfalse-nw1_decode-tp8-pp1-dcp1-pcp1-ep1-dptrue-nw1_disagg-true_spec-none_conc4_h200-dgxc-slurm_6/conc_4/aiperf_artifacts/profile_export.jsonl,584,metrics.e2e_output_token_throughput.value,metrics.e2e_output_token_throughput.value,metricse2eoutputtokenthroughputvalue,584,1.0,0,0.0,0.0,float,float,0.005086022236375062,31.29163516115288,0.005086022236375062,31.29163516115288,tokens/sec/user,tokens/sec/user,584,tokens/sec/user
4,8494252371,agentic_glm5.2_p1x1_d1x8_conc4_kvdram-hisparse_fp8_dynamo-sglang_prefill-tp1-pp1-dcp1-pcp8-ep1-dpfalse-nw1_decode-tp8-pp1-dcp1-pcp1-ep1-dptrue-nw1_disagg-true_spec-none_conc4_h200-dgxc-slurm_6,/Users/sskim/Documents/Codex/2026-08-06/h200-agentx-conversation-id-benchmark-analysis/data/raw/github/run_29820102138/conc4/raw_agentic/8494252371_agentic_glm5.2_p1x1_d1x8_conc4_kvdram-hisparse_fp8_dynamo-sglang_prefill-tp1-pp1-dcp1-pcp8-ep1-dpfalse-nw1_decode-tp8-pp1-dcp1-pcp1-ep1-dptrue-nw1_disagg-true_spec-none_conc4_h200-dgxc-slurm_6/conc_4/aiperf_artifacts/profile_export.jsonl,584,metrics.http_req_blocked.unit,metrics.http_req_blocked.unit,metricshttpreqblockedunit,584,1.0,0,0.0,0.0,str,str,,,,,,,0,unknown
4,8494252371,agentic_glm5.2_p1x1_d1x8_conc4_kvdram-hisparse_fp8_dynamo-sglang_prefill-tp1-pp1-dcp1-pcp8-ep1-dpfalse-nw1_decode-tp8-pp1-dcp1-pcp1-ep1-dptrue-nw1_disagg-true_spec-none_conc4_h200-dgxc-slurm_6,/Users/sskim/Documents/Codex/2026-08-06/h200-agentx-conversation-id-benchmark-analysis/data/raw/github/run_29820102138/conc4/raw_agentic/8494252371_agentic_glm5.2_p1x1_d1x8_conc4_kvdram-hisparse_fp8_dynamo-sglang_prefill-tp1-pp1-dcp1-pcp8-ep1-dpfalse-nw1_decode-tp8-pp1-dcp1-pcp1-ep1-dptrue-nw1_disagg-true_spec-none_conc4_h200-dgxc-slurm_6/conc_4/aiperf_artifacts/profile_export.jsonl,584,metrics.http_req_blocked.value,metrics.http_req_blocked.value,metricshttpreqblockedvalue,584,1.0,0,0.0,0.0,float,float,0.0,0.0,0.0,0.0,ms,ms,584,ms
4,8494252371,agentic_glm5.2_p1x1_d1x8_conc4_kvdram-hisparse_fp8_dynamo-sglang_prefill-tp1-pp1-dcp1-pcp8-ep1-dpfalse-nw1_decode-tp8-pp1-dcp1-pcp1-ep1-dptrue-nw1_disagg-true_spec-none_conc4_h200-dgxc-slurm_6,/Users/sskim/Documents/Codex/2026-08-06/h200-agentx-conversation-id-benchmark-analysis/data/raw/github/run_29820102138/conc4/raw_agentic/8494252371_agentic_glm5.2_p1x1_d1x8_conc4_kvdram-hisparse_fp8_dynamo-sglang_prefill-tp1-pp1-dcp1-pcp8-ep1-dpfalse-nw1_decode-tp8-pp1-dcp1-pcp1-ep1-dptrue-nw1_disagg-true_spec-none_conc4_h200-dgxc-slurm_6/conc_4/aiperf_artifacts/profile_export.jsonl,584,metrics.http_req_chunks_received.unit,metrics.http_req_chunks_received.unit,metricshttpreqchunksreceivedunit,584,1.0,0,0.0,0.0,str,str,,,,,,,0,unknown
4,8494252371,agentic_glm5.2_p1x1_d1x8_conc4_kvdram-hisparse_fp8_dynamo-sglang_prefill-tp1-pp1-dcp1-pcp8-ep1-dpfalse-nw1_decode-tp8-pp1-dcp1-pcp1-ep1-dptrue-nw1_disagg-true_spec-none_conc4_h200-dgxc-slurm_6,/Users/sskim/Documents/Codex/2026-08-06/h200-agentx-conversation-id-benchmark-analysis/data/raw/github/run_29820102138/conc4/raw_agentic/8494252371_agentic_glm5.2_p1x1_d1x8_conc4_kvdram-hisparse_fp8_dynamo-sglang_prefill-tp1-pp1-dcp1-pcp8-ep1-dpfalse-nw1_decode-tp8-pp1-dcp1-pcp1-ep1-dptrue-nw1_disagg-true_spec-none_conc4_h200-dgxc-slurm_6/conc_4/aiperf_artifacts/profile_export.jsonl,584,metrics.http_req_chunks_received.value,metrics.http_req_chunks_received.value,metricshttpreqchunksreceivedvalue,584,1.0,0,0.0,0.0,int,int,1.0,171.0,1.0,171.0,count,count,584,count
4,8494252371,agentic_glm5.2_p1x1_d1x8_conc4_kvdram-hisparse_fp8_dynamo-sglang_prefill-tp1-pp1-dcp1-pcp8-ep1-dpfalse-nw1_decode-tp8-pp1-dcp1-pcp1-ep1-dptrue-nw1_disagg-true_spec-none_conc4_h200-dgxc-slurm_6,/Users/sskim/Documents/Codex/2026-08-06/h200-agentx-conversation-id-benchmark-analysis/data/raw/github/run_29820102138/conc4/raw_agentic/8494252371_agentic_glm5.2_p1x1_d1x8_conc4_kvdram-hisparse_fp8_dynamo-sglang_prefill-tp1-pp1-dcp1-pcp8-ep1-dpfalse-nw1_decode-tp8-pp1-dcp1-pcp1-ep1-dptrue-nw1_disagg-true_spec-none_conc4_h200-dgxc-slurm_6/conc_4/aiperf_artifacts/profile_export.jsonl,584,metrics.http_req_chunks_sent.unit,metrics.http_req_chunks_sent.unit,metricshttpreqchunkssentunit,584,1.0,0,0.0,0.0,str,str,,,,,,,0,unknown
4,8494252371,agentic_glm5.2_p1x1_d1x8_conc4_kvdram-hisparse_fp8_dynamo-sglang_prefill-tp1-pp1-dcp1-pcp8-ep1-dpfalse-nw1_decode-tp8-pp1-dcp1-pcp1-ep1-dptrue-nw1_disagg-true_spec-none_conc4_h200-dgxc-slurm_6,/Users/sskim/Documents/Codex/2026-08-06/h200-agentx-conversation-id-benchmark-analysis/data/raw/github/run_29820102138/conc4/raw_agentic/8494252371_agentic_glm5.2_p1x1_d1x8_conc4_kvdram-hisparse_fp8_dynamo-sglang_prefill-tp1-pp1-dcp1-pcp8-ep1-dpfalse-nw1_decode-tp8-pp1-dcp1-pcp1-ep1-dptrue-nw1_disagg-true_spec-none_conc4_h200-dgxc-slurm_6/conc_4/aiperf_artifacts/profile_export.jsonl,584,metrics.http_req_chunks_sent.value,metrics.http_req_chunks_sent.value,metricshttpreqchunkssentvalue,584,1.0,0,0.0,0.0,int,int,1.0,1.0,1.0,1.0,count,count,584,count
4,8494252371,agentic_glm5.2_p1x1_d1x8_conc4_kvdram-hisparse_fp8_dynamo-sglang_prefill-tp1-pp1-dcp1-pcp8-ep1-dpfalse-nw1_decode-tp8-pp1-dcp1-pcp1-ep1-dptrue-nw1_disagg-true_spec-none_conc4_h200-dgxc-slurm_6,/Users/sskim/Documents/Codex/2026-08-06/h200-agentx-conversation-id-benchmark-analysis/data/raw/github/run_29820102138/conc4/raw_agentic/8494252371_agentic_glm5.2_p1x1_d1x8_conc4_kvdram-hisparse_fp8_dynamo-sglang_prefill-tp1-pp1-dcp1-pcp8-ep1-dpfalse-nw1_decode-tp8-pp1-dcp1-pcp1-ep1-dptrue-nw1_disagg-true_spec-none_conc4_h200-dgxc-slurm_6/conc_4/aiperf_artifacts/profile_export.jsonl,584,metrics.http_req_connecting.unit,metrics.http_req_connecting.unit,metricshttpreqconnectingunit,584,1.0,0,0.0,0.0,str,str,,,,,,,0,unknown
4,8494252371,agentic_glm5.2_p1x1_d1x8_conc4_kvdram-hisparse_fp8_dynamo-sglang_prefill-tp1-pp1-dcp1-pcp8-ep1-dpfalse-nw1_decode-tp8-pp1-dcp1-pcp1-ep1-dptrue-nw1_disagg-true_spec-none_conc4_h200-dgxc-slurm_6,/Users/sskim/Documents/Codex/2026-08-06/h200-agentx-conversation-id-benchmark-analysis/data/raw/github/run_29820102138/conc4/raw_agentic/8494252371_agentic_glm5.2_p1x1_d1x8_conc4_kvdram-hisparse_fp8_dynamo-sglang_prefill-tp1-pp1-dcp1-pcp8-ep1-dpfalse-nw1_decode-tp8-pp1-dcp1-pcp1-ep1-dptrue-nw1_disagg-true_spec-none_conc4_h200-dgxc-slurm_6/conc_4/aiperf_artifacts/profile_export.jsonl,584,metrics.http_req_connecting.value,metrics.http_req_connecting.value,metricshttpreqconnectingvalue,584,1.0,0,0.0,0.0,float,float,0.0,5.949611,0.0,5.949611,ms,ms,584,ms
4,8494252371,agentic_glm5.2_p1x1_d1x8_conc4_kvdram-hisparse_fp8_dynamo-sglang_prefill-tp1-pp1-dcp1-pcp8-ep1-dpfalse-nw1_decode-tp8-pp1-dcp1-pcp1-ep1-dptrue-nw1_disagg-true_spec-none_conc4_h200-dgxc-slurm_6,/Users/sskim/Documents/Codex/2026-08-06/h200-agentx-conversation-id-benchmark-analysis/data/raw/github/run_29820102138/conc4/raw_agentic/8494252371_agentic_glm5.2_p1x1_d1x8_conc4_kvdram-hisparse_fp8_dynamo-sglang_prefill-tp1-pp1-dcp1-pcp8-ep1-dpfalse-nw1_decode-tp8-pp1-dcp1-pcp1-ep1-dptrue-nw1_disagg-true_spec-none_conc4_h200-dgxc-slurm_6/conc_4/aiperf_artifacts/profile_export.jsonl,584,metrics.http_req_connection_overhead.unit,metrics.http_req_connection_overhead.unit,metricshttpreqconnectionoverheadunit,584,1.0,0,0.0,0.0,str,str,,,,,,,0,unknown
4,8494252371,agentic_glm5.2_p1x1_d1x8_conc4_kvdram-hisparse_fp8_dynamo-sglang_prefill-tp1-pp1-dcp1-pcp8-ep1-dpfalse-nw1_decode-tp8-pp1-dcp1-pcp1-ep1-dptrue-nw1_disagg-true_spec-none_conc4_h200-dgxc-slurm_6,/Users/sskim/Documents/Codex/2026-08-06/h200-agentx-conversation-id-benchmark-analysis/data/raw/github/run_29820102138/conc4/raw_agentic/8494252371_agentic_glm5.2_p1x1_d1x8_conc4_kvdram-hisparse_fp8_dynamo-sglang_prefill-tp1-pp1-dcp1-pcp8-ep1-dpfalse-nw1_decode-tp8-pp1-dcp1-pcp1-ep1-dptrue-nw1_disagg-true_spec-none_conc4_h200-dgxc-slurm_6/conc_4/aiperf_artifacts/profile_export.jsonl,584,metrics.http_req_connection_overhead.value,metrics.http_req_connection_overhead.value,metricshttpreqconnectionoverheadvalue,584,1.0,0,0.0,0.0,float,float,0.0,11.329162,0.0,11.329162,ms,ms,584,ms
4,8494252371,agentic_glm5.2_p1x1_d1x8_conc4_kvdram-hisparse_fp8_dynamo-sglang_prefill-tp1-pp1-dcp1-pcp8-ep1-dpfalse-nw1_decode-tp8-pp1-dcp1-pcp1-ep1-dptrue-nw1_disagg-true_spec-none_conc4_h200-dgxc-slurm_6,/Users/sskim/Documents/Codex/2026-08-06/h200-agentx-conversation-id-benchmark-analysis/data/raw/github/run_29820102138/conc4/raw_agentic/8494252371_agentic_glm5.2_p1x1_d1x8_conc4_kvdram-hisparse_fp8_dynamo-sglang_prefill-tp1-pp1-dcp1-pcp8-ep1-dpfalse-nw1_decode-tp8-pp1-dcp1-pcp1-ep1-dptrue-nw1_disagg-true_spec-none_conc4_h200-dgxc-slurm_6/conc_4/aiperf_artifacts/profile_export.jsonl,584,metrics.http_req_connection_reused.unit,metrics.http_req_connection_reused.unit,metricshttpreqconnectionreusedunit,584,1.0,0,0.0,0.0,str,str,,,,,,,0,unknown
4,8494252371,agentic_glm5.2_p1x1_d1x8_conc4_kvdram-hisparse_fp8_dynamo-sglang_prefill-tp1-pp1-dcp1-pcp8-ep1-dpfalse-nw1_decode-tp8-pp1-dcp1-pcp1-ep1-dptrue-nw1_disagg-true_spec-none_conc4_h200-dgxc-slurm_6,/Users/sskim/Documents/Codex/2026-08-06/h200-agentx-conversation-id-benchmark-analysis/data/raw/github/run_29820102138/conc4/raw_agentic/8494252371_agentic_glm5.2_p1x1_d1x8_conc4_kvdram-hisparse_fp8_dynamo-sglang_prefill-tp1-pp1-dcp1-pcp8-ep1-dpfalse-nw1_decode-tp8-pp1-dcp1-pcp1-ep1-dptrue-nw1_disagg-true_spec-none_conc4_h200-dgxc-slurm_6/conc_4/aiperf_artifacts/profile_export.jsonl,584,metrics.http_req_connection_reused.value,metrics.http_req_connection_reused.value,metricshttpreqconnectionreusedvalue,584,1.0,0,0.0,0.0,int,int,0.0,1.0,0.0,1.0,ratio,ratio,584,ratio
4,8494252371,agentic_glm5.2_p1x1_d1x8_conc4_kvdram-hisparse_fp8_dynamo-sglang_prefill-tp1-pp1-dcp1-pcp8-ep1-dpfalse-nw1_decode-tp8-pp1-dcp1-pcp1-ep1-dptrue-nw1_disagg-true_spec-none_conc4_h200-dgxc-slurm_6,/Users/sskim/Documents/Codex/2026-08-06/h200-agentx-conversation-id-benchmark-analysis/data/raw/github/run_29820102138/conc4/raw_agentic/8494252371_agentic_glm5.2_p1x1_d1x8_conc4_kvdram-hisparse_fp8_dynamo-sglang_prefill-tp1-pp1-dcp1-pcp8-ep1-dpfalse-nw1_decode-tp8-pp1-dcp1-pcp1-ep1-dptrue-nw1_disagg-true_spec-none_conc4_h200-dgxc-slurm_6/conc_4/aiperf_artifacts/profile_export.jsonl,584,metrics.http_req_data_received.unit,metrics.http_req_data_received.unit,metricshttpreqdatareceivedunit,584,1.0,0,0.0,0.0,str,str,,,,,,,0,unknown
4,8494252371,agentic_glm5.2_p1x1_d1x8_conc4_kvdram-hisparse_fp8_dynamo-sglang_prefill-tp1-pp1-dcp1-pcp8-ep1-dpfalse-nw1_decode-tp8-pp1-dcp1-pcp1-ep1-dptrue-nw1_disagg-true_spec-none_conc4_h200-dgxc-slurm_6,/Users/sskim/Documents/Codex/2026-08-06/h200-agentx-conversation-id-benchmark-analysis/data/raw/github/run_29820102138/conc4/raw_agentic/8494252371_agentic_glm5.2_p1x1_d1x8_conc4_kvdram-hisparse_fp8_dynamo-sglang_prefill-tp1-pp1-dcp1-pcp8-ep1-dpfalse-nw1_decode-tp8-pp1-dcp1-pcp1-ep1-dptrue-nw1_disagg-true_spec-none_conc4_h200-dgxc-slurm_6/conc_4/aiperf_artifacts/profile_export.jsonl,584,metrics.http_req_data_received.value,metrics.http_req_data_received.value,metricshttpreqdatareceivedvalue,584,1.0,0,0.0,0.0,float,float,0.5830078125,93.1611328125,0.5830078125,93.1611328125,KB,KB,584,KB
4,8494252371,agentic_glm5.2_p1x1_d1x8_conc4_kvdram-hisparse_fp8_dynamo-sglang_prefill-tp1-pp1-dcp1-pcp8-ep1-dpfalse-nw1_decode-tp8-pp1-dcp1-pcp1-ep1-dptrue-nw1_disagg-true_spec-none_conc4_h200-dgxc-slurm_6,/Users/sskim/Documents/Codex/2026-08-06/h200-agentx-conversation-id-benchmark-analysis/data/raw/github/run_29820102138/conc4/raw_agentic/8494252371_agentic_glm5.2_p1x1_d1x8_conc4_kvdram-hisparse_fp8_dynamo-sglang_prefill-tp1-pp1-dcp1-pcp8-ep1-dpfalse-nw1_decode-tp8-pp1-dcp1-pcp1-ep1-dptrue-nw1_disagg-true_spec-none_conc4_h200-dgxc-slurm_6/conc_4/aiperf_artifacts/profile_export.jsonl,584,metrics.http_req_data_sent.unit,metrics.http_req_data_sent.unit,metricshttpreqdatasentunit,584,1.0,0,0.0,0.0,str,str,,,,,,,0,unknown
4,8494252371,agentic_glm5.2_p1x1_d1x8_conc4_kvdram-hisparse_fp8_dynamo-sglang_prefill-tp1-pp1-dcp1-pcp8-ep1-dpfalse-nw1_decode-tp8-pp1-dcp1-pcp1-ep1-dptrue-nw1_disagg-true_spec-none_conc4_h200-dgxc-slurm_6,/Users/sskim/Documents/Codex/2026-08-06/h200-agentx-conversation-id-benchmark-analysis/data/raw/github/run_29820102138/conc4/raw_agentic/8494252371_agentic_glm5.2_p1x1_d1x8_conc4_kvdram-hisparse_fp8_dynamo-sglang_prefill-tp1-pp1-dcp1-pcp8-ep1-dpfalse-nw1_decode-tp8-pp1-dcp1-pcp1-ep1-dptrue-nw1_disagg-true_spec-none_conc4_h200-dgxc-slurm_6/conc_4/aiperf_artifacts/profile_export.jsonl,584,metrics.http_req_data_sent.value,metrics.http_req_data_sent.value,metricshttpreqdatasentvalue,584,1.0,0,0.0,0.0,float,float,1.7265625,2662.2412109375,1.7265625,2662.2412109375,KB,KB,584,KB
4,8494252371,agentic_glm5.2_p1x1_d1x8_conc4_kvdram-hisparse_fp8_dynamo-sglang_prefill-tp1-pp1-dcp1-pcp8-ep1-dpfalse-nw1_decode-tp8-pp1-dcp1-pcp1-ep1-dptrue-nw1_disagg-true_spec-none_conc4_h200-dgxc-slurm_6,/Users/sskim/Documents/Codex/2026-08-06/h200-agentx-conversation-id-benchmark-analysis/data/raw/github/run_29820102138/conc4/raw_agentic/8494252371_agentic_glm5.2_p1x1_d1x8_conc4_kvdram-hisparse_fp8_dynamo-sglang_prefill-tp1-pp1-dcp1-pcp8-ep1-dpfalse-nw1_decode-tp8-pp1-dcp1-pcp1-ep1-dptrue-nw1_disagg-true_spec-none_conc4_h200-dgxc-slurm_6/conc_4/aiperf_artifacts/profile_export.jsonl,584,metrics.http_req_dns_lookup.unit,metrics.http_req_dns_lookup.unit,metricshttpreqdnslookupunit,584,1.0,0,0.0,0.0,str,str,,,,,,,0,unknown
4,8494252371,agentic_glm5.2_p1x1_d1x8_conc4_kvdram-hisparse_fp8_dynamo-sglang_prefill-tp1-pp1-dcp1-pcp8-ep1-dpfalse-nw1_decode-tp8-pp1-dcp1-pcp1-ep1-dptrue-nw1_disagg-true_spec-none_conc4_h200-dgxc-slurm_6,/Users/sskim/Documents/Codex/2026-08-06/h200-agentx-conversation-id-benchmark-analysis/data/raw/github/run_29820102138/conc4/raw_agentic/8494252371_agentic_glm5.2_p1x1_d1x8_conc4_kvdram-hisparse_fp8_dynamo-sglang_prefill-tp1-pp1-dcp1-pcp8-ep1-dpfalse-nw1_decode-tp8-pp1-dcp1-pcp1-ep1-dptrue-nw1_disagg-true_spec-none_conc4_h200-dgxc-slurm_6/conc_4/aiperf_artifacts/profile_export.jsonl,584,metrics.http_req_dns_lookup.value,metrics.http_req_dns_lookup.value,metricshttpreqdnslookupvalue,584,1.0,0,0.0,0.0,float,float,0.0,5.379551,0.0,5.379551,ms,ms,584,ms
4,8494252371,agentic_glm5.2_p1x1_d1x8_conc4_kvdram-hisparse_fp8_dynamo-sglang_prefill-tp1-pp1-dcp1-pcp8-ep1-dpfalse-nw1_decode-tp8-pp1-dcp1-pcp1-ep1-dptrue-nw1_disagg-true_spec-none_conc4_h200-dgxc-slurm_6,/Users/sskim/Documents/Codex/2026-08-06/h200-agentx-conversation-id-benchmark-analysis/data/raw/github/run_29820102138/conc4/raw_agentic/8494252371_agentic_glm5.2_p1x1_d1x8_conc4_kvdram-hisparse_fp8_dynamo-sglang_prefill-tp1-pp1-dcp1-pcp8-ep1-dpfalse-nw1_decode-tp8-pp1-dcp1-pcp1-ep1-dptrue-nw1_disagg-true_spec-none_conc4_h200-dgxc-slurm_6/conc_4/aiperf_artifacts/profile_export.jsonl,584,metrics.http_req_duration.unit,metrics.http_req_duration.unit,metricshttpreqdurationunit,584,1.0,0,0.0,0.0,str,str,,,,,,,0,unknown
4,8494252371,agentic_glm5.2_p1x1_d1x8_conc4_kvdram-hisparse_fp8_dynamo-sglang_prefill-tp1-pp1-dcp1-pcp8-ep1-dpfalse-nw1_decode-tp8-pp1-dcp1-pcp1-ep1-dptrue-nw1_disagg-true_spec-none_conc4_h200-dgxc-slurm_6,/Users/sskim/Documents/Codex/2026-08-06/h200-agentx-conversation-id-benchmark-analysis/data/raw/github/run_29820102138/conc4/raw_agentic/8494252371_agentic_glm5.2_p1x1_d1x8_conc4_kvdram-hisparse_fp8_dynamo-sglang_prefill-tp1-pp1-dcp1-pcp8-ep1-dpfalse-nw1_decode-tp8-pp1-dcp1-pcp1-ep1-dptrue-nw1_disagg-true_spec-none_conc4_h200-dgxc-slurm_6/conc_4/aiperf_artifacts/profile_export.jsonl,584,metrics.http_req_duration.value,metrics.http_req_duration.value,metricshttpreqdurationvalue,584,1.0,0,0.0,0.0,float,float,1000.866142,391691.780008,1000.866142,391691.780008,ms,ms,584,ms
4,8494252371,agentic_glm5.2_p1x1_d1x8_conc4_kvdram-hisparse_fp8_dynamo-sglang_prefill-tp1-pp1-dcp1-pcp8-ep1-dpfalse-nw1_decode-tp8-pp1-dcp1-pcp1-ep1-dptrue-nw1_disagg-true_spec-none_conc4_h200-dgxc-slurm_6,/Users/sskim/Documents/Codex/2026-08-06/h200-agentx-conversation-id-benchmark-analysis/data/raw/github/run_29820102138/conc4/raw_agentic/8494252371_agentic_glm5.2_p1x1_d1x8_conc4_kvdram-hisparse_fp8_dynamo-sglang_prefill-tp1-pp1-dcp1-pcp8-ep1-dpfalse-nw1_decode-tp8-pp1-dcp1-pcp1-ep1-dptrue-nw1_disagg-true_spec-none_conc4_h200-dgxc-slurm_6/conc_4/aiperf_artifacts/profile_export.jsonl,584,metrics.http_req_receiving.unit,metrics.http_req_receiving.unit,metricshttpreqreceivingunit,584,1.0,0,0.0,0.0,str,str,,,,,,,0,unknown
4,8494252371,agentic_glm5.2_p1x1_d1x8_conc4_kvdram-hisparse_fp8_dynamo-sglang_prefill-tp1-pp1-dcp1-pcp8-ep1-dpfalse-nw1_decode-tp8-pp1-dcp1-pcp1-ep1-dptrue-nw1_disagg-true_spec-none_conc4_h200-dgxc-slurm_6,/Users/sskim/Documents/Codex/2026-08-06/h200-agentx-conversation-id-benchmark-analysis/data/raw/github/run_29820102138/conc4/raw_agentic/8494252371_agentic_glm5.2_p1x1_d1x8_conc4_kvdram-hisparse_fp8_dynamo-sglang_prefill-tp1-pp1-dcp1-pcp8-ep1-dpfalse-nw1_decode-tp8-pp1-dcp1-pcp1-ep1-dptrue-nw1_disagg-true_spec-none_conc4_h200-dgxc-slurm_6/conc_4/aiperf_artifacts/profile_export.jsonl,584,metrics.http_req_receiving.value,metrics.http_req_receiving.value,metricshttpreqreceivingvalue,584,1.0,0,0.0,0.0,float,float,0.0,390769.507849,0.0,390769.507849,ms,ms,584,ms
4,8494252371,agentic_glm5.2_p1x1_d1x8_conc4_kvdram-hisparse_fp8_dynamo-sglang_prefill-tp1-pp1-dcp1-pcp8-ep1-dpfalse-nw1_decode-tp8-pp1-dcp1-pcp1-ep1-dptrue-nw1_disagg-true_spec-none_conc4_h200-dgxc-slurm_6,/Users/sskim/Documents/Codex/2026-08-06/h200-agentx-conversation-id-benchmark-analysis/data/raw/github/run_29820102138/conc4/raw_agentic/8494252371_agentic_glm5.2_p1x1_d1x8_conc4_kvdram-hisparse_fp8_dynamo-sglang_prefill-tp1-pp1-dcp1-pcp8-ep1-dpfalse-nw1_decode-tp8-pp1-dcp1-pcp1-ep1-dptrue-nw1_disagg-true_spec-none_conc4_h200-dgxc-slurm_6/conc_4/aiperf_artifacts/profile_export.jsonl,584,metrics.http_req_sending.unit,metrics.http_req_sending.unit,metricshttpreqsendingunit,584,1.0,0,0.0,0.0,str,str,,,,,,,0,unknown
4,8494252371,agentic_glm5.2_p1x1_d1x8_conc4_kvdram-hisparse_fp8_dynamo-sglang_prefill-tp1-pp1-dcp1-pcp8-ep1-dpfalse-nw1_decode-tp8-pp1-dcp1-pcp1-ep1-dptrue-nw1_disagg-true_spec-none_conc4_h200-dgxc-slurm_6,/Users/sskim/Documents/Codex/2026-08-06/h200-agentx-conversation-id-benchmark-analysis/data/raw/github/run_29820102138/conc4/raw_agentic/8494252371_agentic_glm5.2_p1x1_d1x8_conc4_kvdram-hisparse_fp8_dynamo-sglang_prefill-tp1-pp1-dcp1-pcp8-ep1-dpfalse-nw1_decode-tp8-pp1-dcp1-pcp1-ep1-dptrue-nw1_disagg-true_spec-none_conc4_h200-dgxc-slurm_6/conc_4/aiperf_artifacts/profile_export.jsonl,584,metrics.http_req_sending.value,metrics.http_req_sending.value,metricshttpreqsendingvalue,584,1.0,0,0.0,0.0,float,float,0.11616599999999999,6.361517,0.11616599999999999,6.361517,ms,ms,584,ms
4,8494252371,agentic_glm5.2_p1x1_d1x8_conc4_kvdram-hisparse_fp8_dynamo-sglang_prefill-tp1-pp1-dcp1-pcp8-ep1-dpfalse-nw1_decode-tp8-pp1-dcp1-pcp1-ep1-dptrue-nw1_disagg-true_spec-none_conc4_h200-dgxc-slurm_6,/Users/sskim/Documents/Codex/2026-08-06/h200-agentx-conversation-id-benchmark-analysis/data/raw/github/run_29820102138/conc4/raw_agentic/8494252371_agentic_glm5.2_p1x1_d1x8_conc4_kvdram-hisparse_fp8_dynamo-sglang_prefill-tp1-pp1-dcp1-pcp8-ep1-dpfalse-nw1_decode-tp8-pp1-dcp1-pcp1-ep1-dptrue-nw1_disagg-true_spec-none_conc4_h200-dgxc-slurm_6/conc_4/aiperf_artifacts/profile_export.jsonl,584,metrics.http_req_total.unit,metrics.http_req_total.unit,metricshttpreqtotalunit,584,1.0,0,0.0,0.0,str,str,,,,,,,0,unknown
4,8494252371,agentic_glm5.2_p1x1_d1x8_conc4_kvdram-hisparse_fp8_dynamo-sglang_prefill-tp1-pp1-dcp1-pcp8-ep1-dpfalse-nw1_decode-tp8-pp1-dcp1-pcp1-ep1-dptrue-nw1_disagg-true_spec-none_conc4_h200-dgxc-slurm_6,/Users/sskim/Documents/Codex/2026-08-06/h200-agentx-conversation-id-benchmark-analysis/data/raw/github/run_29820102138/conc4/raw_agentic/8494252371_agentic_glm5.2_p1x1_d1x8_conc4_kvdram-hisparse_fp8_dynamo-sglang_prefill-tp1-pp1-dcp1-pcp8-ep1-dpfalse-nw1_decode-tp8-pp1-dcp1-pcp1-ep1-dptrue-nw1_disagg-true_spec-none_conc4_h200-dgxc-slurm_6/conc_4/aiperf_artifacts/profile_export.jsonl,584,metrics.http_req_total.value,metrics.http_req_total.value,metricshttpreqtotalvalue,584,1.0,0,0.0,0.0,float,float,1000.866142,391691.780008,1000.866142,391691.780008,ms,ms,584,ms
4,8494252371,agentic_glm5.2_p1x1_d1x8_conc4_kvdram-hisparse_fp8_dynamo-sglang_prefill-tp1-pp1-dcp1-pcp8-ep1-dpfalse-nw1_decode-tp8-pp1-dcp1-pcp1-ep1-dptrue-nw1_disagg-true_spec-none_conc4_h200-dgxc-slurm_6,/Users/sskim/Documents/Codex/2026-08-06/h200-agentx-conversation-id-benchmark-analysis/data/raw/github/run_29820102138/conc4/raw_agentic/8494252371_agentic_glm5.2_p1x1_d1x8_conc4_kvdram-hisparse_fp8_dynamo-sglang_prefill-tp1-pp1-dcp1-pcp8-ep1-dpfalse-nw1_decode-tp8-pp1-dcp1-pcp1-ep1-dptrue-nw1_disagg-true_spec-none_conc4_h200-dgxc-slurm_6/conc_4/aiperf_artifacts/profile_export.jsonl,584,metrics.http_req_waiting.unit,metrics.http_req_waiting.unit,metricshttpreqwaitingunit,584,1.0,0,0.0,0.0,str,str,,,,,,,0,unknown
4,8494252371,agentic_glm5.2_p1x1_d1x8_conc4_kvdram-hisparse_fp8_dynamo-sglang_prefill-tp1-pp1-dcp1-pcp8-ep1-dpfalse-nw1_decode-tp8-pp1-dcp1-pcp1-ep1-dptrue-nw1_disagg-true_spec-none_conc4_h200-dgxc-slurm_6,/Users/sskim/Documents/Codex/2026-08-06/h200-agentx-conversation-id-benchmark-analysis/data/raw/github/run_29820102138/conc4/raw_agentic/8494252371_agentic_glm5.2_p1x1_d1x8_conc4_kvdram-hisparse_fp8_dynamo-sglang_prefill-tp1-pp1-dcp1-pcp8-ep1-dpfalse-nw1_decode-tp8-pp1-dcp1-pcp1-ep1-dptrue-nw1_disagg-true_spec-none_conc4_h200-dgxc-slurm_6/conc_4/aiperf_artifacts/profile_export.jsonl,584,metrics.http_req_waiting.value,metrics.http_req_waiting.value,metricshttpreqwaitingvalue,584,1.0,0,0.0,0.0,float,float,341.50645399999996,196610.783962,341.50645399999996,196610.783962,ms,ms,584,ms
4,8494252371,agentic_glm5.2_p1x1_d1x8_conc4_kvdram-hisparse_fp8_dynamo-sglang_prefill-tp1-pp1-dcp1-pcp8-ep1-dpfalse-nw1_decode-tp8-pp1-dcp1-pcp1-ep1-dptrue-nw1_disagg-true_spec-none_conc4_h200-dgxc-slurm_6,/Users/sskim/Documents/Codex/2026-08-06/h200-agentx-conversation-id-benchmark-analysis/data/raw/github/run_29820102138/conc4/raw_agentic/8494252371_agentic_glm5.2_p1x1_d1x8_conc4_kvdram-hisparse_fp8_dynamo-sglang_prefill-tp1-pp1-dcp1-pcp8-ep1-dpfalse-nw1_decode-tp8-pp1-dcp1-pcp1-ep1-dptrue-nw1_disagg-true_spec-none_conc4_h200-dgxc-slurm_6/conc_4/aiperf_artifacts/profile_export.jsonl,584,metrics.input_sequence_length.unit,metrics.input_sequence_length.unit,metricsinputsequencelengthunit,584,1.0,0,0.0,0.0,str,str,,,,,,,0,unknown
4,8494252371,agentic_glm5.2_p1x1_d1x8_conc4_kvdram-hisparse_fp8_dynamo-sglang_prefill-tp1-pp1-dcp1-pcp8-ep1-dpfalse-nw1_decode-tp8-pp1-dcp1-pcp1-ep1-dptrue-nw1_disagg-true_spec-none_conc4_h200-dgxc-slurm_6,/Users/sskim/Documents/Codex/2026-08-06/h200-agentx-conversation-id-benchmark-analysis/data/raw/github/run_29820102138/conc4/raw_agentic/8494252371_agentic_glm5.2_p1x1_d1x8_conc4_kvdram-hisparse_fp8_dynamo-sglang_prefill-tp1-pp1-dcp1-pcp8-ep1-dpfalse-nw1_decode-tp8-pp1-dcp1-pcp1-ep1-dptrue-nw1_disagg-true_spec-none_conc4_h200-dgxc-slurm_6/conc_4/aiperf_artifacts/profile_export.jsonl,584,metrics.input_sequence_length.value,metrics.input_sequence_length.value,metricsinputsequencelengthvalue,584,1.0,0,0.0,0.0,int,int,1.0,154539.0,1.0,154539.0,tokens,tokens,584,tokens
4,8494252371,agentic_glm5.2_p1x1_d1x8_conc4_kvdram-hisparse_fp8_dynamo-sglang_prefill-tp1-pp1-dcp1-pcp8-ep1-dpfalse-nw1_decode-tp8-pp1-dcp1-pcp1-ep1-dptrue-nw1_disagg-true_spec-none_conc4_h200-dgxc-slurm_6,/Users/sskim/Documents/Codex/2026-08-06/h200-agentx-conversation-id-benchmark-analysis/data/raw/github/run_29820102138/conc4/raw_agentic/8494252371_agentic_glm5.2_p1x1_d1x8_conc4_kvdram-hisparse_fp8_dynamo-sglang_prefill-tp1-pp1-dcp1-pcp8-ep1-dpfalse-nw1_decode-tp8-pp1-dcp1-pcp1-ep1-dptrue-nw1_disagg-true_spec-none_conc4_h200-dgxc-slurm_6/conc_4/aiperf_artifacts/profile_export.jsonl,584,metrics.inter_chunk_latency.unit,metrics.inter_chunk_latency.unit,metricsinterchunklatencyunit,267,0.4571917808219178,0,0.0,0.0,str,str,,,,,,,0,unknown
4,8494252371,agentic_glm5.2_p1x1_d1x8_conc4_kvdram-hisparse_fp8_dynamo-sglang_prefill-tp1-pp1-dcp1-pcp8-ep1-dpfalse-nw1_decode-tp8-pp1-dcp1-pcp1-ep1-dptrue-nw1_disagg-true_spec-none_conc4_h200-dgxc-slurm_6,/Users/sskim/Documents/Codex/2026-08-06/h200-agentx-conversation-id-benchmark-analysis/data/raw/github/run_29820102138/conc4/raw_agentic/8494252371_agentic_glm5.2_p1x1_d1x8_conc4_kvdram-hisparse_fp8_dynamo-sglang_prefill-tp1-pp1-dcp1-pcp8-ep1-dpfalse-nw1_decode-tp8-pp1-dcp1-pcp1-ep1-dptrue-nw1_disagg-true_spec-none_conc4_h200-dgxc-slurm_6/conc_4/aiperf_artifacts/profile_export.jsonl,584,metrics.inter_chunk_latency.value,metrics.inter_chunk_latency.value,metricsinterchunklatencyvalue,267,0.4571917808219178,0,0.0,0.0,str,str,,,,,ms,ms,267,ms
4,8494252371,agentic_glm5.2_p1x1_d1x8_conc4_kvdram-hisparse_fp8_dynamo-sglang_prefill-tp1-pp1-dcp1-pcp8-ep1-dpfalse-nw1_decode-tp8-pp1-dcp1-pcp1-ep1-dptrue-nw1_disagg-true_spec-none_conc4_h200-dgxc-slurm_6,/Users/sskim/Documents/Codex/2026-08-06/h200-agentx-conversation-id-benchmark-analysis/data/raw/github/run_29820102138/conc4/raw_agentic/8494252371_agentic_glm5.2_p1x1_d1x8_conc4_kvdram-hisparse_fp8_dynamo-sglang_prefill-tp1-pp1-dcp1-pcp8-ep1-dpfalse-nw1_decode-tp8-pp1-dcp1-pcp1-ep1-dptrue-nw1_disagg-true_spec-none_conc4_h200-dgxc-slurm_6/conc_4/aiperf_artifacts/profile_export.jsonl,584,metrics.inter_token_latency.unit,metrics.inter_token_latency.unit,metricsintertokenlatencyunit,267,0.4571917808219178,0,0.0,0.0,str,str,,,,,,,0,unknown
4,8494252371,agentic_glm5.2_p1x1_d1x8_conc4_kvdram-hisparse_fp8_dynamo-sglang_prefill-tp1-pp1-dcp1-pcp8-ep1-dpfalse-nw1_decode-tp8-pp1-dcp1-pcp1-ep1-dptrue-nw1_disagg-true_spec-none_conc4_h200-dgxc-slurm_6,/Users/sskim/Documents/Codex/2026-08-06/h200-agentx-conversation-id-benchmark-analysis/data/raw/github/run_29820102138/conc4/raw_agentic/8494252371_agentic_glm5.2_p1x1_d1x8_conc4_kvdram-hisparse_fp8_dynamo-sglang_prefill-tp1-pp1-dcp1-pcp8-ep1-dpfalse-nw1_decode-tp8-pp1-dcp1-pcp1-ep1-dptrue-nw1_disagg-true_spec-none_conc4_h200-dgxc-slurm_6/conc_4/aiperf_artifacts/profile_export.jsonl,584,metrics.inter_token_latency.value,metrics.inter_token_latency.value,metricsintertokenlatencyvalue,267,0.4571917808219178,0,0.0,0.0,float,float,25.949624260869566,85.43198699999999,25.949624260869566,85.43198699999999,ms,ms,267,ms
4,8494252371,agentic_glm5.2_p1x1_d1x8_conc4_kvdram-hisparse_fp8_dynamo-sglang_prefill-tp1-pp1-dcp1-pcp8-ep1-dpfalse-nw1_decode-tp8-pp1-dcp1-pcp1-ep1-dptrue-nw1_disagg-true_spec-none_conc4_h200-dgxc-slurm_6,/Users/sskim/Documents/Codex/2026-08-06/h200-agentx-conversation-id-benchmark-analysis/data/raw/github/run_29820102138/conc4/raw_agentic/8494252371_agentic_glm5.2_p1x1_d1x8_conc4_kvdram-hisparse_fp8_dynamo-sglang_prefill-tp1-pp1-dcp1-pcp8-ep1-dpfalse-nw1_decode-tp8-pp1-dcp1-pcp1-ep1-dptrue-nw1_disagg-true_spec-none_conc4_h200-dgxc-slurm_6/conc_4/aiperf_artifacts/profile_export.jsonl,584,metrics.osl_mismatch_diff_pct.unit,metrics.osl_mismatch_diff_pct.unit,metricsoslmismatchdiffpctunit,584,1.0,0,0.0,0.0,str,str,,,,,,,0,unknown
4,8494252371,agentic_glm5.2_p1x1_d1x8_conc4_kvdram-hisparse_fp8_dynamo-sglang_prefill-tp1-pp1-dcp1-pcp8-ep1-dpfalse-nw1_decode-tp8-pp1-dcp1-pcp1-ep1-dptrue-nw1_disagg-true_spec-none_conc4_h200-dgxc-slurm_6,/Users/sskim/Documents/Codex/2026-08-06/h200-agentx-conversation-id-benchmark-analysis/data/raw/github/run_29820102138/conc4/raw_agentic/8494252371_agentic_glm5.2_p1x1_d1x8_conc4_kvdram-hisparse_fp8_dynamo-sglang_prefill-tp1-pp1-dcp1-pcp8-ep1-dpfalse-nw1_decode-tp8-pp1-dcp1-pcp1-ep1-dptrue-nw1_disagg-true_spec-none_conc4_h200-dgxc-slurm_6/conc_4/aiperf_artifacts/profile_export.jsonl,584,metrics.osl_mismatch_diff_pct.value,metrics.osl_mismatch_diff_pct.value,metricsoslmismatchdiffpctvalue,584,1.0,0,0.0,0.0,float,float,-99.99623649843815,0.0,-99.99623649843815,0.0,%,%,584,%
4,8494252371,agentic_glm5.2_p1x1_d1x8_conc4_kvdram-hisparse_fp8_dynamo-sglang_prefill-tp1-pp1-dcp1-pcp8-ep1-dpfalse-nw1_decode-tp8-pp1-dcp1-pcp1-ep1-dptrue-nw1_disagg-true_spec-none_conc4_h200-dgxc-slurm_6,/Users/sskim/Documents/Codex/2026-08-06/h200-agentx-conversation-id-benchmark-analysis/data/raw/github/run_29820102138/conc4/raw_agentic/8494252371_agentic_glm5.2_p1x1_d1x8_conc4_kvdram-hisparse_fp8_dynamo-sglang_prefill-tp1-pp1-dcp1-pcp8-ep1-dpfalse-nw1_decode-tp8-pp1-dcp1-pcp1-ep1-dptrue-nw1_disagg-true_spec-none_conc4_h200-dgxc-slurm_6/conc_4/aiperf_artifacts/profile_export.jsonl,584,metrics.output_sequence_length.unit,metrics.output_sequence_length.unit,metricsoutputsequencelengthunit,584,1.0,0,0.0,0.0,str,str,,,,,,,0,unknown
4,8494252371,agentic_glm5.2_p1x1_d1x8_conc4_kvdram-hisparse_fp8_dynamo-sglang_prefill-tp1-pp1-dcp1-pcp8-ep1-dpfalse-nw1_decode-tp8-pp1-dcp1-pcp1-ep1-dptrue-nw1_disagg-true_spec-none_conc4_h200-dgxc-slurm_6,/Users/sskim/Documents/Codex/2026-08-06/h200-agentx-conversation-id-benchmark-analysis/data/raw/github/run_29820102138/conc4/raw_agentic/8494252371_agentic_glm5.2_p1x1_d1x8_conc4_kvdram-hisparse_fp8_dynamo-sglang_prefill-tp1-pp1-dcp1-pcp8-ep1-dpfalse-nw1_decode-tp8-pp1-dcp1-pcp1-ep1-dptrue-nw1_disagg-true_spec-none_conc4_h200-dgxc-slurm_6/conc_4/aiperf_artifacts/profile_export.jsonl,584,metrics.output_sequence_length.value,metrics.output_sequence_length.value,metricsoutputsequencelengthvalue,584,1.0,0,0.0,0.0,int,int,1.0,10180.0,1.0,10180.0,tokens,tokens,584,tokens
4,8494252371,agentic_glm5.2_p1x1_d1x8_conc4_kvdram-hisparse_fp8_dynamo-sglang_prefill-tp1-pp1-dcp1-pcp8-ep1-dpfalse-nw1_decode-tp8-pp1-dcp1-pcp1-ep1-dptrue-nw1_disagg-true_spec-none_conc4_h200-dgxc-slurm_6,/Users/sskim/Documents/Codex/2026-08-06/h200-agentx-conversation-id-benchmark-analysis/data/raw/github/run_29820102138/conc4/raw_agentic/8494252371_agentic_glm5.2_p1x1_d1x8_conc4_kvdram-hisparse_fp8_dynamo-sglang_prefill-tp1-pp1-dcp1-pcp8-ep1-dpfalse-nw1_decode-tp8-pp1-dcp1-pcp1-ep1-dptrue-nw1_disagg-true_spec-none_conc4_h200-dgxc-slurm_6/conc_4/aiperf_artifacts/profile_export.jsonl,584,metrics.output_token_count.unit,metrics.output_token_count.unit,metricsoutputtokencountunit,584,1.0,0,0.0,0.0,str,str,,,,,,,0,unknown
4,8494252371,agentic_glm5.2_p1x1_d1x8_conc4_kvdram-hisparse_fp8_dynamo-sglang_prefill-tp1-pp1-dcp1-pcp8-ep1-dpfalse-nw1_decode-tp8-pp1-dcp1-pcp1-ep1-dptrue-nw1_disagg-true_spec-none_conc4_h200-dgxc-slurm_6,/Users/sskim/Documents/Codex/2026-08-06/h200-agentx-conversation-id-benchmark-analysis/data/raw/github/run_29820102138/conc4/raw_agentic/8494252371_agentic_glm5.2_p1x1_d1x8_conc4_kvdram-hisparse_fp8_dynamo-sglang_prefill-tp1-pp1-dcp1-pcp8-ep1-dpfalse-nw1_decode-tp8-pp1-dcp1-pcp1-ep1-dptrue-nw1_disagg-true_spec-none_conc4_h200-dgxc-slurm_6/conc_4/aiperf_artifacts/profile_export.jsonl,584,metrics.output_token_count.value,metrics.output_token_count.value,metricsoutputtokencountvalue,584,1.0,0,0.0,0.0,int,int,1.0,10180.0,1.0,10180.0,tokens,tokens,584,tokens
4,8494252371,agentic_glm5.2_p1x1_d1x8_conc4_kvdram-hisparse_fp8_dynamo-sglang_prefill-tp1-pp1-dcp1-pcp8-ep1-dpfalse-nw1_decode-tp8-pp1-dcp1-pcp1-ep1-dptrue-nw1_disagg-true_spec-none_conc4_h200-dgxc-slurm_6,/Users/sskim/Documents/Codex/2026-08-06/h200-agentx-conversation-id-benchmark-analysis/data/raw/github/run_29820102138/conc4/raw_agentic/8494252371_agentic_glm5.2_p1x1_d1x8_conc4_kvdram-hisparse_fp8_dynamo-sglang_prefill-tp1-pp1-dcp1-pcp8-ep1-dpfalse-nw1_decode-tp8-pp1-dcp1-pcp1-ep1-dptrue-nw1_disagg-true_spec-none_conc4_h200-dgxc-slurm_6/conc_4/aiperf_artifacts/profile_export.jsonl,584,metrics.output_token_throughput_per_user.unit,metrics.output_token_throughput_per_user.unit,metricsoutputtokenthroughputperuserunit,267,0.4571917808219178,0,0.0,0.0,str,str,,,,,,,0,unknown
4,8494252371,agentic_glm5.2_p1x1_d1x8_conc4_kvdram-hisparse_fp8_dynamo-sglang_prefill-tp1-pp1-dcp1-pcp8-ep1-dpfalse-nw1_decode-tp8-pp1-dcp1-pcp1-ep1-dptrue-nw1_disagg-true_spec-none_conc4_h200-dgxc-slurm_6,/Users/sskim/Documents/Codex/2026-08-06/h200-agentx-conversation-id-benchmark-analysis/data/raw/github/run_29820102138/conc4/raw_agentic/8494252371_agentic_glm5.2_p1x1_d1x8_conc4_kvdram-hisparse_fp8_dynamo-sglang_prefill-tp1-pp1-dcp1-pcp8-ep1-dpfalse-nw1_decode-tp8-pp1-dcp1-pcp1-ep1-dptrue-nw1_disagg-true_spec-none_conc4_h200-dgxc-slurm_6/conc_4/aiperf_artifacts/profile_export.jsonl,584,metrics.output_token_throughput_per_user.value,metrics.output_token_throughput_per_user.value,metricsoutputtokenthroughputperuservalue,267,0.4571917808219178,0,0.0,0.0,float,float,11.70521762533745,38.53620345123603,11.70521762533745,38.53620345123603,tokens/sec/user,tokens/sec/user,267,tokens/sec/user
4,8494252371,agentic_glm5.2_p1x1_d1x8_conc4_kvdram-hisparse_fp8_dynamo-sglang_prefill-tp1-pp1-dcp1-pcp8-ep1-dpfalse-nw1_decode-tp8-pp1-dcp1-pcp1-ep1-dptrue-nw1_disagg-true_spec-none_conc4_h200-dgxc-slurm_6,/Users/sskim/Documents/Codex/2026-08-06/h200-agentx-conversation-id-benchmark-analysis/data/raw/github/run_29820102138/conc4/raw_agentic/8494252371_agentic_glm5.2_p1x1_d1x8_conc4_kvdram-hisparse_fp8_dynamo-sglang_prefill-tp1-pp1-dcp1-pcp8-ep1-dpfalse-nw1_decode-tp8-pp1-dcp1-pcp1-ep1-dptrue-nw1_disagg-true_spec-none_conc4_h200-dgxc-slurm_6/conc_4/aiperf_artifacts/profile_export.jsonl,584,metrics.prefill_throughput_per_user.unit,metrics.prefill_throughput_per_user.unit,metricsprefillthroughputperuserunit,584,1.0,0,0.0,0.0,str,str,,,,,,,0,unknown
4,8494252371,agentic_glm5.2_p1x1_d1x8_conc4_kvdram-hisparse_fp8_dynamo-sglang_prefill-tp1-pp1-dcp1-pcp8-ep1-dpfalse-nw1_decode-tp8-pp1-dcp1-pcp1-ep1-dptrue-nw1_disagg-true_spec-none_conc4_h200-dgxc-slurm_6,/Users/sskim/Documents/Codex/2026-08-06/h200-agentx-conversation-id-benchmark-analysis/data/raw/github/run_29820102138/conc4/raw_agentic/8494252371_agentic_glm5.2_p1x1_d1x8_conc4_kvdram-hisparse_fp8_dynamo-sglang_prefill-tp1-pp1-dcp1-pcp8-ep1-dpfalse-nw1_decode-tp8-pp1-dcp1-pcp1-ep1-dptrue-nw1_disagg-true_spec-none_conc4_h200-dgxc-slurm_6/conc_4/aiperf_artifacts/profile_export.jsonl,584,metrics.prefill_throughput_per_user.value,metrics.prefill_throughput_per_user.value,metricsprefillthroughputperuservalue,584,1.0,0,0.0,0.0,float,float,0.005086022236375062,140063.8595757064,0.005086022236375062,140063.8595757064,tokens/sec/user,tokens/sec/user,584,tokens/sec/user
4,8494252371,agentic_glm5.2_p1x1_d1x8_conc4_kvdram-hisparse_fp8_dynamo-sglang_prefill-tp1-pp1-dcp1-pcp8-ep1-dpfalse-nw1_decode-tp8-pp1-dcp1-pcp1-ep1-dptrue-nw1_disagg-true_spec-none_conc4_h200-dgxc-slurm_6,/Users/sskim/Documents/Codex/2026-08-06/h200-agentx-conversation-id-benchmark-analysis/data/raw/github/run_29820102138/conc4/raw_agentic/8494252371_agentic_glm5.2_p1x1_d1x8_conc4_kvdram-hisparse_fp8_dynamo-sglang_prefill-tp1-pp1-dcp1-pcp8-ep1-dpfalse-nw1_decode-tp8-pp1-dcp1-pcp1-ep1-dptrue-nw1_disagg-true_spec-none_conc4_h200-dgxc-slurm_6/conc_4/aiperf_artifacts/profile_export.jsonl,584,metrics.request_latency.unit,metrics.request_latency.unit,metricsrequestlatencyunit,584,1.0,0,0.0,0.0,str,str,,,,,,,0,unknown
4,8494252371,agentic_glm5.2_p1x1_d1x8_conc4_kvdram-hisparse_fp8_dynamo-sglang_prefill-tp1-pp1-dcp1-pcp8-ep1-dpfalse-nw1_decode-tp8-pp1-dcp1-pcp1-ep1-dptrue-nw1_disagg-true_spec-none_conc4_h200-dgxc-slurm_6,/Users/sskim/Documents/Codex/2026-08-06/h200-agentx-conversation-id-benchmark-analysis/data/raw/github/run_29820102138/conc4/raw_agentic/8494252371_agentic_glm5.2_p1x1_d1x8_conc4_kvdram-hisparse_fp8_dynamo-sglang_prefill-tp1-pp1-dcp1-pcp8-ep1-dpfalse-nw1_decode-tp8-pp1-dcp1-pcp1-ep1-dptrue-nw1_disagg-true_spec-none_conc4_h200-dgxc-slurm_6/conc_4/aiperf_artifacts/profile_export.jsonl,584,metrics.request_latency.value,metrics.request_latency.value,metricsrequestlatencyvalue,584,1.0,0,0.0,0.0,float,float,1000.637202,391691.896152,1000.637202,391691.896152,ms,ms,584,ms
4,8494252371,agentic_glm5.2_p1x1_d1x8_conc4_kvdram-hisparse_fp8_dynamo-sglang_prefill-tp1-pp1-dcp1-pcp8-ep1-dpfalse-nw1_decode-tp8-pp1-dcp1-pcp1-ep1-dptrue-nw1_disagg-true_spec-none_conc4_h200-dgxc-slurm_6,/Users/sskim/Documents/Codex/2026-08-06/h200-agentx-conversation-id-benchmark-analysis/data/raw/github/run_29820102138/conc4/raw_agentic/8494252371_agentic_glm5.2_p1x1_d1x8_conc4_kvdram-hisparse_fp8_dynamo-sglang_prefill-tp1-pp1-dcp1-pcp8-ep1-dpfalse-nw1_decode-tp8-pp1-dcp1-pcp1-ep1-dptrue-nw1_disagg-true_spec-none_conc4_h200-dgxc-slurm_6/conc_4/aiperf_artifacts/profile_export.jsonl,584,metrics.time_to_first_output_token.unit,metrics.time_to_first_output_token.unit,metricstimetofirstoutputtokenunit,584,1.0,0,0.0,0.0,str,str,,,,,,,0,unknown
4,8494252371,agentic_glm5.2_p1x1_d1x8_conc4_kvdram-hisparse_fp8_dynamo-sglang_prefill-tp1-pp1-dcp1-pcp8-ep1-dpfalse-nw1_decode-tp8-pp1-dcp1-pcp1-ep1-dptrue-nw1_disagg-true_spec-none_conc4_h200-dgxc-slurm_6,/Users/sskim/Documents/Codex/2026-08-06/h200-agentx-conversation-id-benchmark-analysis/data/raw/github/run_29820102138/conc4/raw_agentic/8494252371_agentic_glm5.2_p1x1_d1x8_conc4_kvdram-hisparse_fp8_dynamo-sglang_prefill-tp1-pp1-dcp1-pcp8-ep1-dpfalse-nw1_decode-tp8-pp1-dcp1-pcp1-ep1-dptrue-nw1_disagg-true_spec-none_conc4_h200-dgxc-slurm_6/conc_4/aiperf_artifacts/profile_export.jsonl,584,metrics.time_to_first_output_token.value,metrics.time_to_first_output_token.value,metricstimetofirstoutputtokenvalue,584,1.0,0,0.0,0.0,float,float,341.74976,196617.307893,341.74976,196617.307893,ms,ms,584,ms
4,8494252371,agentic_glm5.2_p1x1_d1x8_conc4_kvdram-hisparse_fp8_dynamo-sglang_prefill-tp1-pp1-dcp1-pcp8-ep1-dpfalse-nw1_decode-tp8-pp1-dcp1-pcp1-ep1-dptrue-nw1_disagg-true_spec-none_conc4_h200-dgxc-slurm_6,/Users/sskim/Documents/Codex/2026-08-06/h200-agentx-conversation-id-benchmark-analysis/data/raw/github/run_29820102138/conc4/raw_agentic/8494252371_agentic_glm5.2_p1x1_d1x8_conc4_kvdram-hisparse_fp8_dynamo-sglang_prefill-tp1-pp1-dcp1-pcp8-ep1-dpfalse-nw1_decode-tp8-pp1-dcp1-pcp1-ep1-dptrue-nw1_disagg-true_spec-none_conc4_h200-dgxc-slurm_6/conc_4/aiperf_artifacts/profile_export.jsonl,584,metrics.time_to_first_token.unit,metrics.time_to_first_token.unit,metricstimetofirsttokenunit,584,1.0,0,0.0,0.0,str,str,,,,,,,0,unknown
4,8494252371,agentic_glm5.2_p1x1_d1x8_conc4_kvdram-hisparse_fp8_dynamo-sglang_prefill-tp1-pp1-dcp1-pcp8-ep1-dpfalse-nw1_decode-tp8-pp1-dcp1-pcp1-ep1-dptrue-nw1_disagg-true_spec-none_conc4_h200-dgxc-slurm_6,/Users/sskim/Documents/Codex/2026-08-06/h200-agentx-conversation-id-benchmark-analysis/data/raw/github/run_29820102138/conc4/raw_agentic/8494252371_agentic_glm5.2_p1x1_d1x8_conc4_kvdram-hisparse_fp8_dynamo-sglang_prefill-tp1-pp1-dcp1-pcp8-ep1-dpfalse-nw1_decode-tp8-pp1-dcp1-pcp1-ep1-dptrue-nw1_disagg-true_spec-none_conc4_h200-dgxc-slurm_6/conc_4/aiperf_artifacts/profile_export.jsonl,584,metrics.time_to_first_token.value,metrics.time_to_first_token.value,metricstimetofirsttokenvalue,584,1.0,0,0.0,0.0,float,float,341.74976,196617.307893,341.74976,196617.307893,ms,ms,584,ms
4,8494252371,agentic_glm5.2_p1x1_d1x8_conc4_kvdram-hisparse_fp8_dynamo-sglang_prefill-tp1-pp1-dcp1-pcp8-ep1-dpfalse-nw1_decode-tp8-pp1-dcp1-pcp1-ep1-dptrue-nw1_disagg-true_spec-none_conc4_h200-dgxc-slurm_6,/Users/sskim/Documents/Codex/2026-08-06/h200-agentx-conversation-id-benchmark-analysis/data/raw/github/run_29820102138/conc4/raw_agentic/8494252371_agentic_glm5.2_p1x1_d1x8_conc4_kvdram-hisparse_fp8_dynamo-sglang_prefill-tp1-pp1-dcp1-pcp8-ep1-dpfalse-nw1_decode-tp8-pp1-dcp1-pcp1-ep1-dptrue-nw1_disagg-true_spec-none_conc4_h200-dgxc-slurm_6/conc_4/aiperf_artifacts/profile_export.jsonl,584,metrics.time_to_second_token.unit,metrics.time_to_second_token.unit,metricstimetosecondtokenunit,267,0.4571917808219178,0,0.0,0.0,str,str,,,,,,,0,seconds
4,8494252371,agentic_glm5.2_p1x1_d1x8_conc4_kvdram-hisparse_fp8_dynamo-sglang_prefill-tp1-pp1-dcp1-pcp8-ep1-dpfalse-nw1_decode-tp8-pp1-dcp1-pcp1-ep1-dptrue-nw1_disagg-true_spec-none_conc4_h200-dgxc-slurm_6,/Users/sskim/Documents/Codex/2026-08-06/h200-agentx-conversation-id-benchmark-analysis/data/raw/github/run_29820102138/conc4/raw_agentic/8494252371_agentic_glm5.2_p1x1_d1x8_conc4_kvdram-hisparse_fp8_dynamo-sglang_prefill-tp1-pp1-dcp1-pcp8-ep1-dpfalse-nw1_decode-tp8-pp1-dcp1-pcp1-ep1-dptrue-nw1_disagg-true_spec-none_conc4_h200-dgxc-slurm_6/conc_4/aiperf_artifacts/profile_export.jsonl,584,metrics.time_to_second_token.value,metrics.time_to_second_token.value,metricstimetosecondtokenvalue,267,0.4571917808219178,0,0.0,0.0,float,float,77.992401,7348.678671,77.992401,7348.678671,ms,ms,267,ms
4,8494252371,agentic_glm5.2_p1x1_d1x8_conc4_kvdram-hisparse_fp8_dynamo-sglang_prefill-tp1-pp1-dcp1-pcp8-ep1-dpfalse-nw1_decode-tp8-pp1-dcp1-pcp1-ep1-dptrue-nw1_disagg-true_spec-none_conc4_h200-dgxc-slurm_6,/Users/sskim/Documents/Codex/2026-08-06/h200-agentx-conversation-id-benchmark-analysis/data/raw/github/run_29820102138/conc4/raw_agentic/8494252371_agentic_glm5.2_p1x1_d1x8_conc4_kvdram-hisparse_fp8_dynamo-sglang_prefill-tp1-pp1-dcp1-pcp8-ep1-dpfalse-nw1_decode-tp8-pp1-dcp1-pcp1-ep1-dptrue-nw1_disagg-true_spec-none_conc4_h200-dgxc-slurm_6/conc_4/aiperf_artifacts/profile_export.jsonl,584,metrics.usage_completion_tokens.unit,metrics.usage_completion_tokens.unit,metricsusagecompletiontokensunit,584,1.0,0,0.0,0.0,str,str,,,,,,,0,unknown
4,8494252371,agentic_glm5.2_p1x1_d1x8_conc4_kvdram-hisparse_fp8_dynamo-sglang_prefill-tp1-pp1-dcp1-pcp8-ep1-dpfalse-nw1_decode-tp8-pp1-dcp1-pcp1-ep1-dptrue-nw1_disagg-true_spec-none_conc4_h200-dgxc-slurm_6,/Users/sskim/Documents/Codex/2026-08-06/h200-agentx-conversation-id-benchmark-analysis/data/raw/github/run_29820102138/conc4/raw_agentic/8494252371_agentic_glm5.2_p1x1_d1x8_conc4_kvdram-hisparse_fp8_dynamo-sglang_prefill-tp1-pp1-dcp1-pcp8-ep1-dpfalse-nw1_decode-tp8-pp1-dcp1-pcp1-ep1-dptrue-nw1_disagg-true_spec-none_conc4_h200-dgxc-slurm_6/conc_4/aiperf_artifacts/profile_export.jsonl,584,metrics.usage_completion_tokens.value,metrics.usage_completion_tokens.value,metricsusagecompletiontokensvalue,584,1.0,0,0.0,0.0,int,int,1.0,10180.0,1.0,10180.0,tokens,tokens,584,tokens
4,8494252371,agentic_glm5.2_p1x1_d1x8_conc4_kvdram-hisparse_fp8_dynamo-sglang_prefill-tp1-pp1-dcp1-pcp8-ep1-dpfalse-nw1_decode-tp8-pp1-dcp1-pcp1-ep1-dptrue-nw1_disagg-true_spec-none_conc4_h200-dgxc-slurm_6,/Users/sskim/Documents/Codex/2026-08-06/h200-agentx-conversation-id-benchmark-analysis/data/raw/github/run_29820102138/conc4/raw_agentic/8494252371_agentic_glm5.2_p1x1_d1x8_conc4_kvdram-hisparse_fp8_dynamo-sglang_prefill-tp1-pp1-dcp1-pcp8-ep1-dpfalse-nw1_decode-tp8-pp1-dcp1-pcp1-ep1-dptrue-nw1_disagg-true_spec-none_conc4_h200-dgxc-slurm_6/conc_4/aiperf_artifacts/profile_export.jsonl,584,metrics.usage_prompt_cache_read_tokens.unit,metrics.usage_prompt_cache_read_tokens.unit,metricsusagepromptcachereadtokensunit,515,0.8818493150684932,0,0.0,0.0,str,str,,,,,,,0,unknown
4,8494252371,agentic_glm5.2_p1x1_d1x8_conc4_kvdram-hisparse_fp8_dynamo-sglang_prefill-tp1-pp1-dcp1-pcp8-ep1-dpfalse-nw1_decode-tp8-pp1-dcp1-pcp1-ep1-dptrue-nw1_disagg-true_spec-none_conc4_h200-dgxc-slurm_6,/Users/sskim/Documents/Codex/2026-08-06/h200-agentx-conversation-id-benchmark-analysis/data/raw/github/run_29820102138/conc4/raw_agentic/8494252371_agentic_glm5.2_p1x1_d1x8_conc4_kvdram-hisparse_fp8_dynamo-sglang_prefill-tp1-pp1-dcp1-pcp8-ep1-dpfalse-nw1_decode-tp8-pp1-dcp1-pcp1-ep1-dptrue-nw1_disagg-true_spec-none_conc4_h200-dgxc-slurm_6/conc_4/aiperf_artifacts/profile_export.jsonl,584,metrics.usage_prompt_cache_read_tokens.value,metrics.usage_prompt_cache_read_tokens.value,metricsusagepromptcachereadtokensvalue,515,0.8818493150684932,0,0.0,0.0,int,int,2560.0,680512.0,2560.0,680512.0,tokens,tokens,515,tokens
4,8494252371,agentic_glm5.2_p1x1_d1x8_conc4_kvdram-hisparse_fp8_dynamo-sglang_prefill-tp1-pp1-dcp1-pcp8-ep1-dpfalse-nw1_decode-tp8-pp1-dcp1-pcp1-ep1-dptrue-nw1_disagg-true_spec-none_conc4_h200-dgxc-slurm_6,/Users/sskim/Documents/Codex/2026-08-06/h200-agentx-conversation-id-benchmark-analysis/data/raw/github/run_29820102138/conc4/raw_agentic/8494252371_agentic_glm5.2_p1x1_d1x8_conc4_kvdram-hisparse_fp8_dynamo-sglang_prefill-tp1-pp1-dcp1-pcp8-ep1-dpfalse-nw1_decode-tp8-pp1-dcp1-pcp1-ep1-dptrue-nw1_disagg-true_spec-none_conc4_h200-dgxc-slurm_6/conc_4/aiperf_artifacts/profile_export.jsonl,584,metrics.usage_prompt_tokens.unit,metrics.usage_prompt_tokens.unit,metricsusageprompttokensunit,584,1.0,0,0.0,0.0,str,str,,,,,,,0,unknown
4,8494252371,agentic_glm5.2_p1x1_d1x8_conc4_kvdram-hisparse_fp8_dynamo-sglang_prefill-tp1-pp1-dcp1-pcp8-ep1-dpfalse-nw1_decode-tp8-pp1-dcp1-pcp1-ep1-dptrue-nw1_disagg-true_spec-none_conc4_h200-dgxc-slurm_6,/Users/sskim/Documents/Codex/2026-08-06/h200-agentx-conversation-id-benchmark-analysis/data/raw/github/run_29820102138/conc4/raw_agentic/8494252371_agentic_glm5.2_p1x1_d1x8_conc4_kvdram-hisparse_fp8_dynamo-sglang_prefill-tp1-pp1-dcp1-pcp8-ep1-dpfalse-nw1_decode-tp8-pp1-dcp1-pcp1-ep1-dptrue-nw1_disagg-true_spec-none_conc4_h200-dgxc-slurm_6/conc_4/aiperf_artifacts/profile_export.jsonl,584,metrics.usage_prompt_tokens.value,metrics.usage_prompt_tokens.value,metricsusageprompttokensvalue,584,1.0,0,0.0,0.0,int,int,1.0,154539.0,1.0,154539.0,tokens,tokens,584,tokens
4,8494252371,agentic_glm5.2_p1x1_d1x8_conc4_kvdram-hisparse_fp8_dynamo-sglang_prefill-tp1-pp1-dcp1-pcp8-ep1-dpfalse-nw1_decode-tp8-pp1-dcp1-pcp1-ep1-dptrue-nw1_disagg-true_spec-none_conc4_h200-dgxc-slurm_6,/Users/sskim/Documents/Codex/2026-08-06/h200-agentx-conversation-id-benchmark-analysis/data/raw/github/run_29820102138/conc4/raw_agentic/8494252371_agentic_glm5.2_p1x1_d1x8_conc4_kvdram-hisparse_fp8_dynamo-sglang_prefill-tp1-pp1-dcp1-pcp8-ep1-dpfalse-nw1_decode-tp8-pp1-dcp1-pcp1-ep1-dptrue-nw1_disagg-true_spec-none_conc4_h200-dgxc-slurm_6/conc_4/aiperf_artifacts/profile_export.jsonl,584,metrics.usage_total_tokens.unit,metrics.usage_total_tokens.unit,metricsusagetotaltokensunit,584,1.0,0,0.0,0.0,str,str,,,,,,,0,unknown
4,8494252371,agentic_glm5.2_p1x1_d1x8_conc4_kvdram-hisparse_fp8_dynamo-sglang_prefill-tp1-pp1-dcp1-pcp8-ep1-dpfalse-nw1_decode-tp8-pp1-dcp1-pcp1-ep1-dptrue-nw1_disagg-true_spec-none_conc4_h200-dgxc-slurm_6,/Users/sskim/Documents/Codex/2026-08-06/h200-agentx-conversation-id-benchmark-analysis/data/raw/github/run_29820102138/conc4/raw_agentic/8494252371_agentic_glm5.2_p1x1_d1x8_conc4_kvdram-hisparse_fp8_dynamo-sglang_prefill-tp1-pp1-dcp1-pcp8-ep1-dpfalse-nw1_decode-tp8-pp1-dcp1-pcp1-ep1-dptrue-nw1_disagg-true_spec-none_conc4_h200-dgxc-slurm_6/conc_4/aiperf_artifacts/profile_export.jsonl,584,metrics.usage_total_tokens.value,metrics.usage_total_tokens.value,metricsusagetotaltokensvalue,584,1.0,0,0.0,0.0,int,int,2.0,155554.0,2.0,155554.0,tokens,tokens,584,tokens
5,8493778705,agentic_glm5.2_p1x1_d1x8_conc5_kvdram-hisparse_fp8_dynamo-sglang_prefill-tp1-pp1-dcp1-pcp8-ep1-dpfalse-nw1_decode-tp8-pp1-dcp1-pcp1-ep1-dptrue-nw1_disagg-true_spec-none_conc5_h200-dgxc-slurm_13,/Users/sskim/Documents/Codex/2026-08-06/h200-agentx-conversation-id-benchmark-analysis/data/raw/github/run_29820102138/conc5/raw_agentic/8493778705_agentic_glm5.2_p1x1_d1x8_conc5_kvdram-hisparse_fp8_dynamo-sglang_prefill-tp1-pp1-dcp1-pcp8-ep1-dpfalse-nw1_decode-tp8-pp1-dcp1-pcp1-ep1-dptrue-nw1_disagg-true_spec-none_conc5_h200-dgxc-slurm_13/conc_5/aiperf_artifacts/profile_export.jsonl,300,metadata.agent_depth,metadata.agent_depth,metadataagentdepth,300,1.0,0,0.0,0.0,int,int,0.0,1.0,0.0,1.0,,,0,unknown
5,8493778705,agentic_glm5.2_p1x1_d1x8_conc5_kvdram-hisparse_fp8_dynamo-sglang_prefill-tp1-pp1-dcp1-pcp8-ep1-dpfalse-nw1_decode-tp8-pp1-dcp1-pcp1-ep1-dptrue-nw1_disagg-true_spec-none_conc5_h200-dgxc-slurm_13,/Users/sskim/Documents/Codex/2026-08-06/h200-agentx-conversation-id-benchmark-analysis/data/raw/github/run_29820102138/conc5/raw_agentic/8493778705_agentic_glm5.2_p1x1_d1x8_conc5_kvdram-hisparse_fp8_dynamo-sglang_prefill-tp1-pp1-dcp1-pcp8-ep1-dpfalse-nw1_decode-tp8-pp1-dcp1-pcp1-ep1-dptrue-nw1_disagg-true_spec-none_conc5_h200-dgxc-slurm_13/conc_5/aiperf_artifacts/profile_export.jsonl,300,metadata.benchmark_phase,metadata.benchmark_phase,metadatabenchmarkphase,300,1.0,0,0.0,0.0,str,str,,,,,,,0,unknown
5,8493778705,agentic_glm5.2_p1x1_d1x8_conc5_kvdram-hisparse_fp8_dynamo-sglang_prefill-tp1-pp1-dcp1-pcp8-ep1-dpfalse-nw1_decode-tp8-pp1-dcp1-pcp1-ep1-dptrue-nw1_disagg-true_spec-none_conc5_h200-dgxc-slurm_13,/Users/sskim/Documents/Codex/2026-08-06/h200-agentx-conversation-id-benchmark-analysis/data/raw/github/run_29820102138/conc5/raw_agentic/8493778705_agentic_glm5.2_p1x1_d1x8_conc5_kvdram-hisparse_fp8_dynamo-sglang_prefill-tp1-pp1-dcp1-pcp8-ep1-dpfalse-nw1_decode-tp8-pp1-dcp1-pcp1-ep1-dptrue-nw1_disagg-true_spec-none_conc5_h200-dgxc-slurm_13/conc_5/aiperf_artifacts/profile_export.jsonl,300,metadata.context_overflow_skip,metadata.context_overflow_skip,metadatacontextoverflowskip,300,1.0,0,0.0,0.0,bool,bool,,,,,,,0,unknown
5,8493778705,agentic_glm5.2_p1x1_d1x8_conc5_kvdram-hisparse_fp8_dynamo-sglang_prefill-tp1-pp1-dcp1-pcp8-ep1-dpfalse-nw1_decode-tp8-pp1-dcp1-pcp1-ep1-dptrue-nw1_disagg-true_spec-none_conc5_h200-dgxc-slurm_13,/Users/sskim/Documents/Codex/2026-08-06/h200-agentx-conversation-id-benchmark-analysis/data/raw/github/run_29820102138/conc5/raw_agentic/8493778705_agentic_glm5.2_p1x1_d1x8_conc5_kvdram-hisparse_fp8_dynamo-sglang_prefill-tp1-pp1-dcp1-pcp8-ep1-dpfalse-nw1_decode-tp8-pp1-dcp1-pcp1-ep1-dptrue-nw1_disagg-true_spec-none_conc5_h200-dgxc-slurm_13/conc_5/aiperf_artifacts/profile_export.jsonl,300,metadata.conversation_id,metadata.conversation_id,metadataconversationid,300,1.0,0,0.0,0.0,str,str,,,,,,,0,unknown
5,8493778705,agentic_glm5.2_p1x1_d1x8_conc5_kvdram-hisparse_fp8_dynamo-sglang_prefill-tp1-pp1-dcp1-pcp8-ep1-dpfalse-nw1_decode-tp8-pp1-dcp1-pcp1-ep1-dptrue-nw1_disagg-true_spec-none_conc5_h200-dgxc-slurm_13,/Users/sskim/Documents/Codex/2026-08-06/h200-agentx-conversation-id-benchmark-analysis/data/raw/github/run_29820102138/conc5/raw_agentic/8493778705_agentic_glm5.2_p1x1_d1x8_conc5_kvdram-hisparse_fp8_dynamo-sglang_prefill-tp1-pp1-dcp1-pcp8-ep1-dpfalse-nw1_decode-tp8-pp1-dcp1-pcp1-ep1-dptrue-nw1_disagg-true_spec-none_conc5_h200-dgxc-slurm_13/conc_5/aiperf_artifacts/profile_export.jsonl,300,metadata.credit_issued_ns,metadata.credit_issued_ns,metadatacreditissuedns,300,1.0,0,0.0,0.0,int,int,1.7846293920774879e+18,1.7846337947635978e+18,1.7846293920774879e+18,1.7846337947635978e+18,,,0,nanoseconds
5,8493778705,agentic_glm5.2_p1x1_d1x8_conc5_kvdram-hisparse_fp8_dynamo-sglang_prefill-tp1-pp1-dcp1-pcp8-ep1-dpfalse-nw1_decode-tp8-pp1-dcp1-pcp1-ep1-dptrue-nw1_disagg-true_spec-none_conc5_h200-dgxc-slurm_13,/Users/sskim/Documents/Codex/2026-08-06/h200-agentx-conversation-id-benchmark-analysis/data/raw/github/run_29820102138/conc5/raw_agentic/8493778705_agentic_glm5.2_p1x1_d1x8_conc5_kvdram-hisparse_fp8_dynamo-sglang_prefill-tp1-pp1-dcp1-pcp8-ep1-dpfalse-nw1_decode-tp8-pp1-dcp1-pcp1-ep1-dptrue-nw1_disagg-true_spec-none_conc5_h200-dgxc-slurm_13/conc_5/aiperf_artifacts/profile_export.jsonl,300,metadata.parent_correlation_id,metadata.parent_correlation_id,metadataparentcorrelationid,165,0.55,0,0.0,0.0,str,str,,,,,,,0,unknown
5,8493778705,agentic_glm5.2_p1x1_d1x8_conc5_kvdram-hisparse_fp8_dynamo-sglang_prefill-tp1-pp1-dcp1-pcp8-ep1-dpfalse-nw1_decode-tp8-pp1-dcp1-pcp1-ep1-dptrue-nw1_disagg-true_spec-none_conc5_h200-dgxc-slurm_13,/Users/sskim/Documents/Codex/2026-08-06/h200-agentx-conversation-id-benchmark-analysis/data/raw/github/run_29820102138/conc5/raw_agentic/8493778705_agentic_glm5.2_p1x1_d1x8_conc5_kvdram-hisparse_fp8_dynamo-sglang_prefill-tp1-pp1-dcp1-pcp8-ep1-dpfalse-nw1_decode-tp8-pp1-dcp1-pcp1-ep1-dptrue-nw1_disagg-true_spec-none_conc5_h200-dgxc-slurm_13/conc_5/aiperf_artifacts/profile_export.jsonl,300,metadata.record_processor_id,metadata.record_processor_id,metadatarecordprocessorid,300,1.0,0,0.0,0.0,str,str,,,,,,,0,unknown
5,8493778705,agentic_glm5.2_p1x1_d1x8_conc5_kvdram-hisparse_fp8_dynamo-sglang_prefill-tp1-pp1-dcp1-pcp8-ep1-dpfalse-nw1_decode-tp8-pp1-dcp1-pcp1-ep1-dptrue-nw1_disagg-true_spec-none_conc5_h200-dgxc-slurm_13,/Users/sskim/Documents/Codex/2026-08-06/h200-agentx-conversation-id-benchmark-analysis/data/raw/github/run_29820102138/conc5/raw_agentic/8493778705_agentic_glm5.2_p1x1_d1x8_conc5_kvdram-hisparse_fp8_dynamo-sglang_prefill-tp1-pp1-dcp1-pcp8-ep1-dpfalse-nw1_decode-tp8-pp1-dcp1-pcp1-ep1-dptrue-nw1_disagg-true_spec-none_conc5_h200-dgxc-slurm_13/conc_5/aiperf_artifacts/profile_export.jsonl,300,metadata.request_ack_ns,metadata.request_ack_ns,metadatarequestackns,300,1.0,0,0.0,0.0,int,int,1.784629392156381e+18,1.78463393288718e+18,1.784629392156381e+18,1.78463393288718e+18,,,0,nanoseconds
5,8493778705,agentic_glm5.2_p1x1_d1x8_conc5_kvdram-hisparse_fp8_dynamo-sglang_prefill-tp1-pp1-dcp1-pcp8-ep1-dpfalse-nw1_decode-tp8-pp1-dcp1-pcp1-ep1-dptrue-nw1_disagg-true_spec-none_conc5_h200-dgxc-slurm_13,/Users/sskim/Documents/Codex/2026-08-06/h200-agentx-conversation-id-benchmark-analysis/data/raw/github/run_29820102138/conc5/raw_agentic/8493778705_agentic_glm5.2_p1x1_d1x8_conc5_kvdram-hisparse_fp8_dynamo-sglang_prefill-tp1-pp1-dcp1-pcp8-ep1-dpfalse-nw1_decode-tp8-pp1-dcp1-pcp1-ep1-dptrue-nw1_disagg-true_spec-none_conc5_h200-dgxc-slurm_13/conc_5/aiperf_artifacts/profile_export.jsonl,300,metadata.request_end_ns,metadata.request_end_ns,metadatarequestendns,300,1.0,0,0.0,0.0,int,int,1.784629436931947e+18,1.7846339921394534e+18,1.784629436931947e+18,1.7846339921394534e+18,,,0,nanoseconds
5,8493778705,agentic_glm5.2_p1x1_d1x8_conc5_kvdram-hisparse_fp8_dynamo-sglang_prefill-tp1-pp1-dcp1-pcp8-ep1-dpfalse-nw1_decode-tp8-pp1-dcp1-pcp1-ep1-dptrue-nw1_disagg-true_spec-none_conc5_h200-dgxc-slurm_13,/Users/sskim/Documents/Codex/2026-08-06/h200-agentx-conversation-id-benchmark-analysis/data/raw/github/run_29820102138/conc5/raw_agentic/8493778705_agentic_glm5.2_p1x1_d1x8_conc5_kvdram-hisparse_fp8_dynamo-sglang_prefill-tp1-pp1-dcp1-pcp8-ep1-dpfalse-nw1_decode-tp8-pp1-dcp1-pcp1-ep1-dptrue-nw1_disagg-true_spec-none_conc5_h200-dgxc-slurm_13/conc_5/aiperf_artifacts/profile_export.jsonl,300,metadata.request_start_ns,metadata.request_start_ns,metadatarequeststartns,300,1.0,0,0.0,0.0,int,int,1.7846293920873306e+18,1.784633794764994e+18,1.7846293920873306e+18,1.784633794764994e+18,,,0,nanoseconds
5,8493778705,agentic_glm5.2_p1x1_d1x8_conc5_kvdram-hisparse_fp8_dynamo-sglang_prefill-tp1-pp1-dcp1-pcp8-ep1-dpfalse-nw1_decode-tp8-pp1-dcp1-pcp1-ep1-dptrue-nw1_disagg-true_spec-none_conc5_h200-dgxc-slurm_13,/Users/sskim/Documents/Codex/2026-08-06/h200-agentx-conversation-id-benchmark-analysis/data/raw/github/run_29820102138/conc5/raw_agentic/8493778705_agentic_glm5.2_p1x1_d1x8_conc5_kvdram-hisparse_fp8_dynamo-sglang_prefill-tp1-pp1-dcp1-pcp8-ep1-dpfalse-nw1_decode-tp8-pp1-dcp1-pcp1-ep1-dptrue-nw1_disagg-true_spec-none_conc5_h200-dgxc-slurm_13/conc_5/aiperf_artifacts/profile_export.jsonl,300,metadata.root_correlation_id,metadata.root_correlation_id,metadatarootcorrelationid,300,1.0,0,0.0,0.0,str,str,,,,,,,0,unknown
5,8493778705,agentic_glm5.2_p1x1_d1x8_conc5_kvdram-hisparse_fp8_dynamo-sglang_prefill-tp1-pp1-dcp1-pcp8-ep1-dpfalse-nw1_decode-tp8-pp1-dcp1-pcp1-ep1-dptrue-nw1_disagg-true_spec-none_conc5_h200-dgxc-slurm_13,/Users/sskim/Documents/Codex/2026-08-06/h200-agentx-conversation-id-benchmark-analysis/data/raw/github/run_29820102138/conc5/raw_agentic/8493778705_agentic_glm5.2_p1x1_d1x8_conc5_kvdram-hisparse_fp8_dynamo-sglang_prefill-tp1-pp1-dcp1-pcp8-ep1-dpfalse-nw1_decode-tp8-pp1-dcp1-pcp1-ep1-dptrue-nw1_disagg-true_spec-none_conc5_h200-dgxc-slurm_13/conc_5/aiperf_artifacts/profile_export.jsonl,300,metadata.session_num,metadata.session_num,metadatasessionnum,300,1.0,0,0.0,0.0,int,int,0.0,250.0,0.0,250.0,,,0,unknown
5,8493778705,agentic_glm5.2_p1x1_d1x8_conc5_kvdram-hisparse_fp8_dynamo-sglang_prefill-tp1-pp1-dcp1-pcp8-ep1-dpfalse-nw1_decode-tp8-pp1-dcp1-pcp1-ep1-dptrue-nw1_disagg-true_spec-none_conc5_h200-dgxc-slurm_13,/Users/sskim/Documents/Codex/2026-08-06/h200-agentx-conversation-id-benchmark-analysis/data/raw/github/run_29820102138/conc5/raw_agentic/8493778705_agentic_glm5.2_p1x1_d1x8_conc5_kvdram-hisparse_fp8_dynamo-sglang_prefill-tp1-pp1-dcp1-pcp8-ep1-dpfalse-nw1_decode-tp8-pp1-dcp1-pcp1-ep1-dptrue-nw1_disagg-true_spec-none_conc5_h200-dgxc-slurm_13/conc_5/aiperf_artifacts/profile_export.jsonl,300,metadata.source_inner_idx,metadata.source_inner_idx,metadatasourceinneridx,102,0.34,0,0.0,0.0,int,int,0.0,54.0,0.0,54.0,,,0,unknown
5,8493778705,agentic_glm5.2_p1x1_d1x8_conc5_kvdram-hisparse_fp8_dynamo-sglang_prefill-tp1-pp1-dcp1-pcp8-ep1-dpfalse-nw1_decode-tp8-pp1-dcp1-pcp1-ep1-dptrue-nw1_disagg-true_spec-none_conc5_h200-dgxc-slurm_13,/Users/sskim/Documents/Codex/2026-08-06/h200-agentx-conversation-id-benchmark-analysis/data/raw/github/run_29820102138/conc5/raw_agentic/8493778705_agentic_glm5.2_p1x1_d1x8_conc5_kvdram-hisparse_fp8_dynamo-sglang_prefill-tp1-pp1-dcp1-pcp8-ep1-dpfalse-nw1_decode-tp8-pp1-dcp1-pcp1-ep1-dptrue-nw1_disagg-true_spec-none_conc5_h200-dgxc-slurm_13/conc_5/aiperf_artifacts/profile_export.jsonl,300,metadata.source_kind,metadata.source_kind,metadatasourcekind,300,1.0,0,0.0,0.0,str,str,,,,,,,0,unknown
5,8493778705,agentic_glm5.2_p1x1_d1x8_conc5_kvdram-hisparse_fp8_dynamo-sglang_prefill-tp1-pp1-dcp1-pcp8-ep1-dpfalse-nw1_decode-tp8-pp1-dcp1-pcp1-ep1-dptrue-nw1_disagg-true_spec-none_conc5_h200-dgxc-slurm_13,/Users/sskim/Documents/Codex/2026-08-06/h200-agentx-conversation-id-benchmark-analysis/data/raw/github/run_29820102138/conc5/raw_agentic/8493778705_agentic_glm5.2_p1x1_d1x8_conc5_kvdram-hisparse_fp8_dynamo-sglang_prefill-tp1-pp1-dcp1-pcp8-ep1-dpfalse-nw1_decode-tp8-pp1-dcp1-pcp1-ep1-dptrue-nw1_disagg-true_spec-none_conc5_h200-dgxc-slurm_13/conc_5/aiperf_artifacts/profile_export.jsonl,300,metadata.source_outer_idx,metadata.source_outer_idx,metadatasourceouteridx,300,1.0,0,0.0,0.0,int,int,0.0,214.0,0.0,214.0,,,0,unknown
5,8493778705,agentic_glm5.2_p1x1_d1x8_conc5_kvdram-hisparse_fp8_dynamo-sglang_prefill-tp1-pp1-dcp1-pcp8-ep1-dpfalse-nw1_decode-tp8-pp1-dcp1-pcp1-ep1-dptrue-nw1_disagg-true_spec-none_conc5_h200-dgxc-slurm_13,/Users/sskim/Documents/Codex/2026-08-06/h200-agentx-conversation-id-benchmark-analysis/data/raw/github/run_29820102138/conc5/raw_agentic/8493778705_agentic_glm5.2_p1x1_d1x8_conc5_kvdram-hisparse_fp8_dynamo-sglang_prefill-tp1-pp1-dcp1-pcp8-ep1-dpfalse-nw1_decode-tp8-pp1-dcp1-pcp1-ep1-dptrue-nw1_disagg-true_spec-none_conc5_h200-dgxc-slurm_13/conc_5/aiperf_artifacts/profile_export.jsonl,300,metadata.source_trace_id,metadata.source_trace_id,metadatasourcetraceid,300,1.0,0,0.0,0.0,str,str,,,,,,,0,unknown
5,8493778705,agentic_glm5.2_p1x1_d1x8_conc5_kvdram-hisparse_fp8_dynamo-sglang_prefill-tp1-pp1-dcp1-pcp8-ep1-dpfalse-nw1_decode-tp8-pp1-dcp1-pcp1-ep1-dptrue-nw1_disagg-true_spec-none_conc5_h200-dgxc-slurm_13,/Users/sskim/Documents/Codex/2026-08-06/h200-agentx-conversation-id-benchmark-analysis/data/raw/github/run_29820102138/conc5/raw_agentic/8493778705_agentic_glm5.2_p1x1_d1x8_conc5_kvdram-hisparse_fp8_dynamo-sglang_prefill-tp1-pp1-dcp1-pcp8-ep1-dpfalse-nw1_decode-tp8-pp1-dcp1-pcp1-ep1-dptrue-nw1_disagg-true_spec-none_conc5_h200-dgxc-slurm_13/conc_5/aiperf_artifacts/profile_export.jsonl,300,metadata.turn_index,metadata.turn_index,metadataturnindex,300,1.0,0,0.0,0.0,int,int,0.0,152.0,0.0,152.0,,,0,unknown
5,8493778705,agentic_glm5.2_p1x1_d1x8_conc5_kvdram-hisparse_fp8_dynamo-sglang_prefill-tp1-pp1-dcp1-pcp8-ep1-dpfalse-nw1_decode-tp8-pp1-dcp1-pcp1-ep1-dptrue-nw1_disagg-true_spec-none_conc5_h200-dgxc-slurm_13,/Users/sskim/Documents/Codex/2026-08-06/h200-agentx-conversation-id-benchmark-analysis/data/raw/github/run_29820102138/conc5/raw_agentic/8493778705_agentic_glm5.2_p1x1_d1x8_conc5_kvdram-hisparse_fp8_dynamo-sglang_prefill-tp1-pp1-dcp1-pcp8-ep1-dpfalse-nw1_decode-tp8-pp1-dcp1-pcp1-ep1-dptrue-nw1_disagg-true_spec-none_conc5_h200-dgxc-slurm_13/conc_5/aiperf_artifacts/profile_export.jsonl,300,metadata.was_cancelled,metadata.was_cancelled,metadatawascancelled,300,1.0,0,0.0,0.0,bool,bool,,,,,,,0,unknown
5,8493778705,agentic_glm5.2_p1x1_d1x8_conc5_kvdram-hisparse_fp8_dynamo-sglang_prefill-tp1-pp1-dcp1-pcp8-ep1-dpfalse-nw1_decode-tp8-pp1-dcp1-pcp1-ep1-dptrue-nw1_disagg-true_spec-none_conc5_h200-dgxc-slurm_13,/Users/sskim/Documents/Codex/2026-08-06/h200-agentx-conversation-id-benchmark-analysis/data/raw/github/run_29820102138/conc5/raw_agentic/8493778705_agentic_glm5.2_p1x1_d1x8_conc5_kvdram-hisparse_fp8_dynamo-sglang_prefill-tp1-pp1-dcp1-pcp8-ep1-dpfalse-nw1_decode-tp8-pp1-dcp1-pcp1-ep1-dptrue-nw1_disagg-true_spec-none_conc5_h200-dgxc-slurm_13/conc_5/aiperf_artifacts/profile_export.jsonl,300,metadata.worker_id,metadata.worker_id,metadataworkerid,300,1.0,0,0.0,0.0,str,str,,,,,,,0,unknown
5,8493778705,agentic_glm5.2_p1x1_d1x8_conc5_kvdram-hisparse_fp8_dynamo-sglang_prefill-tp1-pp1-dcp1-pcp8-ep1-dpfalse-nw1_decode-tp8-pp1-dcp1-pcp1-ep1-dptrue-nw1_disagg-true_spec-none_conc5_h200-dgxc-slurm_13,/Users/sskim/Documents/Codex/2026-08-06/h200-agentx-conversation-id-benchmark-analysis/data/raw/github/run_29820102138/conc5/raw_agentic/8493778705_agentic_glm5.2_p1x1_d1x8_conc5_kvdram-hisparse_fp8_dynamo-sglang_prefill-tp1-pp1-dcp1-pcp8-ep1-dpfalse-nw1_decode-tp8-pp1-dcp1-pcp1-ep1-dptrue-nw1_disagg-true_spec-none_conc5_h200-dgxc-slurm_13/conc_5/aiperf_artifacts/profile_export.jsonl,300,metadata.x_correlation_id,metadata.x_correlation_id,metadataxcorrelationid,300,1.0,0,0.0,0.0,str,str,,,,,,,0,unknown
5,8493778705,agentic_glm5.2_p1x1_d1x8_conc5_kvdram-hisparse_fp8_dynamo-sglang_prefill-tp1-pp1-dcp1-pcp8-ep1-dpfalse-nw1_decode-tp8-pp1-dcp1-pcp1-ep1-dptrue-nw1_disagg-true_spec-none_conc5_h200-dgxc-slurm_13,/Users/sskim/Documents/Codex/2026-08-06/h200-agentx-conversation-id-benchmark-analysis/data/raw/github/run_29820102138/conc5/raw_agentic/8493778705_agentic_glm5.2_p1x1_d1x8_conc5_kvdram-hisparse_fp8_dynamo-sglang_prefill-tp1-pp1-dcp1-pcp8-ep1-dpfalse-nw1_decode-tp8-pp1-dcp1-pcp1-ep1-dptrue-nw1_disagg-true_spec-none_conc5_h200-dgxc-slurm_13/conc_5/aiperf_artifacts/profile_export.jsonl,300,metadata.x_request_id,metadata.x_request_id,metadataxrequestid,300,1.0,0,0.0,0.0,str,str,,,,,,,0,unknown
5,8493778705,agentic_glm5.2_p1x1_d1x8_conc5_kvdram-hisparse_fp8_dynamo-sglang_prefill-tp1-pp1-dcp1-pcp8-ep1-dpfalse-nw1_decode-tp8-pp1-dcp1-pcp1-ep1-dptrue-nw1_disagg-true_spec-none_conc5_h200-dgxc-slurm_13,/Users/sskim/Documents/Codex/2026-08-06/h200-agentx-conversation-id-benchmark-analysis/data/raw/github/run_29820102138/conc5/raw_agentic/8493778705_agentic_glm5.2_p1x1_d1x8_conc5_kvdram-hisparse_fp8_dynamo-sglang_prefill-tp1-pp1-dcp1-pcp8-ep1-dpfalse-nw1_decode-tp8-pp1-dcp1-pcp1-ep1-dptrue-nw1_disagg-true_spec-none_conc5_h200-dgxc-slurm_13/conc_5/aiperf_artifacts/profile_export.jsonl,300,metrics.e2e_output_token_throughput.unit,metrics.e2e_output_token_throughput.unit,metricse2eoutputtokenthroughputunit,300,1.0,0,0.0,0.0,str,str,,,,,,,0,unknown
5,8493778705,agentic_glm5.2_p1x1_d1x8_conc5_kvdram-hisparse_fp8_dynamo-sglang_prefill-tp1-pp1-dcp1-pcp8-ep1-dpfalse-nw1_decode-tp8-pp1-dcp1-pcp1-ep1-dptrue-nw1_disagg-true_spec-none_conc5_h200-dgxc-slurm_13,/Users/sskim/Documents/Codex/2026-08-06/h200-agentx-conversation-id-benchmark-analysis/data/raw/github/run_29820102138/conc5/raw_agentic/8493778705_agentic_glm5.2_p1x1_d1x8_conc5_kvdram-hisparse_fp8_dynamo-sglang_prefill-tp1-pp1-dcp1-pcp8-ep1-dpfalse-nw1_decode-tp8-pp1-dcp1-pcp1-ep1-dptrue-nw1_disagg-true_spec-none_conc5_h200-dgxc-slurm_13/conc_5/aiperf_artifacts/profile_export.jsonl,300,metrics.e2e_output_token_throughput.value,metrics.e2e_output_token_throughput.value,metricse2eoutputtokenthroughputvalue,300,1.0,0,0.0,0.0,float,float,0.0036625269742377115,29.479069335651516,0.0036625269742377115,29.479069335651516,tokens/sec/user,tokens/sec/user,300,tokens/sec/user
5,8493778705,agentic_glm5.2_p1x1_d1x8_conc5_kvdram-hisparse_fp8_dynamo-sglang_prefill-tp1-pp1-dcp1-pcp8-ep1-dpfalse-nw1_decode-tp8-pp1-dcp1-pcp1-ep1-dptrue-nw1_disagg-true_spec-none_conc5_h200-dgxc-slurm_13,/Users/sskim/Documents/Codex/2026-08-06/h200-agentx-conversation-id-benchmark-analysis/data/raw/github/run_29820102138/conc5/raw_agentic/8493778705_agentic_glm5.2_p1x1_d1x8_conc5_kvdram-hisparse_fp8_dynamo-sglang_prefill-tp1-pp1-dcp1-pcp8-ep1-dpfalse-nw1_decode-tp8-pp1-dcp1-pcp1-ep1-dptrue-nw1_disagg-true_spec-none_conc5_h200-dgxc-slurm_13/conc_5/aiperf_artifacts/profile_export.jsonl,300,metrics.http_req_blocked.unit,metrics.http_req_blocked.unit,metricshttpreqblockedunit,300,1.0,0,0.0,0.0,str,str,,,,,,,0,unknown
5,8493778705,agentic_glm5.2_p1x1_d1x8_conc5_kvdram-hisparse_fp8_dynamo-sglang_prefill-tp1-pp1-dcp1-pcp8-ep1-dpfalse-nw1_decode-tp8-pp1-dcp1-pcp1-ep1-dptrue-nw1_disagg-true_spec-none_conc5_h200-dgxc-slurm_13,/Users/sskim/Documents/Codex/2026-08-06/h200-agentx-conversation-id-benchmark-analysis/data/raw/github/run_29820102138/conc5/raw_agentic/8493778705_agentic_glm5.2_p1x1_d1x8_conc5_kvdram-hisparse_fp8_dynamo-sglang_prefill-tp1-pp1-dcp1-pcp8-ep1-dpfalse-nw1_decode-tp8-pp1-dcp1-pcp1-ep1-dptrue-nw1_disagg-true_spec-none_conc5_h200-dgxc-slurm_13/conc_5/aiperf_artifacts/profile_export.jsonl,300,metrics.http_req_blocked.value,metrics.http_req_blocked.value,metricshttpreqblockedvalue,300,1.0,0,0.0,0.0,float,float,0.0,0.0,0.0,0.0,ms,ms,300,ms
5,8493778705,agentic_glm5.2_p1x1_d1x8_conc5_kvdram-hisparse_fp8_dynamo-sglang_prefill-tp1-pp1-dcp1-pcp8-ep1-dpfalse-nw1_decode-tp8-pp1-dcp1-pcp1-ep1-dptrue-nw1_disagg-true_spec-none_conc5_h200-dgxc-slurm_13,/Users/sskim/Documents/Codex/2026-08-06/h200-agentx-conversation-id-benchmark-analysis/data/raw/github/run_29820102138/conc5/raw_agentic/8493778705_agentic_glm5.2_p1x1_d1x8_conc5_kvdram-hisparse_fp8_dynamo-sglang_prefill-tp1-pp1-dcp1-pcp8-ep1-dpfalse-nw1_decode-tp8-pp1-dcp1-pcp1-ep1-dptrue-nw1_disagg-true_spec-none_conc5_h200-dgxc-slurm_13/conc_5/aiperf_artifacts/profile_export.jsonl,300,metrics.http_req_chunks_received.unit,metrics.http_req_chunks_received.unit,metricshttpreqchunksreceivedunit,300,1.0,0,0.0,0.0,str,str,,,,,,,0,unknown
5,8493778705,agentic_glm5.2_p1x1_d1x8_conc5_kvdram-hisparse_fp8_dynamo-sglang_prefill-tp1-pp1-dcp1-pcp8-ep1-dpfalse-nw1_decode-tp8-pp1-dcp1-pcp1-ep1-dptrue-nw1_disagg-true_spec-none_conc5_h200-dgxc-slurm_13,/Users/sskim/Documents/Codex/2026-08-06/h200-agentx-conversation-id-benchmark-analysis/data/raw/github/run_29820102138/conc5/raw_agentic/8493778705_agentic_glm5.2_p1x1_d1x8_conc5_kvdram-hisparse_fp8_dynamo-sglang_prefill-tp1-pp1-dcp1-pcp8-ep1-dpfalse-nw1_decode-tp8-pp1-dcp1-pcp1-ep1-dptrue-nw1_disagg-true_spec-none_conc5_h200-dgxc-slurm_13/conc_5/aiperf_artifacts/profile_export.jsonl,300,metrics.http_req_chunks_received.value,metrics.http_req_chunks_received.value,metricshttpreqchunksreceivedvalue,300,1.0,0,0.0,0.0,int,int,1.0,162.0,1.0,162.0,count,count,300,count
5,8493778705,agentic_glm5.2_p1x1_d1x8_conc5_kvdram-hisparse_fp8_dynamo-sglang_prefill-tp1-pp1-dcp1-pcp8-ep1-dpfalse-nw1_decode-tp8-pp1-dcp1-pcp1-ep1-dptrue-nw1_disagg-true_spec-none_conc5_h200-dgxc-slurm_13,/Users/sskim/Documents/Codex/2026-08-06/h200-agentx-conversation-id-benchmark-analysis/data/raw/github/run_29820102138/conc5/raw_agentic/8493778705_agentic_glm5.2_p1x1_d1x8_conc5_kvdram-hisparse_fp8_dynamo-sglang_prefill-tp1-pp1-dcp1-pcp8-ep1-dpfalse-nw1_decode-tp8-pp1-dcp1-pcp1-ep1-dptrue-nw1_disagg-true_spec-none_conc5_h200-dgxc-slurm_13/conc_5/aiperf_artifacts/profile_export.jsonl,300,metrics.http_req_chunks_sent.unit,metrics.http_req_chunks_sent.unit,metricshttpreqchunkssentunit,300,1.0,0,0.0,0.0,str,str,,,,,,,0,unknown
5,8493778705,agentic_glm5.2_p1x1_d1x8_conc5_kvdram-hisparse_fp8_dynamo-sglang_prefill-tp1-pp1-dcp1-pcp8-ep1-dpfalse-nw1_decode-tp8-pp1-dcp1-pcp1-ep1-dptrue-nw1_disagg-true_spec-none_conc5_h200-dgxc-slurm_13,/Users/sskim/Documents/Codex/2026-08-06/h200-agentx-conversation-id-benchmark-analysis/data/raw/github/run_29820102138/conc5/raw_agentic/8493778705_agentic_glm5.2_p1x1_d1x8_conc5_kvdram-hisparse_fp8_dynamo-sglang_prefill-tp1-pp1-dcp1-pcp8-ep1-dpfalse-nw1_decode-tp8-pp1-dcp1-pcp1-ep1-dptrue-nw1_disagg-true_spec-none_conc5_h200-dgxc-slurm_13/conc_5/aiperf_artifacts/profile_export.jsonl,300,metrics.http_req_chunks_sent.value,metrics.http_req_chunks_sent.value,metricshttpreqchunkssentvalue,300,1.0,0,0.0,0.0,int,int,1.0,1.0,1.0,1.0,count,count,300,count
5,8493778705,agentic_glm5.2_p1x1_d1x8_conc5_kvdram-hisparse_fp8_dynamo-sglang_prefill-tp1-pp1-dcp1-pcp8-ep1-dpfalse-nw1_decode-tp8-pp1-dcp1-pcp1-ep1-dptrue-nw1_disagg-true_spec-none_conc5_h200-dgxc-slurm_13,/Users/sskim/Documents/Codex/2026-08-06/h200-agentx-conversation-id-benchmark-analysis/data/raw/github/run_29820102138/conc5/raw_agentic/8493778705_agentic_glm5.2_p1x1_d1x8_conc5_kvdram-hisparse_fp8_dynamo-sglang_prefill-tp1-pp1-dcp1-pcp8-ep1-dpfalse-nw1_decode-tp8-pp1-dcp1-pcp1-ep1-dptrue-nw1_disagg-true_spec-none_conc5_h200-dgxc-slurm_13/conc_5/aiperf_artifacts/profile_export.jsonl,300,metrics.http_req_connecting.unit,metrics.http_req_connecting.unit,metricshttpreqconnectingunit,300,1.0,0,0.0,0.0,str,str,,,,,,,0,unknown
5,8493778705,agentic_glm5.2_p1x1_d1x8_conc5_kvdram-hisparse_fp8_dynamo-sglang_prefill-tp1-pp1-dcp1-pcp8-ep1-dpfalse-nw1_decode-tp8-pp1-dcp1-pcp1-ep1-dptrue-nw1_disagg-true_spec-none_conc5_h200-dgxc-slurm_13,/Users/sskim/Documents/Codex/2026-08-06/h200-agentx-conversation-id-benchmark-analysis/data/raw/github/run_29820102138/conc5/raw_agentic/8493778705_agentic_glm5.2_p1x1_d1x8_conc5_kvdram-hisparse_fp8_dynamo-sglang_prefill-tp1-pp1-dcp1-pcp8-ep1-dpfalse-nw1_decode-tp8-pp1-dcp1-pcp1-ep1-dptrue-nw1_disagg-true_spec-none_conc5_h200-dgxc-slurm_13/conc_5/aiperf_artifacts/profile_export.jsonl,300,metrics.http_req_connecting.value,metrics.http_req_connecting.value,metricshttpreqconnectingvalue,300,1.0,0,0.0,0.0,float,float,0.0,10.792413999999999,0.0,10.792413999999999,ms,ms,300,ms
5,8493778705,agentic_glm5.2_p1x1_d1x8_conc5_kvdram-hisparse_fp8_dynamo-sglang_prefill-tp1-pp1-dcp1-pcp8-ep1-dpfalse-nw1_decode-tp8-pp1-dcp1-pcp1-ep1-dptrue-nw1_disagg-true_spec-none_conc5_h200-dgxc-slurm_13,/Users/sskim/Documents/Codex/2026-08-06/h200-agentx-conversation-id-benchmark-analysis/data/raw/github/run_29820102138/conc5/raw_agentic/8493778705_agentic_glm5.2_p1x1_d1x8_conc5_kvdram-hisparse_fp8_dynamo-sglang_prefill-tp1-pp1-dcp1-pcp8-ep1-dpfalse-nw1_decode-tp8-pp1-dcp1-pcp1-ep1-dptrue-nw1_disagg-true_spec-none_conc5_h200-dgxc-slurm_13/conc_5/aiperf_artifacts/profile_export.jsonl,300,metrics.http_req_connection_overhead.unit,metrics.http_req_connection_overhead.unit,metricshttpreqconnectionoverheadunit,300,1.0,0,0.0,0.0,str,str,,,,,,,0,unknown
5,8493778705,agentic_glm5.2_p1x1_d1x8_conc5_kvdram-hisparse_fp8_dynamo-sglang_prefill-tp1-pp1-dcp1-pcp8-ep1-dpfalse-nw1_decode-tp8-pp1-dcp1-pcp1-ep1-dptrue-nw1_disagg-true_spec-none_conc5_h200-dgxc-slurm_13,/Users/sskim/Documents/Codex/2026-08-06/h200-agentx-conversation-id-benchmark-analysis/data/raw/github/run_29820102138/conc5/raw_agentic/8493778705_agentic_glm5.2_p1x1_d1x8_conc5_kvdram-hisparse_fp8_dynamo-sglang_prefill-tp1-pp1-dcp1-pcp8-ep1-dpfalse-nw1_decode-tp8-pp1-dcp1-pcp1-ep1-dptrue-nw1_disagg-true_spec-none_conc5_h200-dgxc-slurm_13/conc_5/aiperf_artifacts/profile_export.jsonl,300,metrics.http_req_connection_overhead.value,metrics.http_req_connection_overhead.value,metricshttpreqconnectionoverheadvalue,300,1.0,0,0.0,0.0,float,float,0.0,19.887817,0.0,19.887817,ms,ms,300,ms
5,8493778705,agentic_glm5.2_p1x1_d1x8_conc5_kvdram-hisparse_fp8_dynamo-sglang_prefill-tp1-pp1-dcp1-pcp8-ep1-dpfalse-nw1_decode-tp8-pp1-dcp1-pcp1-ep1-dptrue-nw1_disagg-true_spec-none_conc5_h200-dgxc-slurm_13,/Users/sskim/Documents/Codex/2026-08-06/h200-agentx-conversation-id-benchmark-analysis/data/raw/github/run_29820102138/conc5/raw_agentic/8493778705_agentic_glm5.2_p1x1_d1x8_conc5_kvdram-hisparse_fp8_dynamo-sglang_prefill-tp1-pp1-dcp1-pcp8-ep1-dpfalse-nw1_decode-tp8-pp1-dcp1-pcp1-ep1-dptrue-nw1_disagg-true_spec-none_conc5_h200-dgxc-slurm_13/conc_5/aiperf_artifacts/profile_export.jsonl,300,metrics.http_req_connection_reused.unit,metrics.http_req_connection_reused.unit,metricshttpreqconnectionreusedunit,300,1.0,0,0.0,0.0,str,str,,,,,,,0,unknown
5,8493778705,agentic_glm5.2_p1x1_d1x8_conc5_kvdram-hisparse_fp8_dynamo-sglang_prefill-tp1-pp1-dcp1-pcp8-ep1-dpfalse-nw1_decode-tp8-pp1-dcp1-pcp1-ep1-dptrue-nw1_disagg-true_spec-none_conc5_h200-dgxc-slurm_13,/Users/sskim/Documents/Codex/2026-08-06/h200-agentx-conversation-id-benchmark-analysis/data/raw/github/run_29820102138/conc5/raw_agentic/8493778705_agentic_glm5.2_p1x1_d1x8_conc5_kvdram-hisparse_fp8_dynamo-sglang_prefill-tp1-pp1-dcp1-pcp8-ep1-dpfalse-nw1_decode-tp8-pp1-dcp1-pcp1-ep1-dptrue-nw1_disagg-true_spec-none_conc5_h200-dgxc-slurm_13/conc_5/aiperf_artifacts/profile_export.jsonl,300,metrics.http_req_connection_reused.value,metrics.http_req_connection_reused.value,metricshttpreqconnectionreusedvalue,300,1.0,0,0.0,0.0,int,int,0.0,1.0,0.0,1.0,ratio,ratio,300,ratio
5,8493778705,agentic_glm5.2_p1x1_d1x8_conc5_kvdram-hisparse_fp8_dynamo-sglang_prefill-tp1-pp1-dcp1-pcp8-ep1-dpfalse-nw1_decode-tp8-pp1-dcp1-pcp1-ep1-dptrue-nw1_disagg-true_spec-none_conc5_h200-dgxc-slurm_13,/Users/sskim/Documents/Codex/2026-08-06/h200-agentx-conversation-id-benchmark-analysis/data/raw/github/run_29820102138/conc5/raw_agentic/8493778705_agentic_glm5.2_p1x1_d1x8_conc5_kvdram-hisparse_fp8_dynamo-sglang_prefill-tp1-pp1-dcp1-pcp8-ep1-dpfalse-nw1_decode-tp8-pp1-dcp1-pcp1-ep1-dptrue-nw1_disagg-true_spec-none_conc5_h200-dgxc-slurm_13/conc_5/aiperf_artifacts/profile_export.jsonl,300,metrics.http_req_data_received.unit,metrics.http_req_data_received.unit,metricshttpreqdatareceivedunit,300,1.0,0,0.0,0.0,str,str,,,,,,,0,unknown
5,8493778705,agentic_glm5.2_p1x1_d1x8_conc5_kvdram-hisparse_fp8_dynamo-sglang_prefill-tp1-pp1-dcp1-pcp8-ep1-dpfalse-nw1_decode-tp8-pp1-dcp1-pcp1-ep1-dptrue-nw1_disagg-true_spec-none_conc5_h200-dgxc-slurm_13,/Users/sskim/Documents/Codex/2026-08-06/h200-agentx-conversation-id-benchmark-analysis/data/raw/github/run_29820102138/conc5/raw_agentic/8493778705_agentic_glm5.2_p1x1_d1x8_conc5_kvdram-hisparse_fp8_dynamo-sglang_prefill-tp1-pp1-dcp1-pcp8-ep1-dpfalse-nw1_decode-tp8-pp1-dcp1-pcp1-ep1-dptrue-nw1_disagg-true_spec-none_conc5_h200-dgxc-slurm_13/conc_5/aiperf_artifacts/profile_export.jsonl,300,metrics.http_req_data_received.value,metrics.http_req_data_received.value,metricshttpreqdatareceivedvalue,300,1.0,0,0.0,0.0,float,float,0.5849609375,86.853515625,0.5849609375,86.853515625,KB,KB,300,KB
5,8493778705,agentic_glm5.2_p1x1_d1x8_conc5_kvdram-hisparse_fp8_dynamo-sglang_prefill-tp1-pp1-dcp1-pcp8-ep1-dpfalse-nw1_decode-tp8-pp1-dcp1-pcp1-ep1-dptrue-nw1_disagg-true_spec-none_conc5_h200-dgxc-slurm_13,/Users/sskim/Documents/Codex/2026-08-06/h200-agentx-conversation-id-benchmark-analysis/data/raw/github/run_29820102138/conc5/raw_agentic/8493778705_agentic_glm5.2_p1x1_d1x8_conc5_kvdram-hisparse_fp8_dynamo-sglang_prefill-tp1-pp1-dcp1-pcp8-ep1-dpfalse-nw1_decode-tp8-pp1-dcp1-pcp1-ep1-dptrue-nw1_disagg-true_spec-none_conc5_h200-dgxc-slurm_13/conc_5/aiperf_artifacts/profile_export.jsonl,300,metrics.http_req_data_sent.unit,metrics.http_req_data_sent.unit,metricshttpreqdatasentunit,300,1.0,0,0.0,0.0,str,str,,,,,,,0,unknown
5,8493778705,agentic_glm5.2_p1x1_d1x8_conc5_kvdram-hisparse_fp8_dynamo-sglang_prefill-tp1-pp1-dcp1-pcp8-ep1-dpfalse-nw1_decode-tp8-pp1-dcp1-pcp1-ep1-dptrue-nw1_disagg-true_spec-none_conc5_h200-dgxc-slurm_13,/Users/sskim/Documents/Codex/2026-08-06/h200-agentx-conversation-id-benchmark-analysis/data/raw/github/run_29820102138/conc5/raw_agentic/8493778705_agentic_glm5.2_p1x1_d1x8_conc5_kvdram-hisparse_fp8_dynamo-sglang_prefill-tp1-pp1-dcp1-pcp8-ep1-dpfalse-nw1_decode-tp8-pp1-dcp1-pcp1-ep1-dptrue-nw1_disagg-true_spec-none_conc5_h200-dgxc-slurm_13/conc_5/aiperf_artifacts/profile_export.jsonl,300,metrics.http_req_data_sent.value,metrics.http_req_data_sent.value,metricshttpreqdatasentvalue,300,1.0,0,0.0,0.0,float,float,2.0224609375,2325.72265625,2.0224609375,2325.72265625,KB,KB,300,KB
5,8493778705,agentic_glm5.2_p1x1_d1x8_conc5_kvdram-hisparse_fp8_dynamo-sglang_prefill-tp1-pp1-dcp1-pcp8-ep1-dpfalse-nw1_decode-tp8-pp1-dcp1-pcp1-ep1-dptrue-nw1_disagg-true_spec-none_conc5_h200-dgxc-slurm_13,/Users/sskim/Documents/Codex/2026-08-06/h200-agentx-conversation-id-benchmark-analysis/data/raw/github/run_29820102138/conc5/raw_agentic/8493778705_agentic_glm5.2_p1x1_d1x8_conc5_kvdram-hisparse_fp8_dynamo-sglang_prefill-tp1-pp1-dcp1-pcp8-ep1-dpfalse-nw1_decode-tp8-pp1-dcp1-pcp1-ep1-dptrue-nw1_disagg-true_spec-none_conc5_h200-dgxc-slurm_13/conc_5/aiperf_artifacts/profile_export.jsonl,300,metrics.http_req_dns_lookup.unit,metrics.http_req_dns_lookup.unit,metricshttpreqdnslookupunit,300,1.0,0,0.0,0.0,str,str,,,,,,,0,unknown
5,8493778705,agentic_glm5.2_p1x1_d1x8_conc5_kvdram-hisparse_fp8_dynamo-sglang_prefill-tp1-pp1-dcp1-pcp8-ep1-dpfalse-nw1_decode-tp8-pp1-dcp1-pcp1-ep1-dptrue-nw1_disagg-true_spec-none_conc5_h200-dgxc-slurm_13,/Users/sskim/Documents/Codex/2026-08-06/h200-agentx-conversation-id-benchmark-analysis/data/raw/github/run_29820102138/conc5/raw_agentic/8493778705_agentic_glm5.2_p1x1_d1x8_conc5_kvdram-hisparse_fp8_dynamo-sglang_prefill-tp1-pp1-dcp1-pcp8-ep1-dpfalse-nw1_decode-tp8-pp1-dcp1-pcp1-ep1-dptrue-nw1_disagg-true_spec-none_conc5_h200-dgxc-slurm_13/conc_5/aiperf_artifacts/profile_export.jsonl,300,metrics.http_req_dns_lookup.value,metrics.http_req_dns_lookup.value,metricshttpreqdnslookupvalue,300,1.0,0,0.0,0.0,float,float,0.0,9.095403,0.0,9.095403,ms,ms,300,ms
5,8493778705,agentic_glm5.2_p1x1_d1x8_conc5_kvdram-hisparse_fp8_dynamo-sglang_prefill-tp1-pp1-dcp1-pcp8-ep1-dpfalse-nw1_decode-tp8-pp1-dcp1-pcp1-ep1-dptrue-nw1_disagg-true_spec-none_conc5_h200-dgxc-slurm_13,/Users/sskim/Documents/Codex/2026-08-06/h200-agentx-conversation-id-benchmark-analysis/data/raw/github/run_29820102138/conc5/raw_agentic/8493778705_agentic_glm5.2_p1x1_d1x8_conc5_kvdram-hisparse_fp8_dynamo-sglang_prefill-tp1-pp1-dcp1-pcp8-ep1-dpfalse-nw1_decode-tp8-pp1-dcp1-pcp1-ep1-dptrue-nw1_disagg-true_spec-none_conc5_h200-dgxc-slurm_13/conc_5/aiperf_artifacts/profile_export.jsonl,300,metrics.http_req_duration.unit,metrics.http_req_duration.unit,metricshttpreqdurationunit,300,1.0,0,0.0,0.0,str,str,,,,,,,0,unknown
5,8493778705,agentic_glm5.2_p1x1_d1x8_conc5_kvdram-hisparse_fp8_dynamo-sglang_prefill-tp1-pp1-dcp1-pcp8-ep1-dpfalse-nw1_decode-tp8-pp1-dcp1-pcp1-ep1-dptrue-nw1_disagg-true_spec-none_conc5_h200-dgxc-slurm_13,/Users/sskim/Documents/Codex/2026-08-06/h200-agentx-conversation-id-benchmark-analysis/data/raw/github/run_29820102138/conc5/raw_agentic/8493778705_agentic_glm5.2_p1x1_d1x8_conc5_kvdram-hisparse_fp8_dynamo-sglang_prefill-tp1-pp1-dcp1-pcp8-ep1-dpfalse-nw1_decode-tp8-pp1-dcp1-pcp1-ep1-dptrue-nw1_disagg-true_spec-none_conc5_h200-dgxc-slurm_13/conc_5/aiperf_artifacts/profile_export.jsonl,300,metrics.http_req_duration.value,metrics.http_req_duration.value,metricshttpreqdurationvalue,300,1.0,0,0.0,0.0,float,float,1729.6967519999998,374456.42758899997,1729.6967519999998,374456.42758899997,ms,ms,300,ms
5,8493778705,agentic_glm5.2_p1x1_d1x8_conc5_kvdram-hisparse_fp8_dynamo-sglang_prefill-tp1-pp1-dcp1-pcp8-ep1-dpfalse-nw1_decode-tp8-pp1-dcp1-pcp1-ep1-dptrue-nw1_disagg-true_spec-none_conc5_h200-dgxc-slurm_13,/Users/sskim/Documents/Codex/2026-08-06/h200-agentx-conversation-id-benchmark-analysis/data/raw/github/run_29820102138/conc5/raw_agentic/8493778705_agentic_glm5.2_p1x1_d1x8_conc5_kvdram-hisparse_fp8_dynamo-sglang_prefill-tp1-pp1-dcp1-pcp8-ep1-dpfalse-nw1_decode-tp8-pp1-dcp1-pcp1-ep1-dptrue-nw1_disagg-true_spec-none_conc5_h200-dgxc-slurm_13/conc_5/aiperf_artifacts/profile_export.jsonl,300,metrics.http_req_receiving.unit,metrics.http_req_receiving.unit,metricshttpreqreceivingunit,300,1.0,0,0.0,0.0,str,str,,,,,,,0,unknown
5,8493778705,agentic_glm5.2_p1x1_d1x8_conc5_kvdram-hisparse_fp8_dynamo-sglang_prefill-tp1-pp1-dcp1-pcp8-ep1-dpfalse-nw1_decode-tp8-pp1-dcp1-pcp1-ep1-dptrue-nw1_disagg-true_spec-none_conc5_h200-dgxc-slurm_13,/Users/sskim/Documents/Codex/2026-08-06/h200-agentx-conversation-id-benchmark-analysis/data/raw/github/run_29820102138/conc5/raw_agentic/8493778705_agentic_glm5.2_p1x1_d1x8_conc5_kvdram-hisparse_fp8_dynamo-sglang_prefill-tp1-pp1-dcp1-pcp8-ep1-dpfalse-nw1_decode-tp8-pp1-dcp1-pcp1-ep1-dptrue-nw1_disagg-true_spec-none_conc5_h200-dgxc-slurm_13/conc_5/aiperf_artifacts/profile_export.jsonl,300,metrics.http_req_receiving.value,metrics.http_req_receiving.value,metricshttpreqreceivingvalue,300,1.0,0,0.0,0.0,float,float,0.0,300283.648347,0.0,300283.648347,ms,ms,300,ms
5,8493778705,agentic_glm5.2_p1x1_d1x8_conc5_kvdram-hisparse_fp8_dynamo-sglang_prefill-tp1-pp1-dcp1-pcp8-ep1-dpfalse-nw1_decode-tp8-pp1-dcp1-pcp1-ep1-dptrue-nw1_disagg-true_spec-none_conc5_h200-dgxc-slurm_13,/Users/sskim/Documents/Codex/2026-08-06/h200-agentx-conversation-id-benchmark-analysis/data/raw/github/run_29820102138/conc5/raw_agentic/8493778705_agentic_glm5.2_p1x1_d1x8_conc5_kvdram-hisparse_fp8_dynamo-sglang_prefill-tp1-pp1-dcp1-pcp8-ep1-dpfalse-nw1_decode-tp8-pp1-dcp1-pcp1-ep1-dptrue-nw1_disagg-true_spec-none_conc5_h200-dgxc-slurm_13/conc_5/aiperf_artifacts/profile_export.jsonl,300,metrics.http_req_sending.unit,metrics.http_req_sending.unit,metricshttpreqsendingunit,300,1.0,0,0.0,0.0,str,str,,,,,,,0,unknown
5,8493778705,agentic_glm5.2_p1x1_d1x8_conc5_kvdram-hisparse_fp8_dynamo-sglang_prefill-tp1-pp1-dcp1-pcp8-ep1-dpfalse-nw1_decode-tp8-pp1-dcp1-pcp1-ep1-dptrue-nw1_disagg-true_spec-none_conc5_h200-dgxc-slurm_13,/Users/sskim/Documents/Codex/2026-08-06/h200-agentx-conversation-id-benchmark-analysis/data/raw/github/run_29820102138/conc5/raw_agentic/8493778705_agentic_glm5.2_p1x1_d1x8_conc5_kvdram-hisparse_fp8_dynamo-sglang_prefill-tp1-pp1-dcp1-pcp8-ep1-dpfalse-nw1_decode-tp8-pp1-dcp1-pcp1-ep1-dptrue-nw1_disagg-true_spec-none_conc5_h200-dgxc-slurm_13/conc_5/aiperf_artifacts/profile_export.jsonl,300,metrics.http_req_sending.value,metrics.http_req_sending.value,metricshttpreqsendingvalue,300,1.0,0,0.0,0.0,float,float,0.135191,11.168529999999999,0.135191,11.168529999999999,ms,ms,300,ms
5,8493778705,agentic_glm5.2_p1x1_d1x8_conc5_kvdram-hisparse_fp8_dynamo-sglang_prefill-tp1-pp1-dcp1-pcp8-ep1-dpfalse-nw1_decode-tp8-pp1-dcp1-pcp1-ep1-dptrue-nw1_disagg-true_spec-none_conc5_h200-dgxc-slurm_13,/Users/sskim/Documents/Codex/2026-08-06/h200-agentx-conversation-id-benchmark-analysis/data/raw/github/run_29820102138/conc5/raw_agentic/8493778705_agentic_glm5.2_p1x1_d1x8_conc5_kvdram-hisparse_fp8_dynamo-sglang_prefill-tp1-pp1-dcp1-pcp8-ep1-dpfalse-nw1_decode-tp8-pp1-dcp1-pcp1-ep1-dptrue-nw1_disagg-true_spec-none_conc5_h200-dgxc-slurm_13/conc_5/aiperf_artifacts/profile_export.jsonl,300,metrics.http_req_total.unit,metrics.http_req_total.unit,metricshttpreqtotalunit,300,1.0,0,0.0,0.0,str,str,,,,,,,0,unknown
5,8493778705,agentic_glm5.2_p1x1_d1x8_conc5_kvdram-hisparse_fp8_dynamo-sglang_prefill-tp1-pp1-dcp1-pcp8-ep1-dpfalse-nw1_decode-tp8-pp1-dcp1-pcp1-ep1-dptrue-nw1_disagg-true_spec-none_conc5_h200-dgxc-slurm_13,/Users/sskim/Documents/Codex/2026-08-06/h200-agentx-conversation-id-benchmark-analysis/data/raw/github/run_29820102138/conc5/raw_agentic/8493778705_agentic_glm5.2_p1x1_d1x8_conc5_kvdram-hisparse_fp8_dynamo-sglang_prefill-tp1-pp1-dcp1-pcp8-ep1-dpfalse-nw1_decode-tp8-pp1-dcp1-pcp1-ep1-dptrue-nw1_disagg-true_spec-none_conc5_h200-dgxc-slurm_13/conc_5/aiperf_artifacts/profile_export.jsonl,300,metrics.http_req_total.value,metrics.http_req_total.value,metricshttpreqtotalvalue,300,1.0,0,0.0,0.0,float,float,1729.6967519999998,374456.42758899997,1729.6967519999998,374456.42758899997,ms,ms,300,ms
5,8493778705,agentic_glm5.2_p1x1_d1x8_conc5_kvdram-hisparse_fp8_dynamo-sglang_prefill-tp1-pp1-dcp1-pcp8-ep1-dpfalse-nw1_decode-tp8-pp1-dcp1-pcp1-ep1-dptrue-nw1_disagg-true_spec-none_conc5_h200-dgxc-slurm_13,/Users/sskim/Documents/Codex/2026-08-06/h200-agentx-conversation-id-benchmark-analysis/data/raw/github/run_29820102138/conc5/raw_agentic/8493778705_agentic_glm5.2_p1x1_d1x8_conc5_kvdram-hisparse_fp8_dynamo-sglang_prefill-tp1-pp1-dcp1-pcp8-ep1-dpfalse-nw1_decode-tp8-pp1-dcp1-pcp1-ep1-dptrue-nw1_disagg-true_spec-none_conc5_h200-dgxc-slurm_13/conc_5/aiperf_artifacts/profile_export.jsonl,300,metrics.http_req_waiting.unit,metrics.http_req_waiting.unit,metricshttpreqwaitingunit,300,1.0,0,0.0,0.0,str,str,,,,,,,0,unknown
5,8493778705,agentic_glm5.2_p1x1_d1x8_conc5_kvdram-hisparse_fp8_dynamo-sglang_prefill-tp1-pp1-dcp1-pcp8-ep1-dpfalse-nw1_decode-tp8-pp1-dcp1-pcp1-ep1-dptrue-nw1_disagg-true_spec-none_conc5_h200-dgxc-slurm_13,/Users/sskim/Documents/Codex/2026-08-06/h200-agentx-conversation-id-benchmark-analysis/data/raw/github/run_29820102138/conc5/raw_agentic/8493778705_agentic_glm5.2_p1x1_d1x8_conc5_kvdram-hisparse_fp8_dynamo-sglang_prefill-tp1-pp1-dcp1-pcp8-ep1-dpfalse-nw1_decode-tp8-pp1-dcp1-pcp1-ep1-dptrue-nw1_disagg-true_spec-none_conc5_h200-dgxc-slurm_13/conc_5/aiperf_artifacts/profile_export.jsonl,300,metrics.http_req_waiting.value,metrics.http_req_waiting.value,metricshttpreqwaitingvalue,300,1.0,0,0.0,0.0,float,float,710.7827239999999,273035.26438,710.7827239999999,273035.26438,ms,ms,300,ms
5,8493778705,agentic_glm5.2_p1x1_d1x8_conc5_kvdram-hisparse_fp8_dynamo-sglang_prefill-tp1-pp1-dcp1-pcp8-ep1-dpfalse-nw1_decode-tp8-pp1-dcp1-pcp1-ep1-dptrue-nw1_disagg-true_spec-none_conc5_h200-dgxc-slurm_13,/Users/sskim/Documents/Codex/2026-08-06/h200-agentx-conversation-id-benchmark-analysis/data/raw/github/run_29820102138/conc5/raw_agentic/8493778705_agentic_glm5.2_p1x1_d1x8_conc5_kvdram-hisparse_fp8_dynamo-sglang_prefill-tp1-pp1-dcp1-pcp8-ep1-dpfalse-nw1_decode-tp8-pp1-dcp1-pcp1-ep1-dptrue-nw1_disagg-true_spec-none_conc5_h200-dgxc-slurm_13/conc_5/aiperf_artifacts/profile_export.jsonl,300,metrics.input_sequence_length.unit,metrics.input_sequence_length.unit,metricsinputsequencelengthunit,300,1.0,0,0.0,0.0,str,str,,,,,,,0,unknown
5,8493778705,agentic_glm5.2_p1x1_d1x8_conc5_kvdram-hisparse_fp8_dynamo-sglang_prefill-tp1-pp1-dcp1-pcp8-ep1-dpfalse-nw1_decode-tp8-pp1-dcp1-pcp1-ep1-dptrue-nw1_disagg-true_spec-none_conc5_h200-dgxc-slurm_13,/Users/sskim/Documents/Codex/2026-08-06/h200-agentx-conversation-id-benchmark-analysis/data/raw/github/run_29820102138/conc5/raw_agentic/8493778705_agentic_glm5.2_p1x1_d1x8_conc5_kvdram-hisparse_fp8_dynamo-sglang_prefill-tp1-pp1-dcp1-pcp8-ep1-dpfalse-nw1_decode-tp8-pp1-dcp1-pcp1-ep1-dptrue-nw1_disagg-true_spec-none_conc5_h200-dgxc-slurm_13/conc_5/aiperf_artifacts/profile_export.jsonl,300,metrics.input_sequence_length.value,metrics.input_sequence_length.value,metricsinputsequencelengthvalue,300,1.0,0,0.0,0.0,int,int,1.0,148188.0,1.0,148188.0,tokens,tokens,300,tokens
5,8493778705,agentic_glm5.2_p1x1_d1x8_conc5_kvdram-hisparse_fp8_dynamo-sglang_prefill-tp1-pp1-dcp1-pcp8-ep1-dpfalse-nw1_decode-tp8-pp1-dcp1-pcp1-ep1-dptrue-nw1_disagg-true_spec-none_conc5_h200-dgxc-slurm_13,/Users/sskim/Documents/Codex/2026-08-06/h200-agentx-conversation-id-benchmark-analysis/data/raw/github/run_29820102138/conc5/raw_agentic/8493778705_agentic_glm5.2_p1x1_d1x8_conc5_kvdram-hisparse_fp8_dynamo-sglang_prefill-tp1-pp1-dcp1-pcp8-ep1-dpfalse-nw1_decode-tp8-pp1-dcp1-pcp1-ep1-dptrue-nw1_disagg-true_spec-none_conc5_h200-dgxc-slurm_13/conc_5/aiperf_artifacts/profile_export.jsonl,300,metrics.inter_chunk_latency.unit,metrics.inter_chunk_latency.unit,metricsinterchunklatencyunit,131,0.43666666666666665,0,0.0,0.0,str,str,,,,,,,0,unknown
5,8493778705,agentic_glm5.2_p1x1_d1x8_conc5_kvdram-hisparse_fp8_dynamo-sglang_prefill-tp1-pp1-dcp1-pcp8-ep1-dpfalse-nw1_decode-tp8-pp1-dcp1-pcp1-ep1-dptrue-nw1_disagg-true_spec-none_conc5_h200-dgxc-slurm_13,/Users/sskim/Documents/Codex/2026-08-06/h200-agentx-conversation-id-benchmark-analysis/data/raw/github/run_29820102138/conc5/raw_agentic/8493778705_agentic_glm5.2_p1x1_d1x8_conc5_kvdram-hisparse_fp8_dynamo-sglang_prefill-tp1-pp1-dcp1-pcp8-ep1-dpfalse-nw1_decode-tp8-pp1-dcp1-pcp1-ep1-dptrue-nw1_disagg-true_spec-none_conc5_h200-dgxc-slurm_13/conc_5/aiperf_artifacts/profile_export.jsonl,300,metrics.inter_chunk_latency.value,metrics.inter_chunk_latency.value,metricsinterchunklatencyvalue,131,0.43666666666666665,0,0.0,0.0,str,str,,,,,ms,ms,131,ms
5,8493778705,agentic_glm5.2_p1x1_d1x8_conc5_kvdram-hisparse_fp8_dynamo-sglang_prefill-tp1-pp1-dcp1-pcp8-ep1-dpfalse-nw1_decode-tp8-pp1-dcp1-pcp1-ep1-dptrue-nw1_disagg-true_spec-none_conc5_h200-dgxc-slurm_13,/Users/sskim/Documents/Codex/2026-08-06/h200-agentx-conversation-id-benchmark-analysis/data/raw/github/run_29820102138/conc5/raw_agentic/8493778705_agentic_glm5.2_p1x1_d1x8_conc5_kvdram-hisparse_fp8_dynamo-sglang_prefill-tp1-pp1-dcp1-pcp8-ep1-dpfalse-nw1_decode-tp8-pp1-dcp1-pcp1-ep1-dptrue-nw1_disagg-true_spec-none_conc5_h200-dgxc-slurm_13/conc_5/aiperf_artifacts/profile_export.jsonl,300,metrics.inter_token_latency.unit,metrics.inter_token_latency.unit,metricsintertokenlatencyunit,131,0.43666666666666665,0,0.0,0.0,str,str,,,,,,,0,unknown
5,8493778705,agentic_glm5.2_p1x1_d1x8_conc5_kvdram-hisparse_fp8_dynamo-sglang_prefill-tp1-pp1-dcp1-pcp8-ep1-dpfalse-nw1_decode-tp8-pp1-dcp1-pcp1-ep1-dptrue-nw1_disagg-true_spec-none_conc5_h200-dgxc-slurm_13,/Users/sskim/Documents/Codex/2026-08-06/h200-agentx-conversation-id-benchmark-analysis/data/raw/github/run_29820102138/conc5/raw_agentic/8493778705_agentic_glm5.2_p1x1_d1x8_conc5_kvdram-hisparse_fp8_dynamo-sglang_prefill-tp1-pp1-dcp1-pcp8-ep1-dpfalse-nw1_decode-tp8-pp1-dcp1-pcp1-ep1-dptrue-nw1_disagg-true_spec-none_conc5_h200-dgxc-slurm_13/conc_5/aiperf_artifacts/profile_export.jsonl,300,metrics.inter_token_latency.value,metrics.inter_token_latency.value,metricsintertokenlatencyvalue,131,0.43666666666666665,0,0.0,0.0,float,float,27.659990494117647,86.97867330392157,27.659990494117647,86.97867330392157,ms,ms,131,ms
5,8493778705,agentic_glm5.2_p1x1_d1x8_conc5_kvdram-hisparse_fp8_dynamo-sglang_prefill-tp1-pp1-dcp1-pcp8-ep1-dpfalse-nw1_decode-tp8-pp1-dcp1-pcp1-ep1-dptrue-nw1_disagg-true_spec-none_conc5_h200-dgxc-slurm_13,/Users/sskim/Documents/Codex/2026-08-06/h200-agentx-conversation-id-benchmark-analysis/data/raw/github/run_29820102138/conc5/raw_agentic/8493778705_agentic_glm5.2_p1x1_d1x8_conc5_kvdram-hisparse_fp8_dynamo-sglang_prefill-tp1-pp1-dcp1-pcp8-ep1-dpfalse-nw1_decode-tp8-pp1-dcp1-pcp1-ep1-dptrue-nw1_disagg-true_spec-none_conc5_h200-dgxc-slurm_13/conc_5/aiperf_artifacts/profile_export.jsonl,300,metrics.osl_mismatch_diff_pct.unit,metrics.osl_mismatch_diff_pct.unit,metricsoslmismatchdiffpctunit,300,1.0,0,0.0,0.0,str,str,,,,,,,0,unknown
5,8493778705,agentic_glm5.2_p1x1_d1x8_conc5_kvdram-hisparse_fp8_dynamo-sglang_prefill-tp1-pp1-dcp1-pcp8-ep1-dpfalse-nw1_decode-tp8-pp1-dcp1-pcp1-ep1-dptrue-nw1_disagg-true_spec-none_conc5_h200-dgxc-slurm_13,/Users/sskim/Documents/Codex/2026-08-06/h200-agentx-conversation-id-benchmark-analysis/data/raw/github/run_29820102138/conc5/raw_agentic/8493778705_agentic_glm5.2_p1x1_d1x8_conc5_kvdram-hisparse_fp8_dynamo-sglang_prefill-tp1-pp1-dcp1-pcp8-ep1-dpfalse-nw1_decode-tp8-pp1-dcp1-pcp1-ep1-dptrue-nw1_disagg-true_spec-none_conc5_h200-dgxc-slurm_13/conc_5/aiperf_artifacts/profile_export.jsonl,300,metrics.osl_mismatch_diff_pct.value,metrics.osl_mismatch_diff_pct.value,metricsoslmismatchdiffpctvalue,300,1.0,0,0.0,0.0,float,float,-99.9937181983793,0.0,-99.9937181983793,0.0,%,%,300,%
5,8493778705,agentic_glm5.2_p1x1_d1x8_conc5_kvdram-hisparse_fp8_dynamo-sglang_prefill-tp1-pp1-dcp1-pcp8-ep1-dpfalse-nw1_decode-tp8-pp1-dcp1-pcp1-ep1-dptrue-nw1_disagg-true_spec-none_conc5_h200-dgxc-slurm_13,/Users/sskim/Documents/Codex/2026-08-06/h200-agentx-conversation-id-benchmark-analysis/data/raw/github/run_29820102138/conc5/raw_agentic/8493778705_agentic_glm5.2_p1x1_d1x8_conc5_kvdram-hisparse_fp8_dynamo-sglang_prefill-tp1-pp1-dcp1-pcp8-ep1-dpfalse-nw1_decode-tp8-pp1-dcp1-pcp1-ep1-dptrue-nw1_disagg-true_spec-none_conc5_h200-dgxc-slurm_13/conc_5/aiperf_artifacts/profile_export.jsonl,300,metrics.output_sequence_length.unit,metrics.output_sequence_length.unit,metricsoutputsequencelengthunit,300,1.0,0,0.0,0.0,str,str,,,,,,,0,unknown
5,8493778705,agentic_glm5.2_p1x1_d1x8_conc5_kvdram-hisparse_fp8_dynamo-sglang_prefill-tp1-pp1-dcp1-pcp8-ep1-dpfalse-nw1_decode-tp8-pp1-dcp1-pcp1-ep1-dptrue-nw1_disagg-true_spec-none_conc5_h200-dgxc-slurm_13,/Users/sskim/Documents/Codex/2026-08-06/h200-agentx-conversation-id-benchmark-analysis/data/raw/github/run_29820102138/conc5/raw_agentic/8493778705_agentic_glm5.2_p1x1_d1x8_conc5_kvdram-hisparse_fp8_dynamo-sglang_prefill-tp1-pp1-dcp1-pcp8-ep1-dpfalse-nw1_decode-tp8-pp1-dcp1-pcp1-ep1-dptrue-nw1_disagg-true_spec-none_conc5_h200-dgxc-slurm_13/conc_5/aiperf_artifacts/profile_export.jsonl,300,metrics.output_sequence_length.value,metrics.output_sequence_length.value,metricsoutputsequencelengthvalue,300,1.0,0,0.0,0.0,int,int,1.0,9543.0,1.0,9543.0,tokens,tokens,300,tokens
5,8493778705,agentic_glm5.2_p1x1_d1x8_conc5_kvdram-hisparse_fp8_dynamo-sglang_prefill-tp1-pp1-dcp1-pcp8-ep1-dpfalse-nw1_decode-tp8-pp1-dcp1-pcp1-ep1-dptrue-nw1_disagg-true_spec-none_conc5_h200-dgxc-slurm_13,/Users/sskim/Documents/Codex/2026-08-06/h200-agentx-conversation-id-benchmark-analysis/data/raw/github/run_29820102138/conc5/raw_agentic/8493778705_agentic_glm5.2_p1x1_d1x8_conc5_kvdram-hisparse_fp8_dynamo-sglang_prefill-tp1-pp1-dcp1-pcp8-ep1-dpfalse-nw1_decode-tp8-pp1-dcp1-pcp1-ep1-dptrue-nw1_disagg-true_spec-none_conc5_h200-dgxc-slurm_13/conc_5/aiperf_artifacts/profile_export.jsonl,300,metrics.output_token_count.unit,metrics.output_token_count.unit,metricsoutputtokencountunit,300,1.0,0,0.0,0.0,str,str,,,,,,,0,unknown
5,8493778705,agentic_glm5.2_p1x1_d1x8_conc5_kvdram-hisparse_fp8_dynamo-sglang_prefill-tp1-pp1-dcp1-pcp8-ep1-dpfalse-nw1_decode-tp8-pp1-dcp1-pcp1-ep1-dptrue-nw1_disagg-true_spec-none_conc5_h200-dgxc-slurm_13,/Users/sskim/Documents/Codex/2026-08-06/h200-agentx-conversation-id-benchmark-analysis/data/raw/github/run_29820102138/conc5/raw_agentic/8493778705_agentic_glm5.2_p1x1_d1x8_conc5_kvdram-hisparse_fp8_dynamo-sglang_prefill-tp1-pp1-dcp1-pcp8-ep1-dpfalse-nw1_decode-tp8-pp1-dcp1-pcp1-ep1-dptrue-nw1_disagg-true_spec-none_conc5_h200-dgxc-slurm_13/conc_5/aiperf_artifacts/profile_export.jsonl,300,metrics.output_token_count.value,metrics.output_token_count.value,metricsoutputtokencountvalue,300,1.0,0,0.0,0.0,int,int,1.0,9543.0,1.0,9543.0,tokens,tokens,300,tokens
5,8493778705,agentic_glm5.2_p1x1_d1x8_conc5_kvdram-hisparse_fp8_dynamo-sglang_prefill-tp1-pp1-dcp1-pcp8-ep1-dpfalse-nw1_decode-tp8-pp1-dcp1-pcp1-ep1-dptrue-nw1_disagg-true_spec-none_conc5_h200-dgxc-slurm_13,/Users/sskim/Documents/Codex/2026-08-06/h200-agentx-conversation-id-benchmark-analysis/data/raw/github/run_29820102138/conc5/raw_agentic/8493778705_agentic_glm5.2_p1x1_d1x8_conc5_kvdram-hisparse_fp8_dynamo-sglang_prefill-tp1-pp1-dcp1-pcp8-ep1-dpfalse-nw1_decode-tp8-pp1-dcp1-pcp1-ep1-dptrue-nw1_disagg-true_spec-none_conc5_h200-dgxc-slurm_13/conc_5/aiperf_artifacts/profile_export.jsonl,300,metrics.output_token_throughput_per_user.unit,metrics.output_token_throughput_per_user.unit,metricsoutputtokenthroughputperuserunit,131,0.43666666666666665,0,0.0,0.0,str,str,,,,,,,0,unknown
5,8493778705,agentic_glm5.2_p1x1_d1x8_conc5_kvdram-hisparse_fp8_dynamo-sglang_prefill-tp1-pp1-dcp1-pcp8-ep1-dpfalse-nw1_decode-tp8-pp1-dcp1-pcp1-ep1-dptrue-nw1_disagg-true_spec-none_conc5_h200-dgxc-slurm_13,/Users/sskim/Documents/Codex/2026-08-06/h200-agentx-conversation-id-benchmark-analysis/data/raw/github/run_29820102138/conc5/raw_agentic/8493778705_agentic_glm5.2_p1x1_d1x8_conc5_kvdram-hisparse_fp8_dynamo-sglang_prefill-tp1-pp1-dcp1-pcp8-ep1-dpfalse-nw1_decode-tp8-pp1-dcp1-pcp1-ep1-dptrue-nw1_disagg-true_spec-none_conc5_h200-dgxc-slurm_13/conc_5/aiperf_artifacts/profile_export.jsonl,300,metrics.output_token_throughput_per_user.value,metrics.output_token_throughput_per_user.value,metricsoutputtokenthroughputperuservalue,131,0.43666666666666665,0,0.0,0.0,float,float,11.497071201647236,36.15330237415181,11.497071201647236,36.15330237415181,tokens/sec/user,tokens/sec/user,131,tokens/sec/user
5,8493778705,agentic_glm5.2_p1x1_d1x8_conc5_kvdram-hisparse_fp8_dynamo-sglang_prefill-tp1-pp1-dcp1-pcp8-ep1-dpfalse-nw1_decode-tp8-pp1-dcp1-pcp1-ep1-dptrue-nw1_disagg-true_spec-none_conc5_h200-dgxc-slurm_13,/Users/sskim/Documents/Codex/2026-08-06/h200-agentx-conversation-id-benchmark-analysis/data/raw/github/run_29820102138/conc5/raw_agentic/8493778705_agentic_glm5.2_p1x1_d1x8_conc5_kvdram-hisparse_fp8_dynamo-sglang_prefill-tp1-pp1-dcp1-pcp8-ep1-dpfalse-nw1_decode-tp8-pp1-dcp1-pcp1-ep1-dptrue-nw1_disagg-true_spec-none_conc5_h200-dgxc-slurm_13/conc_5/aiperf_artifacts/profile_export.jsonl,300,metrics.prefill_throughput_per_user.unit,metrics.prefill_throughput_per_user.unit,metricsprefillthroughputperuserunit,300,1.0,0,0.0,0.0,str,str,,,,,,,0,unknown
5,8493778705,agentic_glm5.2_p1x1_d1x8_conc5_kvdram-hisparse_fp8_dynamo-sglang_prefill-tp1-pp1-dcp1-pcp8-ep1-dpfalse-nw1_decode-tp8-pp1-dcp1-pcp1-ep1-dptrue-nw1_disagg-true_spec-none_conc5_h200-dgxc-slurm_13,/Users/sskim/Documents/Codex/2026-08-06/h200-agentx-conversation-id-benchmark-analysis/data/raw/github/run_29820102138/conc5/raw_agentic/8493778705_agentic_glm5.2_p1x1_d1x8_conc5_kvdram-hisparse_fp8_dynamo-sglang_prefill-tp1-pp1-dcp1-pcp8-ep1-dpfalse-nw1_decode-tp8-pp1-dcp1-pcp1-ep1-dptrue-nw1_disagg-true_spec-none_conc5_h200-dgxc-slurm_13/conc_5/aiperf_artifacts/profile_export.jsonl,300,metrics.prefill_throughput_per_user.value,metrics.prefill_throughput_per_user.value,metricsprefillthroughputperuservalue,300,1.0,0,0.0,0.0,float,float,0.0039583562137109,103551.40368404986,0.0039583562137109,103551.40368404986,tokens/sec/user,tokens/sec/user,300,tokens/sec/user
5,8493778705,agentic_glm5.2_p1x1_d1x8_conc5_kvdram-hisparse_fp8_dynamo-sglang_prefill-tp1-pp1-dcp1-pcp8-ep1-dpfalse-nw1_decode-tp8-pp1-dcp1-pcp1-ep1-dptrue-nw1_disagg-true_spec-none_conc5_h200-dgxc-slurm_13,/Users/sskim/Documents/Codex/2026-08-06/h200-agentx-conversation-id-benchmark-analysis/data/raw/github/run_29820102138/conc5/raw_agentic/8493778705_agentic_glm5.2_p1x1_d1x8_conc5_kvdram-hisparse_fp8_dynamo-sglang_prefill-tp1-pp1-dcp1-pcp8-ep1-dpfalse-nw1_decode-tp8-pp1-dcp1-pcp1-ep1-dptrue-nw1_disagg-true_spec-none_conc5_h200-dgxc-slurm_13/conc_5/aiperf_artifacts/profile_export.jsonl,300,metrics.request_latency.unit,metrics.request_latency.unit,metricsrequestlatencyunit,300,1.0,0,0.0,0.0,str,str,,,,,,,0,unknown
5,8493778705,agentic_glm5.2_p1x1_d1x8_conc5_kvdram-hisparse_fp8_dynamo-sglang_prefill-tp1-pp1-dcp1-pcp8-ep1-dpfalse-nw1_decode-tp8-pp1-dcp1-pcp1-ep1-dptrue-nw1_disagg-true_spec-none_conc5_h200-dgxc-slurm_13,/Users/sskim/Documents/Codex/2026-08-06/h200-agentx-conversation-id-benchmark-analysis/data/raw/github/run_29820102138/conc5/raw_agentic/8493778705_agentic_glm5.2_p1x1_d1x8_conc5_kvdram-hisparse_fp8_dynamo-sglang_prefill-tp1-pp1-dcp1-pcp8-ep1-dpfalse-nw1_decode-tp8-pp1-dcp1-pcp1-ep1-dptrue-nw1_disagg-true_spec-none_conc5_h200-dgxc-slurm_13/conc_5/aiperf_artifacts/profile_export.jsonl,300,metrics.request_latency.value,metrics.request_latency.value,metricsrequestlatencyvalue,300,1.0,0,0.0,0.0,float,float,1729.79504,374456.338636,1729.79504,374456.338636,ms,ms,300,ms
5,8493778705,agentic_glm5.2_p1x1_d1x8_conc5_kvdram-hisparse_fp8_dynamo-sglang_prefill-tp1-pp1-dcp1-pcp8-ep1-dpfalse-nw1_decode-tp8-pp1-dcp1-pcp1-ep1-dptrue-nw1_disagg-true_spec-none_conc5_h200-dgxc-slurm_13,/Users/sskim/Documents/Codex/2026-08-06/h200-agentx-conversation-id-benchmark-analysis/data/raw/github/run_29820102138/conc5/raw_agentic/8493778705_agentic_glm5.2_p1x1_d1x8_conc5_kvdram-hisparse_fp8_dynamo-sglang_prefill-tp1-pp1-dcp1-pcp8-ep1-dpfalse-nw1_decode-tp8-pp1-dcp1-pcp1-ep1-dptrue-nw1_disagg-true_spec-none_conc5_h200-dgxc-slurm_13/conc_5/aiperf_artifacts/profile_export.jsonl,300,metrics.time_to_first_output_token.unit,metrics.time_to_first_output_token.unit,metricstimetofirstoutputtokenunit,300,1.0,0,0.0,0.0,str,str,,,,,,,0,unknown
5,8493778705,agentic_glm5.2_p1x1_d1x8_conc5_kvdram-hisparse_fp8_dynamo-sglang_prefill-tp1-pp1-dcp1-pcp8-ep1-dpfalse-nw1_decode-tp8-pp1-dcp1-pcp1-ep1-dptrue-nw1_disagg-true_spec-none_conc5_h200-dgxc-slurm_13,/Users/sskim/Documents/Codex/2026-08-06/h200-agentx-conversation-id-benchmark-analysis/data/raw/github/run_29820102138/conc5/raw_agentic/8493778705_agentic_glm5.2_p1x1_d1x8_conc5_kvdram-hisparse_fp8_dynamo-sglang_prefill-tp1-pp1-dcp1-pcp8-ep1-dpfalse-nw1_decode-tp8-pp1-dcp1-pcp1-ep1-dptrue-nw1_disagg-true_spec-none_conc5_h200-dgxc-slurm_13/conc_5/aiperf_artifacts/profile_export.jsonl,300,metrics.time_to_first_output_token.value,metrics.time_to_first_output_token.value,metricstimetofirstoutputtokenvalue,300,1.0,0,0.0,0.0,float,float,711.093207,273035.531761,711.093207,273035.531761,ms,ms,300,ms
5,8493778705,agentic_glm5.2_p1x1_d1x8_conc5_kvdram-hisparse_fp8_dynamo-sglang_prefill-tp1-pp1-dcp1-pcp8-ep1-dpfalse-nw1_decode-tp8-pp1-dcp1-pcp1-ep1-dptrue-nw1_disagg-true_spec-none_conc5_h200-dgxc-slurm_13,/Users/sskim/Documents/Codex/2026-08-06/h200-agentx-conversation-id-benchmark-analysis/data/raw/github/run_29820102138/conc5/raw_agentic/8493778705_agentic_glm5.2_p1x1_d1x8_conc5_kvdram-hisparse_fp8_dynamo-sglang_prefill-tp1-pp1-dcp1-pcp8-ep1-dpfalse-nw1_decode-tp8-pp1-dcp1-pcp1-ep1-dptrue-nw1_disagg-true_spec-none_conc5_h200-dgxc-slurm_13/conc_5/aiperf_artifacts/profile_export.jsonl,300,metrics.time_to_first_token.unit,metrics.time_to_first_token.unit,metricstimetofirsttokenunit,300,1.0,0,0.0,0.0,str,str,,,,,,,0,unknown
5,8493778705,agentic_glm5.2_p1x1_d1x8_conc5_kvdram-hisparse_fp8_dynamo-sglang_prefill-tp1-pp1-dcp1-pcp8-ep1-dpfalse-nw1_decode-tp8-pp1-dcp1-pcp1-ep1-dptrue-nw1_disagg-true_spec-none_conc5_h200-dgxc-slurm_13,/Users/sskim/Documents/Codex/2026-08-06/h200-agentx-conversation-id-benchmark-analysis/data/raw/github/run_29820102138/conc5/raw_agentic/8493778705_agentic_glm5.2_p1x1_d1x8_conc5_kvdram-hisparse_fp8_dynamo-sglang_prefill-tp1-pp1-dcp1-pcp8-ep1-dpfalse-nw1_decode-tp8-pp1-dcp1-pcp1-ep1-dptrue-nw1_disagg-true_spec-none_conc5_h200-dgxc-slurm_13/conc_5/aiperf_artifacts/profile_export.jsonl,300,metrics.time_to_first_token.value,metrics.time_to_first_token.value,metricstimetofirsttokenvalue,300,1.0,0,0.0,0.0,float,float,711.093207,273035.531761,711.093207,273035.531761,ms,ms,300,ms
5,8493778705,agentic_glm5.2_p1x1_d1x8_conc5_kvdram-hisparse_fp8_dynamo-sglang_prefill-tp1-pp1-dcp1-pcp8-ep1-dpfalse-nw1_decode-tp8-pp1-dcp1-pcp1-ep1-dptrue-nw1_disagg-true_spec-none_conc5_h200-dgxc-slurm_13,/Users/sskim/Documents/Codex/2026-08-06/h200-agentx-conversation-id-benchmark-analysis/data/raw/github/run_29820102138/conc5/raw_agentic/8493778705_agentic_glm5.2_p1x1_d1x8_conc5_kvdram-hisparse_fp8_dynamo-sglang_prefill-tp1-pp1-dcp1-pcp8-ep1-dpfalse-nw1_decode-tp8-pp1-dcp1-pcp1-ep1-dptrue-nw1_disagg-true_spec-none_conc5_h200-dgxc-slurm_13/conc_5/aiperf_artifacts/profile_export.jsonl,300,metrics.time_to_second_token.unit,metrics.time_to_second_token.unit,metricstimetosecondtokenunit,131,0.43666666666666665,0,0.0,0.0,str,str,,,,,,,0,seconds
5,8493778705,agentic_glm5.2_p1x1_d1x8_conc5_kvdram-hisparse_fp8_dynamo-sglang_prefill-tp1-pp1-dcp1-pcp8-ep1-dpfalse-nw1_decode-tp8-pp1-dcp1-pcp1-ep1-dptrue-nw1_disagg-true_spec-none_conc5_h200-dgxc-slurm_13,/Users/sskim/Documents/Codex/2026-08-06/h200-agentx-conversation-id-benchmark-analysis/data/raw/github/run_29820102138/conc5/raw_agentic/8493778705_agentic_glm5.2_p1x1_d1x8_conc5_kvdram-hisparse_fp8_dynamo-sglang_prefill-tp1-pp1-dcp1-pcp8-ep1-dpfalse-nw1_decode-tp8-pp1-dcp1-pcp1-ep1-dptrue-nw1_disagg-true_spec-none_conc5_h200-dgxc-slurm_13/conc_5/aiperf_artifacts/profile_export.jsonl,300,metrics.time_to_second_token.value,metrics.time_to_second_token.value,metricstimetosecondtokenvalue,131,0.43666666666666665,0,0.0,0.0,float,float,872.814134,7545.387226,872.814134,7545.387226,ms,ms,131,ms
5,8493778705,agentic_glm5.2_p1x1_d1x8_conc5_kvdram-hisparse_fp8_dynamo-sglang_prefill-tp1-pp1-dcp1-pcp8-ep1-dpfalse-nw1_decode-tp8-pp1-dcp1-pcp1-ep1-dptrue-nw1_disagg-true_spec-none_conc5_h200-dgxc-slurm_13,/Users/sskim/Documents/Codex/2026-08-06/h200-agentx-conversation-id-benchmark-analysis/data/raw/github/run_29820102138/conc5/raw_agentic/8493778705_agentic_glm5.2_p1x1_d1x8_conc5_kvdram-hisparse_fp8_dynamo-sglang_prefill-tp1-pp1-dcp1-pcp8-ep1-dpfalse-nw1_decode-tp8-pp1-dcp1-pcp1-ep1-dptrue-nw1_disagg-true_spec-none_conc5_h200-dgxc-slurm_13/conc_5/aiperf_artifacts/profile_export.jsonl,300,metrics.usage_completion_tokens.unit,metrics.usage_completion_tokens.unit,metricsusagecompletiontokensunit,300,1.0,0,0.0,0.0,str,str,,,,,,,0,unknown
5,8493778705,agentic_glm5.2_p1x1_d1x8_conc5_kvdram-hisparse_fp8_dynamo-sglang_prefill-tp1-pp1-dcp1-pcp8-ep1-dpfalse-nw1_decode-tp8-pp1-dcp1-pcp1-ep1-dptrue-nw1_disagg-true_spec-none_conc5_h200-dgxc-slurm_13,/Users/sskim/Documents/Codex/2026-08-06/h200-agentx-conversation-id-benchmark-analysis/data/raw/github/run_29820102138/conc5/raw_agentic/8493778705_agentic_glm5.2_p1x1_d1x8_conc5_kvdram-hisparse_fp8_dynamo-sglang_prefill-tp1-pp1-dcp1-pcp8-ep1-dpfalse-nw1_decode-tp8-pp1-dcp1-pcp1-ep1-dptrue-nw1_disagg-true_spec-none_conc5_h200-dgxc-slurm_13/conc_5/aiperf_artifacts/profile_export.jsonl,300,metrics.usage_completion_tokens.value,metrics.usage_completion_tokens.value,metricsusagecompletiontokensvalue,300,1.0,0,0.0,0.0,int,int,1.0,9543.0,1.0,9543.0,tokens,tokens,300,tokens
5,8493778705,agentic_glm5.2_p1x1_d1x8_conc5_kvdram-hisparse_fp8_dynamo-sglang_prefill-tp1-pp1-dcp1-pcp8-ep1-dpfalse-nw1_decode-tp8-pp1-dcp1-pcp1-ep1-dptrue-nw1_disagg-true_spec-none_conc5_h200-dgxc-slurm_13,/Users/sskim/Documents/Codex/2026-08-06/h200-agentx-conversation-id-benchmark-analysis/data/raw/github/run_29820102138/conc5/raw_agentic/8493778705_agentic_glm5.2_p1x1_d1x8_conc5_kvdram-hisparse_fp8_dynamo-sglang_prefill-tp1-pp1-dcp1-pcp8-ep1-dpfalse-nw1_decode-tp8-pp1-dcp1-pcp1-ep1-dptrue-nw1_disagg-true_spec-none_conc5_h200-dgxc-slurm_13/conc_5/aiperf_artifacts/profile_export.jsonl,300,metrics.usage_prompt_cache_read_tokens.unit,metrics.usage_prompt_cache_read_tokens.unit,metricsusagepromptcachereadtokensunit,213,0.71,0,0.0,0.0,str,str,,,,,,,0,unknown
5,8493778705,agentic_glm5.2_p1x1_d1x8_conc5_kvdram-hisparse_fp8_dynamo-sglang_prefill-tp1-pp1-dcp1-pcp8-ep1-dpfalse-nw1_decode-tp8-pp1-dcp1-pcp1-ep1-dptrue-nw1_disagg-true_spec-none_conc5_h200-dgxc-slurm_13,/Users/sskim/Documents/Codex/2026-08-06/h200-agentx-conversation-id-benchmark-analysis/data/raw/github/run_29820102138/conc5/raw_agentic/8493778705_agentic_glm5.2_p1x1_d1x8_conc5_kvdram-hisparse_fp8_dynamo-sglang_prefill-tp1-pp1-dcp1-pcp8-ep1-dpfalse-nw1_decode-tp8-pp1-dcp1-pcp1-ep1-dptrue-nw1_disagg-true_spec-none_conc5_h200-dgxc-slurm_13/conc_5/aiperf_artifacts/profile_export.jsonl,300,metrics.usage_prompt_cache_read_tokens.value,metrics.usage_prompt_cache_read_tokens.value,metricsusagepromptcachereadtokensvalue,213,0.71,0,0.0,0.0,int,int,14144.0,572608.0,14144.0,572608.0,tokens,tokens,213,tokens
5,8493778705,agentic_glm5.2_p1x1_d1x8_conc5_kvdram-hisparse_fp8_dynamo-sglang_prefill-tp1-pp1-dcp1-pcp8-ep1-dpfalse-nw1_decode-tp8-pp1-dcp1-pcp1-ep1-dptrue-nw1_disagg-true_spec-none_conc5_h200-dgxc-slurm_13,/Users/sskim/Documents/Codex/2026-08-06/h200-agentx-conversation-id-benchmark-analysis/data/raw/github/run_29820102138/conc5/raw_agentic/8493778705_agentic_glm5.2_p1x1_d1x8_conc5_kvdram-hisparse_fp8_dynamo-sglang_prefill-tp1-pp1-dcp1-pcp8-ep1-dpfalse-nw1_decode-tp8-pp1-dcp1-pcp1-ep1-dptrue-nw1_disagg-true_spec-none_conc5_h200-dgxc-slurm_13/conc_5/aiperf_artifacts/profile_export.jsonl,300,metrics.usage_prompt_tokens.unit,metrics.usage_prompt_tokens.unit,metricsusageprompttokensunit,300,1.0,0,0.0,0.0,str,str,,,,,,,0,unknown
5,8493778705,agentic_glm5.2_p1x1_d1x8_conc5_kvdram-hisparse_fp8_dynamo-sglang_prefill-tp1-pp1-dcp1-pcp8-ep1-dpfalse-nw1_decode-tp8-pp1-dcp1-pcp1-ep1-dptrue-nw1_disagg-true_spec-none_conc5_h200-dgxc-slurm_13,/Users/sskim/Documents/Codex/2026-08-06/h200-agentx-conversation-id-benchmark-analysis/data/raw/github/run_29820102138/conc5/raw_agentic/8493778705_agentic_glm5.2_p1x1_d1x8_conc5_kvdram-hisparse_fp8_dynamo-sglang_prefill-tp1-pp1-dcp1-pcp8-ep1-dpfalse-nw1_decode-tp8-pp1-dcp1-pcp1-ep1-dptrue-nw1_disagg-true_spec-none_conc5_h200-dgxc-slurm_13/conc_5/aiperf_artifacts/profile_export.jsonl,300,metrics.usage_prompt_tokens.value,metrics.usage_prompt_tokens.value,metricsusageprompttokensvalue,300,1.0,0,0.0,0.0,int,int,1.0,148188.0,1.0,148188.0,tokens,tokens,300,tokens
5,8493778705,agentic_glm5.2_p1x1_d1x8_conc5_kvdram-hisparse_fp8_dynamo-sglang_prefill-tp1-pp1-dcp1-pcp8-ep1-dpfalse-nw1_decode-tp8-pp1-dcp1-pcp1-ep1-dptrue-nw1_disagg-true_spec-none_conc5_h200-dgxc-slurm_13,/Users/sskim/Documents/Codex/2026-08-06/h200-agentx-conversation-id-benchmark-analysis/data/raw/github/run_29820102138/conc5/raw_agentic/8493778705_agentic_glm5.2_p1x1_d1x8_conc5_kvdram-hisparse_fp8_dynamo-sglang_prefill-tp1-pp1-dcp1-pcp8-ep1-dpfalse-nw1_decode-tp8-pp1-dcp1-pcp1-ep1-dptrue-nw1_disagg-true_spec-none_conc5_h200-dgxc-slurm_13/conc_5/aiperf_artifacts/profile_export.jsonl,300,metrics.usage_total_tokens.unit,metrics.usage_total_tokens.unit,metricsusagetotaltokensunit,300,1.0,0,0.0,0.0,str,str,,,,,,,0,unknown
5,8493778705,agentic_glm5.2_p1x1_d1x8_conc5_kvdram-hisparse_fp8_dynamo-sglang_prefill-tp1-pp1-dcp1-pcp8-ep1-dpfalse-nw1_decode-tp8-pp1-dcp1-pcp1-ep1-dptrue-nw1_disagg-true_spec-none_conc5_h200-dgxc-slurm_13,/Users/sskim/Documents/Codex/2026-08-06/h200-agentx-conversation-id-benchmark-analysis/data/raw/github/run_29820102138/conc5/raw_agentic/8493778705_agentic_glm5.2_p1x1_d1x8_conc5_kvdram-hisparse_fp8_dynamo-sglang_prefill-tp1-pp1-dcp1-pcp8-ep1-dpfalse-nw1_decode-tp8-pp1-dcp1-pcp1-ep1-dptrue-nw1_disagg-true_spec-none_conc5_h200-dgxc-slurm_13/conc_5/aiperf_artifacts/profile_export.jsonl,300,metrics.usage_total_tokens.value,metrics.usage_total_tokens.value,metricsusagetotaltokensvalue,300,1.0,0,0.0,0.0,int,int,2.0,153952.0,2.0,153952.0,tokens,tokens,300,tokens
6,8496840792,agentic_glm5.2_p1x1_d1x8_conc6_kvdram-hisparse_fp8_dynamo-sglang_prefill-tp1-pp1-dcp1-pcp8-ep1-dpfalse-nw1_decode-tp8-pp1-dcp1-pcp1-ep1-dptrue-nw1_disagg-true_spec-none_conc6_h200-dgxc-slurm_0,/Users/sskim/Documents/Codex/2026-08-06/h200-agentx-conversation-id-benchmark-analysis/data/raw/github/run_29820102138/conc6/raw_agentic/8496840792_agentic_glm5.2_p1x1_d1x8_conc6_kvdram-hisparse_fp8_dynamo-sglang_prefill-tp1-pp1-dcp1-pcp8-ep1-dpfalse-nw1_decode-tp8-pp1-dcp1-pcp1-ep1-dptrue-nw1_disagg-true_spec-none_conc6_h200-dgxc-slurm_0/conc_6/aiperf_artifacts/profile_export.jsonl,241,metadata.agent_depth,metadata.agent_depth,metadataagentdepth,241,1.0,0,0.0,0.0,int,int,0.0,1.0,0.0,1.0,,,0,unknown
6,8496840792,agentic_glm5.2_p1x1_d1x8_conc6_kvdram-hisparse_fp8_dynamo-sglang_prefill-tp1-pp1-dcp1-pcp8-ep1-dpfalse-nw1_decode-tp8-pp1-dcp1-pcp1-ep1-dptrue-nw1_disagg-true_spec-none_conc6_h200-dgxc-slurm_0,/Users/sskim/Documents/Codex/2026-08-06/h200-agentx-conversation-id-benchmark-analysis/data/raw/github/run_29820102138/conc6/raw_agentic/8496840792_agentic_glm5.2_p1x1_d1x8_conc6_kvdram-hisparse_fp8_dynamo-sglang_prefill-tp1-pp1-dcp1-pcp8-ep1-dpfalse-nw1_decode-tp8-pp1-dcp1-pcp1-ep1-dptrue-nw1_disagg-true_spec-none_conc6_h200-dgxc-slurm_0/conc_6/aiperf_artifacts/profile_export.jsonl,241,metadata.benchmark_phase,metadata.benchmark_phase,metadatabenchmarkphase,241,1.0,0,0.0,0.0,str,str,,,,,,,0,unknown
6,8496840792,agentic_glm5.2_p1x1_d1x8_conc6_kvdram-hisparse_fp8_dynamo-sglang_prefill-tp1-pp1-dcp1-pcp8-ep1-dpfalse-nw1_decode-tp8-pp1-dcp1-pcp1-ep1-dptrue-nw1_disagg-true_spec-none_conc6_h200-dgxc-slurm_0,/Users/sskim/Documents/Codex/2026-08-06/h200-agentx-conversation-id-benchmark-analysis/data/raw/github/run_29820102138/conc6/raw_agentic/8496840792_agentic_glm5.2_p1x1_d1x8_conc6_kvdram-hisparse_fp8_dynamo-sglang_prefill-tp1-pp1-dcp1-pcp8-ep1-dpfalse-nw1_decode-tp8-pp1-dcp1-pcp1-ep1-dptrue-nw1_disagg-true_spec-none_conc6_h200-dgxc-slurm_0/conc_6/aiperf_artifacts/profile_export.jsonl,241,metadata.context_overflow_skip,metadata.context_overflow_skip,metadatacontextoverflowskip,241,1.0,0,0.0,0.0,bool,bool,,,,,,,0,unknown
6,8496840792,agentic_glm5.2_p1x1_d1x8_conc6_kvdram-hisparse_fp8_dynamo-sglang_prefill-tp1-pp1-dcp1-pcp8-ep1-dpfalse-nw1_decode-tp8-pp1-dcp1-pcp1-ep1-dptrue-nw1_disagg-true_spec-none_conc6_h200-dgxc-slurm_0,/Users/sskim/Documents/Codex/2026-08-06/h200-agentx-conversation-id-benchmark-analysis/data/raw/github/run_29820102138/conc6/raw_agentic/8496840792_agentic_glm5.2_p1x1_d1x8_conc6_kvdram-hisparse_fp8_dynamo-sglang_prefill-tp1-pp1-dcp1-pcp8-ep1-dpfalse-nw1_decode-tp8-pp1-dcp1-pcp1-ep1-dptrue-nw1_disagg-true_spec-none_conc6_h200-dgxc-slurm_0/conc_6/aiperf_artifacts/profile_export.jsonl,241,metadata.conversation_id,metadata.conversation_id,metadataconversationid,241,1.0,0,0.0,0.0,str,str,,,,,,,0,unknown
6,8496840792,agentic_glm5.2_p1x1_d1x8_conc6_kvdram-hisparse_fp8_dynamo-sglang_prefill-tp1-pp1-dcp1-pcp8-ep1-dpfalse-nw1_decode-tp8-pp1-dcp1-pcp1-ep1-dptrue-nw1_disagg-true_spec-none_conc6_h200-dgxc-slurm_0,/Users/sskim/Documents/Codex/2026-08-06/h200-agentx-conversation-id-benchmark-analysis/data/raw/github/run_29820102138/conc6/raw_agentic/8496840792_agentic_glm5.2_p1x1_d1x8_conc6_kvdram-hisparse_fp8_dynamo-sglang_prefill-tp1-pp1-dcp1-pcp8-ep1-dpfalse-nw1_decode-tp8-pp1-dcp1-pcp1-ep1-dptrue-nw1_disagg-true_spec-none_conc6_h200-dgxc-slurm_0/conc_6/aiperf_artifacts/profile_export.jsonl,241,metadata.credit_issued_ns,metadata.credit_issued_ns,metadatacreditissuedns,241,1.0,0,0.0,0.0,int,int,1.7846358083987505e+18,1.7846403280787569e+18,1.7846358083987505e+18,1.7846403280787569e+18,,,0,nanoseconds
6,8496840792,agentic_glm5.2_p1x1_d1x8_conc6_kvdram-hisparse_fp8_dynamo-sglang_prefill-tp1-pp1-dcp1-pcp8-ep1-dpfalse-nw1_decode-tp8-pp1-dcp1-pcp1-ep1-dptrue-nw1_disagg-true_spec-none_conc6_h200-dgxc-slurm_0,/Users/sskim/Documents/Codex/2026-08-06/h200-agentx-conversation-id-benchmark-analysis/data/raw/github/run_29820102138/conc6/raw_agentic/8496840792_agentic_glm5.2_p1x1_d1x8_conc6_kvdram-hisparse_fp8_dynamo-sglang_prefill-tp1-pp1-dcp1-pcp8-ep1-dpfalse-nw1_decode-tp8-pp1-dcp1-pcp1-ep1-dptrue-nw1_disagg-true_spec-none_conc6_h200-dgxc-slurm_0/conc_6/aiperf_artifacts/profile_export.jsonl,241,metadata.parent_correlation_id,metadata.parent_correlation_id,metadataparentcorrelationid,128,0.5311203319502075,0,0.0,0.0,str,str,,,,,,,0,unknown
6,8496840792,agentic_glm5.2_p1x1_d1x8_conc6_kvdram-hisparse_fp8_dynamo-sglang_prefill-tp1-pp1-dcp1-pcp8-ep1-dpfalse-nw1_decode-tp8-pp1-dcp1-pcp1-ep1-dptrue-nw1_disagg-true_spec-none_conc6_h200-dgxc-slurm_0,/Users/sskim/Documents/Codex/2026-08-06/h200-agentx-conversation-id-benchmark-analysis/data/raw/github/run_29820102138/conc6/raw_agentic/8496840792_agentic_glm5.2_p1x1_d1x8_conc6_kvdram-hisparse_fp8_dynamo-sglang_prefill-tp1-pp1-dcp1-pcp8-ep1-dpfalse-nw1_decode-tp8-pp1-dcp1-pcp1-ep1-dptrue-nw1_disagg-true_spec-none_conc6_h200-dgxc-slurm_0/conc_6/aiperf_artifacts/profile_export.jsonl,241,metadata.record_processor_id,metadata.record_processor_id,metadatarecordprocessorid,241,1.0,0,0.0,0.0,str,str,,,,,,,0,unknown
6,8496840792,agentic_glm5.2_p1x1_d1x8_conc6_kvdram-hisparse_fp8_dynamo-sglang_prefill-tp1-pp1-dcp1-pcp8-ep1-dpfalse-nw1_decode-tp8-pp1-dcp1-pcp1-ep1-dptrue-nw1_disagg-true_spec-none_conc6_h200-dgxc-slurm_0,/Users/sskim/Documents/Codex/2026-08-06/h200-agentx-conversation-id-benchmark-analysis/data/raw/github/run_29820102138/conc6/raw_agentic/8496840792_agentic_glm5.2_p1x1_d1x8_conc6_kvdram-hisparse_fp8_dynamo-sglang_prefill-tp1-pp1-dcp1-pcp8-ep1-dpfalse-nw1_decode-tp8-pp1-dcp1-pcp1-ep1-dptrue-nw1_disagg-true_spec-none_conc6_h200-dgxc-slurm_0/conc_6/aiperf_artifacts/profile_export.jsonl,241,metadata.request_ack_ns,metadata.request_ack_ns,metadatarequestackns,241,1.0,0,0.0,0.0,int,int,1.7846358084591974e+18,1.7846404493341348e+18,1.7846358084591974e+18,1.7846404493341348e+18,,,0,nanoseconds
6,8496840792,agentic_glm5.2_p1x1_d1x8_conc6_kvdram-hisparse_fp8_dynamo-sglang_prefill-tp1-pp1-dcp1-pcp8-ep1-dpfalse-nw1_decode-tp8-pp1-dcp1-pcp1-ep1-dptrue-nw1_disagg-true_spec-none_conc6_h200-dgxc-slurm_0,/Users/sskim/Documents/Codex/2026-08-06/h200-agentx-conversation-id-benchmark-analysis/data/raw/github/run_29820102138/conc6/raw_agentic/8496840792_agentic_glm5.2_p1x1_d1x8_conc6_kvdram-hisparse_fp8_dynamo-sglang_prefill-tp1-pp1-dcp1-pcp8-ep1-dpfalse-nw1_decode-tp8-pp1-dcp1-pcp1-ep1-dptrue-nw1_disagg-true_spec-none_conc6_h200-dgxc-slurm_0/conc_6/aiperf_artifacts/profile_export.jsonl,241,metadata.request_end_ns,metadata.request_end_ns,metadatarequestendns,241,1.0,0,0.0,0.0,int,int,1.784635852746437e+18,1.7846405131859205e+18,1.784635852746437e+18,1.7846405131859205e+18,,,0,nanoseconds
6,8496840792,agentic_glm5.2_p1x1_d1x8_conc6_kvdram-hisparse_fp8_dynamo-sglang_prefill-tp1-pp1-dcp1-pcp8-ep1-dpfalse-nw1_decode-tp8-pp1-dcp1-pcp1-ep1-dptrue-nw1_disagg-true_spec-none_conc6_h200-dgxc-slurm_0,/Users/sskim/Documents/Codex/2026-08-06/h200-agentx-conversation-id-benchmark-analysis/data/raw/github/run_29820102138/conc6/raw_agentic/8496840792_agentic_glm5.2_p1x1_d1x8_conc6_kvdram-hisparse_fp8_dynamo-sglang_prefill-tp1-pp1-dcp1-pcp8-ep1-dpfalse-nw1_decode-tp8-pp1-dcp1-pcp1-ep1-dptrue-nw1_disagg-true_spec-none_conc6_h200-dgxc-slurm_0/conc_6/aiperf_artifacts/profile_export.jsonl,241,metadata.request_start_ns,metadata.request_start_ns,metadatarequeststartns,241,1.0,0,0.0,0.0,int,int,1.7846358084083008e+18,1.7846403280804175e+18,1.7846358084083008e+18,1.7846403280804175e+18,,,0,nanoseconds
6,8496840792,agentic_glm5.2_p1x1_d1x8_conc6_kvdram-hisparse_fp8_dynamo-sglang_prefill-tp1-pp1-dcp1-pcp8-ep1-dpfalse-nw1_decode-tp8-pp1-dcp1-pcp1-ep1-dptrue-nw1_disagg-true_spec-none_conc6_h200-dgxc-slurm_0,/Users/sskim/Documents/Codex/2026-08-06/h200-agentx-conversation-id-benchmark-analysis/data/raw/github/run_29820102138/conc6/raw_agentic/8496840792_agentic_glm5.2_p1x1_d1x8_conc6_kvdram-hisparse_fp8_dynamo-sglang_prefill-tp1-pp1-dcp1-pcp8-ep1-dpfalse-nw1_decode-tp8-pp1-dcp1-pcp1-ep1-dptrue-nw1_disagg-true_spec-none_conc6_h200-dgxc-slurm_0/conc_6/aiperf_artifacts/profile_export.jsonl,241,metadata.root_correlation_id,metadata.root_correlation_id,metadatarootcorrelationid,241,1.0,0,0.0,0.0,str,str,,,,,,,0,unknown
6,8496840792,agentic_glm5.2_p1x1_d1x8_conc6_kvdram-hisparse_fp8_dynamo-sglang_prefill-tp1-pp1-dcp1-pcp8-ep1-dpfalse-nw1_decode-tp8-pp1-dcp1-pcp1-ep1-dptrue-nw1_disagg-true_spec-none_conc6_h200-dgxc-slurm_0,/Users/sskim/Documents/Codex/2026-08-06/h200-agentx-conversation-id-benchmark-analysis/data/raw/github/run_29820102138/conc6/raw_agentic/8496840792_agentic_glm5.2_p1x1_d1x8_conc6_kvdram-hisparse_fp8_dynamo-sglang_prefill-tp1-pp1-dcp1-pcp8-ep1-dpfalse-nw1_decode-tp8-pp1-dcp1-pcp1-ep1-dptrue-nw1_disagg-true_spec-none_conc6_h200-dgxc-slurm_0/conc_6/aiperf_artifacts/profile_export.jsonl,241,metadata.session_num,metadata.session_num,metadatasessionnum,241,1.0,0,0.0,0.0,int,int,0.0,196.0,0.0,196.0,,,0,unknown
6,8496840792,agentic_glm5.2_p1x1_d1x8_conc6_kvdram-hisparse_fp8_dynamo-sglang_prefill-tp1-pp1-dcp1-pcp8-ep1-dpfalse-nw1_decode-tp8-pp1-dcp1-pcp1-ep1-dptrue-nw1_disagg-true_spec-none_conc6_h200-dgxc-slurm_0,/Users/sskim/Documents/Codex/2026-08-06/h200-agentx-conversation-id-benchmark-analysis/data/raw/github/run_29820102138/conc6/raw_agentic/8496840792_agentic_glm5.2_p1x1_d1x8_conc6_kvdram-hisparse_fp8_dynamo-sglang_prefill-tp1-pp1-dcp1-pcp8-ep1-dpfalse-nw1_decode-tp8-pp1-dcp1-pcp1-ep1-dptrue-nw1_disagg-true_spec-none_conc6_h200-dgxc-slurm_0/conc_6/aiperf_artifacts/profile_export.jsonl,241,metadata.source_inner_idx,metadata.source_inner_idx,metadatasourceinneridx,100,0.4149377593360996,0,0.0,0.0,int,int,0.0,32.0,0.0,32.0,,,0,unknown
6,8496840792,agentic_glm5.2_p1x1_d1x8_conc6_kvdram-hisparse_fp8_dynamo-sglang_prefill-tp1-pp1-dcp1-pcp8-ep1-dpfalse-nw1_decode-tp8-pp1-dcp1-pcp1-ep1-dptrue-nw1_disagg-true_spec-none_conc6_h200-dgxc-slurm_0,/Users/sskim/Documents/Codex/2026-08-06/h200-agentx-conversation-id-benchmark-analysis/data/raw/github/run_29820102138/conc6/raw_agentic/8496840792_agentic_glm5.2_p1x1_d1x8_conc6_kvdram-hisparse_fp8_dynamo-sglang_prefill-tp1-pp1-dcp1-pcp8-ep1-dpfalse-nw1_decode-tp8-pp1-dcp1-pcp1-ep1-dptrue-nw1_disagg-true_spec-none_conc6_h200-dgxc-slurm_0/conc_6/aiperf_artifacts/profile_export.jsonl,241,metadata.source_kind,metadata.source_kind,metadatasourcekind,241,1.0,0,0.0,0.0,str,str,,,,,,,0,unknown
6,8496840792,agentic_glm5.2_p1x1_d1x8_conc6_kvdram-hisparse_fp8_dynamo-sglang_prefill-tp1-pp1-dcp1-pcp8-ep1-dpfalse-nw1_decode-tp8-pp1-dcp1-pcp1-ep1-dptrue-nw1_disagg-true_spec-none_conc6_h200-dgxc-slurm_0,/Users/sskim/Documents/Codex/2026-08-06/h200-agentx-conversation-id-benchmark-analysis/data/raw/github/run_29820102138/conc6/raw_agentic/8496840792_agentic_glm5.2_p1x1_d1x8_conc6_kvdram-hisparse_fp8_dynamo-sglang_prefill-tp1-pp1-dcp1-pcp8-ep1-dpfalse-nw1_decode-tp8-pp1-dcp1-pcp1-ep1-dptrue-nw1_disagg-true_spec-none_conc6_h200-dgxc-slurm_0/conc_6/aiperf_artifacts/profile_export.jsonl,241,metadata.source_outer_idx,metadata.source_outer_idx,metadatasourceouteridx,241,1.0,0,0.0,0.0,int,int,0.0,214.0,0.0,214.0,,,0,unknown
6,8496840792,agentic_glm5.2_p1x1_d1x8_conc6_kvdram-hisparse_fp8_dynamo-sglang_prefill-tp1-pp1-dcp1-pcp8-ep1-dpfalse-nw1_decode-tp8-pp1-dcp1-pcp1-ep1-dptrue-nw1_disagg-true_spec-none_conc6_h200-dgxc-slurm_0,/Users/sskim/Documents/Codex/2026-08-06/h200-agentx-conversation-id-benchmark-analysis/data/raw/github/run_29820102138/conc6/raw_agentic/8496840792_agentic_glm5.2_p1x1_d1x8_conc6_kvdram-hisparse_fp8_dynamo-sglang_prefill-tp1-pp1-dcp1-pcp8-ep1-dpfalse-nw1_decode-tp8-pp1-dcp1-pcp1-ep1-dptrue-nw1_disagg-true_spec-none_conc6_h200-dgxc-slurm_0/conc_6/aiperf_artifacts/profile_export.jsonl,241,metadata.source_trace_id,metadata.source_trace_id,metadatasourcetraceid,241,1.0,0,0.0,0.0,str,str,,,,,,,0,unknown
6,8496840792,agentic_glm5.2_p1x1_d1x8_conc6_kvdram-hisparse_fp8_dynamo-sglang_prefill-tp1-pp1-dcp1-pcp8-ep1-dpfalse-nw1_decode-tp8-pp1-dcp1-pcp1-ep1-dptrue-nw1_disagg-true_spec-none_conc6_h200-dgxc-slurm_0,/Users/sskim/Documents/Codex/2026-08-06/h200-agentx-conversation-id-benchmark-analysis/data/raw/github/run_29820102138/conc6/raw_agentic/8496840792_agentic_glm5.2_p1x1_d1x8_conc6_kvdram-hisparse_fp8_dynamo-sglang_prefill-tp1-pp1-dcp1-pcp8-ep1-dpfalse-nw1_decode-tp8-pp1-dcp1-pcp1-ep1-dptrue-nw1_disagg-true_spec-none_conc6_h200-dgxc-slurm_0/conc_6/aiperf_artifacts/profile_export.jsonl,241,metadata.turn_index,metadata.turn_index,metadataturnindex,241,1.0,0,0.0,0.0,int,int,0.0,121.0,0.0,121.0,,,0,unknown
6,8496840792,agentic_glm5.2_p1x1_d1x8_conc6_kvdram-hisparse_fp8_dynamo-sglang_prefill-tp1-pp1-dcp1-pcp8-ep1-dpfalse-nw1_decode-tp8-pp1-dcp1-pcp1-ep1-dptrue-nw1_disagg-true_spec-none_conc6_h200-dgxc-slurm_0,/Users/sskim/Documents/Codex/2026-08-06/h200-agentx-conversation-id-benchmark-analysis/data/raw/github/run_29820102138/conc6/raw_agentic/8496840792_agentic_glm5.2_p1x1_d1x8_conc6_kvdram-hisparse_fp8_dynamo-sglang_prefill-tp1-pp1-dcp1-pcp8-ep1-dpfalse-nw1_decode-tp8-pp1-dcp1-pcp1-ep1-dptrue-nw1_disagg-true_spec-none_conc6_h200-dgxc-slurm_0/conc_6/aiperf_artifacts/profile_export.jsonl,241,metadata.was_cancelled,metadata.was_cancelled,metadatawascancelled,241,1.0,0,0.0,0.0,bool,bool,,,,,,,0,unknown
6,8496840792,agentic_glm5.2_p1x1_d1x8_conc6_kvdram-hisparse_fp8_dynamo-sglang_prefill-tp1-pp1-dcp1-pcp8-ep1-dpfalse-nw1_decode-tp8-pp1-dcp1-pcp1-ep1-dptrue-nw1_disagg-true_spec-none_conc6_h200-dgxc-slurm_0,/Users/sskim/Documents/Codex/2026-08-06/h200-agentx-conversation-id-benchmark-analysis/data/raw/github/run_29820102138/conc6/raw_agentic/8496840792_agentic_glm5.2_p1x1_d1x8_conc6_kvdram-hisparse_fp8_dynamo-sglang_prefill-tp1-pp1-dcp1-pcp8-ep1-dpfalse-nw1_decode-tp8-pp1-dcp1-pcp1-ep1-dptrue-nw1_disagg-true_spec-none_conc6_h200-dgxc-slurm_0/conc_6/aiperf_artifacts/profile_export.jsonl,241,metadata.worker_id,metadata.worker_id,metadataworkerid,241,1.0,0,0.0,0.0,str,str,,,,,,,0,unknown
6,8496840792,agentic_glm5.2_p1x1_d1x8_conc6_kvdram-hisparse_fp8_dynamo-sglang_prefill-tp1-pp1-dcp1-pcp8-ep1-dpfalse-nw1_decode-tp8-pp1-dcp1-pcp1-ep1-dptrue-nw1_disagg-true_spec-none_conc6_h200-dgxc-slurm_0,/Users/sskim/Documents/Codex/2026-08-06/h200-agentx-conversation-id-benchmark-analysis/data/raw/github/run_29820102138/conc6/raw_agentic/8496840792_agentic_glm5.2_p1x1_d1x8_conc6_kvdram-hisparse_fp8_dynamo-sglang_prefill-tp1-pp1-dcp1-pcp8-ep1-dpfalse-nw1_decode-tp8-pp1-dcp1-pcp1-ep1-dptrue-nw1_disagg-true_spec-none_conc6_h200-dgxc-slurm_0/conc_6/aiperf_artifacts/profile_export.jsonl,241,metadata.x_correlation_id,metadata.x_correlation_id,metadataxcorrelationid,241,1.0,0,0.0,0.0,str,str,,,,,,,0,unknown
6,8496840792,agentic_glm5.2_p1x1_d1x8_conc6_kvdram-hisparse_fp8_dynamo-sglang_prefill-tp1-pp1-dcp1-pcp8-ep1-dpfalse-nw1_decode-tp8-pp1-dcp1-pcp1-ep1-dptrue-nw1_disagg-true_spec-none_conc6_h200-dgxc-slurm_0,/Users/sskim/Documents/Codex/2026-08-06/h200-agentx-conversation-id-benchmark-analysis/data/raw/github/run_29820102138/conc6/raw_agentic/8496840792_agentic_glm5.2_p1x1_d1x8_conc6_kvdram-hisparse_fp8_dynamo-sglang_prefill-tp1-pp1-dcp1-pcp8-ep1-dpfalse-nw1_decode-tp8-pp1-dcp1-pcp1-ep1-dptrue-nw1_disagg-true_spec-none_conc6_h200-dgxc-slurm_0/conc_6/aiperf_artifacts/profile_export.jsonl,241,metadata.x_request_id,metadata.x_request_id,metadataxrequestid,241,1.0,0,0.0,0.0,str,str,,,,,,,0,unknown
6,8496840792,agentic_glm5.2_p1x1_d1x8_conc6_kvdram-hisparse_fp8_dynamo-sglang_prefill-tp1-pp1-dcp1-pcp8-ep1-dpfalse-nw1_decode-tp8-pp1-dcp1-pcp1-ep1-dptrue-nw1_disagg-true_spec-none_conc6_h200-dgxc-slurm_0,/Users/sskim/Documents/Codex/2026-08-06/h200-agentx-conversation-id-benchmark-analysis/data/raw/github/run_29820102138/conc6/raw_agentic/8496840792_agentic_glm5.2_p1x1_d1x8_conc6_kvdram-hisparse_fp8_dynamo-sglang_prefill-tp1-pp1-dcp1-pcp8-ep1-dpfalse-nw1_decode-tp8-pp1-dcp1-pcp1-ep1-dptrue-nw1_disagg-true_spec-none_conc6_h200-dgxc-slurm_0/conc_6/aiperf_artifacts/profile_export.jsonl,241,metrics.e2e_output_token_throughput.unit,metrics.e2e_output_token_throughput.unit,metricse2eoutputtokenthroughputunit,241,1.0,0,0.0,0.0,str,str,,,,,,,0,unknown
6,8496840792,agentic_glm5.2_p1x1_d1x8_conc6_kvdram-hisparse_fp8_dynamo-sglang_prefill-tp1-pp1-dcp1-pcp8-ep1-dpfalse-nw1_decode-tp8-pp1-dcp1-pcp1-ep1-dptrue-nw1_disagg-true_spec-none_conc6_h200-dgxc-slurm_0,/Users/sskim/Documents/Codex/2026-08-06/h200-agentx-conversation-id-benchmark-analysis/data/raw/github/run_29820102138/conc6/raw_agentic/8496840792_agentic_glm5.2_p1x1_d1x8_conc6_kvdram-hisparse_fp8_dynamo-sglang_prefill-tp1-pp1-dcp1-pcp8-ep1-dpfalse-nw1_decode-tp8-pp1-dcp1-pcp1-ep1-dptrue-nw1_disagg-true_spec-none_conc6_h200-dgxc-slurm_0/conc_6/aiperf_artifacts/profile_export.jsonl,241,metrics.e2e_output_token_throughput.value,metrics.e2e_output_token_throughput.value,metricse2eoutputtokenthroughputvalue,241,1.0,0,0.0,0.0,float,float,0.0031697597254718712,28.1834312558847,0.0031697597254718712,28.1834312558847,tokens/sec/user,tokens/sec/user,241,tokens/sec/user
6,8496840792,agentic_glm5.2_p1x1_d1x8_conc6_kvdram-hisparse_fp8_dynamo-sglang_prefill-tp1-pp1-dcp1-pcp8-ep1-dpfalse-nw1_decode-tp8-pp1-dcp1-pcp1-ep1-dptrue-nw1_disagg-true_spec-none_conc6_h200-dgxc-slurm_0,/Users/sskim/Documents/Codex/2026-08-06/h200-agentx-conversation-id-benchmark-analysis/data/raw/github/run_29820102138/conc6/raw_agentic/8496840792_agentic_glm5.2_p1x1_d1x8_conc6_kvdram-hisparse_fp8_dynamo-sglang_prefill-tp1-pp1-dcp1-pcp8-ep1-dpfalse-nw1_decode-tp8-pp1-dcp1-pcp1-ep1-dptrue-nw1_disagg-true_spec-none_conc6_h200-dgxc-slurm_0/conc_6/aiperf_artifacts/profile_export.jsonl,241,metrics.http_req_blocked.unit,metrics.http_req_blocked.unit,metricshttpreqblockedunit,241,1.0,0,0.0,0.0,str,str,,,,,,,0,unknown
6,8496840792,agentic_glm5.2_p1x1_d1x8_conc6_kvdram-hisparse_fp8_dynamo-sglang_prefill-tp1-pp1-dcp1-pcp8-ep1-dpfalse-nw1_decode-tp8-pp1-dcp1-pcp1-ep1-dptrue-nw1_disagg-true_spec-none_conc6_h200-dgxc-slurm_0,/Users/sskim/Documents/Codex/2026-08-06/h200-agentx-conversation-id-benchmark-analysis/data/raw/github/run_29820102138/conc6/raw_agentic/8496840792_agentic_glm5.2_p1x1_d1x8_conc6_kvdram-hisparse_fp8_dynamo-sglang_prefill-tp1-pp1-dcp1-pcp8-ep1-dpfalse-nw1_decode-tp8-pp1-dcp1-pcp1-ep1-dptrue-nw1_disagg-true_spec-none_conc6_h200-dgxc-slurm_0/conc_6/aiperf_artifacts/profile_export.jsonl,241,metrics.http_req_blocked.value,metrics.http_req_blocked.value,metricshttpreqblockedvalue,241,1.0,0,0.0,0.0,float,float,0.0,0.0,0.0,0.0,ms,ms,241,ms
6,8496840792,agentic_glm5.2_p1x1_d1x8_conc6_kvdram-hisparse_fp8_dynamo-sglang_prefill-tp1-pp1-dcp1-pcp8-ep1-dpfalse-nw1_decode-tp8-pp1-dcp1-pcp1-ep1-dptrue-nw1_disagg-true_spec-none_conc6_h200-dgxc-slurm_0,/Users/sskim/Documents/Codex/2026-08-06/h200-agentx-conversation-id-benchmark-analysis/data/raw/github/run_29820102138/conc6/raw_agentic/8496840792_agentic_glm5.2_p1x1_d1x8_conc6_kvdram-hisparse_fp8_dynamo-sglang_prefill-tp1-pp1-dcp1-pcp8-ep1-dpfalse-nw1_decode-tp8-pp1-dcp1-pcp1-ep1-dptrue-nw1_disagg-true_spec-none_conc6_h200-dgxc-slurm_0/conc_6/aiperf_artifacts/profile_export.jsonl,241,metrics.http_req_chunks_received.unit,metrics.http_req_chunks_received.unit,metricshttpreqchunksreceivedunit,241,1.0,0,0.0,0.0,str,str,,,,,,,0,unknown
6,8496840792,agentic_glm5.2_p1x1_d1x8_conc6_kvdram-hisparse_fp8_dynamo-sglang_prefill-tp1-pp1-dcp1-pcp8-ep1-dpfalse-nw1_decode-tp8-pp1-dcp1-pcp1-ep1-dptrue-nw1_disagg-true_spec-none_conc6_h200-dgxc-slurm_0,/Users/sskim/Documents/Codex/2026-08-06/h200-agentx-conversation-id-benchmark-analysis/data/raw/github/run_29820102138/conc6/raw_agentic/8496840792_agentic_glm5.2_p1x1_d1x8_conc6_kvdram-hisparse_fp8_dynamo-sglang_prefill-tp1-pp1-dcp1-pcp8-ep1-dpfalse-nw1_decode-tp8-pp1-dcp1-pcp1-ep1-dptrue-nw1_disagg-true_spec-none_conc6_h200-dgxc-slurm_0/conc_6/aiperf_artifacts/profile_export.jsonl,241,metrics.http_req_chunks_received.value,metrics.http_req_chunks_received.value,metricshttpreqchunksreceivedvalue,241,1.0,0,0.0,0.0,int,int,1.0,155.0,1.0,155.0,count,count,241,count
6,8496840792,agentic_glm5.2_p1x1_d1x8_conc6_kvdram-hisparse_fp8_dynamo-sglang_prefill-tp1-pp1-dcp1-pcp8-ep1-dpfalse-nw1_decode-tp8-pp1-dcp1-pcp1-ep1-dptrue-nw1_disagg-true_spec-none_conc6_h200-dgxc-slurm_0,/Users/sskim/Documents/Codex/2026-08-06/h200-agentx-conversation-id-benchmark-analysis/data/raw/github/run_29820102138/conc6/raw_agentic/8496840792_agentic_glm5.2_p1x1_d1x8_conc6_kvdram-hisparse_fp8_dynamo-sglang_prefill-tp1-pp1-dcp1-pcp8-ep1-dpfalse-nw1_decode-tp8-pp1-dcp1-pcp1-ep1-dptrue-nw1_disagg-true_spec-none_conc6_h200-dgxc-slurm_0/conc_6/aiperf_artifacts/profile_export.jsonl,241,metrics.http_req_chunks_sent.unit,metrics.http_req_chunks_sent.unit,metricshttpreqchunkssentunit,241,1.0,0,0.0,0.0,str,str,,,,,,,0,unknown
6,8496840792,agentic_glm5.2_p1x1_d1x8_conc6_kvdram-hisparse_fp8_dynamo-sglang_prefill-tp1-pp1-dcp1-pcp8-ep1-dpfalse-nw1_decode-tp8-pp1-dcp1-pcp1-ep1-dptrue-nw1_disagg-true_spec-none_conc6_h200-dgxc-slurm_0,/Users/sskim/Documents/Codex/2026-08-06/h200-agentx-conversation-id-benchmark-analysis/data/raw/github/run_29820102138/conc6/raw_agentic/8496840792_agentic_glm5.2_p1x1_d1x8_conc6_kvdram-hisparse_fp8_dynamo-sglang_prefill-tp1-pp1-dcp1-pcp8-ep1-dpfalse-nw1_decode-tp8-pp1-dcp1-pcp1-ep1-dptrue-nw1_disagg-true_spec-none_conc6_h200-dgxc-slurm_0/conc_6/aiperf_artifacts/profile_export.jsonl,241,metrics.http_req_chunks_sent.value,metrics.http_req_chunks_sent.value,metricshttpreqchunkssentvalue,241,1.0,0,0.0,0.0,int,int,1.0,1.0,1.0,1.0,count,count,241,count
6,8496840792,agentic_glm5.2_p1x1_d1x8_conc6_kvdram-hisparse_fp8_dynamo-sglang_prefill-tp1-pp1-dcp1-pcp8-ep1-dpfalse-nw1_decode-tp8-pp1-dcp1-pcp1-ep1-dptrue-nw1_disagg-true_spec-none_conc6_h200-dgxc-slurm_0,/Users/sskim/Documents/Codex/2026-08-06/h200-agentx-conversation-id-benchmark-analysis/data/raw/github/run_29820102138/conc6/raw_agentic/8496840792_agentic_glm5.2_p1x1_d1x8_conc6_kvdram-hisparse_fp8_dynamo-sglang_prefill-tp1-pp1-dcp1-pcp8-ep1-dpfalse-nw1_decode-tp8-pp1-dcp1-pcp1-ep1-dptrue-nw1_disagg-true_spec-none_conc6_h200-dgxc-slurm_0/conc_6/aiperf_artifacts/profile_export.jsonl,241,metrics.http_req_connecting.unit,metrics.http_req_connecting.unit,metricshttpreqconnectingunit,241,1.0,0,0.0,0.0,str,str,,,,,,,0,unknown
6,8496840792,agentic_glm5.2_p1x1_d1x8_conc6_kvdram-hisparse_fp8_dynamo-sglang_prefill-tp1-pp1-dcp1-pcp8-ep1-dpfalse-nw1_decode-tp8-pp1-dcp1-pcp1-ep1-dptrue-nw1_disagg-true_spec-none_conc6_h200-dgxc-slurm_0,/Users/sskim/Documents/Codex/2026-08-06/h200-agentx-conversation-id-benchmark-analysis/data/raw/github/run_29820102138/conc6/raw_agentic/8496840792_agentic_glm5.2_p1x1_d1x8_conc6_kvdram-hisparse_fp8_dynamo-sglang_prefill-tp1-pp1-dcp1-pcp8-ep1-dpfalse-nw1_decode-tp8-pp1-dcp1-pcp1-ep1-dptrue-nw1_disagg-true_spec-none_conc6_h200-dgxc-slurm_0/conc_6/aiperf_artifacts/profile_export.jsonl,241,metrics.http_req_connecting.value,metrics.http_req_connecting.value,metricshttpreqconnectingvalue,241,1.0,0,0.0,0.0,float,float,0.0,10.627977999999999,0.0,10.627977999999999,ms,ms,241,ms
6,8496840792,agentic_glm5.2_p1x1_d1x8_conc6_kvdram-hisparse_fp8_dynamo-sglang_prefill-tp1-pp1-dcp1-pcp8-ep1-dpfalse-nw1_decode-tp8-pp1-dcp1-pcp1-ep1-dptrue-nw1_disagg-true_spec-none_conc6_h200-dgxc-slurm_0,/Users/sskim/Documents/Codex/2026-08-06/h200-agentx-conversation-id-benchmark-analysis/data/raw/github/run_29820102138/conc6/raw_agentic/8496840792_agentic_glm5.2_p1x1_d1x8_conc6_kvdram-hisparse_fp8_dynamo-sglang_prefill-tp1-pp1-dcp1-pcp8-ep1-dpfalse-nw1_decode-tp8-pp1-dcp1-pcp1-ep1-dptrue-nw1_disagg-true_spec-none_conc6_h200-dgxc-slurm_0/conc_6/aiperf_artifacts/profile_export.jsonl,241,metrics.http_req_connection_overhead.unit,metrics.http_req_connection_overhead.unit,metricshttpreqconnectionoverheadunit,241,1.0,0,0.0,0.0,str,str,,,,,,,0,unknown
6,8496840792,agentic_glm5.2_p1x1_d1x8_conc6_kvdram-hisparse_fp8_dynamo-sglang_prefill-tp1-pp1-dcp1-pcp8-ep1-dpfalse-nw1_decode-tp8-pp1-dcp1-pcp1-ep1-dptrue-nw1_disagg-true_spec-none_conc6_h200-dgxc-slurm_0,/Users/sskim/Documents/Codex/2026-08-06/h200-agentx-conversation-id-benchmark-analysis/data/raw/github/run_29820102138/conc6/raw_agentic/8496840792_agentic_glm5.2_p1x1_d1x8_conc6_kvdram-hisparse_fp8_dynamo-sglang_prefill-tp1-pp1-dcp1-pcp8-ep1-dpfalse-nw1_decode-tp8-pp1-dcp1-pcp1-ep1-dptrue-nw1_disagg-true_spec-none_conc6_h200-dgxc-slurm_0/conc_6/aiperf_artifacts/profile_export.jsonl,241,metrics.http_req_connection_overhead.value,metrics.http_req_connection_overhead.value,metricshttpreqconnectionoverheadvalue,241,1.0,0,0.0,0.0,float,float,0.0,19.512076999999998,0.0,19.512076999999998,ms,ms,241,ms
6,8496840792,agentic_glm5.2_p1x1_d1x8_conc6_kvdram-hisparse_fp8_dynamo-sglang_prefill-tp1-pp1-dcp1-pcp8-ep1-dpfalse-nw1_decode-tp8-pp1-dcp1-pcp1-ep1-dptrue-nw1_disagg-true_spec-none_conc6_h200-dgxc-slurm_0,/Users/sskim/Documents/Codex/2026-08-06/h200-agentx-conversation-id-benchmark-analysis/data/raw/github/run_29820102138/conc6/raw_agentic/8496840792_agentic_glm5.2_p1x1_d1x8_conc6_kvdram-hisparse_fp8_dynamo-sglang_prefill-tp1-pp1-dcp1-pcp8-ep1-dpfalse-nw1_decode-tp8-pp1-dcp1-pcp1-ep1-dptrue-nw1_disagg-true_spec-none_conc6_h200-dgxc-slurm_0/conc_6/aiperf_artifacts/profile_export.jsonl,241,metrics.http_req_connection_reused.unit,metrics.http_req_connection_reused.unit,metricshttpreqconnectionreusedunit,241,1.0,0,0.0,0.0,str,str,,,,,,,0,unknown
6,8496840792,agentic_glm5.2_p1x1_d1x8_conc6_kvdram-hisparse_fp8_dynamo-sglang_prefill-tp1-pp1-dcp1-pcp8-ep1-dpfalse-nw1_decode-tp8-pp1-dcp1-pcp1-ep1-dptrue-nw1_disagg-true_spec-none_conc6_h200-dgxc-slurm_0,/Users/sskim/Documents/Codex/2026-08-06/h200-agentx-conversation-id-benchmark-analysis/data/raw/github/run_29820102138/conc6/raw_agentic/8496840792_agentic_glm5.2_p1x1_d1x8_conc6_kvdram-hisparse_fp8_dynamo-sglang_prefill-tp1-pp1-dcp1-pcp8-ep1-dpfalse-nw1_decode-tp8-pp1-dcp1-pcp1-ep1-dptrue-nw1_disagg-true_spec-none_conc6_h200-dgxc-slurm_0/conc_6/aiperf_artifacts/profile_export.jsonl,241,metrics.http_req_connection_reused.value,metrics.http_req_connection_reused.value,metricshttpreqconnectionreusedvalue,241,1.0,0,0.0,0.0,int,int,0.0,1.0,0.0,1.0,ratio,ratio,241,ratio
6,8496840792,agentic_glm5.2_p1x1_d1x8_conc6_kvdram-hisparse_fp8_dynamo-sglang_prefill-tp1-pp1-dcp1-pcp8-ep1-dpfalse-nw1_decode-tp8-pp1-dcp1-pcp1-ep1-dptrue-nw1_disagg-true_spec-none_conc6_h200-dgxc-slurm_0,/Users/sskim/Documents/Codex/2026-08-06/h200-agentx-conversation-id-benchmark-analysis/data/raw/github/run_29820102138/conc6/raw_agentic/8496840792_agentic_glm5.2_p1x1_d1x8_conc6_kvdram-hisparse_fp8_dynamo-sglang_prefill-tp1-pp1-dcp1-pcp8-ep1-dpfalse-nw1_decode-tp8-pp1-dcp1-pcp1-ep1-dptrue-nw1_disagg-true_spec-none_conc6_h200-dgxc-slurm_0/conc_6/aiperf_artifacts/profile_export.jsonl,241,metrics.http_req_data_received.unit,metrics.http_req_data_received.unit,metricshttpreqdatareceivedunit,241,1.0,0,0.0,0.0,str,str,,,,,,,0,unknown
6,8496840792,agentic_glm5.2_p1x1_d1x8_conc6_kvdram-hisparse_fp8_dynamo-sglang_prefill-tp1-pp1-dcp1-pcp8-ep1-dpfalse-nw1_decode-tp8-pp1-dcp1-pcp1-ep1-dptrue-nw1_disagg-true_spec-none_conc6_h200-dgxc-slurm_0,/Users/sskim/Documents/Codex/2026-08-06/h200-agentx-conversation-id-benchmark-analysis/data/raw/github/run_29820102138/conc6/raw_agentic/8496840792_agentic_glm5.2_p1x1_d1x8_conc6_kvdram-hisparse_fp8_dynamo-sglang_prefill-tp1-pp1-dcp1-pcp8-ep1-dpfalse-nw1_decode-tp8-pp1-dcp1-pcp1-ep1-dptrue-nw1_disagg-true_spec-none_conc6_h200-dgxc-slurm_0/conc_6/aiperf_artifacts/profile_export.jsonl,241,metrics.http_req_data_received.value,metrics.http_req_data_received.value,metricshttpreqdatareceivedvalue,241,1.0,0,0.0,0.0,float,float,0.5830078125,83.9599609375,0.5830078125,83.9599609375,KB,KB,241,KB
6,8496840792,agentic_glm5.2_p1x1_d1x8_conc6_kvdram-hisparse_fp8_dynamo-sglang_prefill-tp1-pp1-dcp1-pcp8-ep1-dpfalse-nw1_decode-tp8-pp1-dcp1-pcp1-ep1-dptrue-nw1_disagg-true_spec-none_conc6_h200-dgxc-slurm_0,/Users/sskim/Documents/Codex/2026-08-06/h200-agentx-conversation-id-benchmark-analysis/data/raw/github/run_29820102138/conc6/raw_agentic/8496840792_agentic_glm5.2_p1x1_d1x8_conc6_kvdram-hisparse_fp8_dynamo-sglang_prefill-tp1-pp1-dcp1-pcp8-ep1-dpfalse-nw1_decode-tp8-pp1-dcp1-pcp1-ep1-dptrue-nw1_disagg-true_spec-none_conc6_h200-dgxc-slurm_0/conc_6/aiperf_artifacts/profile_export.jsonl,241,metrics.http_req_data_sent.unit,metrics.http_req_data_sent.unit,metricshttpreqdatasentunit,241,1.0,0,0.0,0.0,str,str,,,,,,,0,unknown
6,8496840792,agentic_glm5.2_p1x1_d1x8_conc6_kvdram-hisparse_fp8_dynamo-sglang_prefill-tp1-pp1-dcp1-pcp8-ep1-dpfalse-nw1_decode-tp8-pp1-dcp1-pcp1-ep1-dptrue-nw1_disagg-true_spec-none_conc6_h200-dgxc-slurm_0,/Users/sskim/Documents/Codex/2026-08-06/h200-agentx-conversation-id-benchmark-analysis/data/raw/github/run_29820102138/conc6/raw_agentic/8496840792_agentic_glm5.2_p1x1_d1x8_conc6_kvdram-hisparse_fp8_dynamo-sglang_prefill-tp1-pp1-dcp1-pcp8-ep1-dpfalse-nw1_decode-tp8-pp1-dcp1-pcp1-ep1-dptrue-nw1_disagg-true_spec-none_conc6_h200-dgxc-slurm_0/conc_6/aiperf_artifacts/profile_export.jsonl,241,metrics.http_req_data_sent.value,metrics.http_req_data_sent.value,metricshttpreqdatasentvalue,241,1.0,0,0.0,0.0,float,float,1.7265625,2068.3125,1.7265625,2068.3125,KB,KB,241,KB
6,8496840792,agentic_glm5.2_p1x1_d1x8_conc6_kvdram-hisparse_fp8_dynamo-sglang_prefill-tp1-pp1-dcp1-pcp8-ep1-dpfalse-nw1_decode-tp8-pp1-dcp1-pcp1-ep1-dptrue-nw1_disagg-true_spec-none_conc6_h200-dgxc-slurm_0,/Users/sskim/Documents/Codex/2026-08-06/h200-agentx-conversation-id-benchmark-analysis/data/raw/github/run_29820102138/conc6/raw_agentic/8496840792_agentic_glm5.2_p1x1_d1x8_conc6_kvdram-hisparse_fp8_dynamo-sglang_prefill-tp1-pp1-dcp1-pcp8-ep1-dpfalse-nw1_decode-tp8-pp1-dcp1-pcp1-ep1-dptrue-nw1_disagg-true_spec-none_conc6_h200-dgxc-slurm_0/conc_6/aiperf_artifacts/profile_export.jsonl,241,metrics.http_req_dns_lookup.unit,metrics.http_req_dns_lookup.unit,metricshttpreqdnslookupunit,241,1.0,0,0.0,0.0,str,str,,,,,,,0,unknown
6,8496840792,agentic_glm5.2_p1x1_d1x8_conc6_kvdram-hisparse_fp8_dynamo-sglang_prefill-tp1-pp1-dcp1-pcp8-ep1-dpfalse-nw1_decode-tp8-pp1-dcp1-pcp1-ep1-dptrue-nw1_disagg-true_spec-none_conc6_h200-dgxc-slurm_0,/Users/sskim/Documents/Codex/2026-08-06/h200-agentx-conversation-id-benchmark-analysis/data/raw/github/run_29820102138/conc6/raw_agentic/8496840792_agentic_glm5.2_p1x1_d1x8_conc6_kvdram-hisparse_fp8_dynamo-sglang_prefill-tp1-pp1-dcp1-pcp8-ep1-dpfalse-nw1_decode-tp8-pp1-dcp1-pcp1-ep1-dptrue-nw1_disagg-true_spec-none_conc6_h200-dgxc-slurm_0/conc_6/aiperf_artifacts/profile_export.jsonl,241,metrics.http_req_dns_lookup.value,metrics.http_req_dns_lookup.value,metricshttpreqdnslookupvalue,241,1.0,0,0.0,0.0,float,float,0.0,8.884098999999999,0.0,8.884098999999999,ms,ms,241,ms
6,8496840792,agentic_glm5.2_p1x1_d1x8_conc6_kvdram-hisparse_fp8_dynamo-sglang_prefill-tp1-pp1-dcp1-pcp8-ep1-dpfalse-nw1_decode-tp8-pp1-dcp1-pcp1-ep1-dptrue-nw1_disagg-true_spec-none_conc6_h200-dgxc-slurm_0,/Users/sskim/Documents/Codex/2026-08-06/h200-agentx-conversation-id-benchmark-analysis/data/raw/github/run_29820102138/conc6/raw_agentic/8496840792_agentic_glm5.2_p1x1_d1x8_conc6_kvdram-hisparse_fp8_dynamo-sglang_prefill-tp1-pp1-dcp1-pcp8-ep1-dpfalse-nw1_decode-tp8-pp1-dcp1-pcp1-ep1-dptrue-nw1_disagg-true_spec-none_conc6_h200-dgxc-slurm_0/conc_6/aiperf_artifacts/profile_export.jsonl,241,metrics.http_req_duration.unit,metrics.http_req_duration.unit,metricshttpreqdurationunit,241,1.0,0,0.0,0.0,str,str,,,,,,,0,unknown
6,8496840792,agentic_glm5.2_p1x1_d1x8_conc6_kvdram-hisparse_fp8_dynamo-sglang_prefill-tp1-pp1-dcp1-pcp8-ep1-dpfalse-nw1_decode-tp8-pp1-dcp1-pcp1-ep1-dptrue-nw1_disagg-true_spec-none_conc6_h200-dgxc-slurm_0,/Users/sskim/Documents/Codex/2026-08-06/h200-agentx-conversation-id-benchmark-analysis/data/raw/github/run_29820102138/conc6/raw_agentic/8496840792_agentic_glm5.2_p1x1_d1x8_conc6_kvdram-hisparse_fp8_dynamo-sglang_prefill-tp1-pp1-dcp1-pcp8-ep1-dpfalse-nw1_decode-tp8-pp1-dcp1-pcp1-ep1-dptrue-nw1_disagg-true_spec-none_conc6_h200-dgxc-slurm_0/conc_6/aiperf_artifacts/profile_export.jsonl,241,metrics.http_req_duration.value,metrics.http_req_duration.value,metricshttpreqdurationvalue,241,1.0,0,0.0,0.0,float,float,3682.0767619999997,426636.730627,3682.0767619999997,426636.730627,ms,ms,241,ms
6,8496840792,agentic_glm5.2_p1x1_d1x8_conc6_kvdram-hisparse_fp8_dynamo-sglang_prefill-tp1-pp1-dcp1-pcp8-ep1-dpfalse-nw1_decode-tp8-pp1-dcp1-pcp1-ep1-dptrue-nw1_disagg-true_spec-none_conc6_h200-dgxc-slurm_0,/Users/sskim/Documents/Codex/2026-08-06/h200-agentx-conversation-id-benchmark-analysis/data/raw/github/run_29820102138/conc6/raw_agentic/8496840792_agentic_glm5.2_p1x1_d1x8_conc6_kvdram-hisparse_fp8_dynamo-sglang_prefill-tp1-pp1-dcp1-pcp8-ep1-dpfalse-nw1_decode-tp8-pp1-dcp1-pcp1-ep1-dptrue-nw1_disagg-true_spec-none_conc6_h200-dgxc-slurm_0/conc_6/aiperf_artifacts/profile_export.jsonl,241,metrics.http_req_receiving.unit,metrics.http_req_receiving.unit,metricshttpreqreceivingunit,241,1.0,0,0.0,0.0,str,str,,,,,,,0,unknown
6,8496840792,agentic_glm5.2_p1x1_d1x8_conc6_kvdram-hisparse_fp8_dynamo-sglang_prefill-tp1-pp1-dcp1-pcp8-ep1-dpfalse-nw1_decode-tp8-pp1-dcp1-pcp1-ep1-dptrue-nw1_disagg-true_spec-none_conc6_h200-dgxc-slurm_0,/Users/sskim/Documents/Codex/2026-08-06/h200-agentx-conversation-id-benchmark-analysis/data/raw/github/run_29820102138/conc6/raw_agentic/8496840792_agentic_glm5.2_p1x1_d1x8_conc6_kvdram-hisparse_fp8_dynamo-sglang_prefill-tp1-pp1-dcp1-pcp8-ep1-dpfalse-nw1_decode-tp8-pp1-dcp1-pcp1-ep1-dptrue-nw1_disagg-true_spec-none_conc6_h200-dgxc-slurm_0/conc_6/aiperf_artifacts/profile_export.jsonl,241,metrics.http_req_receiving.value,metrics.http_req_receiving.value,metricshttpreqreceivingvalue,241,1.0,0,0.0,0.0,float,float,0.0,281755.675982,0.0,281755.675982,ms,ms,241,ms
6,8496840792,agentic_glm5.2_p1x1_d1x8_conc6_kvdram-hisparse_fp8_dynamo-sglang_prefill-tp1-pp1-dcp1-pcp8-ep1-dpfalse-nw1_decode-tp8-pp1-dcp1-pcp1-ep1-dptrue-nw1_disagg-true_spec-none_conc6_h200-dgxc-slurm_0,/Users/sskim/Documents/Codex/2026-08-06/h200-agentx-conversation-id-benchmark-analysis/data/raw/github/run_29820102138/conc6/raw_agentic/8496840792_agentic_glm5.2_p1x1_d1x8_conc6_kvdram-hisparse_fp8_dynamo-sglang_prefill-tp1-pp1-dcp1-pcp8-ep1-dpfalse-nw1_decode-tp8-pp1-dcp1-pcp1-ep1-dptrue-nw1_disagg-true_spec-none_conc6_h200-dgxc-slurm_0/conc_6/aiperf_artifacts/profile_export.jsonl,241,metrics.http_req_sending.unit,metrics.http_req_sending.unit,metricshttpreqsendingunit,241,1.0,0,0.0,0.0,str,str,,,,,,,0,unknown
6,8496840792,agentic_glm5.2_p1x1_d1x8_conc6_kvdram-hisparse_fp8_dynamo-sglang_prefill-tp1-pp1-dcp1-pcp8-ep1-dpfalse-nw1_decode-tp8-pp1-dcp1-pcp1-ep1-dptrue-nw1_disagg-true_spec-none_conc6_h200-dgxc-slurm_0,/Users/sskim/Documents/Codex/2026-08-06/h200-agentx-conversation-id-benchmark-analysis/data/raw/github/run_29820102138/conc6/raw_agentic/8496840792_agentic_glm5.2_p1x1_d1x8_conc6_kvdram-hisparse_fp8_dynamo-sglang_prefill-tp1-pp1-dcp1-pcp8-ep1-dpfalse-nw1_decode-tp8-pp1-dcp1-pcp1-ep1-dptrue-nw1_disagg-true_spec-none_conc6_h200-dgxc-slurm_0/conc_6/aiperf_artifacts/profile_export.jsonl,241,metrics.http_req_sending.value,metrics.http_req_sending.value,metricshttpreqsendingvalue,241,1.0,0,0.0,0.0,float,float,0.076038,10.902502,0.076038,10.902502,ms,ms,241,ms
6,8496840792,agentic_glm5.2_p1x1_d1x8_conc6_kvdram-hisparse_fp8_dynamo-sglang_prefill-tp1-pp1-dcp1-pcp8-ep1-dpfalse-nw1_decode-tp8-pp1-dcp1-pcp1-ep1-dptrue-nw1_disagg-true_spec-none_conc6_h200-dgxc-slurm_0,/Users/sskim/Documents/Codex/2026-08-06/h200-agentx-conversation-id-benchmark-analysis/data/raw/github/run_29820102138/conc6/raw_agentic/8496840792_agentic_glm5.2_p1x1_d1x8_conc6_kvdram-hisparse_fp8_dynamo-sglang_prefill-tp1-pp1-dcp1-pcp8-ep1-dpfalse-nw1_decode-tp8-pp1-dcp1-pcp1-ep1-dptrue-nw1_disagg-true_spec-none_conc6_h200-dgxc-slurm_0/conc_6/aiperf_artifacts/profile_export.jsonl,241,metrics.http_req_total.unit,metrics.http_req_total.unit,metricshttpreqtotalunit,241,1.0,0,0.0,0.0,str,str,,,,,,,0,unknown
6,8496840792,agentic_glm5.2_p1x1_d1x8_conc6_kvdram-hisparse_fp8_dynamo-sglang_prefill-tp1-pp1-dcp1-pcp8-ep1-dpfalse-nw1_decode-tp8-pp1-dcp1-pcp1-ep1-dptrue-nw1_disagg-true_spec-none_conc6_h200-dgxc-slurm_0,/Users/sskim/Documents/Codex/2026-08-06/h200-agentx-conversation-id-benchmark-analysis/data/raw/github/run_29820102138/conc6/raw_agentic/8496840792_agentic_glm5.2_p1x1_d1x8_conc6_kvdram-hisparse_fp8_dynamo-sglang_prefill-tp1-pp1-dcp1-pcp8-ep1-dpfalse-nw1_decode-tp8-pp1-dcp1-pcp1-ep1-dptrue-nw1_disagg-true_spec-none_conc6_h200-dgxc-slurm_0/conc_6/aiperf_artifacts/profile_export.jsonl,241,metrics.http_req_total.value,metrics.http_req_total.value,metricshttpreqtotalvalue,241,1.0,0,0.0,0.0,float,float,3686.9357299999997,426636.730627,3686.9357299999997,426636.730627,ms,ms,241,ms
6,8496840792,agentic_glm5.2_p1x1_d1x8_conc6_kvdram-hisparse_fp8_dynamo-sglang_prefill-tp1-pp1-dcp1-pcp8-ep1-dpfalse-nw1_decode-tp8-pp1-dcp1-pcp1-ep1-dptrue-nw1_disagg-true_spec-none_conc6_h200-dgxc-slurm_0,/Users/sskim/Documents/Codex/2026-08-06/h200-agentx-conversation-id-benchmark-analysis/data/raw/github/run_29820102138/conc6/raw_agentic/8496840792_agentic_glm5.2_p1x1_d1x8_conc6_kvdram-hisparse_fp8_dynamo-sglang_prefill-tp1-pp1-dcp1-pcp8-ep1-dpfalse-nw1_decode-tp8-pp1-dcp1-pcp1-ep1-dptrue-nw1_disagg-true_spec-none_conc6_h200-dgxc-slurm_0/conc_6/aiperf_artifacts/profile_export.jsonl,241,metrics.http_req_waiting.unit,metrics.http_req_waiting.unit,metricshttpreqwaitingunit,241,1.0,0,0.0,0.0,str,str,,,,,,,0,unknown
6,8496840792,agentic_glm5.2_p1x1_d1x8_conc6_kvdram-hisparse_fp8_dynamo-sglang_prefill-tp1-pp1-dcp1-pcp8-ep1-dpfalse-nw1_decode-tp8-pp1-dcp1-pcp1-ep1-dptrue-nw1_disagg-true_spec-none_conc6_h200-dgxc-slurm_0,/Users/sskim/Documents/Codex/2026-08-06/h200-agentx-conversation-id-benchmark-analysis/data/raw/github/run_29820102138/conc6/raw_agentic/8496840792_agentic_glm5.2_p1x1_d1x8_conc6_kvdram-hisparse_fp8_dynamo-sglang_prefill-tp1-pp1-dcp1-pcp8-ep1-dpfalse-nw1_decode-tp8-pp1-dcp1-pcp1-ep1-dptrue-nw1_disagg-true_spec-none_conc6_h200-dgxc-slurm_0/conc_6/aiperf_artifacts/profile_export.jsonl,241,metrics.http_req_waiting.value,metrics.http_req_waiting.value,metricshttpreqwaitingvalue,241,1.0,0,0.0,0.0,float,float,1227.408264,320694.364091,1227.408264,320694.364091,ms,ms,241,ms
6,8496840792,agentic_glm5.2_p1x1_d1x8_conc6_kvdram-hisparse_fp8_dynamo-sglang_prefill-tp1-pp1-dcp1-pcp8-ep1-dpfalse-nw1_decode-tp8-pp1-dcp1-pcp1-ep1-dptrue-nw1_disagg-true_spec-none_conc6_h200-dgxc-slurm_0,/Users/sskim/Documents/Codex/2026-08-06/h200-agentx-conversation-id-benchmark-analysis/data/raw/github/run_29820102138/conc6/raw_agentic/8496840792_agentic_glm5.2_p1x1_d1x8_conc6_kvdram-hisparse_fp8_dynamo-sglang_prefill-tp1-pp1-dcp1-pcp8-ep1-dpfalse-nw1_decode-tp8-pp1-dcp1-pcp1-ep1-dptrue-nw1_disagg-true_spec-none_conc6_h200-dgxc-slurm_0/conc_6/aiperf_artifacts/profile_export.jsonl,241,metrics.input_sequence_length.unit,metrics.input_sequence_length.unit,metricsinputsequencelengthunit,241,1.0,0,0.0,0.0,str,str,,,,,,,0,unknown
6,8496840792,agentic_glm5.2_p1x1_d1x8_conc6_kvdram-hisparse_fp8_dynamo-sglang_prefill-tp1-pp1-dcp1-pcp8-ep1-dpfalse-nw1_decode-tp8-pp1-dcp1-pcp1-ep1-dptrue-nw1_disagg-true_spec-none_conc6_h200-dgxc-slurm_0,/Users/sskim/Documents/Codex/2026-08-06/h200-agentx-conversation-id-benchmark-analysis/data/raw/github/run_29820102138/conc6/raw_agentic/8496840792_agentic_glm5.2_p1x1_d1x8_conc6_kvdram-hisparse_fp8_dynamo-sglang_prefill-tp1-pp1-dcp1-pcp8-ep1-dpfalse-nw1_decode-tp8-pp1-dcp1-pcp1-ep1-dptrue-nw1_disagg-true_spec-none_conc6_h200-dgxc-slurm_0/conc_6/aiperf_artifacts/profile_export.jsonl,241,metrics.input_sequence_length.value,metrics.input_sequence_length.value,metricsinputsequencelengthvalue,241,1.0,0,0.0,0.0,int,int,1.0,148189.0,1.0,148189.0,tokens,tokens,241,tokens
6,8496840792,agentic_glm5.2_p1x1_d1x8_conc6_kvdram-hisparse_fp8_dynamo-sglang_prefill-tp1-pp1-dcp1-pcp8-ep1-dpfalse-nw1_decode-tp8-pp1-dcp1-pcp1-ep1-dptrue-nw1_disagg-true_spec-none_conc6_h200-dgxc-slurm_0,/Users/sskim/Documents/Codex/2026-08-06/h200-agentx-conversation-id-benchmark-analysis/data/raw/github/run_29820102138/conc6/raw_agentic/8496840792_agentic_glm5.2_p1x1_d1x8_conc6_kvdram-hisparse_fp8_dynamo-sglang_prefill-tp1-pp1-dcp1-pcp8-ep1-dpfalse-nw1_decode-tp8-pp1-dcp1-pcp1-ep1-dptrue-nw1_disagg-true_spec-none_conc6_h200-dgxc-slurm_0/conc_6/aiperf_artifacts/profile_export.jsonl,241,metrics.inter_chunk_latency.unit,metrics.inter_chunk_latency.unit,metricsinterchunklatencyunit,128,0.5311203319502075,0,0.0,0.0,str,str,,,,,,,0,unknown
6,8496840792,agentic_glm5.2_p1x1_d1x8_conc6_kvdram-hisparse_fp8_dynamo-sglang_prefill-tp1-pp1-dcp1-pcp8-ep1-dpfalse-nw1_decode-tp8-pp1-dcp1-pcp1-ep1-dptrue-nw1_disagg-true_spec-none_conc6_h200-dgxc-slurm_0,/Users/sskim/Documents/Codex/2026-08-06/h200-agentx-conversation-id-benchmark-analysis/data/raw/github/run_29820102138/conc6/raw_agentic/8496840792_agentic_glm5.2_p1x1_d1x8_conc6_kvdram-hisparse_fp8_dynamo-sglang_prefill-tp1-pp1-dcp1-pcp8-ep1-dpfalse-nw1_decode-tp8-pp1-dcp1-pcp1-ep1-dptrue-nw1_disagg-true_spec-none_conc6_h200-dgxc-slurm_0/conc_6/aiperf_artifacts/profile_export.jsonl,241,metrics.inter_chunk_latency.value,metrics.inter_chunk_latency.value,metricsinterchunklatencyvalue,128,0.5311203319502075,0,0.0,0.0,str,str,,,,,ms,ms,128,ms
6,8496840792,agentic_glm5.2_p1x1_d1x8_conc6_kvdram-hisparse_fp8_dynamo-sglang_prefill-tp1-pp1-dcp1-pcp8-ep1-dpfalse-nw1_decode-tp8-pp1-dcp1-pcp1-ep1-dptrue-nw1_disagg-true_spec-none_conc6_h200-dgxc-slurm_0,/Users/sskim/Documents/Codex/2026-08-06/h200-agentx-conversation-id-benchmark-analysis/data/raw/github/run_29820102138/conc6/raw_agentic/8496840792_agentic_glm5.2_p1x1_d1x8_conc6_kvdram-hisparse_fp8_dynamo-sglang_prefill-tp1-pp1-dcp1-pcp8-ep1-dpfalse-nw1_decode-tp8-pp1-dcp1-pcp1-ep1-dptrue-nw1_disagg-true_spec-none_conc6_h200-dgxc-slurm_0/conc_6/aiperf_artifacts/profile_export.jsonl,241,metrics.inter_token_latency.unit,metrics.inter_token_latency.unit,metricsintertokenlatencyunit,128,0.5311203319502075,0,0.0,0.0,str,str,,,,,,,0,unknown
6,8496840792,agentic_glm5.2_p1x1_d1x8_conc6_kvdram-hisparse_fp8_dynamo-sglang_prefill-tp1-pp1-dcp1-pcp8-ep1-dpfalse-nw1_decode-tp8-pp1-dcp1-pcp1-ep1-dptrue-nw1_disagg-true_spec-none_conc6_h200-dgxc-slurm_0,/Users/sskim/Documents/Codex/2026-08-06/h200-agentx-conversation-id-benchmark-analysis/data/raw/github/run_29820102138/conc6/raw_agentic/8496840792_agentic_glm5.2_p1x1_d1x8_conc6_kvdram-hisparse_fp8_dynamo-sglang_prefill-tp1-pp1-dcp1-pcp8-ep1-dpfalse-nw1_decode-tp8-pp1-dcp1-pcp1-ep1-dptrue-nw1_disagg-true_spec-none_conc6_h200-dgxc-slurm_0/conc_6/aiperf_artifacts/profile_export.jsonl,241,metrics.inter_token_latency.value,metrics.inter_token_latency.value,metricsintertokenlatencyvalue,128,0.5311203319502075,0,0.0,0.0,float,float,27.82691058823529,108.02224438961039,27.82691058823529,108.02224438961039,ms,ms,128,ms
6,8496840792,agentic_glm5.2_p1x1_d1x8_conc6_kvdram-hisparse_fp8_dynamo-sglang_prefill-tp1-pp1-dcp1-pcp8-ep1-dpfalse-nw1_decode-tp8-pp1-dcp1-pcp1-ep1-dptrue-nw1_disagg-true_spec-none_conc6_h200-dgxc-slurm_0,/Users/sskim/Documents/Codex/2026-08-06/h200-agentx-conversation-id-benchmark-analysis/data/raw/github/run_29820102138/conc6/raw_agentic/8496840792_agentic_glm5.2_p1x1_d1x8_conc6_kvdram-hisparse_fp8_dynamo-sglang_prefill-tp1-pp1-dcp1-pcp8-ep1-dpfalse-nw1_decode-tp8-pp1-dcp1-pcp1-ep1-dptrue-nw1_disagg-true_spec-none_conc6_h200-dgxc-slurm_0/conc_6/aiperf_artifacts/profile_export.jsonl,241,metrics.osl_mismatch_diff_pct.unit,metrics.osl_mismatch_diff_pct.unit,metricsoslmismatchdiffpctunit,241,1.0,0,0.0,0.0,str,str,,,,,,,0,unknown
6,8496840792,agentic_glm5.2_p1x1_d1x8_conc6_kvdram-hisparse_fp8_dynamo-sglang_prefill-tp1-pp1-dcp1-pcp8-ep1-dpfalse-nw1_decode-tp8-pp1-dcp1-pcp1-ep1-dptrue-nw1_disagg-true_spec-none_conc6_h200-dgxc-slurm_0,/Users/sskim/Documents/Codex/2026-08-06/h200-agentx-conversation-id-benchmark-analysis/data/raw/github/run_29820102138/conc6/raw_agentic/8496840792_agentic_glm5.2_p1x1_d1x8_conc6_kvdram-hisparse_fp8_dynamo-sglang_prefill-tp1-pp1-dcp1-pcp8-ep1-dpfalse-nw1_decode-tp8-pp1-dcp1-pcp1-ep1-dptrue-nw1_disagg-true_spec-none_conc6_h200-dgxc-slurm_0/conc_6/aiperf_artifacts/profile_export.jsonl,241,metrics.osl_mismatch_diff_pct.value,metrics.osl_mismatch_diff_pct.value,metricsoslmismatchdiffpctvalue,241,1.0,0,0.0,0.0,float,float,-99.9937181983793,0.0,-99.9937181983793,0.0,%,%,241,%
6,8496840792,agentic_glm5.2_p1x1_d1x8_conc6_kvdram-hisparse_fp8_dynamo-sglang_prefill-tp1-pp1-dcp1-pcp8-ep1-dpfalse-nw1_decode-tp8-pp1-dcp1-pcp1-ep1-dptrue-nw1_disagg-true_spec-none_conc6_h200-dgxc-slurm_0,/Users/sskim/Documents/Codex/2026-08-06/h200-agentx-conversation-id-benchmark-analysis/data/raw/github/run_29820102138/conc6/raw_agentic/8496840792_agentic_glm5.2_p1x1_d1x8_conc6_kvdram-hisparse_fp8_dynamo-sglang_prefill-tp1-pp1-dcp1-pcp8-ep1-dpfalse-nw1_decode-tp8-pp1-dcp1-pcp1-ep1-dptrue-nw1_disagg-true_spec-none_conc6_h200-dgxc-slurm_0/conc_6/aiperf_artifacts/profile_export.jsonl,241,metrics.output_sequence_length.unit,metrics.output_sequence_length.unit,metricsoutputsequencelengthunit,241,1.0,0,0.0,0.0,str,str,,,,,,,0,unknown
6,8496840792,agentic_glm5.2_p1x1_d1x8_conc6_kvdram-hisparse_fp8_dynamo-sglang_prefill-tp1-pp1-dcp1-pcp8-ep1-dpfalse-nw1_decode-tp8-pp1-dcp1-pcp1-ep1-dptrue-nw1_disagg-true_spec-none_conc6_h200-dgxc-slurm_0,/Users/sskim/Documents/Codex/2026-08-06/h200-agentx-conversation-id-benchmark-analysis/data/raw/github/run_29820102138/conc6/raw_agentic/8496840792_agentic_glm5.2_p1x1_d1x8_conc6_kvdram-hisparse_fp8_dynamo-sglang_prefill-tp1-pp1-dcp1-pcp8-ep1-dpfalse-nw1_decode-tp8-pp1-dcp1-pcp1-ep1-dptrue-nw1_disagg-true_spec-none_conc6_h200-dgxc-slurm_0/conc_6/aiperf_artifacts/profile_export.jsonl,241,metrics.output_sequence_length.value,metrics.output_sequence_length.value,metricsoutputsequencelengthvalue,241,1.0,0,0.0,0.0,int,int,1.0,9186.0,1.0,9186.0,tokens,tokens,241,tokens
6,8496840792,agentic_glm5.2_p1x1_d1x8_conc6_kvdram-hisparse_fp8_dynamo-sglang_prefill-tp1-pp1-dcp1-pcp8-ep1-dpfalse-nw1_decode-tp8-pp1-dcp1-pcp1-ep1-dptrue-nw1_disagg-true_spec-none_conc6_h200-dgxc-slurm_0,/Users/sskim/Documents/Codex/2026-08-06/h200-agentx-conversation-id-benchmark-analysis/data/raw/github/run_29820102138/conc6/raw_agentic/8496840792_agentic_glm5.2_p1x1_d1x8_conc6_kvdram-hisparse_fp8_dynamo-sglang_prefill-tp1-pp1-dcp1-pcp8-ep1-dpfalse-nw1_decode-tp8-pp1-dcp1-pcp1-ep1-dptrue-nw1_disagg-true_spec-none_conc6_h200-dgxc-slurm_0/conc_6/aiperf_artifacts/profile_export.jsonl,241,metrics.output_token_count.unit,metrics.output_token_count.unit,metricsoutputtokencountunit,241,1.0,0,0.0,0.0,str,str,,,,,,,0,unknown
6,8496840792,agentic_glm5.2_p1x1_d1x8_conc6_kvdram-hisparse_fp8_dynamo-sglang_prefill-tp1-pp1-dcp1-pcp8-ep1-dpfalse-nw1_decode-tp8-pp1-dcp1-pcp1-ep1-dptrue-nw1_disagg-true_spec-none_conc6_h200-dgxc-slurm_0,/Users/sskim/Documents/Codex/2026-08-06/h200-agentx-conversation-id-benchmark-analysis/data/raw/github/run_29820102138/conc6/raw_agentic/8496840792_agentic_glm5.2_p1x1_d1x8_conc6_kvdram-hisparse_fp8_dynamo-sglang_prefill-tp1-pp1-dcp1-pcp8-ep1-dpfalse-nw1_decode-tp8-pp1-dcp1-pcp1-ep1-dptrue-nw1_disagg-true_spec-none_conc6_h200-dgxc-slurm_0/conc_6/aiperf_artifacts/profile_export.jsonl,241,metrics.output_token_count.value,metrics.output_token_count.value,metricsoutputtokencountvalue,241,1.0,0,0.0,0.0,int,int,1.0,9186.0,1.0,9186.0,tokens,tokens,241,tokens
6,8496840792,agentic_glm5.2_p1x1_d1x8_conc6_kvdram-hisparse_fp8_dynamo-sglang_prefill-tp1-pp1-dcp1-pcp8-ep1-dpfalse-nw1_decode-tp8-pp1-dcp1-pcp1-ep1-dptrue-nw1_disagg-true_spec-none_conc6_h200-dgxc-slurm_0,/Users/sskim/Documents/Codex/2026-08-06/h200-agentx-conversation-id-benchmark-analysis/data/raw/github/run_29820102138/conc6/raw_agentic/8496840792_agentic_glm5.2_p1x1_d1x8_conc6_kvdram-hisparse_fp8_dynamo-sglang_prefill-tp1-pp1-dcp1-pcp8-ep1-dpfalse-nw1_decode-tp8-pp1-dcp1-pcp1-ep1-dptrue-nw1_disagg-true_spec-none_conc6_h200-dgxc-slurm_0/conc_6/aiperf_artifacts/profile_export.jsonl,241,metrics.output_token_throughput_per_user.unit,metrics.output_token_throughput_per_user.unit,metricsoutputtokenthroughputperuserunit,128,0.5311203319502075,0,0.0,0.0,str,str,,,,,,,0,unknown
6,8496840792,agentic_glm5.2_p1x1_d1x8_conc6_kvdram-hisparse_fp8_dynamo-sglang_prefill-tp1-pp1-dcp1-pcp8-ep1-dpfalse-nw1_decode-tp8-pp1-dcp1-pcp1-ep1-dptrue-nw1_disagg-true_spec-none_conc6_h200-dgxc-slurm_0,/Users/sskim/Documents/Codex/2026-08-06/h200-agentx-conversation-id-benchmark-analysis/data/raw/github/run_29820102138/conc6/raw_agentic/8496840792_agentic_glm5.2_p1x1_d1x8_conc6_kvdram-hisparse_fp8_dynamo-sglang_prefill-tp1-pp1-dcp1-pcp8-ep1-dpfalse-nw1_decode-tp8-pp1-dcp1-pcp1-ep1-dptrue-nw1_disagg-true_spec-none_conc6_h200-dgxc-slurm_0/conc_6/aiperf_artifacts/profile_export.jsonl,241,metrics.output_token_throughput_per_user.value,metrics.output_token_throughput_per_user.value,metricsoutputtokenthroughputperuservalue,128,0.5311203319502075,0,0.0,0.0,float,float,9.25735255410209,35.93643630790913,9.25735255410209,35.93643630790913,tokens/sec/user,tokens/sec/user,128,tokens/sec/user
6,8496840792,agentic_glm5.2_p1x1_d1x8_conc6_kvdram-hisparse_fp8_dynamo-sglang_prefill-tp1-pp1-dcp1-pcp8-ep1-dpfalse-nw1_decode-tp8-pp1-dcp1-pcp1-ep1-dptrue-nw1_disagg-true_spec-none_conc6_h200-dgxc-slurm_0,/Users/sskim/Documents/Codex/2026-08-06/h200-agentx-conversation-id-benchmark-analysis/data/raw/github/run_29820102138/conc6/raw_agentic/8496840792_agentic_glm5.2_p1x1_d1x8_conc6_kvdram-hisparse_fp8_dynamo-sglang_prefill-tp1-pp1-dcp1-pcp8-ep1-dpfalse-nw1_decode-tp8-pp1-dcp1-pcp1-ep1-dptrue-nw1_disagg-true_spec-none_conc6_h200-dgxc-slurm_0/conc_6/aiperf_artifacts/profile_export.jsonl,241,metrics.prefill_throughput_per_user.unit,metrics.prefill_throughput_per_user.unit,metricsprefillthroughputperuserunit,241,1.0,0,0.0,0.0,str,str,,,,,,,0,unknown
6,8496840792,agentic_glm5.2_p1x1_d1x8_conc6_kvdram-hisparse_fp8_dynamo-sglang_prefill-tp1-pp1-dcp1-pcp8-ep1-dpfalse-nw1_decode-tp8-pp1-dcp1-pcp1-ep1-dptrue-nw1_disagg-true_spec-none_conc6_h200-dgxc-slurm_0,/Users/sskim/Documents/Codex/2026-08-06/h200-agentx-conversation-id-benchmark-analysis/data/raw/github/run_29820102138/conc6/raw_agentic/8496840792_agentic_glm5.2_p1x1_d1x8_conc6_kvdram-hisparse_fp8_dynamo-sglang_prefill-tp1-pp1-dcp1-pcp8-ep1-dpfalse-nw1_decode-tp8-pp1-dcp1-pcp1-ep1-dptrue-nw1_disagg-true_spec-none_conc6_h200-dgxc-slurm_0/conc_6/aiperf_artifacts/profile_export.jsonl,241,metrics.prefill_throughput_per_user.value,metrics.prefill_throughput_per_user.value,metricsprefillthroughputperuservalue,241,1.0,0,0.0,0.0,float,float,0.0031697597254718712,17334.05977550611,0.0031697597254718712,17334.05977550611,tokens/sec/user,tokens/sec/user,241,tokens/sec/user
6,8496840792,agentic_glm5.2_p1x1_d1x8_conc6_kvdram-hisparse_fp8_dynamo-sglang_prefill-tp1-pp1-dcp1-pcp8-ep1-dpfalse-nw1_decode-tp8-pp1-dcp1-pcp1-ep1-dptrue-nw1_disagg-true_spec-none_conc6_h200-dgxc-slurm_0,/Users/sskim/Documents/Codex/2026-08-06/h200-agentx-conversation-id-benchmark-analysis/data/raw/github/run_29820102138/conc6/raw_agentic/8496840792_agentic_glm5.2_p1x1_d1x8_conc6_kvdram-hisparse_fp8_dynamo-sglang_prefill-tp1-pp1-dcp1-pcp8-ep1-dpfalse-nw1_decode-tp8-pp1-dcp1-pcp1-ep1-dptrue-nw1_disagg-true_spec-none_conc6_h200-dgxc-slurm_0/conc_6/aiperf_artifacts/profile_export.jsonl,241,metrics.request_latency.unit,metrics.request_latency.unit,metricsrequestlatencyunit,241,1.0,0,0.0,0.0,str,str,,,,,,,0,unknown
6,8496840792,agentic_glm5.2_p1x1_d1x8_conc6_kvdram-hisparse_fp8_dynamo-sglang_prefill-tp1-pp1-dcp1-pcp8-ep1-dpfalse-nw1_decode-tp8-pp1-dcp1-pcp1-ep1-dptrue-nw1_disagg-true_spec-none_conc6_h200-dgxc-slurm_0,/Users/sskim/Documents/Codex/2026-08-06/h200-agentx-conversation-id-benchmark-analysis/data/raw/github/run_29820102138/conc6/raw_agentic/8496840792_agentic_glm5.2_p1x1_d1x8_conc6_kvdram-hisparse_fp8_dynamo-sglang_prefill-tp1-pp1-dcp1-pcp8-ep1-dpfalse-nw1_decode-tp8-pp1-dcp1-pcp1-ep1-dptrue-nw1_disagg-true_spec-none_conc6_h200-dgxc-slurm_0/conc_6/aiperf_artifacts/profile_export.jsonl,241,metrics.request_latency.value,metrics.request_latency.value,metricsrequestlatencyvalue,241,1.0,0,0.0,0.0,float,float,3682.182307,426636.82824199996,3682.182307,426636.82824199996,ms,ms,241,ms
6,8496840792,agentic_glm5.2_p1x1_d1x8_conc6_kvdram-hisparse_fp8_dynamo-sglang_prefill-tp1-pp1-dcp1-pcp8-ep1-dpfalse-nw1_decode-tp8-pp1-dcp1-pcp1-ep1-dptrue-nw1_disagg-true_spec-none_conc6_h200-dgxc-slurm_0,/Users/sskim/Documents/Codex/2026-08-06/h200-agentx-conversation-id-benchmark-analysis/data/raw/github/run_29820102138/conc6/raw_agentic/8496840792_agentic_glm5.2_p1x1_d1x8_conc6_kvdram-hisparse_fp8_dynamo-sglang_prefill-tp1-pp1-dcp1-pcp8-ep1-dpfalse-nw1_decode-tp8-pp1-dcp1-pcp1-ep1-dptrue-nw1_disagg-true_spec-none_conc6_h200-dgxc-slurm_0/conc_6/aiperf_artifacts/profile_export.jsonl,241,metrics.time_to_first_output_token.unit,metrics.time_to_first_output_token.unit,metricstimetofirstoutputtokenunit,241,1.0,0,0.0,0.0,str,str,,,,,,,0,unknown
6,8496840792,agentic_glm5.2_p1x1_d1x8_conc6_kvdram-hisparse_fp8_dynamo-sglang_prefill-tp1-pp1-dcp1-pcp8-ep1-dpfalse-nw1_decode-tp8-pp1-dcp1-pcp1-ep1-dptrue-nw1_disagg-true_spec-none_conc6_h200-dgxc-slurm_0,/Users/sskim/Documents/Codex/2026-08-06/h200-agentx-conversation-id-benchmark-analysis/data/raw/github/run_29820102138/conc6/raw_agentic/8496840792_agentic_glm5.2_p1x1_d1x8_conc6_kvdram-hisparse_fp8_dynamo-sglang_prefill-tp1-pp1-dcp1-pcp8-ep1-dpfalse-nw1_decode-tp8-pp1-dcp1-pcp1-ep1-dptrue-nw1_disagg-true_spec-none_conc6_h200-dgxc-slurm_0/conc_6/aiperf_artifacts/profile_export.jsonl,241,metrics.time_to_first_output_token.value,metrics.time_to_first_output_token.value,metricstimetofirstoutputtokenvalue,241,1.0,0,0.0,0.0,float,float,1227.698547,320694.625152,1227.698547,320694.625152,ms,ms,241,ms
6,8496840792,agentic_glm5.2_p1x1_d1x8_conc6_kvdram-hisparse_fp8_dynamo-sglang_prefill-tp1-pp1-dcp1-pcp8-ep1-dpfalse-nw1_decode-tp8-pp1-dcp1-pcp1-ep1-dptrue-nw1_disagg-true_spec-none_conc6_h200-dgxc-slurm_0,/Users/sskim/Documents/Codex/2026-08-06/h200-agentx-conversation-id-benchmark-analysis/data/raw/github/run_29820102138/conc6/raw_agentic/8496840792_agentic_glm5.2_p1x1_d1x8_conc6_kvdram-hisparse_fp8_dynamo-sglang_prefill-tp1-pp1-dcp1-pcp8-ep1-dpfalse-nw1_decode-tp8-pp1-dcp1-pcp1-ep1-dptrue-nw1_disagg-true_spec-none_conc6_h200-dgxc-slurm_0/conc_6/aiperf_artifacts/profile_export.jsonl,241,metrics.time_to_first_token.unit,metrics.time_to_first_token.unit,metricstimetofirsttokenunit,241,1.0,0,0.0,0.0,str,str,,,,,,,0,unknown
6,8496840792,agentic_glm5.2_p1x1_d1x8_conc6_kvdram-hisparse_fp8_dynamo-sglang_prefill-tp1-pp1-dcp1-pcp8-ep1-dpfalse-nw1_decode-tp8-pp1-dcp1-pcp1-ep1-dptrue-nw1_disagg-true_spec-none_conc6_h200-dgxc-slurm_0,/Users/sskim/Documents/Codex/2026-08-06/h200-agentx-conversation-id-benchmark-analysis/data/raw/github/run_29820102138/conc6/raw_agentic/8496840792_agentic_glm5.2_p1x1_d1x8_conc6_kvdram-hisparse_fp8_dynamo-sglang_prefill-tp1-pp1-dcp1-pcp8-ep1-dpfalse-nw1_decode-tp8-pp1-dcp1-pcp1-ep1-dptrue-nw1_disagg-true_spec-none_conc6_h200-dgxc-slurm_0/conc_6/aiperf_artifacts/profile_export.jsonl,241,metrics.time_to_first_token.value,metrics.time_to_first_token.value,metricstimetofirsttokenvalue,241,1.0,0,0.0,0.0,float,float,1227.698547,320694.625152,1227.698547,320694.625152,ms,ms,241,ms
6,8496840792,agentic_glm5.2_p1x1_d1x8_conc6_kvdram-hisparse_fp8_dynamo-sglang_prefill-tp1-pp1-dcp1-pcp8-ep1-dpfalse-nw1_decode-tp8-pp1-dcp1-pcp1-ep1-dptrue-nw1_disagg-true_spec-none_conc6_h200-dgxc-slurm_0,/Users/sskim/Documents/Codex/2026-08-06/h200-agentx-conversation-id-benchmark-analysis/data/raw/github/run_29820102138/conc6/raw_agentic/8496840792_agentic_glm5.2_p1x1_d1x8_conc6_kvdram-hisparse_fp8_dynamo-sglang_prefill-tp1-pp1-dcp1-pcp8-ep1-dpfalse-nw1_decode-tp8-pp1-dcp1-pcp1-ep1-dptrue-nw1_disagg-true_spec-none_conc6_h200-dgxc-slurm_0/conc_6/aiperf_artifacts/profile_export.jsonl,241,metrics.time_to_second_token.unit,metrics.time_to_second_token.unit,metricstimetosecondtokenunit,128,0.5311203319502075,0,0.0,0.0,str,str,,,,,,,0,seconds
6,8496840792,agentic_glm5.2_p1x1_d1x8_conc6_kvdram-hisparse_fp8_dynamo-sglang_prefill-tp1-pp1-dcp1-pcp8-ep1-dpfalse-nw1_decode-tp8-pp1-dcp1-pcp1-ep1-dptrue-nw1_disagg-true_spec-none_conc6_h200-dgxc-slurm_0,/Users/sskim/Documents/Codex/2026-08-06/h200-agentx-conversation-id-benchmark-analysis/data/raw/github/run_29820102138/conc6/raw_agentic/8496840792_agentic_glm5.2_p1x1_d1x8_conc6_kvdram-hisparse_fp8_dynamo-sglang_prefill-tp1-pp1-dcp1-pcp8-ep1-dpfalse-nw1_decode-tp8-pp1-dcp1-pcp1-ep1-dptrue-nw1_disagg-true_spec-none_conc6_h200-dgxc-slurm_0/conc_6/aiperf_artifacts/profile_export.jsonl,241,metrics.time_to_second_token.value,metrics.time_to_second_token.value,metricstimetosecondtokenvalue,128,0.5311203319502075,0,0.0,0.0,float,float,80.971024,7766.390168999999,80.971024,7766.390168999999,ms,ms,128,ms
6,8496840792,agentic_glm5.2_p1x1_d1x8_conc6_kvdram-hisparse_fp8_dynamo-sglang_prefill-tp1-pp1-dcp1-pcp8-ep1-dpfalse-nw1_decode-tp8-pp1-dcp1-pcp1-ep1-dptrue-nw1_disagg-true_spec-none_conc6_h200-dgxc-slurm_0,/Users/sskim/Documents/Codex/2026-08-06/h200-agentx-conversation-id-benchmark-analysis/data/raw/github/run_29820102138/conc6/raw_agentic/8496840792_agentic_glm5.2_p1x1_d1x8_conc6_kvdram-hisparse_fp8_dynamo-sglang_prefill-tp1-pp1-dcp1-pcp8-ep1-dpfalse-nw1_decode-tp8-pp1-dcp1-pcp1-ep1-dptrue-nw1_disagg-true_spec-none_conc6_h200-dgxc-slurm_0/conc_6/aiperf_artifacts/profile_export.jsonl,241,metrics.usage_completion_tokens.unit,metrics.usage_completion_tokens.unit,metricsusagecompletiontokensunit,241,1.0,0,0.0,0.0,str,str,,,,,,,0,unknown
6,8496840792,agentic_glm5.2_p1x1_d1x8_conc6_kvdram-hisparse_fp8_dynamo-sglang_prefill-tp1-pp1-dcp1-pcp8-ep1-dpfalse-nw1_decode-tp8-pp1-dcp1-pcp1-ep1-dptrue-nw1_disagg-true_spec-none_conc6_h200-dgxc-slurm_0,/Users/sskim/Documents/Codex/2026-08-06/h200-agentx-conversation-id-benchmark-analysis/data/raw/github/run_29820102138/conc6/raw_agentic/8496840792_agentic_glm5.2_p1x1_d1x8_conc6_kvdram-hisparse_fp8_dynamo-sglang_prefill-tp1-pp1-dcp1-pcp8-ep1-dpfalse-nw1_decode-tp8-pp1-dcp1-pcp1-ep1-dptrue-nw1_disagg-true_spec-none_conc6_h200-dgxc-slurm_0/conc_6/aiperf_artifacts/profile_export.jsonl,241,metrics.usage_completion_tokens.value,metrics.usage_completion_tokens.value,metricsusagecompletiontokensvalue,241,1.0,0,0.0,0.0,int,int,1.0,9186.0,1.0,9186.0,tokens,tokens,241,tokens
6,8496840792,agentic_glm5.2_p1x1_d1x8_conc6_kvdram-hisparse_fp8_dynamo-sglang_prefill-tp1-pp1-dcp1-pcp8-ep1-dpfalse-nw1_decode-tp8-pp1-dcp1-pcp1-ep1-dptrue-nw1_disagg-true_spec-none_conc6_h200-dgxc-slurm_0,/Users/sskim/Documents/Codex/2026-08-06/h200-agentx-conversation-id-benchmark-analysis/data/raw/github/run_29820102138/conc6/raw_agentic/8496840792_agentic_glm5.2_p1x1_d1x8_conc6_kvdram-hisparse_fp8_dynamo-sglang_prefill-tp1-pp1-dcp1-pcp8-ep1-dpfalse-nw1_decode-tp8-pp1-dcp1-pcp1-ep1-dptrue-nw1_disagg-true_spec-none_conc6_h200-dgxc-slurm_0/conc_6/aiperf_artifacts/profile_export.jsonl,241,metrics.usage_prompt_cache_read_tokens.unit,metrics.usage_prompt_cache_read_tokens.unit,metricsusagepromptcachereadtokensunit,101,0.4190871369294606,0,0.0,0.0,str,str,,,,,,,0,unknown
6,8496840792,agentic_glm5.2_p1x1_d1x8_conc6_kvdram-hisparse_fp8_dynamo-sglang_prefill-tp1-pp1-dcp1-pcp8-ep1-dpfalse-nw1_decode-tp8-pp1-dcp1-pcp1-ep1-dptrue-nw1_disagg-true_spec-none_conc6_h200-dgxc-slurm_0,/Users/sskim/Documents/Codex/2026-08-06/h200-agentx-conversation-id-benchmark-analysis/data/raw/github/run_29820102138/conc6/raw_agentic/8496840792_agentic_glm5.2_p1x1_d1x8_conc6_kvdram-hisparse_fp8_dynamo-sglang_prefill-tp1-pp1-dcp1-pcp8-ep1-dpfalse-nw1_decode-tp8-pp1-dcp1-pcp1-ep1-dptrue-nw1_disagg-true_spec-none_conc6_h200-dgxc-slurm_0/conc_6/aiperf_artifacts/profile_export.jsonl,241,metrics.usage_prompt_cache_read_tokens.value,metrics.usage_prompt_cache_read_tokens.value,metricsusagepromptcachereadtokensvalue,101,0.4190871369294606,0,0.0,0.0,int,int,14144.0,425984.0,14144.0,425984.0,tokens,tokens,101,tokens
6,8496840792,agentic_glm5.2_p1x1_d1x8_conc6_kvdram-hisparse_fp8_dynamo-sglang_prefill-tp1-pp1-dcp1-pcp8-ep1-dpfalse-nw1_decode-tp8-pp1-dcp1-pcp1-ep1-dptrue-nw1_disagg-true_spec-none_conc6_h200-dgxc-slurm_0,/Users/sskim/Documents/Codex/2026-08-06/h200-agentx-conversation-id-benchmark-analysis/data/raw/github/run_29820102138/conc6/raw_agentic/8496840792_agentic_glm5.2_p1x1_d1x8_conc6_kvdram-hisparse_fp8_dynamo-sglang_prefill-tp1-pp1-dcp1-pcp8-ep1-dpfalse-nw1_decode-tp8-pp1-dcp1-pcp1-ep1-dptrue-nw1_disagg-true_spec-none_conc6_h200-dgxc-slurm_0/conc_6/aiperf_artifacts/profile_export.jsonl,241,metrics.usage_prompt_tokens.unit,metrics.usage_prompt_tokens.unit,metricsusageprompttokensunit,241,1.0,0,0.0,0.0,str,str,,,,,,,0,unknown
6,8496840792,agentic_glm5.2_p1x1_d1x8_conc6_kvdram-hisparse_fp8_dynamo-sglang_prefill-tp1-pp1-dcp1-pcp8-ep1-dpfalse-nw1_decode-tp8-pp1-dcp1-pcp1-ep1-dptrue-nw1_disagg-true_spec-none_conc6_h200-dgxc-slurm_0,/Users/sskim/Documents/Codex/2026-08-06/h200-agentx-conversation-id-benchmark-analysis/data/raw/github/run_29820102138/conc6/raw_agentic/8496840792_agentic_glm5.2_p1x1_d1x8_conc6_kvdram-hisparse_fp8_dynamo-sglang_prefill-tp1-pp1-dcp1-pcp8-ep1-dpfalse-nw1_decode-tp8-pp1-dcp1-pcp1-ep1-dptrue-nw1_disagg-true_spec-none_conc6_h200-dgxc-slurm_0/conc_6/aiperf_artifacts/profile_export.jsonl,241,metrics.usage_prompt_tokens.value,metrics.usage_prompt_tokens.value,metricsusageprompttokensvalue,241,1.0,0,0.0,0.0,int,int,1.0,148189.0,1.0,148189.0,tokens,tokens,241,tokens
6,8496840792,agentic_glm5.2_p1x1_d1x8_conc6_kvdram-hisparse_fp8_dynamo-sglang_prefill-tp1-pp1-dcp1-pcp8-ep1-dpfalse-nw1_decode-tp8-pp1-dcp1-pcp1-ep1-dptrue-nw1_disagg-true_spec-none_conc6_h200-dgxc-slurm_0,/Users/sskim/Documents/Codex/2026-08-06/h200-agentx-conversation-id-benchmark-analysis/data/raw/github/run_29820102138/conc6/raw_agentic/8496840792_agentic_glm5.2_p1x1_d1x8_conc6_kvdram-hisparse_fp8_dynamo-sglang_prefill-tp1-pp1-dcp1-pcp8-ep1-dpfalse-nw1_decode-tp8-pp1-dcp1-pcp1-ep1-dptrue-nw1_disagg-true_spec-none_conc6_h200-dgxc-slurm_0/conc_6/aiperf_artifacts/profile_export.jsonl,241,metrics.usage_total_tokens.unit,metrics.usage_total_tokens.unit,metricsusagetotaltokensunit,241,1.0,0,0.0,0.0,str,str,,,,,,,0,unknown
6,8496840792,agentic_glm5.2_p1x1_d1x8_conc6_kvdram-hisparse_fp8_dynamo-sglang_prefill-tp1-pp1-dcp1-pcp8-ep1-dpfalse-nw1_decode-tp8-pp1-dcp1-pcp1-ep1-dptrue-nw1_disagg-true_spec-none_conc6_h200-dgxc-slurm_0,/Users/sskim/Documents/Codex/2026-08-06/h200-agentx-conversation-id-benchmark-analysis/data/raw/github/run_29820102138/conc6/raw_agentic/8496840792_agentic_glm5.2_p1x1_d1x8_conc6_kvdram-hisparse_fp8_dynamo-sglang_prefill-tp1-pp1-dcp1-pcp8-ep1-dpfalse-nw1_decode-tp8-pp1-dcp1-pcp1-ep1-dptrue-nw1_disagg-true_spec-none_conc6_h200-dgxc-slurm_0/conc_6/aiperf_artifacts/profile_export.jsonl,241,metrics.usage_total_tokens.value,metrics.usage_total_tokens.value,metricsusagetotaltokensvalue,241,1.0,0,0.0,0.0,int,int,2.0,153953.0,2.0,153953.0,tokens,tokens,241,tokens
7,8494487713,agentic_glm5.2_p1x1_d1x8_conc7_kvdram-hisparse_fp8_dynamo-sglang_prefill-tp1-pp1-dcp1-pcp8-ep1-dpfalse-nw1_decode-tp8-pp1-dcp1-pcp1-ep1-dptrue-nw1_disagg-true_spec-none_conc7_h200-dgxc-slurm_9,/Users/sskim/Documents/Codex/2026-08-06/h200-agentx-conversation-id-benchmark-analysis/data/raw/github/run_29820102138/conc7/raw_agentic/8494487713_agentic_glm5.2_p1x1_d1x8_conc7_kvdram-hisparse_fp8_dynamo-sglang_prefill-tp1-pp1-dcp1-pcp8-ep1-dpfalse-nw1_decode-tp8-pp1-dcp1-pcp1-ep1-dptrue-nw1_disagg-true_spec-none_conc7_h200-dgxc-slurm_9/conc_7/aiperf_artifacts/profile_export.jsonl,313,metadata.agent_depth,metadata.agent_depth,metadataagentdepth,313,1.0,0,0.0,0.0,int,int,0.0,1.0,0.0,1.0,,,0,unknown
7,8494487713,agentic_glm5.2_p1x1_d1x8_conc7_kvdram-hisparse_fp8_dynamo-sglang_prefill-tp1-pp1-dcp1-pcp8-ep1-dpfalse-nw1_decode-tp8-pp1-dcp1-pcp1-ep1-dptrue-nw1_disagg-true_spec-none_conc7_h200-dgxc-slurm_9,/Users/sskim/Documents/Codex/2026-08-06/h200-agentx-conversation-id-benchmark-analysis/data/raw/github/run_29820102138/conc7/raw_agentic/8494487713_agentic_glm5.2_p1x1_d1x8_conc7_kvdram-hisparse_fp8_dynamo-sglang_prefill-tp1-pp1-dcp1-pcp8-ep1-dpfalse-nw1_decode-tp8-pp1-dcp1-pcp1-ep1-dptrue-nw1_disagg-true_spec-none_conc7_h200-dgxc-slurm_9/conc_7/aiperf_artifacts/profile_export.jsonl,313,metadata.benchmark_phase,metadata.benchmark_phase,metadatabenchmarkphase,313,1.0,0,0.0,0.0,str,str,,,,,,,0,unknown
7,8494487713,agentic_glm5.2_p1x1_d1x8_conc7_kvdram-hisparse_fp8_dynamo-sglang_prefill-tp1-pp1-dcp1-pcp8-ep1-dpfalse-nw1_decode-tp8-pp1-dcp1-pcp1-ep1-dptrue-nw1_disagg-true_spec-none_conc7_h200-dgxc-slurm_9,/Users/sskim/Documents/Codex/2026-08-06/h200-agentx-conversation-id-benchmark-analysis/data/raw/github/run_29820102138/conc7/raw_agentic/8494487713_agentic_glm5.2_p1x1_d1x8_conc7_kvdram-hisparse_fp8_dynamo-sglang_prefill-tp1-pp1-dcp1-pcp8-ep1-dpfalse-nw1_decode-tp8-pp1-dcp1-pcp1-ep1-dptrue-nw1_disagg-true_spec-none_conc7_h200-dgxc-slurm_9/conc_7/aiperf_artifacts/profile_export.jsonl,313,metadata.context_overflow_skip,metadata.context_overflow_skip,metadatacontextoverflowskip,313,1.0,0,0.0,0.0,bool,bool,,,,,,,0,unknown
7,8494487713,agentic_glm5.2_p1x1_d1x8_conc7_kvdram-hisparse_fp8_dynamo-sglang_prefill-tp1-pp1-dcp1-pcp8-ep1-dpfalse-nw1_decode-tp8-pp1-dcp1-pcp1-ep1-dptrue-nw1_disagg-true_spec-none_conc7_h200-dgxc-slurm_9,/Users/sskim/Documents/Codex/2026-08-06/h200-agentx-conversation-id-benchmark-analysis/data/raw/github/run_29820102138/conc7/raw_agentic/8494487713_agentic_glm5.2_p1x1_d1x8_conc7_kvdram-hisparse_fp8_dynamo-sglang_prefill-tp1-pp1-dcp1-pcp8-ep1-dpfalse-nw1_decode-tp8-pp1-dcp1-pcp1-ep1-dptrue-nw1_disagg-true_spec-none_conc7_h200-dgxc-slurm_9/conc_7/aiperf_artifacts/profile_export.jsonl,313,metadata.conversation_id,metadata.conversation_id,metadataconversationid,313,1.0,0,0.0,0.0,str,str,,,,,,,0,unknown
7,8494487713,agentic_glm5.2_p1x1_d1x8_conc7_kvdram-hisparse_fp8_dynamo-sglang_prefill-tp1-pp1-dcp1-pcp8-ep1-dpfalse-nw1_decode-tp8-pp1-dcp1-pcp1-ep1-dptrue-nw1_disagg-true_spec-none_conc7_h200-dgxc-slurm_9,/Users/sskim/Documents/Codex/2026-08-06/h200-agentx-conversation-id-benchmark-analysis/data/raw/github/run_29820102138/conc7/raw_agentic/8494487713_agentic_glm5.2_p1x1_d1x8_conc7_kvdram-hisparse_fp8_dynamo-sglang_prefill-tp1-pp1-dcp1-pcp8-ep1-dpfalse-nw1_decode-tp8-pp1-dcp1-pcp1-ep1-dptrue-nw1_disagg-true_spec-none_conc7_h200-dgxc-slurm_9/conc_7/aiperf_artifacts/profile_export.jsonl,313,metadata.credit_issued_ns,metadata.credit_issued_ns,metadatacreditissuedns,313,1.0,0,0.0,0.0,int,int,1.784630947453528e+18,1.7846355549249664e+18,1.784630947453528e+18,1.7846355549249664e+18,,,0,nanoseconds
7,8494487713,agentic_glm5.2_p1x1_d1x8_conc7_kvdram-hisparse_fp8_dynamo-sglang_prefill-tp1-pp1-dcp1-pcp8-ep1-dpfalse-nw1_decode-tp8-pp1-dcp1-pcp1-ep1-dptrue-nw1_disagg-true_spec-none_conc7_h200-dgxc-slurm_9,/Users/sskim/Documents/Codex/2026-08-06/h200-agentx-conversation-id-benchmark-analysis/data/raw/github/run_29820102138/conc7/raw_agentic/8494487713_agentic_glm5.2_p1x1_d1x8_conc7_kvdram-hisparse_fp8_dynamo-sglang_prefill-tp1-pp1-dcp1-pcp8-ep1-dpfalse-nw1_decode-tp8-pp1-dcp1-pcp1-ep1-dptrue-nw1_disagg-true_spec-none_conc7_h200-dgxc-slurm_9/conc_7/aiperf_artifacts/profile_export.jsonl,313,metadata.parent_correlation_id,metadata.parent_correlation_id,metadataparentcorrelationid,226,0.7220447284345048,0,0.0,0.0,str,str,,,,,,,0,unknown
7,8494487713,agentic_glm5.2_p1x1_d1x8_conc7_kvdram-hisparse_fp8_dynamo-sglang_prefill-tp1-pp1-dcp1-pcp8-ep1-dpfalse-nw1_decode-tp8-pp1-dcp1-pcp1-ep1-dptrue-nw1_disagg-true_spec-none_conc7_h200-dgxc-slurm_9,/Users/sskim/Documents/Codex/2026-08-06/h200-agentx-conversation-id-benchmark-analysis/data/raw/github/run_29820102138/conc7/raw_agentic/8494487713_agentic_glm5.2_p1x1_d1x8_conc7_kvdram-hisparse_fp8_dynamo-sglang_prefill-tp1-pp1-dcp1-pcp8-ep1-dpfalse-nw1_decode-tp8-pp1-dcp1-pcp1-ep1-dptrue-nw1_disagg-true_spec-none_conc7_h200-dgxc-slurm_9/conc_7/aiperf_artifacts/profile_export.jsonl,313,metadata.record_processor_id,metadata.record_processor_id,metadatarecordprocessorid,313,1.0,0,0.0,0.0,str,str,,,,,,,0,unknown
7,8494487713,agentic_glm5.2_p1x1_d1x8_conc7_kvdram-hisparse_fp8_dynamo-sglang_prefill-tp1-pp1-dcp1-pcp8-ep1-dpfalse-nw1_decode-tp8-pp1-dcp1-pcp1-ep1-dptrue-nw1_disagg-true_spec-none_conc7_h200-dgxc-slurm_9,/Users/sskim/Documents/Codex/2026-08-06/h200-agentx-conversation-id-benchmark-analysis/data/raw/github/run_29820102138/conc7/raw_agentic/8494487713_agentic_glm5.2_p1x1_d1x8_conc7_kvdram-hisparse_fp8_dynamo-sglang_prefill-tp1-pp1-dcp1-pcp8-ep1-dpfalse-nw1_decode-tp8-pp1-dcp1-pcp1-ep1-dptrue-nw1_disagg-true_spec-none_conc7_h200-dgxc-slurm_9/conc_7/aiperf_artifacts/profile_export.jsonl,313,metadata.request_ack_ns,metadata.request_ack_ns,metadatarequestackns,313,1.0,0,0.0,0.0,int,int,1.7846309475306278e+18,1.784635630466185e+18,1.7846309475306278e+18,1.784635630466185e+18,,,0,nanoseconds
7,8494487713,agentic_glm5.2_p1x1_d1x8_conc7_kvdram-hisparse_fp8_dynamo-sglang_prefill-tp1-pp1-dcp1-pcp8-ep1-dpfalse-nw1_decode-tp8-pp1-dcp1-pcp1-ep1-dptrue-nw1_disagg-true_spec-none_conc7_h200-dgxc-slurm_9,/Users/sskim/Documents/Codex/2026-08-06/h200-agentx-conversation-id-benchmark-analysis/data/raw/github/run_29820102138/conc7/raw_agentic/8494487713_agentic_glm5.2_p1x1_d1x8_conc7_kvdram-hisparse_fp8_dynamo-sglang_prefill-tp1-pp1-dcp1-pcp8-ep1-dpfalse-nw1_decode-tp8-pp1-dcp1-pcp1-ep1-dptrue-nw1_disagg-true_spec-none_conc7_h200-dgxc-slurm_9/conc_7/aiperf_artifacts/profile_export.jsonl,313,metadata.request_end_ns,metadata.request_end_ns,metadatarequestendns,313,1.0,0,0.0,0.0,int,int,1.784630991931777e+18,1.7846356538038108e+18,1.784630991931777e+18,1.7846356538038108e+18,,,0,nanoseconds
7,8494487713,agentic_glm5.2_p1x1_d1x8_conc7_kvdram-hisparse_fp8_dynamo-sglang_prefill-tp1-pp1-dcp1-pcp8-ep1-dpfalse-nw1_decode-tp8-pp1-dcp1-pcp1-ep1-dptrue-nw1_disagg-true_spec-none_conc7_h200-dgxc-slurm_9,/Users/sskim/Documents/Codex/2026-08-06/h200-agentx-conversation-id-benchmark-analysis/data/raw/github/run_29820102138/conc7/raw_agentic/8494487713_agentic_glm5.2_p1x1_d1x8_conc7_kvdram-hisparse_fp8_dynamo-sglang_prefill-tp1-pp1-dcp1-pcp8-ep1-dpfalse-nw1_decode-tp8-pp1-dcp1-pcp1-ep1-dptrue-nw1_disagg-true_spec-none_conc7_h200-dgxc-slurm_9/conc_7/aiperf_artifacts/profile_export.jsonl,313,metadata.request_start_ns,metadata.request_start_ns,metadatarequeststartns,313,1.0,0,0.0,0.0,int,int,1.784630947464417e+18,1.7846355549258706e+18,1.784630947464417e+18,1.7846355549258706e+18,,,0,nanoseconds
7,8494487713,agentic_glm5.2_p1x1_d1x8_conc7_kvdram-hisparse_fp8_dynamo-sglang_prefill-tp1-pp1-dcp1-pcp8-ep1-dpfalse-nw1_decode-tp8-pp1-dcp1-pcp1-ep1-dptrue-nw1_disagg-true_spec-none_conc7_h200-dgxc-slurm_9,/Users/sskim/Documents/Codex/2026-08-06/h200-agentx-conversation-id-benchmark-analysis/data/raw/github/run_29820102138/conc7/raw_agentic/8494487713_agentic_glm5.2_p1x1_d1x8_conc7_kvdram-hisparse_fp8_dynamo-sglang_prefill-tp1-pp1-dcp1-pcp8-ep1-dpfalse-nw1_decode-tp8-pp1-dcp1-pcp1-ep1-dptrue-nw1_disagg-true_spec-none_conc7_h200-dgxc-slurm_9/conc_7/aiperf_artifacts/profile_export.jsonl,313,metadata.root_correlation_id,metadata.root_correlation_id,metadatarootcorrelationid,313,1.0,0,0.0,0.0,str,str,,,,,,,0,unknown
7,8494487713,agentic_glm5.2_p1x1_d1x8_conc7_kvdram-hisparse_fp8_dynamo-sglang_prefill-tp1-pp1-dcp1-pcp8-ep1-dpfalse-nw1_decode-tp8-pp1-dcp1-pcp1-ep1-dptrue-nw1_disagg-true_spec-none_conc7_h200-dgxc-slurm_9,/Users/sskim/Documents/Codex/2026-08-06/h200-agentx-conversation-id-benchmark-analysis/data/raw/github/run_29820102138/conc7/raw_agentic/8494487713_agentic_glm5.2_p1x1_d1x8_conc7_kvdram-hisparse_fp8_dynamo-sglang_prefill-tp1-pp1-dcp1-pcp8-ep1-dpfalse-nw1_decode-tp8-pp1-dcp1-pcp1-ep1-dptrue-nw1_disagg-true_spec-none_conc7_h200-dgxc-slurm_9/conc_7/aiperf_artifacts/profile_export.jsonl,313,metadata.session_num,metadata.session_num,metadatasessionnum,313,1.0,0,0.0,0.0,int,int,0.0,242.0,0.0,242.0,,,0,unknown
7,8494487713,agentic_glm5.2_p1x1_d1x8_conc7_kvdram-hisparse_fp8_dynamo-sglang_prefill-tp1-pp1-dcp1-pcp8-ep1-dpfalse-nw1_decode-tp8-pp1-dcp1-pcp1-ep1-dptrue-nw1_disagg-true_spec-none_conc7_h200-dgxc-slurm_9,/Users/sskim/Documents/Codex/2026-08-06/h200-agentx-conversation-id-benchmark-analysis/data/raw/github/run_29820102138/conc7/raw_agentic/8494487713_agentic_glm5.2_p1x1_d1x8_conc7_kvdram-hisparse_fp8_dynamo-sglang_prefill-tp1-pp1-dcp1-pcp8-ep1-dpfalse-nw1_decode-tp8-pp1-dcp1-pcp1-ep1-dptrue-nw1_disagg-true_spec-none_conc7_h200-dgxc-slurm_9/conc_7/aiperf_artifacts/profile_export.jsonl,313,metadata.source_inner_idx,metadata.source_inner_idx,metadatasourceinneridx,183,0.5846645367412141,0,0.0,0.0,int,int,0.0,24.0,0.0,24.0,,,0,unknown
7,8494487713,agentic_glm5.2_p1x1_d1x8_conc7_kvdram-hisparse_fp8_dynamo-sglang_prefill-tp1-pp1-dcp1-pcp8-ep1-dpfalse-nw1_decode-tp8-pp1-dcp1-pcp1-ep1-dptrue-nw1_disagg-true_spec-none_conc7_h200-dgxc-slurm_9,/Users/sskim/Documents/Codex/2026-08-06/h200-agentx-conversation-id-benchmark-analysis/data/raw/github/run_29820102138/conc7/raw_agentic/8494487713_agentic_glm5.2_p1x1_d1x8_conc7_kvdram-hisparse_fp8_dynamo-sglang_prefill-tp1-pp1-dcp1-pcp8-ep1-dpfalse-nw1_decode-tp8-pp1-dcp1-pcp1-ep1-dptrue-nw1_disagg-true_spec-none_conc7_h200-dgxc-slurm_9/conc_7/aiperf_artifacts/profile_export.jsonl,313,metadata.source_kind,metadata.source_kind,metadatasourcekind,313,1.0,0,0.0,0.0,str,str,,,,,,,0,unknown
7,8494487713,agentic_glm5.2_p1x1_d1x8_conc7_kvdram-hisparse_fp8_dynamo-sglang_prefill-tp1-pp1-dcp1-pcp8-ep1-dpfalse-nw1_decode-tp8-pp1-dcp1-pcp1-ep1-dptrue-nw1_disagg-true_spec-none_conc7_h200-dgxc-slurm_9,/Users/sskim/Documents/Codex/2026-08-06/h200-agentx-conversation-id-benchmark-analysis/data/raw/github/run_29820102138/conc7/raw_agentic/8494487713_agentic_glm5.2_p1x1_d1x8_conc7_kvdram-hisparse_fp8_dynamo-sglang_prefill-tp1-pp1-dcp1-pcp8-ep1-dpfalse-nw1_decode-tp8-pp1-dcp1-pcp1-ep1-dptrue-nw1_disagg-true_spec-none_conc7_h200-dgxc-slurm_9/conc_7/aiperf_artifacts/profile_export.jsonl,313,metadata.source_outer_idx,metadata.source_outer_idx,metadatasourceouteridx,313,1.0,0,0.0,0.0,int,int,0.0,624.0,0.0,624.0,,,0,unknown
7,8494487713,agentic_glm5.2_p1x1_d1x8_conc7_kvdram-hisparse_fp8_dynamo-sglang_prefill-tp1-pp1-dcp1-pcp8-ep1-dpfalse-nw1_decode-tp8-pp1-dcp1-pcp1-ep1-dptrue-nw1_disagg-true_spec-none_conc7_h200-dgxc-slurm_9,/Users/sskim/Documents/Codex/2026-08-06/h200-agentx-conversation-id-benchmark-analysis/data/raw/github/run_29820102138/conc7/raw_agentic/8494487713_agentic_glm5.2_p1x1_d1x8_conc7_kvdram-hisparse_fp8_dynamo-sglang_prefill-tp1-pp1-dcp1-pcp8-ep1-dpfalse-nw1_decode-tp8-pp1-dcp1-pcp1-ep1-dptrue-nw1_disagg-true_spec-none_conc7_h200-dgxc-slurm_9/conc_7/aiperf_artifacts/profile_export.jsonl,313,metadata.source_trace_id,metadata.source_trace_id,metadatasourcetraceid,313,1.0,0,0.0,0.0,str,str,,,,,,,0,unknown
7,8494487713,agentic_glm5.2_p1x1_d1x8_conc7_kvdram-hisparse_fp8_dynamo-sglang_prefill-tp1-pp1-dcp1-pcp8-ep1-dpfalse-nw1_decode-tp8-pp1-dcp1-pcp1-ep1-dptrue-nw1_disagg-true_spec-none_conc7_h200-dgxc-slurm_9,/Users/sskim/Documents/Codex/2026-08-06/h200-agentx-conversation-id-benchmark-analysis/data/raw/github/run_29820102138/conc7/raw_agentic/8494487713_agentic_glm5.2_p1x1_d1x8_conc7_kvdram-hisparse_fp8_dynamo-sglang_prefill-tp1-pp1-dcp1-pcp8-ep1-dpfalse-nw1_decode-tp8-pp1-dcp1-pcp1-ep1-dptrue-nw1_disagg-true_spec-none_conc7_h200-dgxc-slurm_9/conc_7/aiperf_artifacts/profile_export.jsonl,313,metadata.turn_index,metadata.turn_index,metadataturnindex,313,1.0,0,0.0,0.0,int,int,0.0,168.0,0.0,168.0,,,0,unknown
7,8494487713,agentic_glm5.2_p1x1_d1x8_conc7_kvdram-hisparse_fp8_dynamo-sglang_prefill-tp1-pp1-dcp1-pcp8-ep1-dpfalse-nw1_decode-tp8-pp1-dcp1-pcp1-ep1-dptrue-nw1_disagg-true_spec-none_conc7_h200-dgxc-slurm_9,/Users/sskim/Documents/Codex/2026-08-06/h200-agentx-conversation-id-benchmark-analysis/data/raw/github/run_29820102138/conc7/raw_agentic/8494487713_agentic_glm5.2_p1x1_d1x8_conc7_kvdram-hisparse_fp8_dynamo-sglang_prefill-tp1-pp1-dcp1-pcp8-ep1-dpfalse-nw1_decode-tp8-pp1-dcp1-pcp1-ep1-dptrue-nw1_disagg-true_spec-none_conc7_h200-dgxc-slurm_9/conc_7/aiperf_artifacts/profile_export.jsonl,313,metadata.was_cancelled,metadata.was_cancelled,metadatawascancelled,313,1.0,0,0.0,0.0,bool,bool,,,,,,,0,unknown
7,8494487713,agentic_glm5.2_p1x1_d1x8_conc7_kvdram-hisparse_fp8_dynamo-sglang_prefill-tp1-pp1-dcp1-pcp8-ep1-dpfalse-nw1_decode-tp8-pp1-dcp1-pcp1-ep1-dptrue-nw1_disagg-true_spec-none_conc7_h200-dgxc-slurm_9,/Users/sskim/Documents/Codex/2026-08-06/h200-agentx-conversation-id-benchmark-analysis/data/raw/github/run_29820102138/conc7/raw_agentic/8494487713_agentic_glm5.2_p1x1_d1x8_conc7_kvdram-hisparse_fp8_dynamo-sglang_prefill-tp1-pp1-dcp1-pcp8-ep1-dpfalse-nw1_decode-tp8-pp1-dcp1-pcp1-ep1-dptrue-nw1_disagg-true_spec-none_conc7_h200-dgxc-slurm_9/conc_7/aiperf_artifacts/profile_export.jsonl,313,metadata.worker_id,metadata.worker_id,metadataworkerid,313,1.0,0,0.0,0.0,str,str,,,,,,,0,unknown
7,8494487713,agentic_glm5.2_p1x1_d1x8_conc7_kvdram-hisparse_fp8_dynamo-sglang_prefill-tp1-pp1-dcp1-pcp8-ep1-dpfalse-nw1_decode-tp8-pp1-dcp1-pcp1-ep1-dptrue-nw1_disagg-true_spec-none_conc7_h200-dgxc-slurm_9,/Users/sskim/Documents/Codex/2026-08-06/h200-agentx-conversation-id-benchmark-analysis/data/raw/github/run_29820102138/conc7/raw_agentic/8494487713_agentic_glm5.2_p1x1_d1x8_conc7_kvdram-hisparse_fp8_dynamo-sglang_prefill-tp1-pp1-dcp1-pcp8-ep1-dpfalse-nw1_decode-tp8-pp1-dcp1-pcp1-ep1-dptrue-nw1_disagg-true_spec-none_conc7_h200-dgxc-slurm_9/conc_7/aiperf_artifacts/profile_export.jsonl,313,metadata.x_correlation_id,metadata.x_correlation_id,metadataxcorrelationid,313,1.0,0,0.0,0.0,str,str,,,,,,,0,unknown
7,8494487713,agentic_glm5.2_p1x1_d1x8_conc7_kvdram-hisparse_fp8_dynamo-sglang_prefill-tp1-pp1-dcp1-pcp8-ep1-dpfalse-nw1_decode-tp8-pp1-dcp1-pcp1-ep1-dptrue-nw1_disagg-true_spec-none_conc7_h200-dgxc-slurm_9,/Users/sskim/Documents/Codex/2026-08-06/h200-agentx-conversation-id-benchmark-analysis/data/raw/github/run_29820102138/conc7/raw_agentic/8494487713_agentic_glm5.2_p1x1_d1x8_conc7_kvdram-hisparse_fp8_dynamo-sglang_prefill-tp1-pp1-dcp1-pcp8-ep1-dpfalse-nw1_decode-tp8-pp1-dcp1-pcp1-ep1-dptrue-nw1_disagg-true_spec-none_conc7_h200-dgxc-slurm_9/conc_7/aiperf_artifacts/profile_export.jsonl,313,metadata.x_request_id,metadata.x_request_id,metadataxrequestid,313,1.0,0,0.0,0.0,str,str,,,,,,,0,unknown
7,8494487713,agentic_glm5.2_p1x1_d1x8_conc7_kvdram-hisparse_fp8_dynamo-sglang_prefill-tp1-pp1-dcp1-pcp8-ep1-dpfalse-nw1_decode-tp8-pp1-dcp1-pcp1-ep1-dptrue-nw1_disagg-true_spec-none_conc7_h200-dgxc-slurm_9,/Users/sskim/Documents/Codex/2026-08-06/h200-agentx-conversation-id-benchmark-analysis/data/raw/github/run_29820102138/conc7/raw_agentic/8494487713_agentic_glm5.2_p1x1_d1x8_conc7_kvdram-hisparse_fp8_dynamo-sglang_prefill-tp1-pp1-dcp1-pcp8-ep1-dpfalse-nw1_decode-tp8-pp1-dcp1-pcp1-ep1-dptrue-nw1_disagg-true_spec-none_conc7_h200-dgxc-slurm_9/conc_7/aiperf_artifacts/profile_export.jsonl,313,metrics.e2e_output_token_throughput.unit,metrics.e2e_output_token_throughput.unit,metricse2eoutputtokenthroughputunit,313,1.0,0,0.0,0.0,str,str,,,,,,,0,unknown
7,8494487713,agentic_glm5.2_p1x1_d1x8_conc7_kvdram-hisparse_fp8_dynamo-sglang_prefill-tp1-pp1-dcp1-pcp8-ep1-dpfalse-nw1_decode-tp8-pp1-dcp1-pcp1-ep1-dptrue-nw1_disagg-true_spec-none_conc7_h200-dgxc-slurm_9,/Users/sskim/Documents/Codex/2026-08-06/h200-agentx-conversation-id-benchmark-analysis/data/raw/github/run_29820102138/conc7/raw_agentic/8494487713_agentic_glm5.2_p1x1_d1x8_conc7_kvdram-hisparse_fp8_dynamo-sglang_prefill-tp1-pp1-dcp1-pcp8-ep1-dpfalse-nw1_decode-tp8-pp1-dcp1-pcp1-ep1-dptrue-nw1_disagg-true_spec-none_conc7_h200-dgxc-slurm_9/conc_7/aiperf_artifacts/profile_export.jsonl,313,metrics.e2e_output_token_throughput.value,metrics.e2e_output_token_throughput.value,metricse2eoutputtokenthroughputvalue,313,1.0,0,0.0,0.0,float,float,0.002473201515074337,16.97499998472536,0.002473201515074337,16.97499998472536,tokens/sec/user,tokens/sec/user,313,tokens/sec/user
7,8494487713,agentic_glm5.2_p1x1_d1x8_conc7_kvdram-hisparse_fp8_dynamo-sglang_prefill-tp1-pp1-dcp1-pcp8-ep1-dpfalse-nw1_decode-tp8-pp1-dcp1-pcp1-ep1-dptrue-nw1_disagg-true_spec-none_conc7_h200-dgxc-slurm_9,/Users/sskim/Documents/Codex/2026-08-06/h200-agentx-conversation-id-benchmark-analysis/data/raw/github/run_29820102138/conc7/raw_agentic/8494487713_agentic_glm5.2_p1x1_d1x8_conc7_kvdram-hisparse_fp8_dynamo-sglang_prefill-tp1-pp1-dcp1-pcp8-ep1-dpfalse-nw1_decode-tp8-pp1-dcp1-pcp1-ep1-dptrue-nw1_disagg-true_spec-none_conc7_h200-dgxc-slurm_9/conc_7/aiperf_artifacts/profile_export.jsonl,313,metrics.http_req_blocked.unit,metrics.http_req_blocked.unit,metricshttpreqblockedunit,313,1.0,0,0.0,0.0,str,str,,,,,,,0,unknown
7,8494487713,agentic_glm5.2_p1x1_d1x8_conc7_kvdram-hisparse_fp8_dynamo-sglang_prefill-tp1-pp1-dcp1-pcp8-ep1-dpfalse-nw1_decode-tp8-pp1-dcp1-pcp1-ep1-dptrue-nw1_disagg-true_spec-none_conc7_h200-dgxc-slurm_9,/Users/sskim/Documents/Codex/2026-08-06/h200-agentx-conversation-id-benchmark-analysis/data/raw/github/run_29820102138/conc7/raw_agentic/8494487713_agentic_glm5.2_p1x1_d1x8_conc7_kvdram-hisparse_fp8_dynamo-sglang_prefill-tp1-pp1-dcp1-pcp8-ep1-dpfalse-nw1_decode-tp8-pp1-dcp1-pcp1-ep1-dptrue-nw1_disagg-true_spec-none_conc7_h200-dgxc-slurm_9/conc_7/aiperf_artifacts/profile_export.jsonl,313,metrics.http_req_blocked.value,metrics.http_req_blocked.value,metricshttpreqblockedvalue,313,1.0,0,0.0,0.0,float,float,0.0,0.0,0.0,0.0,ms,ms,313,ms
7,8494487713,agentic_glm5.2_p1x1_d1x8_conc7_kvdram-hisparse_fp8_dynamo-sglang_prefill-tp1-pp1-dcp1-pcp8-ep1-dpfalse-nw1_decode-tp8-pp1-dcp1-pcp1-ep1-dptrue-nw1_disagg-true_spec-none_conc7_h200-dgxc-slurm_9,/Users/sskim/Documents/Codex/2026-08-06/h200-agentx-conversation-id-benchmark-analysis/data/raw/github/run_29820102138/conc7/raw_agentic/8494487713_agentic_glm5.2_p1x1_d1x8_conc7_kvdram-hisparse_fp8_dynamo-sglang_prefill-tp1-pp1-dcp1-pcp8-ep1-dpfalse-nw1_decode-tp8-pp1-dcp1-pcp1-ep1-dptrue-nw1_disagg-true_spec-none_conc7_h200-dgxc-slurm_9/conc_7/aiperf_artifacts/profile_export.jsonl,313,metrics.http_req_chunks_received.unit,metrics.http_req_chunks_received.unit,metricshttpreqchunksreceivedunit,313,1.0,0,0.0,0.0,str,str,,,,,,,0,unknown
7,8494487713,agentic_glm5.2_p1x1_d1x8_conc7_kvdram-hisparse_fp8_dynamo-sglang_prefill-tp1-pp1-dcp1-pcp8-ep1-dpfalse-nw1_decode-tp8-pp1-dcp1-pcp1-ep1-dptrue-nw1_disagg-true_spec-none_conc7_h200-dgxc-slurm_9,/Users/sskim/Documents/Codex/2026-08-06/h200-agentx-conversation-id-benchmark-analysis/data/raw/github/run_29820102138/conc7/raw_agentic/8494487713_agentic_glm5.2_p1x1_d1x8_conc7_kvdram-hisparse_fp8_dynamo-sglang_prefill-tp1-pp1-dcp1-pcp8-ep1-dpfalse-nw1_decode-tp8-pp1-dcp1-pcp1-ep1-dptrue-nw1_disagg-true_spec-none_conc7_h200-dgxc-slurm_9/conc_7/aiperf_artifacts/profile_export.jsonl,313,metrics.http_req_chunks_received.value,metrics.http_req_chunks_received.value,metricshttpreqchunksreceivedvalue,313,1.0,0,0.0,0.0,int,int,1.0,155.0,1.0,155.0,count,count,313,count
7,8494487713,agentic_glm5.2_p1x1_d1x8_conc7_kvdram-hisparse_fp8_dynamo-sglang_prefill-tp1-pp1-dcp1-pcp8-ep1-dpfalse-nw1_decode-tp8-pp1-dcp1-pcp1-ep1-dptrue-nw1_disagg-true_spec-none_conc7_h200-dgxc-slurm_9,/Users/sskim/Documents/Codex/2026-08-06/h200-agentx-conversation-id-benchmark-analysis/data/raw/github/run_29820102138/conc7/raw_agentic/8494487713_agentic_glm5.2_p1x1_d1x8_conc7_kvdram-hisparse_fp8_dynamo-sglang_prefill-tp1-pp1-dcp1-pcp8-ep1-dpfalse-nw1_decode-tp8-pp1-dcp1-pcp1-ep1-dptrue-nw1_disagg-true_spec-none_conc7_h200-dgxc-slurm_9/conc_7/aiperf_artifacts/profile_export.jsonl,313,metrics.http_req_chunks_sent.unit,metrics.http_req_chunks_sent.unit,metricshttpreqchunkssentunit,313,1.0,0,0.0,0.0,str,str,,,,,,,0,unknown
7,8494487713,agentic_glm5.2_p1x1_d1x8_conc7_kvdram-hisparse_fp8_dynamo-sglang_prefill-tp1-pp1-dcp1-pcp8-ep1-dpfalse-nw1_decode-tp8-pp1-dcp1-pcp1-ep1-dptrue-nw1_disagg-true_spec-none_conc7_h200-dgxc-slurm_9,/Users/sskim/Documents/Codex/2026-08-06/h200-agentx-conversation-id-benchmark-analysis/data/raw/github/run_29820102138/conc7/raw_agentic/8494487713_agentic_glm5.2_p1x1_d1x8_conc7_kvdram-hisparse_fp8_dynamo-sglang_prefill-tp1-pp1-dcp1-pcp8-ep1-dpfalse-nw1_decode-tp8-pp1-dcp1-pcp1-ep1-dptrue-nw1_disagg-true_spec-none_conc7_h200-dgxc-slurm_9/conc_7/aiperf_artifacts/profile_export.jsonl,313,metrics.http_req_chunks_sent.value,metrics.http_req_chunks_sent.value,metricshttpreqchunkssentvalue,313,1.0,0,0.0,0.0,int,int,1.0,1.0,1.0,1.0,count,count,313,count
7,8494487713,agentic_glm5.2_p1x1_d1x8_conc7_kvdram-hisparse_fp8_dynamo-sglang_prefill-tp1-pp1-dcp1-pcp8-ep1-dpfalse-nw1_decode-tp8-pp1-dcp1-pcp1-ep1-dptrue-nw1_disagg-true_spec-none_conc7_h200-dgxc-slurm_9,/Users/sskim/Documents/Codex/2026-08-06/h200-agentx-conversation-id-benchmark-analysis/data/raw/github/run_29820102138/conc7/raw_agentic/8494487713_agentic_glm5.2_p1x1_d1x8_conc7_kvdram-hisparse_fp8_dynamo-sglang_prefill-tp1-pp1-dcp1-pcp8-ep1-dpfalse-nw1_decode-tp8-pp1-dcp1-pcp1-ep1-dptrue-nw1_disagg-true_spec-none_conc7_h200-dgxc-slurm_9/conc_7/aiperf_artifacts/profile_export.jsonl,313,metrics.http_req_connecting.unit,metrics.http_req_connecting.unit,metricshttpreqconnectingunit,313,1.0,0,0.0,0.0,str,str,,,,,,,0,unknown
7,8494487713,agentic_glm5.2_p1x1_d1x8_conc7_kvdram-hisparse_fp8_dynamo-sglang_prefill-tp1-pp1-dcp1-pcp8-ep1-dpfalse-nw1_decode-tp8-pp1-dcp1-pcp1-ep1-dptrue-nw1_disagg-true_spec-none_conc7_h200-dgxc-slurm_9,/Users/sskim/Documents/Codex/2026-08-06/h200-agentx-conversation-id-benchmark-analysis/data/raw/github/run_29820102138/conc7/raw_agentic/8494487713_agentic_glm5.2_p1x1_d1x8_conc7_kvdram-hisparse_fp8_dynamo-sglang_prefill-tp1-pp1-dcp1-pcp8-ep1-dpfalse-nw1_decode-tp8-pp1-dcp1-pcp1-ep1-dptrue-nw1_disagg-true_spec-none_conc7_h200-dgxc-slurm_9/conc_7/aiperf_artifacts/profile_export.jsonl,313,metrics.http_req_connecting.value,metrics.http_req_connecting.value,metricshttpreqconnectingvalue,313,1.0,0,0.0,0.0,float,float,0.0,12.939300999999999,0.0,12.939300999999999,ms,ms,313,ms
7,8494487713,agentic_glm5.2_p1x1_d1x8_conc7_kvdram-hisparse_fp8_dynamo-sglang_prefill-tp1-pp1-dcp1-pcp8-ep1-dpfalse-nw1_decode-tp8-pp1-dcp1-pcp1-ep1-dptrue-nw1_disagg-true_spec-none_conc7_h200-dgxc-slurm_9,/Users/sskim/Documents/Codex/2026-08-06/h200-agentx-conversation-id-benchmark-analysis/data/raw/github/run_29820102138/conc7/raw_agentic/8494487713_agentic_glm5.2_p1x1_d1x8_conc7_kvdram-hisparse_fp8_dynamo-sglang_prefill-tp1-pp1-dcp1-pcp8-ep1-dpfalse-nw1_decode-tp8-pp1-dcp1-pcp1-ep1-dptrue-nw1_disagg-true_spec-none_conc7_h200-dgxc-slurm_9/conc_7/aiperf_artifacts/profile_export.jsonl,313,metrics.http_req_connection_overhead.unit,metrics.http_req_connection_overhead.unit,metricshttpreqconnectionoverheadunit,313,1.0,0,0.0,0.0,str,str,,,,,,,0,unknown
7,8494487713,agentic_glm5.2_p1x1_d1x8_conc7_kvdram-hisparse_fp8_dynamo-sglang_prefill-tp1-pp1-dcp1-pcp8-ep1-dpfalse-nw1_decode-tp8-pp1-dcp1-pcp1-ep1-dptrue-nw1_disagg-true_spec-none_conc7_h200-dgxc-slurm_9,/Users/sskim/Documents/Codex/2026-08-06/h200-agentx-conversation-id-benchmark-analysis/data/raw/github/run_29820102138/conc7/raw_agentic/8494487713_agentic_glm5.2_p1x1_d1x8_conc7_kvdram-hisparse_fp8_dynamo-sglang_prefill-tp1-pp1-dcp1-pcp8-ep1-dpfalse-nw1_decode-tp8-pp1-dcp1-pcp1-ep1-dptrue-nw1_disagg-true_spec-none_conc7_h200-dgxc-slurm_9/conc_7/aiperf_artifacts/profile_export.jsonl,313,metrics.http_req_connection_overhead.value,metrics.http_req_connection_overhead.value,metricshttpreqconnectionoverheadvalue,313,1.0,0,0.0,0.0,float,float,0.0,20.884867,0.0,20.884867,ms,ms,313,ms
7,8494487713,agentic_glm5.2_p1x1_d1x8_conc7_kvdram-hisparse_fp8_dynamo-sglang_prefill-tp1-pp1-dcp1-pcp8-ep1-dpfalse-nw1_decode-tp8-pp1-dcp1-pcp1-ep1-dptrue-nw1_disagg-true_spec-none_conc7_h200-dgxc-slurm_9,/Users/sskim/Documents/Codex/2026-08-06/h200-agentx-conversation-id-benchmark-analysis/data/raw/github/run_29820102138/conc7/raw_agentic/8494487713_agentic_glm5.2_p1x1_d1x8_conc7_kvdram-hisparse_fp8_dynamo-sglang_prefill-tp1-pp1-dcp1-pcp8-ep1-dpfalse-nw1_decode-tp8-pp1-dcp1-pcp1-ep1-dptrue-nw1_disagg-true_spec-none_conc7_h200-dgxc-slurm_9/conc_7/aiperf_artifacts/profile_export.jsonl,313,metrics.http_req_connection_reused.unit,metrics.http_req_connection_reused.unit,metricshttpreqconnectionreusedunit,313,1.0,0,0.0,0.0,str,str,,,,,,,0,unknown
7,8494487713,agentic_glm5.2_p1x1_d1x8_conc7_kvdram-hisparse_fp8_dynamo-sglang_prefill-tp1-pp1-dcp1-pcp8-ep1-dpfalse-nw1_decode-tp8-pp1-dcp1-pcp1-ep1-dptrue-nw1_disagg-true_spec-none_conc7_h200-dgxc-slurm_9,/Users/sskim/Documents/Codex/2026-08-06/h200-agentx-conversation-id-benchmark-analysis/data/raw/github/run_29820102138/conc7/raw_agentic/8494487713_agentic_glm5.2_p1x1_d1x8_conc7_kvdram-hisparse_fp8_dynamo-sglang_prefill-tp1-pp1-dcp1-pcp8-ep1-dpfalse-nw1_decode-tp8-pp1-dcp1-pcp1-ep1-dptrue-nw1_disagg-true_spec-none_conc7_h200-dgxc-slurm_9/conc_7/aiperf_artifacts/profile_export.jsonl,313,metrics.http_req_connection_reused.value,metrics.http_req_connection_reused.value,metricshttpreqconnectionreusedvalue,313,1.0,0,0.0,0.0,int,int,0.0,1.0,0.0,1.0,ratio,ratio,313,ratio
7,8494487713,agentic_glm5.2_p1x1_d1x8_conc7_kvdram-hisparse_fp8_dynamo-sglang_prefill-tp1-pp1-dcp1-pcp8-ep1-dpfalse-nw1_decode-tp8-pp1-dcp1-pcp1-ep1-dptrue-nw1_disagg-true_spec-none_conc7_h200-dgxc-slurm_9,/Users/sskim/Documents/Codex/2026-08-06/h200-agentx-conversation-id-benchmark-analysis/data/raw/github/run_29820102138/conc7/raw_agentic/8494487713_agentic_glm5.2_p1x1_d1x8_conc7_kvdram-hisparse_fp8_dynamo-sglang_prefill-tp1-pp1-dcp1-pcp8-ep1-dpfalse-nw1_decode-tp8-pp1-dcp1-pcp1-ep1-dptrue-nw1_disagg-true_spec-none_conc7_h200-dgxc-slurm_9/conc_7/aiperf_artifacts/profile_export.jsonl,313,metrics.http_req_data_received.unit,metrics.http_req_data_received.unit,metricshttpreqdatareceivedunit,313,1.0,0,0.0,0.0,str,str,,,,,,,0,unknown
7,8494487713,agentic_glm5.2_p1x1_d1x8_conc7_kvdram-hisparse_fp8_dynamo-sglang_prefill-tp1-pp1-dcp1-pcp8-ep1-dpfalse-nw1_decode-tp8-pp1-dcp1-pcp1-ep1-dptrue-nw1_disagg-true_spec-none_conc7_h200-dgxc-slurm_9,/Users/sskim/Documents/Codex/2026-08-06/h200-agentx-conversation-id-benchmark-analysis/data/raw/github/run_29820102138/conc7/raw_agentic/8494487713_agentic_glm5.2_p1x1_d1x8_conc7_kvdram-hisparse_fp8_dynamo-sglang_prefill-tp1-pp1-dcp1-pcp8-ep1-dpfalse-nw1_decode-tp8-pp1-dcp1-pcp1-ep1-dptrue-nw1_disagg-true_spec-none_conc7_h200-dgxc-slurm_9/conc_7/aiperf_artifacts/profile_export.jsonl,313,metrics.http_req_data_received.value,metrics.http_req_data_received.value,metricshttpreqdatareceivedvalue,313,1.0,0,0.0,0.0,float,float,0.5830078125,83.345703125,0.5830078125,83.345703125,KB,KB,313,KB
7,8494487713,agentic_glm5.2_p1x1_d1x8_conc7_kvdram-hisparse_fp8_dynamo-sglang_prefill-tp1-pp1-dcp1-pcp8-ep1-dpfalse-nw1_decode-tp8-pp1-dcp1-pcp1-ep1-dptrue-nw1_disagg-true_spec-none_conc7_h200-dgxc-slurm_9,/Users/sskim/Documents/Codex/2026-08-06/h200-agentx-conversation-id-benchmark-analysis/data/raw/github/run_29820102138/conc7/raw_agentic/8494487713_agentic_glm5.2_p1x1_d1x8_conc7_kvdram-hisparse_fp8_dynamo-sglang_prefill-tp1-pp1-dcp1-pcp8-ep1-dpfalse-nw1_decode-tp8-pp1-dcp1-pcp1-ep1-dptrue-nw1_disagg-true_spec-none_conc7_h200-dgxc-slurm_9/conc_7/aiperf_artifacts/profile_export.jsonl,313,metrics.http_req_data_sent.unit,metrics.http_req_data_sent.unit,metricshttpreqdatasentunit,313,1.0,0,0.0,0.0,str,str,,,,,,,0,unknown
7,8494487713,agentic_glm5.2_p1x1_d1x8_conc7_kvdram-hisparse_fp8_dynamo-sglang_prefill-tp1-pp1-dcp1-pcp8-ep1-dpfalse-nw1_decode-tp8-pp1-dcp1-pcp1-ep1-dptrue-nw1_disagg-true_spec-none_conc7_h200-dgxc-slurm_9,/Users/sskim/Documents/Codex/2026-08-06/h200-agentx-conversation-id-benchmark-analysis/data/raw/github/run_29820102138/conc7/raw_agentic/8494487713_agentic_glm5.2_p1x1_d1x8_conc7_kvdram-hisparse_fp8_dynamo-sglang_prefill-tp1-pp1-dcp1-pcp8-ep1-dpfalse-nw1_decode-tp8-pp1-dcp1-pcp1-ep1-dptrue-nw1_disagg-true_spec-none_conc7_h200-dgxc-slurm_9/conc_7/aiperf_artifacts/profile_export.jsonl,313,metrics.http_req_data_sent.value,metrics.http_req_data_sent.value,metricshttpreqdatasentvalue,313,1.0,0,0.0,0.0,float,float,1.7265625,2025.4091796875,1.7265625,2025.4091796875,KB,KB,313,KB
7,8494487713,agentic_glm5.2_p1x1_d1x8_conc7_kvdram-hisparse_fp8_dynamo-sglang_prefill-tp1-pp1-dcp1-pcp8-ep1-dpfalse-nw1_decode-tp8-pp1-dcp1-pcp1-ep1-dptrue-nw1_disagg-true_spec-none_conc7_h200-dgxc-slurm_9,/Users/sskim/Documents/Codex/2026-08-06/h200-agentx-conversation-id-benchmark-analysis/data/raw/github/run_29820102138/conc7/raw_agentic/8494487713_agentic_glm5.2_p1x1_d1x8_conc7_kvdram-hisparse_fp8_dynamo-sglang_prefill-tp1-pp1-dcp1-pcp8-ep1-dpfalse-nw1_decode-tp8-pp1-dcp1-pcp1-ep1-dptrue-nw1_disagg-true_spec-none_conc7_h200-dgxc-slurm_9/conc_7/aiperf_artifacts/profile_export.jsonl,313,metrics.http_req_dns_lookup.unit,metrics.http_req_dns_lookup.unit,metricshttpreqdnslookupunit,313,1.0,0,0.0,0.0,str,str,,,,,,,0,unknown
7,8494487713,agentic_glm5.2_p1x1_d1x8_conc7_kvdram-hisparse_fp8_dynamo-sglang_prefill-tp1-pp1-dcp1-pcp8-ep1-dpfalse-nw1_decode-tp8-pp1-dcp1-pcp1-ep1-dptrue-nw1_disagg-true_spec-none_conc7_h200-dgxc-slurm_9,/Users/sskim/Documents/Codex/2026-08-06/h200-agentx-conversation-id-benchmark-analysis/data/raw/github/run_29820102138/conc7/raw_agentic/8494487713_agentic_glm5.2_p1x1_d1x8_conc7_kvdram-hisparse_fp8_dynamo-sglang_prefill-tp1-pp1-dcp1-pcp8-ep1-dpfalse-nw1_decode-tp8-pp1-dcp1-pcp1-ep1-dptrue-nw1_disagg-true_spec-none_conc7_h200-dgxc-slurm_9/conc_7/aiperf_artifacts/profile_export.jsonl,313,metrics.http_req_dns_lookup.value,metrics.http_req_dns_lookup.value,metricshttpreqdnslookupvalue,313,1.0,0,0.0,0.0,float,float,0.0,7.9455659999999995,0.0,7.9455659999999995,ms,ms,313,ms
7,8494487713,agentic_glm5.2_p1x1_d1x8_conc7_kvdram-hisparse_fp8_dynamo-sglang_prefill-tp1-pp1-dcp1-pcp8-ep1-dpfalse-nw1_decode-tp8-pp1-dcp1-pcp1-ep1-dptrue-nw1_disagg-true_spec-none_conc7_h200-dgxc-slurm_9,/Users/sskim/Documents/Codex/2026-08-06/h200-agentx-conversation-id-benchmark-analysis/data/raw/github/run_29820102138/conc7/raw_agentic/8494487713_agentic_glm5.2_p1x1_d1x8_conc7_kvdram-hisparse_fp8_dynamo-sglang_prefill-tp1-pp1-dcp1-pcp8-ep1-dpfalse-nw1_decode-tp8-pp1-dcp1-pcp1-ep1-dptrue-nw1_disagg-true_spec-none_conc7_h200-dgxc-slurm_9/conc_7/aiperf_artifacts/profile_export.jsonl,313,metrics.http_req_duration.unit,metrics.http_req_duration.unit,metricshttpreqdurationunit,313,1.0,0,0.0,0.0,str,str,,,,,,,0,unknown
7,8494487713,agentic_glm5.2_p1x1_d1x8_conc7_kvdram-hisparse_fp8_dynamo-sglang_prefill-tp1-pp1-dcp1-pcp8-ep1-dpfalse-nw1_decode-tp8-pp1-dcp1-pcp1-ep1-dptrue-nw1_disagg-true_spec-none_conc7_h200-dgxc-slurm_9,/Users/sskim/Documents/Codex/2026-08-06/h200-agentx-conversation-id-benchmark-analysis/data/raw/github/run_29820102138/conc7/raw_agentic/8494487713_agentic_glm5.2_p1x1_d1x8_conc7_kvdram-hisparse_fp8_dynamo-sglang_prefill-tp1-pp1-dcp1-pcp8-ep1-dpfalse-nw1_decode-tp8-pp1-dcp1-pcp1-ep1-dptrue-nw1_disagg-true_spec-none_conc7_h200-dgxc-slurm_9/conc_7/aiperf_artifacts/profile_export.jsonl,313,metrics.http_req_duration.value,metrics.http_req_duration.value,metricshttpreqdurationvalue,313,1.0,0,0.0,0.0,float,float,3987.0099889999997,541148.662363,3987.0099889999997,541148.662363,ms,ms,313,ms
7,8494487713,agentic_glm5.2_p1x1_d1x8_conc7_kvdram-hisparse_fp8_dynamo-sglang_prefill-tp1-pp1-dcp1-pcp8-ep1-dpfalse-nw1_decode-tp8-pp1-dcp1-pcp1-ep1-dptrue-nw1_disagg-true_spec-none_conc7_h200-dgxc-slurm_9,/Users/sskim/Documents/Codex/2026-08-06/h200-agentx-conversation-id-benchmark-analysis/data/raw/github/run_29820102138/conc7/raw_agentic/8494487713_agentic_glm5.2_p1x1_d1x8_conc7_kvdram-hisparse_fp8_dynamo-sglang_prefill-tp1-pp1-dcp1-pcp8-ep1-dpfalse-nw1_decode-tp8-pp1-dcp1-pcp1-ep1-dptrue-nw1_disagg-true_spec-none_conc7_h200-dgxc-slurm_9/conc_7/aiperf_artifacts/profile_export.jsonl,313,metrics.http_req_receiving.unit,metrics.http_req_receiving.unit,metricshttpreqreceivingunit,313,1.0,0,0.0,0.0,str,str,,,,,,,0,unknown
7,8494487713,agentic_glm5.2_p1x1_d1x8_conc7_kvdram-hisparse_fp8_dynamo-sglang_prefill-tp1-pp1-dcp1-pcp8-ep1-dpfalse-nw1_decode-tp8-pp1-dcp1-pcp1-ep1-dptrue-nw1_disagg-true_spec-none_conc7_h200-dgxc-slurm_9,/Users/sskim/Documents/Codex/2026-08-06/h200-agentx-conversation-id-benchmark-analysis/data/raw/github/run_29820102138/conc7/raw_agentic/8494487713_agentic_glm5.2_p1x1_d1x8_conc7_kvdram-hisparse_fp8_dynamo-sglang_prefill-tp1-pp1-dcp1-pcp8-ep1-dpfalse-nw1_decode-tp8-pp1-dcp1-pcp1-ep1-dptrue-nw1_disagg-true_spec-none_conc7_h200-dgxc-slurm_9/conc_7/aiperf_artifacts/profile_export.jsonl,313,metrics.http_req_receiving.value,metrics.http_req_receiving.value,metricshttpreqreceivingvalue,313,1.0,0,0.0,0.0,float,float,0.0,304976.529157,0.0,304976.529157,ms,ms,313,ms
7,8494487713,agentic_glm5.2_p1x1_d1x8_conc7_kvdram-hisparse_fp8_dynamo-sglang_prefill-tp1-pp1-dcp1-pcp8-ep1-dpfalse-nw1_decode-tp8-pp1-dcp1-pcp1-ep1-dptrue-nw1_disagg-true_spec-none_conc7_h200-dgxc-slurm_9,/Users/sskim/Documents/Codex/2026-08-06/h200-agentx-conversation-id-benchmark-analysis/data/raw/github/run_29820102138/conc7/raw_agentic/8494487713_agentic_glm5.2_p1x1_d1x8_conc7_kvdram-hisparse_fp8_dynamo-sglang_prefill-tp1-pp1-dcp1-pcp8-ep1-dpfalse-nw1_decode-tp8-pp1-dcp1-pcp1-ep1-dptrue-nw1_disagg-true_spec-none_conc7_h200-dgxc-slurm_9/conc_7/aiperf_artifacts/profile_export.jsonl,313,metrics.http_req_sending.unit,metrics.http_req_sending.unit,metricshttpreqsendingunit,313,1.0,0,0.0,0.0,str,str,,,,,,,0,unknown
7,8494487713,agentic_glm5.2_p1x1_d1x8_conc7_kvdram-hisparse_fp8_dynamo-sglang_prefill-tp1-pp1-dcp1-pcp8-ep1-dpfalse-nw1_decode-tp8-pp1-dcp1-pcp1-ep1-dptrue-nw1_disagg-true_spec-none_conc7_h200-dgxc-slurm_9,/Users/sskim/Documents/Codex/2026-08-06/h200-agentx-conversation-id-benchmark-analysis/data/raw/github/run_29820102138/conc7/raw_agentic/8494487713_agentic_glm5.2_p1x1_d1x8_conc7_kvdram-hisparse_fp8_dynamo-sglang_prefill-tp1-pp1-dcp1-pcp8-ep1-dpfalse-nw1_decode-tp8-pp1-dcp1-pcp1-ep1-dptrue-nw1_disagg-true_spec-none_conc7_h200-dgxc-slurm_9/conc_7/aiperf_artifacts/profile_export.jsonl,313,metrics.http_req_sending.value,metrics.http_req_sending.value,metricshttpreqsendingvalue,313,1.0,0,0.0,0.0,float,float,0.116224,13.284986,0.116224,13.284986,ms,ms,313,ms
7,8494487713,agentic_glm5.2_p1x1_d1x8_conc7_kvdram-hisparse_fp8_dynamo-sglang_prefill-tp1-pp1-dcp1-pcp8-ep1-dpfalse-nw1_decode-tp8-pp1-dcp1-pcp1-ep1-dptrue-nw1_disagg-true_spec-none_conc7_h200-dgxc-slurm_9,/Users/sskim/Documents/Codex/2026-08-06/h200-agentx-conversation-id-benchmark-analysis/data/raw/github/run_29820102138/conc7/raw_agentic/8494487713_agentic_glm5.2_p1x1_d1x8_conc7_kvdram-hisparse_fp8_dynamo-sglang_prefill-tp1-pp1-dcp1-pcp8-ep1-dpfalse-nw1_decode-tp8-pp1-dcp1-pcp1-ep1-dptrue-nw1_disagg-true_spec-none_conc7_h200-dgxc-slurm_9/conc_7/aiperf_artifacts/profile_export.jsonl,313,metrics.http_req_total.unit,metrics.http_req_total.unit,metricshttpreqtotalunit,313,1.0,0,0.0,0.0,str,str,,,,,,,0,unknown
7,8494487713,agentic_glm5.2_p1x1_d1x8_conc7_kvdram-hisparse_fp8_dynamo-sglang_prefill-tp1-pp1-dcp1-pcp8-ep1-dpfalse-nw1_decode-tp8-pp1-dcp1-pcp1-ep1-dptrue-nw1_disagg-true_spec-none_conc7_h200-dgxc-slurm_9,/Users/sskim/Documents/Codex/2026-08-06/h200-agentx-conversation-id-benchmark-analysis/data/raw/github/run_29820102138/conc7/raw_agentic/8494487713_agentic_glm5.2_p1x1_d1x8_conc7_kvdram-hisparse_fp8_dynamo-sglang_prefill-tp1-pp1-dcp1-pcp8-ep1-dpfalse-nw1_decode-tp8-pp1-dcp1-pcp1-ep1-dptrue-nw1_disagg-true_spec-none_conc7_h200-dgxc-slurm_9/conc_7/aiperf_artifacts/profile_export.jsonl,313,metrics.http_req_total.value,metrics.http_req_total.value,metricshttpreqtotalvalue,313,1.0,0,0.0,0.0,float,float,3990.032815,541148.662363,3990.032815,541148.662363,ms,ms,313,ms
7,8494487713,agentic_glm5.2_p1x1_d1x8_conc7_kvdram-hisparse_fp8_dynamo-sglang_prefill-tp1-pp1-dcp1-pcp8-ep1-dpfalse-nw1_decode-tp8-pp1-dcp1-pcp1-ep1-dptrue-nw1_disagg-true_spec-none_conc7_h200-dgxc-slurm_9,/Users/sskim/Documents/Codex/2026-08-06/h200-agentx-conversation-id-benchmark-analysis/data/raw/github/run_29820102138/conc7/raw_agentic/8494487713_agentic_glm5.2_p1x1_d1x8_conc7_kvdram-hisparse_fp8_dynamo-sglang_prefill-tp1-pp1-dcp1-pcp8-ep1-dpfalse-nw1_decode-tp8-pp1-dcp1-pcp1-ep1-dptrue-nw1_disagg-true_spec-none_conc7_h200-dgxc-slurm_9/conc_7/aiperf_artifacts/profile_export.jsonl,313,metrics.http_req_waiting.unit,metrics.http_req_waiting.unit,metricshttpreqwaitingunit,313,1.0,0,0.0,0.0,str,str,,,,,,,0,unknown
7,8494487713,agentic_glm5.2_p1x1_d1x8_conc7_kvdram-hisparse_fp8_dynamo-sglang_prefill-tp1-pp1-dcp1-pcp8-ep1-dpfalse-nw1_decode-tp8-pp1-dcp1-pcp1-ep1-dptrue-nw1_disagg-true_spec-none_conc7_h200-dgxc-slurm_9,/Users/sskim/Documents/Codex/2026-08-06/h200-agentx-conversation-id-benchmark-analysis/data/raw/github/run_29820102138/conc7/raw_agentic/8494487713_agentic_glm5.2_p1x1_d1x8_conc7_kvdram-hisparse_fp8_dynamo-sglang_prefill-tp1-pp1-dcp1-pcp8-ep1-dpfalse-nw1_decode-tp8-pp1-dcp1-pcp1-ep1-dptrue-nw1_disagg-true_spec-none_conc7_h200-dgxc-slurm_9/conc_7/aiperf_artifacts/profile_export.jsonl,313,metrics.http_req_waiting.value,metrics.http_req_waiting.value,metricshttpreqwaitingvalue,313,1.0,0,0.0,0.0,float,float,3628.4920359999996,404333.525838,3628.4920359999996,404333.525838,ms,ms,313,ms
7,8494487713,agentic_glm5.2_p1x1_d1x8_conc7_kvdram-hisparse_fp8_dynamo-sglang_prefill-tp1-pp1-dcp1-pcp8-ep1-dpfalse-nw1_decode-tp8-pp1-dcp1-pcp1-ep1-dptrue-nw1_disagg-true_spec-none_conc7_h200-dgxc-slurm_9,/Users/sskim/Documents/Codex/2026-08-06/h200-agentx-conversation-id-benchmark-analysis/data/raw/github/run_29820102138/conc7/raw_agentic/8494487713_agentic_glm5.2_p1x1_d1x8_conc7_kvdram-hisparse_fp8_dynamo-sglang_prefill-tp1-pp1-dcp1-pcp8-ep1-dpfalse-nw1_decode-tp8-pp1-dcp1-pcp1-ep1-dptrue-nw1_disagg-true_spec-none_conc7_h200-dgxc-slurm_9/conc_7/aiperf_artifacts/profile_export.jsonl,313,metrics.input_sequence_length.unit,metrics.input_sequence_length.unit,metricsinputsequencelengthunit,313,1.0,0,0.0,0.0,str,str,,,,,,,0,unknown
7,8494487713,agentic_glm5.2_p1x1_d1x8_conc7_kvdram-hisparse_fp8_dynamo-sglang_prefill-tp1-pp1-dcp1-pcp8-ep1-dpfalse-nw1_decode-tp8-pp1-dcp1-pcp1-ep1-dptrue-nw1_disagg-true_spec-none_conc7_h200-dgxc-slurm_9,/Users/sskim/Documents/Codex/2026-08-06/h200-agentx-conversation-id-benchmark-analysis/data/raw/github/run_29820102138/conc7/raw_agentic/8494487713_agentic_glm5.2_p1x1_d1x8_conc7_kvdram-hisparse_fp8_dynamo-sglang_prefill-tp1-pp1-dcp1-pcp8-ep1-dpfalse-nw1_decode-tp8-pp1-dcp1-pcp1-ep1-dptrue-nw1_disagg-true_spec-none_conc7_h200-dgxc-slurm_9/conc_7/aiperf_artifacts/profile_export.jsonl,313,metrics.input_sequence_length.value,metrics.input_sequence_length.value,metricsinputsequencelengthvalue,313,1.0,0,0.0,0.0,int,int,1.0,148186.0,1.0,148186.0,tokens,tokens,313,tokens
7,8494487713,agentic_glm5.2_p1x1_d1x8_conc7_kvdram-hisparse_fp8_dynamo-sglang_prefill-tp1-pp1-dcp1-pcp8-ep1-dpfalse-nw1_decode-tp8-pp1-dcp1-pcp1-ep1-dptrue-nw1_disagg-true_spec-none_conc7_h200-dgxc-slurm_9,/Users/sskim/Documents/Codex/2026-08-06/h200-agentx-conversation-id-benchmark-analysis/data/raw/github/run_29820102138/conc7/raw_agentic/8494487713_agentic_glm5.2_p1x1_d1x8_conc7_kvdram-hisparse_fp8_dynamo-sglang_prefill-tp1-pp1-dcp1-pcp8-ep1-dpfalse-nw1_decode-tp8-pp1-dcp1-pcp1-ep1-dptrue-nw1_disagg-true_spec-none_conc7_h200-dgxc-slurm_9/conc_7/aiperf_artifacts/profile_export.jsonl,313,metrics.inter_chunk_latency.unit,metrics.inter_chunk_latency.unit,metricsinterchunklatencyunit,187,0.597444089456869,0,0.0,0.0,str,str,,,,,,,0,unknown
7,8494487713,agentic_glm5.2_p1x1_d1x8_conc7_kvdram-hisparse_fp8_dynamo-sglang_prefill-tp1-pp1-dcp1-pcp8-ep1-dpfalse-nw1_decode-tp8-pp1-dcp1-pcp1-ep1-dptrue-nw1_disagg-true_spec-none_conc7_h200-dgxc-slurm_9,/Users/sskim/Documents/Codex/2026-08-06/h200-agentx-conversation-id-benchmark-analysis/data/raw/github/run_29820102138/conc7/raw_agentic/8494487713_agentic_glm5.2_p1x1_d1x8_conc7_kvdram-hisparse_fp8_dynamo-sglang_prefill-tp1-pp1-dcp1-pcp8-ep1-dpfalse-nw1_decode-tp8-pp1-dcp1-pcp1-ep1-dptrue-nw1_disagg-true_spec-none_conc7_h200-dgxc-slurm_9/conc_7/aiperf_artifacts/profile_export.jsonl,313,metrics.inter_chunk_latency.value,metrics.inter_chunk_latency.value,metricsinterchunklatencyvalue,187,0.597444089456869,0,0.0,0.0,str,str,,,,,ms,ms,187,ms
7,8494487713,agentic_glm5.2_p1x1_d1x8_conc7_kvdram-hisparse_fp8_dynamo-sglang_prefill-tp1-pp1-dcp1-pcp8-ep1-dpfalse-nw1_decode-tp8-pp1-dcp1-pcp1-ep1-dptrue-nw1_disagg-true_spec-none_conc7_h200-dgxc-slurm_9,/Users/sskim/Documents/Codex/2026-08-06/h200-agentx-conversation-id-benchmark-analysis/data/raw/github/run_29820102138/conc7/raw_agentic/8494487713_agentic_glm5.2_p1x1_d1x8_conc7_kvdram-hisparse_fp8_dynamo-sglang_prefill-tp1-pp1-dcp1-pcp8-ep1-dpfalse-nw1_decode-tp8-pp1-dcp1-pcp1-ep1-dptrue-nw1_disagg-true_spec-none_conc7_h200-dgxc-slurm_9/conc_7/aiperf_artifacts/profile_export.jsonl,313,metrics.inter_token_latency.unit,metrics.inter_token_latency.unit,metricsintertokenlatencyunit,187,0.597444089456869,0,0.0,0.0,str,str,,,,,,,0,unknown
7,8494487713,agentic_glm5.2_p1x1_d1x8_conc7_kvdram-hisparse_fp8_dynamo-sglang_prefill-tp1-pp1-dcp1-pcp8-ep1-dpfalse-nw1_decode-tp8-pp1-dcp1-pcp1-ep1-dptrue-nw1_disagg-true_spec-none_conc7_h200-dgxc-slurm_9,/Users/sskim/Documents/Codex/2026-08-06/h200-agentx-conversation-id-benchmark-analysis/data/raw/github/run_29820102138/conc7/raw_agentic/8494487713_agentic_glm5.2_p1x1_d1x8_conc7_kvdram-hisparse_fp8_dynamo-sglang_prefill-tp1-pp1-dcp1-pcp8-ep1-dpfalse-nw1_decode-tp8-pp1-dcp1-pcp1-ep1-dptrue-nw1_disagg-true_spec-none_conc7_h200-dgxc-slurm_9/conc_7/aiperf_artifacts/profile_export.jsonl,313,metrics.inter_token_latency.value,metrics.inter_token_latency.value,metricsintertokenlatencyvalue,187,0.597444089456869,0,0.0,0.0,float,float,27.76187770785149,103.09688640259739,27.76187770785149,103.09688640259739,ms,ms,187,ms
7,8494487713,agentic_glm5.2_p1x1_d1x8_conc7_kvdram-hisparse_fp8_dynamo-sglang_prefill-tp1-pp1-dcp1-pcp8-ep1-dpfalse-nw1_decode-tp8-pp1-dcp1-pcp1-ep1-dptrue-nw1_disagg-true_spec-none_conc7_h200-dgxc-slurm_9,/Users/sskim/Documents/Codex/2026-08-06/h200-agentx-conversation-id-benchmark-analysis/data/raw/github/run_29820102138/conc7/raw_agentic/8494487713_agentic_glm5.2_p1x1_d1x8_conc7_kvdram-hisparse_fp8_dynamo-sglang_prefill-tp1-pp1-dcp1-pcp8-ep1-dpfalse-nw1_decode-tp8-pp1-dcp1-pcp1-ep1-dptrue-nw1_disagg-true_spec-none_conc7_h200-dgxc-slurm_9/conc_7/aiperf_artifacts/profile_export.jsonl,313,metrics.osl_mismatch_diff_pct.unit,metrics.osl_mismatch_diff_pct.unit,metricsoslmismatchdiffpctunit,313,1.0,0,0.0,0.0,str,str,,,,,,,0,unknown
7,8494487713,agentic_glm5.2_p1x1_d1x8_conc7_kvdram-hisparse_fp8_dynamo-sglang_prefill-tp1-pp1-dcp1-pcp8-ep1-dpfalse-nw1_decode-tp8-pp1-dcp1-pcp1-ep1-dptrue-nw1_disagg-true_spec-none_conc7_h200-dgxc-slurm_9,/Users/sskim/Documents/Codex/2026-08-06/h200-agentx-conversation-id-benchmark-analysis/data/raw/github/run_29820102138/conc7/raw_agentic/8494487713_agentic_glm5.2_p1x1_d1x8_conc7_kvdram-hisparse_fp8_dynamo-sglang_prefill-tp1-pp1-dcp1-pcp8-ep1-dpfalse-nw1_decode-tp8-pp1-dcp1-pcp1-ep1-dptrue-nw1_disagg-true_spec-none_conc7_h200-dgxc-slurm_9/conc_7/aiperf_artifacts/profile_export.jsonl,313,metrics.osl_mismatch_diff_pct.value,metrics.osl_mismatch_diff_pct.value,metricsoslmismatchdiffpctvalue,313,1.0,0,0.0,0.0,float,float,-99.98552821997106,0.0,-99.98552821997106,0.0,%,%,313,%
7,8494487713,agentic_glm5.2_p1x1_d1x8_conc7_kvdram-hisparse_fp8_dynamo-sglang_prefill-tp1-pp1-dcp1-pcp8-ep1-dpfalse-nw1_decode-tp8-pp1-dcp1-pcp1-ep1-dptrue-nw1_disagg-true_spec-none_conc7_h200-dgxc-slurm_9,/Users/sskim/Documents/Codex/2026-08-06/h200-agentx-conversation-id-benchmark-analysis/data/raw/github/run_29820102138/conc7/raw_agentic/8494487713_agentic_glm5.2_p1x1_d1x8_conc7_kvdram-hisparse_fp8_dynamo-sglang_prefill-tp1-pp1-dcp1-pcp8-ep1-dpfalse-nw1_decode-tp8-pp1-dcp1-pcp1-ep1-dptrue-nw1_disagg-true_spec-none_conc7_h200-dgxc-slurm_9/conc_7/aiperf_artifacts/profile_export.jsonl,313,metrics.output_sequence_length.unit,metrics.output_sequence_length.unit,metricsoutputsequencelengthunit,313,1.0,0,0.0,0.0,str,str,,,,,,,0,unknown
7,8494487713,agentic_glm5.2_p1x1_d1x8_conc7_kvdram-hisparse_fp8_dynamo-sglang_prefill-tp1-pp1-dcp1-pcp8-ep1-dpfalse-nw1_decode-tp8-pp1-dcp1-pcp1-ep1-dptrue-nw1_disagg-true_spec-none_conc7_h200-dgxc-slurm_9,/Users/sskim/Documents/Codex/2026-08-06/h200-agentx-conversation-id-benchmark-analysis/data/raw/github/run_29820102138/conc7/raw_agentic/8494487713_agentic_glm5.2_p1x1_d1x8_conc7_kvdram-hisparse_fp8_dynamo-sglang_prefill-tp1-pp1-dcp1-pcp8-ep1-dpfalse-nw1_decode-tp8-pp1-dcp1-pcp1-ep1-dptrue-nw1_disagg-true_spec-none_conc7_h200-dgxc-slurm_9/conc_7/aiperf_artifacts/profile_export.jsonl,313,metrics.output_sequence_length.value,metrics.output_sequence_length.value,metricsoutputsequencelengthvalue,313,1.0,0,0.0,0.0,int,int,1.0,9186.0,1.0,9186.0,tokens,tokens,313,tokens
7,8494487713,agentic_glm5.2_p1x1_d1x8_conc7_kvdram-hisparse_fp8_dynamo-sglang_prefill-tp1-pp1-dcp1-pcp8-ep1-dpfalse-nw1_decode-tp8-pp1-dcp1-pcp1-ep1-dptrue-nw1_disagg-true_spec-none_conc7_h200-dgxc-slurm_9,/Users/sskim/Documents/Codex/2026-08-06/h200-agentx-conversation-id-benchmark-analysis/data/raw/github/run_29820102138/conc7/raw_agentic/8494487713_agentic_glm5.2_p1x1_d1x8_conc7_kvdram-hisparse_fp8_dynamo-sglang_prefill-tp1-pp1-dcp1-pcp8-ep1-dpfalse-nw1_decode-tp8-pp1-dcp1-pcp1-ep1-dptrue-nw1_disagg-true_spec-none_conc7_h200-dgxc-slurm_9/conc_7/aiperf_artifacts/profile_export.jsonl,313,metrics.output_token_count.unit,metrics.output_token_count.unit,metricsoutputtokencountunit,313,1.0,0,0.0,0.0,str,str,,,,,,,0,unknown
7,8494487713,agentic_glm5.2_p1x1_d1x8_conc7_kvdram-hisparse_fp8_dynamo-sglang_prefill-tp1-pp1-dcp1-pcp8-ep1-dpfalse-nw1_decode-tp8-pp1-dcp1-pcp1-ep1-dptrue-nw1_disagg-true_spec-none_conc7_h200-dgxc-slurm_9,/Users/sskim/Documents/Codex/2026-08-06/h200-agentx-conversation-id-benchmark-analysis/data/raw/github/run_29820102138/conc7/raw_agentic/8494487713_agentic_glm5.2_p1x1_d1x8_conc7_kvdram-hisparse_fp8_dynamo-sglang_prefill-tp1-pp1-dcp1-pcp8-ep1-dpfalse-nw1_decode-tp8-pp1-dcp1-pcp1-ep1-dptrue-nw1_disagg-true_spec-none_conc7_h200-dgxc-slurm_9/conc_7/aiperf_artifacts/profile_export.jsonl,313,metrics.output_token_count.value,metrics.output_token_count.value,metricsoutputtokencountvalue,313,1.0,0,0.0,0.0,int,int,1.0,9186.0,1.0,9186.0,tokens,tokens,313,tokens
7,8494487713,agentic_glm5.2_p1x1_d1x8_conc7_kvdram-hisparse_fp8_dynamo-sglang_prefill-tp1-pp1-dcp1-pcp8-ep1-dpfalse-nw1_decode-tp8-pp1-dcp1-pcp1-ep1-dptrue-nw1_disagg-true_spec-none_conc7_h200-dgxc-slurm_9,/Users/sskim/Documents/Codex/2026-08-06/h200-agentx-conversation-id-benchmark-analysis/data/raw/github/run_29820102138/conc7/raw_agentic/8494487713_agentic_glm5.2_p1x1_d1x8_conc7_kvdram-hisparse_fp8_dynamo-sglang_prefill-tp1-pp1-dcp1-pcp8-ep1-dpfalse-nw1_decode-tp8-pp1-dcp1-pcp1-ep1-dptrue-nw1_disagg-true_spec-none_conc7_h200-dgxc-slurm_9/conc_7/aiperf_artifacts/profile_export.jsonl,313,metrics.output_token_throughput_per_user.unit,metrics.output_token_throughput_per_user.unit,metricsoutputtokenthroughputperuserunit,187,0.597444089456869,0,0.0,0.0,str,str,,,,,,,0,unknown
7,8494487713,agentic_glm5.2_p1x1_d1x8_conc7_kvdram-hisparse_fp8_dynamo-sglang_prefill-tp1-pp1-dcp1-pcp8-ep1-dpfalse-nw1_decode-tp8-pp1-dcp1-pcp1-ep1-dptrue-nw1_disagg-true_spec-none_conc7_h200-dgxc-slurm_9,/Users/sskim/Documents/Codex/2026-08-06/h200-agentx-conversation-id-benchmark-analysis/data/raw/github/run_29820102138/conc7/raw_agentic/8494487713_agentic_glm5.2_p1x1_d1x8_conc7_kvdram-hisparse_fp8_dynamo-sglang_prefill-tp1-pp1-dcp1-pcp8-ep1-dpfalse-nw1_decode-tp8-pp1-dcp1-pcp1-ep1-dptrue-nw1_disagg-true_spec-none_conc7_h200-dgxc-slurm_9/conc_7/aiperf_artifacts/profile_export.jsonl,313,metrics.output_token_throughput_per_user.value,metrics.output_token_throughput_per_user.value,metricsoutputtokenthroughputperuservalue,187,0.597444089456869,0,0.0,0.0,float,float,9.699613973742725,36.020618292587045,9.699613973742725,36.020618292587045,tokens/sec/user,tokens/sec/user,187,tokens/sec/user
7,8494487713,agentic_glm5.2_p1x1_d1x8_conc7_kvdram-hisparse_fp8_dynamo-sglang_prefill-tp1-pp1-dcp1-pcp8-ep1-dpfalse-nw1_decode-tp8-pp1-dcp1-pcp1-ep1-dptrue-nw1_disagg-true_spec-none_conc7_h200-dgxc-slurm_9,/Users/sskim/Documents/Codex/2026-08-06/h200-agentx-conversation-id-benchmark-analysis/data/raw/github/run_29820102138/conc7/raw_agentic/8494487713_agentic_glm5.2_p1x1_d1x8_conc7_kvdram-hisparse_fp8_dynamo-sglang_prefill-tp1-pp1-dcp1-pcp8-ep1-dpfalse-nw1_decode-tp8-pp1-dcp1-pcp1-ep1-dptrue-nw1_disagg-true_spec-none_conc7_h200-dgxc-slurm_9/conc_7/aiperf_artifacts/profile_export.jsonl,313,metrics.prefill_throughput_per_user.unit,metrics.prefill_throughput_per_user.unit,metricsprefillthroughputperuserunit,313,1.0,0,0.0,0.0,str,str,,,,,,,0,unknown
7,8494487713,agentic_glm5.2_p1x1_d1x8_conc7_kvdram-hisparse_fp8_dynamo-sglang_prefill-tp1-pp1-dcp1-pcp8-ep1-dpfalse-nw1_decode-tp8-pp1-dcp1-pcp1-ep1-dptrue-nw1_disagg-true_spec-none_conc7_h200-dgxc-slurm_9,/Users/sskim/Documents/Codex/2026-08-06/h200-agentx-conversation-id-benchmark-analysis/data/raw/github/run_29820102138/conc7/raw_agentic/8494487713_agentic_glm5.2_p1x1_d1x8_conc7_kvdram-hisparse_fp8_dynamo-sglang_prefill-tp1-pp1-dcp1-pcp8-ep1-dpfalse-nw1_decode-tp8-pp1-dcp1-pcp1-ep1-dptrue-nw1_disagg-true_spec-none_conc7_h200-dgxc-slurm_9/conc_7/aiperf_artifacts/profile_export.jsonl,313,metrics.prefill_throughput_per_user.value,metrics.prefill_throughput_per_user.value,metricsprefillthroughputperuservalue,313,1.0,0,0.0,0.0,float,float,0.002473201515074337,5862.256186420966,0.002473201515074337,5862.256186420966,tokens/sec/user,tokens/sec/user,313,tokens/sec/user
7,8494487713,agentic_glm5.2_p1x1_d1x8_conc7_kvdram-hisparse_fp8_dynamo-sglang_prefill-tp1-pp1-dcp1-pcp8-ep1-dpfalse-nw1_decode-tp8-pp1-dcp1-pcp1-ep1-dptrue-nw1_disagg-true_spec-none_conc7_h200-dgxc-slurm_9,/Users/sskim/Documents/Codex/2026-08-06/h200-agentx-conversation-id-benchmark-analysis/data/raw/github/run_29820102138/conc7/raw_agentic/8494487713_agentic_glm5.2_p1x1_d1x8_conc7_kvdram-hisparse_fp8_dynamo-sglang_prefill-tp1-pp1-dcp1-pcp8-ep1-dpfalse-nw1_decode-tp8-pp1-dcp1-pcp1-ep1-dptrue-nw1_disagg-true_spec-none_conc7_h200-dgxc-slurm_9/conc_7/aiperf_artifacts/profile_export.jsonl,313,metrics.request_latency.unit,metrics.request_latency.unit,metricsrequestlatencyunit,313,1.0,0,0.0,0.0,str,str,,,,,,,0,unknown
7,8494487713,agentic_glm5.2_p1x1_d1x8_conc7_kvdram-hisparse_fp8_dynamo-sglang_prefill-tp1-pp1-dcp1-pcp8-ep1-dpfalse-nw1_decode-tp8-pp1-dcp1-pcp1-ep1-dptrue-nw1_disagg-true_spec-none_conc7_h200-dgxc-slurm_9,/Users/sskim/Documents/Codex/2026-08-06/h200-agentx-conversation-id-benchmark-analysis/data/raw/github/run_29820102138/conc7/raw_agentic/8494487713_agentic_glm5.2_p1x1_d1x8_conc7_kvdram-hisparse_fp8_dynamo-sglang_prefill-tp1-pp1-dcp1-pcp8-ep1-dpfalse-nw1_decode-tp8-pp1-dcp1-pcp1-ep1-dptrue-nw1_disagg-true_spec-none_conc7_h200-dgxc-slurm_9/conc_7/aiperf_artifacts/profile_export.jsonl,313,metrics.request_latency.value,metrics.request_latency.value,metricsrequestlatencyvalue,313,1.0,0,0.0,0.0,float,float,3987.088366,541148.7486459999,3987.088366,541148.7486459999,ms,ms,313,ms
7,8494487713,agentic_glm5.2_p1x1_d1x8_conc7_kvdram-hisparse_fp8_dynamo-sglang_prefill-tp1-pp1-dcp1-pcp8-ep1-dpfalse-nw1_decode-tp8-pp1-dcp1-pcp1-ep1-dptrue-nw1_disagg-true_spec-none_conc7_h200-dgxc-slurm_9,/Users/sskim/Documents/Codex/2026-08-06/h200-agentx-conversation-id-benchmark-analysis/data/raw/github/run_29820102138/conc7/raw_agentic/8494487713_agentic_glm5.2_p1x1_d1x8_conc7_kvdram-hisparse_fp8_dynamo-sglang_prefill-tp1-pp1-dcp1-pcp8-ep1-dpfalse-nw1_decode-tp8-pp1-dcp1-pcp1-ep1-dptrue-nw1_disagg-true_spec-none_conc7_h200-dgxc-slurm_9/conc_7/aiperf_artifacts/profile_export.jsonl,313,metrics.time_to_first_output_token.unit,metrics.time_to_first_output_token.unit,metricstimetofirstoutputtokenunit,313,1.0,0,0.0,0.0,str,str,,,,,,,0,unknown
7,8494487713,agentic_glm5.2_p1x1_d1x8_conc7_kvdram-hisparse_fp8_dynamo-sglang_prefill-tp1-pp1-dcp1-pcp8-ep1-dpfalse-nw1_decode-tp8-pp1-dcp1-pcp1-ep1-dptrue-nw1_disagg-true_spec-none_conc7_h200-dgxc-slurm_9,/Users/sskim/Documents/Codex/2026-08-06/h200-agentx-conversation-id-benchmark-analysis/data/raw/github/run_29820102138/conc7/raw_agentic/8494487713_agentic_glm5.2_p1x1_d1x8_conc7_kvdram-hisparse_fp8_dynamo-sglang_prefill-tp1-pp1-dcp1-pcp8-ep1-dpfalse-nw1_decode-tp8-pp1-dcp1-pcp1-ep1-dptrue-nw1_disagg-true_spec-none_conc7_h200-dgxc-slurm_9/conc_7/aiperf_artifacts/profile_export.jsonl,313,metrics.time_to_first_output_token.value,metrics.time_to_first_output_token.value,metricstimetofirstoutputtokenvalue,313,1.0,0,0.0,0.0,float,float,3630.1722959999997,404334.217776,3630.1722959999997,404334.217776,ms,ms,313,ms
7,8494487713,agentic_glm5.2_p1x1_d1x8_conc7_kvdram-hisparse_fp8_dynamo-sglang_prefill-tp1-pp1-dcp1-pcp8-ep1-dpfalse-nw1_decode-tp8-pp1-dcp1-pcp1-ep1-dptrue-nw1_disagg-true_spec-none_conc7_h200-dgxc-slurm_9,/Users/sskim/Documents/Codex/2026-08-06/h200-agentx-conversation-id-benchmark-analysis/data/raw/github/run_29820102138/conc7/raw_agentic/8494487713_agentic_glm5.2_p1x1_d1x8_conc7_kvdram-hisparse_fp8_dynamo-sglang_prefill-tp1-pp1-dcp1-pcp8-ep1-dpfalse-nw1_decode-tp8-pp1-dcp1-pcp1-ep1-dptrue-nw1_disagg-true_spec-none_conc7_h200-dgxc-slurm_9/conc_7/aiperf_artifacts/profile_export.jsonl,313,metrics.time_to_first_token.unit,metrics.time_to_first_token.unit,metricstimetofirsttokenunit,313,1.0,0,0.0,0.0,str,str,,,,,,,0,unknown
7,8494487713,agentic_glm5.2_p1x1_d1x8_conc7_kvdram-hisparse_fp8_dynamo-sglang_prefill-tp1-pp1-dcp1-pcp8-ep1-dpfalse-nw1_decode-tp8-pp1-dcp1-pcp1-ep1-dptrue-nw1_disagg-true_spec-none_conc7_h200-dgxc-slurm_9,/Users/sskim/Documents/Codex/2026-08-06/h200-agentx-conversation-id-benchmark-analysis/data/raw/github/run_29820102138/conc7/raw_agentic/8494487713_agentic_glm5.2_p1x1_d1x8_conc7_kvdram-hisparse_fp8_dynamo-sglang_prefill-tp1-pp1-dcp1-pcp8-ep1-dpfalse-nw1_decode-tp8-pp1-dcp1-pcp1-ep1-dptrue-nw1_disagg-true_spec-none_conc7_h200-dgxc-slurm_9/conc_7/aiperf_artifacts/profile_export.jsonl,313,metrics.time_to_first_token.value,metrics.time_to_first_token.value,metricstimetofirsttokenvalue,313,1.0,0,0.0,0.0,float,float,3630.1722959999997,404334.217776,3630.1722959999997,404334.217776,ms,ms,313,ms
7,8494487713,agentic_glm5.2_p1x1_d1x8_conc7_kvdram-hisparse_fp8_dynamo-sglang_prefill-tp1-pp1-dcp1-pcp8-ep1-dpfalse-nw1_decode-tp8-pp1-dcp1-pcp1-ep1-dptrue-nw1_disagg-true_spec-none_conc7_h200-dgxc-slurm_9,/Users/sskim/Documents/Codex/2026-08-06/h200-agentx-conversation-id-benchmark-analysis/data/raw/github/run_29820102138/conc7/raw_agentic/8494487713_agentic_glm5.2_p1x1_d1x8_conc7_kvdram-hisparse_fp8_dynamo-sglang_prefill-tp1-pp1-dcp1-pcp8-ep1-dpfalse-nw1_decode-tp8-pp1-dcp1-pcp1-ep1-dptrue-nw1_disagg-true_spec-none_conc7_h200-dgxc-slurm_9/conc_7/aiperf_artifacts/profile_export.jsonl,313,metrics.time_to_second_token.unit,metrics.time_to_second_token.unit,metricstimetosecondtokenunit,187,0.597444089456869,0,0.0,0.0,str,str,,,,,,,0,seconds
7,8494487713,agentic_glm5.2_p1x1_d1x8_conc7_kvdram-hisparse_fp8_dynamo-sglang_prefill-tp1-pp1-dcp1-pcp8-ep1-dpfalse-nw1_decode-tp8-pp1-dcp1-pcp1-ep1-dptrue-nw1_disagg-true_spec-none_conc7_h200-dgxc-slurm_9,/Users/sskim/Documents/Codex/2026-08-06/h200-agentx-conversation-id-benchmark-analysis/data/raw/github/run_29820102138/conc7/raw_agentic/8494487713_agentic_glm5.2_p1x1_d1x8_conc7_kvdram-hisparse_fp8_dynamo-sglang_prefill-tp1-pp1-dcp1-pcp8-ep1-dpfalse-nw1_decode-tp8-pp1-dcp1-pcp1-ep1-dptrue-nw1_disagg-true_spec-none_conc7_h200-dgxc-slurm_9/conc_7/aiperf_artifacts/profile_export.jsonl,313,metrics.time_to_second_token.value,metrics.time_to_second_token.value,metricstimetosecondtokenvalue,187,0.597444089456869,0,0.0,0.0,float,float,79.375531,7379.023432,79.375531,7379.023432,ms,ms,187,ms
7,8494487713,agentic_glm5.2_p1x1_d1x8_conc7_kvdram-hisparse_fp8_dynamo-sglang_prefill-tp1-pp1-dcp1-pcp8-ep1-dpfalse-nw1_decode-tp8-pp1-dcp1-pcp1-ep1-dptrue-nw1_disagg-true_spec-none_conc7_h200-dgxc-slurm_9,/Users/sskim/Documents/Codex/2026-08-06/h200-agentx-conversation-id-benchmark-analysis/data/raw/github/run_29820102138/conc7/raw_agentic/8494487713_agentic_glm5.2_p1x1_d1x8_conc7_kvdram-hisparse_fp8_dynamo-sglang_prefill-tp1-pp1-dcp1-pcp8-ep1-dpfalse-nw1_decode-tp8-pp1-dcp1-pcp1-ep1-dptrue-nw1_disagg-true_spec-none_conc7_h200-dgxc-slurm_9/conc_7/aiperf_artifacts/profile_export.jsonl,313,metrics.usage_completion_tokens.unit,metrics.usage_completion_tokens.unit,metricsusagecompletiontokensunit,313,1.0,0,0.0,0.0,str,str,,,,,,,0,unknown
7,8494487713,agentic_glm5.2_p1x1_d1x8_conc7_kvdram-hisparse_fp8_dynamo-sglang_prefill-tp1-pp1-dcp1-pcp8-ep1-dpfalse-nw1_decode-tp8-pp1-dcp1-pcp1-ep1-dptrue-nw1_disagg-true_spec-none_conc7_h200-dgxc-slurm_9,/Users/sskim/Documents/Codex/2026-08-06/h200-agentx-conversation-id-benchmark-analysis/data/raw/github/run_29820102138/conc7/raw_agentic/8494487713_agentic_glm5.2_p1x1_d1x8_conc7_kvdram-hisparse_fp8_dynamo-sglang_prefill-tp1-pp1-dcp1-pcp8-ep1-dpfalse-nw1_decode-tp8-pp1-dcp1-pcp1-ep1-dptrue-nw1_disagg-true_spec-none_conc7_h200-dgxc-slurm_9/conc_7/aiperf_artifacts/profile_export.jsonl,313,metrics.usage_completion_tokens.value,metrics.usage_completion_tokens.value,metricsusagecompletiontokensvalue,313,1.0,0,0.0,0.0,int,int,1.0,9186.0,1.0,9186.0,tokens,tokens,313,tokens
7,8494487713,agentic_glm5.2_p1x1_d1x8_conc7_kvdram-hisparse_fp8_dynamo-sglang_prefill-tp1-pp1-dcp1-pcp8-ep1-dpfalse-nw1_decode-tp8-pp1-dcp1-pcp1-ep1-dptrue-nw1_disagg-true_spec-none_conc7_h200-dgxc-slurm_9,/Users/sskim/Documents/Codex/2026-08-06/h200-agentx-conversation-id-benchmark-analysis/data/raw/github/run_29820102138/conc7/raw_agentic/8494487713_agentic_glm5.2_p1x1_d1x8_conc7_kvdram-hisparse_fp8_dynamo-sglang_prefill-tp1-pp1-dcp1-pcp8-ep1-dpfalse-nw1_decode-tp8-pp1-dcp1-pcp1-ep1-dptrue-nw1_disagg-true_spec-none_conc7_h200-dgxc-slurm_9/conc_7/aiperf_artifacts/profile_export.jsonl,313,metrics.usage_prompt_cache_read_tokens.unit,metrics.usage_prompt_cache_read_tokens.unit,metricsusagepromptcachereadtokensunit,145,0.46325878594249204,0,0.0,0.0,str,str,,,,,,,0,unknown
7,8494487713,agentic_glm5.2_p1x1_d1x8_conc7_kvdram-hisparse_fp8_dynamo-sglang_prefill-tp1-pp1-dcp1-pcp8-ep1-dpfalse-nw1_decode-tp8-pp1-dcp1-pcp1-ep1-dptrue-nw1_disagg-true_spec-none_conc7_h200-dgxc-slurm_9,/Users/sskim/Documents/Codex/2026-08-06/h200-agentx-conversation-id-benchmark-analysis/data/raw/github/run_29820102138/conc7/raw_agentic/8494487713_agentic_glm5.2_p1x1_d1x8_conc7_kvdram-hisparse_fp8_dynamo-sglang_prefill-tp1-pp1-dcp1-pcp8-ep1-dpfalse-nw1_decode-tp8-pp1-dcp1-pcp1-ep1-dptrue-nw1_disagg-true_spec-none_conc7_h200-dgxc-slurm_9/conc_7/aiperf_artifacts/profile_export.jsonl,313,metrics.usage_prompt_cache_read_tokens.value,metrics.usage_prompt_cache_read_tokens.value,metricsusagepromptcachereadtokensvalue,145,0.46325878594249204,0,0.0,0.0,int,int,1664.0,300544.0,1664.0,300544.0,tokens,tokens,145,tokens
7,8494487713,agentic_glm5.2_p1x1_d1x8_conc7_kvdram-hisparse_fp8_dynamo-sglang_prefill-tp1-pp1-dcp1-pcp8-ep1-dpfalse-nw1_decode-tp8-pp1-dcp1-pcp1-ep1-dptrue-nw1_disagg-true_spec-none_conc7_h200-dgxc-slurm_9,/Users/sskim/Documents/Codex/2026-08-06/h200-agentx-conversation-id-benchmark-analysis/data/raw/github/run_29820102138/conc7/raw_agentic/8494487713_agentic_glm5.2_p1x1_d1x8_conc7_kvdram-hisparse_fp8_dynamo-sglang_prefill-tp1-pp1-dcp1-pcp8-ep1-dpfalse-nw1_decode-tp8-pp1-dcp1-pcp1-ep1-dptrue-nw1_disagg-true_spec-none_conc7_h200-dgxc-slurm_9/conc_7/aiperf_artifacts/profile_export.jsonl,313,metrics.usage_prompt_tokens.unit,metrics.usage_prompt_tokens.unit,metricsusageprompttokensunit,313,1.0,0,0.0,0.0,str,str,,,,,,,0,unknown
7,8494487713,agentic_glm5.2_p1x1_d1x8_conc7_kvdram-hisparse_fp8_dynamo-sglang_prefill-tp1-pp1-dcp1-pcp8-ep1-dpfalse-nw1_decode-tp8-pp1-dcp1-pcp1-ep1-dptrue-nw1_disagg-true_spec-none_conc7_h200-dgxc-slurm_9,/Users/sskim/Documents/Codex/2026-08-06/h200-agentx-conversation-id-benchmark-analysis/data/raw/github/run_29820102138/conc7/raw_agentic/8494487713_agentic_glm5.2_p1x1_d1x8_conc7_kvdram-hisparse_fp8_dynamo-sglang_prefill-tp1-pp1-dcp1-pcp8-ep1-dpfalse-nw1_decode-tp8-pp1-dcp1-pcp1-ep1-dptrue-nw1_disagg-true_spec-none_conc7_h200-dgxc-slurm_9/conc_7/aiperf_artifacts/profile_export.jsonl,313,metrics.usage_prompt_tokens.value,metrics.usage_prompt_tokens.value,metricsusageprompttokensvalue,313,1.0,0,0.0,0.0,int,int,1.0,148186.0,1.0,148186.0,tokens,tokens,313,tokens
7,8494487713,agentic_glm5.2_p1x1_d1x8_conc7_kvdram-hisparse_fp8_dynamo-sglang_prefill-tp1-pp1-dcp1-pcp8-ep1-dpfalse-nw1_decode-tp8-pp1-dcp1-pcp1-ep1-dptrue-nw1_disagg-true_spec-none_conc7_h200-dgxc-slurm_9,/Users/sskim/Documents/Codex/2026-08-06/h200-agentx-conversation-id-benchmark-analysis/data/raw/github/run_29820102138/conc7/raw_agentic/8494487713_agentic_glm5.2_p1x1_d1x8_conc7_kvdram-hisparse_fp8_dynamo-sglang_prefill-tp1-pp1-dcp1-pcp8-ep1-dpfalse-nw1_decode-tp8-pp1-dcp1-pcp1-ep1-dptrue-nw1_disagg-true_spec-none_conc7_h200-dgxc-slurm_9/conc_7/aiperf_artifacts/profile_export.jsonl,313,metrics.usage_total_tokens.unit,metrics.usage_total_tokens.unit,metricsusagetotaltokensunit,313,1.0,0,0.0,0.0,str,str,,,,,,,0,unknown
7,8494487713,agentic_glm5.2_p1x1_d1x8_conc7_kvdram-hisparse_fp8_dynamo-sglang_prefill-tp1-pp1-dcp1-pcp8-ep1-dpfalse-nw1_decode-tp8-pp1-dcp1-pcp1-ep1-dptrue-nw1_disagg-true_spec-none_conc7_h200-dgxc-slurm_9,/Users/sskim/Documents/Codex/2026-08-06/h200-agentx-conversation-id-benchmark-analysis/data/raw/github/run_29820102138/conc7/raw_agentic/8494487713_agentic_glm5.2_p1x1_d1x8_conc7_kvdram-hisparse_fp8_dynamo-sglang_prefill-tp1-pp1-dcp1-pcp8-ep1-dpfalse-nw1_decode-tp8-pp1-dcp1-pcp1-ep1-dptrue-nw1_disagg-true_spec-none_conc7_h200-dgxc-slurm_9/conc_7/aiperf_artifacts/profile_export.jsonl,313,metrics.usage_total_tokens.value,metrics.usage_total_tokens.value,metricsusagetotaltokensvalue,313,1.0,0,0.0,0.0,int,int,2.0,153950.0,2.0,153950.0,tokens,tokens,313,tokens
8,8496993692,agentic_glm5.2_p1x1_d1x8_conc8_kvdram-hisparse_fp8_dynamo-sglang_prefill-tp1-pp1-dcp1-pcp8-ep1-dpfalse-nw1_decode-tp8-pp1-dcp1-pcp1-ep1-dptrue-nw1_disagg-true_spec-none_conc8_h200-dgxc-slurm_5,/Users/sskim/Documents/Codex/2026-08-06/h200-agentx-conversation-id-benchmark-analysis/data/raw/github/run_29820102138/conc8/raw_agentic/8496993692_agentic_glm5.2_p1x1_d1x8_conc8_kvdram-hisparse_fp8_dynamo-sglang_prefill-tp1-pp1-dcp1-pcp8-ep1-dpfalse-nw1_decode-tp8-pp1-dcp1-pcp1-ep1-dptrue-nw1_disagg-true_spec-none_conc8_h200-dgxc-slurm_5/conc_8/aiperf_artifacts/profile_export.jsonl,302,metadata.agent_depth,metadata.agent_depth,metadataagentdepth,302,1.0,0,0.0,0.0,int,int,0.0,1.0,0.0,1.0,,,0,unknown
8,8496993692,agentic_glm5.2_p1x1_d1x8_conc8_kvdram-hisparse_fp8_dynamo-sglang_prefill-tp1-pp1-dcp1-pcp8-ep1-dpfalse-nw1_decode-tp8-pp1-dcp1-pcp1-ep1-dptrue-nw1_disagg-true_spec-none_conc8_h200-dgxc-slurm_5,/Users/sskim/Documents/Codex/2026-08-06/h200-agentx-conversation-id-benchmark-analysis/data/raw/github/run_29820102138/conc8/raw_agentic/8496993692_agentic_glm5.2_p1x1_d1x8_conc8_kvdram-hisparse_fp8_dynamo-sglang_prefill-tp1-pp1-dcp1-pcp8-ep1-dpfalse-nw1_decode-tp8-pp1-dcp1-pcp1-ep1-dptrue-nw1_disagg-true_spec-none_conc8_h200-dgxc-slurm_5/conc_8/aiperf_artifacts/profile_export.jsonl,302,metadata.benchmark_phase,metadata.benchmark_phase,metadatabenchmarkphase,302,1.0,0,0.0,0.0,str,str,,,,,,,0,unknown
8,8496993692,agentic_glm5.2_p1x1_d1x8_conc8_kvdram-hisparse_fp8_dynamo-sglang_prefill-tp1-pp1-dcp1-pcp8-ep1-dpfalse-nw1_decode-tp8-pp1-dcp1-pcp1-ep1-dptrue-nw1_disagg-true_spec-none_conc8_h200-dgxc-slurm_5,/Users/sskim/Documents/Codex/2026-08-06/h200-agentx-conversation-id-benchmark-analysis/data/raw/github/run_29820102138/conc8/raw_agentic/8496993692_agentic_glm5.2_p1x1_d1x8_conc8_kvdram-hisparse_fp8_dynamo-sglang_prefill-tp1-pp1-dcp1-pcp8-ep1-dpfalse-nw1_decode-tp8-pp1-dcp1-pcp1-ep1-dptrue-nw1_disagg-true_spec-none_conc8_h200-dgxc-slurm_5/conc_8/aiperf_artifacts/profile_export.jsonl,302,metadata.context_overflow_skip,metadata.context_overflow_skip,metadatacontextoverflowskip,302,1.0,0,0.0,0.0,bool,bool,,,,,,,0,unknown
8,8496993692,agentic_glm5.2_p1x1_d1x8_conc8_kvdram-hisparse_fp8_dynamo-sglang_prefill-tp1-pp1-dcp1-pcp8-ep1-dpfalse-nw1_decode-tp8-pp1-dcp1-pcp1-ep1-dptrue-nw1_disagg-true_spec-none_conc8_h200-dgxc-slurm_5,/Users/sskim/Documents/Codex/2026-08-06/h200-agentx-conversation-id-benchmark-analysis/data/raw/github/run_29820102138/conc8/raw_agentic/8496993692_agentic_glm5.2_p1x1_d1x8_conc8_kvdram-hisparse_fp8_dynamo-sglang_prefill-tp1-pp1-dcp1-pcp8-ep1-dpfalse-nw1_decode-tp8-pp1-dcp1-pcp1-ep1-dptrue-nw1_disagg-true_spec-none_conc8_h200-dgxc-slurm_5/conc_8/aiperf_artifacts/profile_export.jsonl,302,metadata.conversation_id,metadata.conversation_id,metadataconversationid,302,1.0,0,0.0,0.0,str,str,,,,,,,0,unknown
8,8496993692,agentic_glm5.2_p1x1_d1x8_conc8_kvdram-hisparse_fp8_dynamo-sglang_prefill-tp1-pp1-dcp1-pcp8-ep1-dpfalse-nw1_decode-tp8-pp1-dcp1-pcp1-ep1-dptrue-nw1_disagg-true_spec-none_conc8_h200-dgxc-slurm_5,/Users/sskim/Documents/Codex/2026-08-06/h200-agentx-conversation-id-benchmark-analysis/data/raw/github/run_29820102138/conc8/raw_agentic/8496993692_agentic_glm5.2_p1x1_d1x8_conc8_kvdram-hisparse_fp8_dynamo-sglang_prefill-tp1-pp1-dcp1-pcp8-ep1-dpfalse-nw1_decode-tp8-pp1-dcp1-pcp1-ep1-dptrue-nw1_disagg-true_spec-none_conc8_h200-dgxc-slurm_5/conc_8/aiperf_artifacts/profile_export.jsonl,302,metadata.credit_issued_ns,metadata.credit_issued_ns,metadatacreditissuedns,302,1.0,0,0.0,0.0,int,int,1.7846360425081508e+18,1.7846405480213274e+18,1.7846360425081508e+18,1.7846405480213274e+18,,,0,nanoseconds
8,8496993692,agentic_glm5.2_p1x1_d1x8_conc8_kvdram-hisparse_fp8_dynamo-sglang_prefill-tp1-pp1-dcp1-pcp8-ep1-dpfalse-nw1_decode-tp8-pp1-dcp1-pcp1-ep1-dptrue-nw1_disagg-true_spec-none_conc8_h200-dgxc-slurm_5,/Users/sskim/Documents/Codex/2026-08-06/h200-agentx-conversation-id-benchmark-analysis/data/raw/github/run_29820102138/conc8/raw_agentic/8496993692_agentic_glm5.2_p1x1_d1x8_conc8_kvdram-hisparse_fp8_dynamo-sglang_prefill-tp1-pp1-dcp1-pcp8-ep1-dpfalse-nw1_decode-tp8-pp1-dcp1-pcp1-ep1-dptrue-nw1_disagg-true_spec-none_conc8_h200-dgxc-slurm_5/conc_8/aiperf_artifacts/profile_export.jsonl,302,metadata.parent_correlation_id,metadata.parent_correlation_id,metadataparentcorrelationid,201,0.6655629139072847,0,0.0,0.0,str,str,,,,,,,0,unknown
8,8496993692,agentic_glm5.2_p1x1_d1x8_conc8_kvdram-hisparse_fp8_dynamo-sglang_prefill-tp1-pp1-dcp1-pcp8-ep1-dpfalse-nw1_decode-tp8-pp1-dcp1-pcp1-ep1-dptrue-nw1_disagg-true_spec-none_conc8_h200-dgxc-slurm_5,/Users/sskim/Documents/Codex/2026-08-06/h200-agentx-conversation-id-benchmark-analysis/data/raw/github/run_29820102138/conc8/raw_agentic/8496993692_agentic_glm5.2_p1x1_d1x8_conc8_kvdram-hisparse_fp8_dynamo-sglang_prefill-tp1-pp1-dcp1-pcp8-ep1-dpfalse-nw1_decode-tp8-pp1-dcp1-pcp1-ep1-dptrue-nw1_disagg-true_spec-none_conc8_h200-dgxc-slurm_5/conc_8/aiperf_artifacts/profile_export.jsonl,302,metadata.record_processor_id,metadata.record_processor_id,metadatarecordprocessorid,302,1.0,0,0.0,0.0,str,str,,,,,,,0,unknown
8,8496993692,agentic_glm5.2_p1x1_d1x8_conc8_kvdram-hisparse_fp8_dynamo-sglang_prefill-tp1-pp1-dcp1-pcp8-ep1-dpfalse-nw1_decode-tp8-pp1-dcp1-pcp1-ep1-dptrue-nw1_disagg-true_spec-none_conc8_h200-dgxc-slurm_5,/Users/sskim/Documents/Codex/2026-08-06/h200-agentx-conversation-id-benchmark-analysis/data/raw/github/run_29820102138/conc8/raw_agentic/8496993692_agentic_glm5.2_p1x1_d1x8_conc8_kvdram-hisparse_fp8_dynamo-sglang_prefill-tp1-pp1-dcp1-pcp8-ep1-dpfalse-nw1_decode-tp8-pp1-dcp1-pcp1-ep1-dptrue-nw1_disagg-true_spec-none_conc8_h200-dgxc-slurm_5/conc_8/aiperf_artifacts/profile_export.jsonl,302,metadata.request_ack_ns,metadata.request_ack_ns,metadatarequestackns,302,1.0,0,0.0,0.0,int,int,1.7846360425814106e+18,1.7846407039072468e+18,1.7846360425814106e+18,1.7846407039072468e+18,,,0,nanoseconds
8,8496993692,agentic_glm5.2_p1x1_d1x8_conc8_kvdram-hisparse_fp8_dynamo-sglang_prefill-tp1-pp1-dcp1-pcp8-ep1-dpfalse-nw1_decode-tp8-pp1-dcp1-pcp1-ep1-dptrue-nw1_disagg-true_spec-none_conc8_h200-dgxc-slurm_5,/Users/sskim/Documents/Codex/2026-08-06/h200-agentx-conversation-id-benchmark-analysis/data/raw/github/run_29820102138/conc8/raw_agentic/8496993692_agentic_glm5.2_p1x1_d1x8_conc8_kvdram-hisparse_fp8_dynamo-sglang_prefill-tp1-pp1-dcp1-pcp8-ep1-dpfalse-nw1_decode-tp8-pp1-dcp1-pcp1-ep1-dptrue-nw1_disagg-true_spec-none_conc8_h200-dgxc-slurm_5/conc_8/aiperf_artifacts/profile_export.jsonl,302,metadata.request_end_ns,metadata.request_end_ns,metadatarequestendns,302,1.0,0,0.0,0.0,int,int,1.784636087012341e+18,1.7846407681240381e+18,1.784636087012341e+18,1.7846407681240381e+18,,,0,nanoseconds
8,8496993692,agentic_glm5.2_p1x1_d1x8_conc8_kvdram-hisparse_fp8_dynamo-sglang_prefill-tp1-pp1-dcp1-pcp8-ep1-dpfalse-nw1_decode-tp8-pp1-dcp1-pcp1-ep1-dptrue-nw1_disagg-true_spec-none_conc8_h200-dgxc-slurm_5,/Users/sskim/Documents/Codex/2026-08-06/h200-agentx-conversation-id-benchmark-analysis/data/raw/github/run_29820102138/conc8/raw_agentic/8496993692_agentic_glm5.2_p1x1_d1x8_conc8_kvdram-hisparse_fp8_dynamo-sglang_prefill-tp1-pp1-dcp1-pcp8-ep1-dpfalse-nw1_decode-tp8-pp1-dcp1-pcp1-ep1-dptrue-nw1_disagg-true_spec-none_conc8_h200-dgxc-slurm_5/conc_8/aiperf_artifacts/profile_export.jsonl,302,metadata.request_start_ns,metadata.request_start_ns,metadatarequeststartns,302,1.0,0,0.0,0.0,int,int,1.7846360425142305e+18,1.7846405480222323e+18,1.7846360425142305e+18,1.7846405480222323e+18,,,0,nanoseconds
8,8496993692,agentic_glm5.2_p1x1_d1x8_conc8_kvdram-hisparse_fp8_dynamo-sglang_prefill-tp1-pp1-dcp1-pcp8-ep1-dpfalse-nw1_decode-tp8-pp1-dcp1-pcp1-ep1-dptrue-nw1_disagg-true_spec-none_conc8_h200-dgxc-slurm_5,/Users/sskim/Documents/Codex/2026-08-06/h200-agentx-conversation-id-benchmark-analysis/data/raw/github/run_29820102138/conc8/raw_agentic/8496993692_agentic_glm5.2_p1x1_d1x8_conc8_kvdram-hisparse_fp8_dynamo-sglang_prefill-tp1-pp1-dcp1-pcp8-ep1-dpfalse-nw1_decode-tp8-pp1-dcp1-pcp1-ep1-dptrue-nw1_disagg-true_spec-none_conc8_h200-dgxc-slurm_5/conc_8/aiperf_artifacts/profile_export.jsonl,302,metadata.root_correlation_id,metadata.root_correlation_id,metadatarootcorrelationid,302,1.0,0,0.0,0.0,str,str,,,,,,,0,unknown
8,8496993692,agentic_glm5.2_p1x1_d1x8_conc8_kvdram-hisparse_fp8_dynamo-sglang_prefill-tp1-pp1-dcp1-pcp8-ep1-dpfalse-nw1_decode-tp8-pp1-dcp1-pcp1-ep1-dptrue-nw1_disagg-true_spec-none_conc8_h200-dgxc-slurm_5,/Users/sskim/Documents/Codex/2026-08-06/h200-agentx-conversation-id-benchmark-analysis/data/raw/github/run_29820102138/conc8/raw_agentic/8496993692_agentic_glm5.2_p1x1_d1x8_conc8_kvdram-hisparse_fp8_dynamo-sglang_prefill-tp1-pp1-dcp1-pcp8-ep1-dpfalse-nw1_decode-tp8-pp1-dcp1-pcp1-ep1-dptrue-nw1_disagg-true_spec-none_conc8_h200-dgxc-slurm_5/conc_8/aiperf_artifacts/profile_export.jsonl,302,metadata.session_num,metadata.session_num,metadatasessionnum,302,1.0,0,0.0,0.0,int,int,0.0,219.0,0.0,219.0,,,0,unknown
8,8496993692,agentic_glm5.2_p1x1_d1x8_conc8_kvdram-hisparse_fp8_dynamo-sglang_prefill-tp1-pp1-dcp1-pcp8-ep1-dpfalse-nw1_decode-tp8-pp1-dcp1-pcp1-ep1-dptrue-nw1_disagg-true_spec-none_conc8_h200-dgxc-slurm_5,/Users/sskim/Documents/Codex/2026-08-06/h200-agentx-conversation-id-benchmark-analysis/data/raw/github/run_29820102138/conc8/raw_agentic/8496993692_agentic_glm5.2_p1x1_d1x8_conc8_kvdram-hisparse_fp8_dynamo-sglang_prefill-tp1-pp1-dcp1-pcp8-ep1-dpfalse-nw1_decode-tp8-pp1-dcp1-pcp1-ep1-dptrue-nw1_disagg-true_spec-none_conc8_h200-dgxc-slurm_5/conc_8/aiperf_artifacts/profile_export.jsonl,302,metadata.source_inner_idx,metadata.source_inner_idx,metadatasourceinneridx,156,0.5165562913907285,0,0.0,0.0,int,int,0.0,20.0,0.0,20.0,,,0,unknown
8,8496993692,agentic_glm5.2_p1x1_d1x8_conc8_kvdram-hisparse_fp8_dynamo-sglang_prefill-tp1-pp1-dcp1-pcp8-ep1-dpfalse-nw1_decode-tp8-pp1-dcp1-pcp1-ep1-dptrue-nw1_disagg-true_spec-none_conc8_h200-dgxc-slurm_5,/Users/sskim/Documents/Codex/2026-08-06/h200-agentx-conversation-id-benchmark-analysis/data/raw/github/run_29820102138/conc8/raw_agentic/8496993692_agentic_glm5.2_p1x1_d1x8_conc8_kvdram-hisparse_fp8_dynamo-sglang_prefill-tp1-pp1-dcp1-pcp8-ep1-dpfalse-nw1_decode-tp8-pp1-dcp1-pcp1-ep1-dptrue-nw1_disagg-true_spec-none_conc8_h200-dgxc-slurm_5/conc_8/aiperf_artifacts/profile_export.jsonl,302,metadata.source_kind,metadata.source_kind,metadatasourcekind,302,1.0,0,0.0,0.0,str,str,,,,,,,0,unknown
8,8496993692,agentic_glm5.2_p1x1_d1x8_conc8_kvdram-hisparse_fp8_dynamo-sglang_prefill-tp1-pp1-dcp1-pcp8-ep1-dpfalse-nw1_decode-tp8-pp1-dcp1-pcp1-ep1-dptrue-nw1_disagg-true_spec-none_conc8_h200-dgxc-slurm_5,/Users/sskim/Documents/Codex/2026-08-06/h200-agentx-conversation-id-benchmark-analysis/data/raw/github/run_29820102138/conc8/raw_agentic/8496993692_agentic_glm5.2_p1x1_d1x8_conc8_kvdram-hisparse_fp8_dynamo-sglang_prefill-tp1-pp1-dcp1-pcp8-ep1-dpfalse-nw1_decode-tp8-pp1-dcp1-pcp1-ep1-dptrue-nw1_disagg-true_spec-none_conc8_h200-dgxc-slurm_5/conc_8/aiperf_artifacts/profile_export.jsonl,302,metadata.source_outer_idx,metadata.source_outer_idx,metadatasourceouteridx,302,1.0,0,0.0,0.0,int,int,0.0,624.0,0.0,624.0,,,0,unknown
8,8496993692,agentic_glm5.2_p1x1_d1x8_conc8_kvdram-hisparse_fp8_dynamo-sglang_prefill-tp1-pp1-dcp1-pcp8-ep1-dpfalse-nw1_decode-tp8-pp1-dcp1-pcp1-ep1-dptrue-nw1_disagg-true_spec-none_conc8_h200-dgxc-slurm_5,/Users/sskim/Documents/Codex/2026-08-06/h200-agentx-conversation-id-benchmark-analysis/data/raw/github/run_29820102138/conc8/raw_agentic/8496993692_agentic_glm5.2_p1x1_d1x8_conc8_kvdram-hisparse_fp8_dynamo-sglang_prefill-tp1-pp1-dcp1-pcp8-ep1-dpfalse-nw1_decode-tp8-pp1-dcp1-pcp1-ep1-dptrue-nw1_disagg-true_spec-none_conc8_h200-dgxc-slurm_5/conc_8/aiperf_artifacts/profile_export.jsonl,302,metadata.source_trace_id,metadata.source_trace_id,metadatasourcetraceid,302,1.0,0,0.0,0.0,str,str,,,,,,,0,unknown
8,8496993692,agentic_glm5.2_p1x1_d1x8_conc8_kvdram-hisparse_fp8_dynamo-sglang_prefill-tp1-pp1-dcp1-pcp8-ep1-dpfalse-nw1_decode-tp8-pp1-dcp1-pcp1-ep1-dptrue-nw1_disagg-true_spec-none_conc8_h200-dgxc-slurm_5,/Users/sskim/Documents/Codex/2026-08-06/h200-agentx-conversation-id-benchmark-analysis/data/raw/github/run_29820102138/conc8/raw_agentic/8496993692_agentic_glm5.2_p1x1_d1x8_conc8_kvdram-hisparse_fp8_dynamo-sglang_prefill-tp1-pp1-dcp1-pcp8-ep1-dpfalse-nw1_decode-tp8-pp1-dcp1-pcp1-ep1-dptrue-nw1_disagg-true_spec-none_conc8_h200-dgxc-slurm_5/conc_8/aiperf_artifacts/profile_export.jsonl,302,metadata.turn_index,metadata.turn_index,metadataturnindex,302,1.0,0,0.0,0.0,int,int,0.0,169.0,0.0,169.0,,,0,unknown
8,8496993692,agentic_glm5.2_p1x1_d1x8_conc8_kvdram-hisparse_fp8_dynamo-sglang_prefill-tp1-pp1-dcp1-pcp8-ep1-dpfalse-nw1_decode-tp8-pp1-dcp1-pcp1-ep1-dptrue-nw1_disagg-true_spec-none_conc8_h200-dgxc-slurm_5,/Users/sskim/Documents/Codex/2026-08-06/h200-agentx-conversation-id-benchmark-analysis/data/raw/github/run_29820102138/conc8/raw_agentic/8496993692_agentic_glm5.2_p1x1_d1x8_conc8_kvdram-hisparse_fp8_dynamo-sglang_prefill-tp1-pp1-dcp1-pcp8-ep1-dpfalse-nw1_decode-tp8-pp1-dcp1-pcp1-ep1-dptrue-nw1_disagg-true_spec-none_conc8_h200-dgxc-slurm_5/conc_8/aiperf_artifacts/profile_export.jsonl,302,metadata.was_cancelled,metadata.was_cancelled,metadatawascancelled,302,1.0,0,0.0,0.0,bool,bool,,,,,,,0,unknown
8,8496993692,agentic_glm5.2_p1x1_d1x8_conc8_kvdram-hisparse_fp8_dynamo-sglang_prefill-tp1-pp1-dcp1-pcp8-ep1-dpfalse-nw1_decode-tp8-pp1-dcp1-pcp1-ep1-dptrue-nw1_disagg-true_spec-none_conc8_h200-dgxc-slurm_5,/Users/sskim/Documents/Codex/2026-08-06/h200-agentx-conversation-id-benchmark-analysis/data/raw/github/run_29820102138/conc8/raw_agentic/8496993692_agentic_glm5.2_p1x1_d1x8_conc8_kvdram-hisparse_fp8_dynamo-sglang_prefill-tp1-pp1-dcp1-pcp8-ep1-dpfalse-nw1_decode-tp8-pp1-dcp1-pcp1-ep1-dptrue-nw1_disagg-true_spec-none_conc8_h200-dgxc-slurm_5/conc_8/aiperf_artifacts/profile_export.jsonl,302,metadata.worker_id,metadata.worker_id,metadataworkerid,302,1.0,0,0.0,0.0,str,str,,,,,,,0,unknown
8,8496993692,agentic_glm5.2_p1x1_d1x8_conc8_kvdram-hisparse_fp8_dynamo-sglang_prefill-tp1-pp1-dcp1-pcp8-ep1-dpfalse-nw1_decode-tp8-pp1-dcp1-pcp1-ep1-dptrue-nw1_disagg-true_spec-none_conc8_h200-dgxc-slurm_5,/Users/sskim/Documents/Codex/2026-08-06/h200-agentx-conversation-id-benchmark-analysis/data/raw/github/run_29820102138/conc8/raw_agentic/8496993692_agentic_glm5.2_p1x1_d1x8_conc8_kvdram-hisparse_fp8_dynamo-sglang_prefill-tp1-pp1-dcp1-pcp8-ep1-dpfalse-nw1_decode-tp8-pp1-dcp1-pcp1-ep1-dptrue-nw1_disagg-true_spec-none_conc8_h200-dgxc-slurm_5/conc_8/aiperf_artifacts/profile_export.jsonl,302,metadata.x_correlation_id,metadata.x_correlation_id,metadataxcorrelationid,302,1.0,0,0.0,0.0,str,str,,,,,,,0,unknown
8,8496993692,agentic_glm5.2_p1x1_d1x8_conc8_kvdram-hisparse_fp8_dynamo-sglang_prefill-tp1-pp1-dcp1-pcp8-ep1-dpfalse-nw1_decode-tp8-pp1-dcp1-pcp1-ep1-dptrue-nw1_disagg-true_spec-none_conc8_h200-dgxc-slurm_5,/Users/sskim/Documents/Codex/2026-08-06/h200-agentx-conversation-id-benchmark-analysis/data/raw/github/run_29820102138/conc8/raw_agentic/8496993692_agentic_glm5.2_p1x1_d1x8_conc8_kvdram-hisparse_fp8_dynamo-sglang_prefill-tp1-pp1-dcp1-pcp8-ep1-dpfalse-nw1_decode-tp8-pp1-dcp1-pcp1-ep1-dptrue-nw1_disagg-true_spec-none_conc8_h200-dgxc-slurm_5/conc_8/aiperf_artifacts/profile_export.jsonl,302,metadata.x_request_id,metadata.x_request_id,metadataxrequestid,302,1.0,0,0.0,0.0,str,str,,,,,,,0,unknown
8,8496993692,agentic_glm5.2_p1x1_d1x8_conc8_kvdram-hisparse_fp8_dynamo-sglang_prefill-tp1-pp1-dcp1-pcp8-ep1-dpfalse-nw1_decode-tp8-pp1-dcp1-pcp1-ep1-dptrue-nw1_disagg-true_spec-none_conc8_h200-dgxc-slurm_5,/Users/sskim/Documents/Codex/2026-08-06/h200-agentx-conversation-id-benchmark-analysis/data/raw/github/run_29820102138/conc8/raw_agentic/8496993692_agentic_glm5.2_p1x1_d1x8_conc8_kvdram-hisparse_fp8_dynamo-sglang_prefill-tp1-pp1-dcp1-pcp8-ep1-dpfalse-nw1_decode-tp8-pp1-dcp1-pcp1-ep1-dptrue-nw1_disagg-true_spec-none_conc8_h200-dgxc-slurm_5/conc_8/aiperf_artifacts/profile_export.jsonl,302,metrics.e2e_output_token_throughput.unit,metrics.e2e_output_token_throughput.unit,metricse2eoutputtokenthroughputunit,302,1.0,0,0.0,0.0,str,str,,,,,,,0,unknown
8,8496993692,agentic_glm5.2_p1x1_d1x8_conc8_kvdram-hisparse_fp8_dynamo-sglang_prefill-tp1-pp1-dcp1-pcp8-ep1-dpfalse-nw1_decode-tp8-pp1-dcp1-pcp1-ep1-dptrue-nw1_disagg-true_spec-none_conc8_h200-dgxc-slurm_5,/Users/sskim/Documents/Codex/2026-08-06/h200-agentx-conversation-id-benchmark-analysis/data/raw/github/run_29820102138/conc8/raw_agentic/8496993692_agentic_glm5.2_p1x1_d1x8_conc8_kvdram-hisparse_fp8_dynamo-sglang_prefill-tp1-pp1-dcp1-pcp8-ep1-dpfalse-nw1_decode-tp8-pp1-dcp1-pcp1-ep1-dptrue-nw1_disagg-true_spec-none_conc8_h200-dgxc-slurm_5/conc_8/aiperf_artifacts/profile_export.jsonl,302,metrics.e2e_output_token_throughput.value,metrics.e2e_output_token_throughput.value,metricse2eoutputtokenthroughputvalue,302,1.0,0,0.0,0.0,float,float,0.0022246424670505243,18.694765103775694,0.0022246424670505243,18.694765103775694,tokens/sec/user,tokens/sec/user,302,tokens/sec/user
8,8496993692,agentic_glm5.2_p1x1_d1x8_conc8_kvdram-hisparse_fp8_dynamo-sglang_prefill-tp1-pp1-dcp1-pcp8-ep1-dpfalse-nw1_decode-tp8-pp1-dcp1-pcp1-ep1-dptrue-nw1_disagg-true_spec-none_conc8_h200-dgxc-slurm_5,/Users/sskim/Documents/Codex/2026-08-06/h200-agentx-conversation-id-benchmark-analysis/data/raw/github/run_29820102138/conc8/raw_agentic/8496993692_agentic_glm5.2_p1x1_d1x8_conc8_kvdram-hisparse_fp8_dynamo-sglang_prefill-tp1-pp1-dcp1-pcp8-ep1-dpfalse-nw1_decode-tp8-pp1-dcp1-pcp1-ep1-dptrue-nw1_disagg-true_spec-none_conc8_h200-dgxc-slurm_5/conc_8/aiperf_artifacts/profile_export.jsonl,302,metrics.http_req_blocked.unit,metrics.http_req_blocked.unit,metricshttpreqblockedunit,302,1.0,0,0.0,0.0,str,str,,,,,,,0,unknown
8,8496993692,agentic_glm5.2_p1x1_d1x8_conc8_kvdram-hisparse_fp8_dynamo-sglang_prefill-tp1-pp1-dcp1-pcp8-ep1-dpfalse-nw1_decode-tp8-pp1-dcp1-pcp1-ep1-dptrue-nw1_disagg-true_spec-none_conc8_h200-dgxc-slurm_5,/Users/sskim/Documents/Codex/2026-08-06/h200-agentx-conversation-id-benchmark-analysis/data/raw/github/run_29820102138/conc8/raw_agentic/8496993692_agentic_glm5.2_p1x1_d1x8_conc8_kvdram-hisparse_fp8_dynamo-sglang_prefill-tp1-pp1-dcp1-pcp8-ep1-dpfalse-nw1_decode-tp8-pp1-dcp1-pcp1-ep1-dptrue-nw1_disagg-true_spec-none_conc8_h200-dgxc-slurm_5/conc_8/aiperf_artifacts/profile_export.jsonl,302,metrics.http_req_blocked.value,metrics.http_req_blocked.value,metricshttpreqblockedvalue,302,1.0,0,0.0,0.0,float,float,0.0,0.0,0.0,0.0,ms,ms,302,ms
8,8496993692,agentic_glm5.2_p1x1_d1x8_conc8_kvdram-hisparse_fp8_dynamo-sglang_prefill-tp1-pp1-dcp1-pcp8-ep1-dpfalse-nw1_decode-tp8-pp1-dcp1-pcp1-ep1-dptrue-nw1_disagg-true_spec-none_conc8_h200-dgxc-slurm_5,/Users/sskim/Documents/Codex/2026-08-06/h200-agentx-conversation-id-benchmark-analysis/data/raw/github/run_29820102138/conc8/raw_agentic/8496993692_agentic_glm5.2_p1x1_d1x8_conc8_kvdram-hisparse_fp8_dynamo-sglang_prefill-tp1-pp1-dcp1-pcp8-ep1-dpfalse-nw1_decode-tp8-pp1-dcp1-pcp1-ep1-dptrue-nw1_disagg-true_spec-none_conc8_h200-dgxc-slurm_5/conc_8/aiperf_artifacts/profile_export.jsonl,302,metrics.http_req_chunks_received.unit,metrics.http_req_chunks_received.unit,metricshttpreqchunksreceivedunit,302,1.0,0,0.0,0.0,str,str,,,,,,,0,unknown
8,8496993692,agentic_glm5.2_p1x1_d1x8_conc8_kvdram-hisparse_fp8_dynamo-sglang_prefill-tp1-pp1-dcp1-pcp8-ep1-dpfalse-nw1_decode-tp8-pp1-dcp1-pcp1-ep1-dptrue-nw1_disagg-true_spec-none_conc8_h200-dgxc-slurm_5,/Users/sskim/Documents/Codex/2026-08-06/h200-agentx-conversation-id-benchmark-analysis/data/raw/github/run_29820102138/conc8/raw_agentic/8496993692_agentic_glm5.2_p1x1_d1x8_conc8_kvdram-hisparse_fp8_dynamo-sglang_prefill-tp1-pp1-dcp1-pcp8-ep1-dpfalse-nw1_decode-tp8-pp1-dcp1-pcp1-ep1-dptrue-nw1_disagg-true_spec-none_conc8_h200-dgxc-slurm_5/conc_8/aiperf_artifacts/profile_export.jsonl,302,metrics.http_req_chunks_received.value,metrics.http_req_chunks_received.value,metricshttpreqchunksreceivedvalue,302,1.0,0,0.0,0.0,int,int,1.0,155.0,1.0,155.0,count,count,302,count
8,8496993692,agentic_glm5.2_p1x1_d1x8_conc8_kvdram-hisparse_fp8_dynamo-sglang_prefill-tp1-pp1-dcp1-pcp8-ep1-dpfalse-nw1_decode-tp8-pp1-dcp1-pcp1-ep1-dptrue-nw1_disagg-true_spec-none_conc8_h200-dgxc-slurm_5,/Users/sskim/Documents/Codex/2026-08-06/h200-agentx-conversation-id-benchmark-analysis/data/raw/github/run_29820102138/conc8/raw_agentic/8496993692_agentic_glm5.2_p1x1_d1x8_conc8_kvdram-hisparse_fp8_dynamo-sglang_prefill-tp1-pp1-dcp1-pcp8-ep1-dpfalse-nw1_decode-tp8-pp1-dcp1-pcp1-ep1-dptrue-nw1_disagg-true_spec-none_conc8_h200-dgxc-slurm_5/conc_8/aiperf_artifacts/profile_export.jsonl,302,metrics.http_req_chunks_sent.unit,metrics.http_req_chunks_sent.unit,metricshttpreqchunkssentunit,302,1.0,0,0.0,0.0,str,str,,,,,,,0,unknown
8,8496993692,agentic_glm5.2_p1x1_d1x8_conc8_kvdram-hisparse_fp8_dynamo-sglang_prefill-tp1-pp1-dcp1-pcp8-ep1-dpfalse-nw1_decode-tp8-pp1-dcp1-pcp1-ep1-dptrue-nw1_disagg-true_spec-none_conc8_h200-dgxc-slurm_5,/Users/sskim/Documents/Codex/2026-08-06/h200-agentx-conversation-id-benchmark-analysis/data/raw/github/run_29820102138/conc8/raw_agentic/8496993692_agentic_glm5.2_p1x1_d1x8_conc8_kvdram-hisparse_fp8_dynamo-sglang_prefill-tp1-pp1-dcp1-pcp8-ep1-dpfalse-nw1_decode-tp8-pp1-dcp1-pcp1-ep1-dptrue-nw1_disagg-true_spec-none_conc8_h200-dgxc-slurm_5/conc_8/aiperf_artifacts/profile_export.jsonl,302,metrics.http_req_chunks_sent.value,metrics.http_req_chunks_sent.value,metricshttpreqchunkssentvalue,302,1.0,0,0.0,0.0,int,int,1.0,1.0,1.0,1.0,count,count,302,count
8,8496993692,agentic_glm5.2_p1x1_d1x8_conc8_kvdram-hisparse_fp8_dynamo-sglang_prefill-tp1-pp1-dcp1-pcp8-ep1-dpfalse-nw1_decode-tp8-pp1-dcp1-pcp1-ep1-dptrue-nw1_disagg-true_spec-none_conc8_h200-dgxc-slurm_5,/Users/sskim/Documents/Codex/2026-08-06/h200-agentx-conversation-id-benchmark-analysis/data/raw/github/run_29820102138/conc8/raw_agentic/8496993692_agentic_glm5.2_p1x1_d1x8_conc8_kvdram-hisparse_fp8_dynamo-sglang_prefill-tp1-pp1-dcp1-pcp8-ep1-dpfalse-nw1_decode-tp8-pp1-dcp1-pcp1-ep1-dptrue-nw1_disagg-true_spec-none_conc8_h200-dgxc-slurm_5/conc_8/aiperf_artifacts/profile_export.jsonl,302,metrics.http_req_connecting.unit,metrics.http_req_connecting.unit,metricshttpreqconnectingunit,302,1.0,0,0.0,0.0,str,str,,,,,,,0,unknown
8,8496993692,agentic_glm5.2_p1x1_d1x8_conc8_kvdram-hisparse_fp8_dynamo-sglang_prefill-tp1-pp1-dcp1-pcp8-ep1-dpfalse-nw1_decode-tp8-pp1-dcp1-pcp1-ep1-dptrue-nw1_disagg-true_spec-none_conc8_h200-dgxc-slurm_5,/Users/sskim/Documents/Codex/2026-08-06/h200-agentx-conversation-id-benchmark-analysis/data/raw/github/run_29820102138/conc8/raw_agentic/8496993692_agentic_glm5.2_p1x1_d1x8_conc8_kvdram-hisparse_fp8_dynamo-sglang_prefill-tp1-pp1-dcp1-pcp8-ep1-dpfalse-nw1_decode-tp8-pp1-dcp1-pcp1-ep1-dptrue-nw1_disagg-true_spec-none_conc8_h200-dgxc-slurm_5/conc_8/aiperf_artifacts/profile_export.jsonl,302,metrics.http_req_connecting.value,metrics.http_req_connecting.value,metricshttpreqconnectingvalue,302,1.0,0,0.0,0.0,float,float,0.0,11.434192,0.0,11.434192,ms,ms,302,ms
8,8496993692,agentic_glm5.2_p1x1_d1x8_conc8_kvdram-hisparse_fp8_dynamo-sglang_prefill-tp1-pp1-dcp1-pcp8-ep1-dpfalse-nw1_decode-tp8-pp1-dcp1-pcp1-ep1-dptrue-nw1_disagg-true_spec-none_conc8_h200-dgxc-slurm_5,/Users/sskim/Documents/Codex/2026-08-06/h200-agentx-conversation-id-benchmark-analysis/data/raw/github/run_29820102138/conc8/raw_agentic/8496993692_agentic_glm5.2_p1x1_d1x8_conc8_kvdram-hisparse_fp8_dynamo-sglang_prefill-tp1-pp1-dcp1-pcp8-ep1-dpfalse-nw1_decode-tp8-pp1-dcp1-pcp1-ep1-dptrue-nw1_disagg-true_spec-none_conc8_h200-dgxc-slurm_5/conc_8/aiperf_artifacts/profile_export.jsonl,302,metrics.http_req_connection_overhead.unit,metrics.http_req_connection_overhead.unit,metricshttpreqconnectionoverheadunit,302,1.0,0,0.0,0.0,str,str,,,,,,,0,unknown
8,8496993692,agentic_glm5.2_p1x1_d1x8_conc8_kvdram-hisparse_fp8_dynamo-sglang_prefill-tp1-pp1-dcp1-pcp8-ep1-dpfalse-nw1_decode-tp8-pp1-dcp1-pcp1-ep1-dptrue-nw1_disagg-true_spec-none_conc8_h200-dgxc-slurm_5,/Users/sskim/Documents/Codex/2026-08-06/h200-agentx-conversation-id-benchmark-analysis/data/raw/github/run_29820102138/conc8/raw_agentic/8496993692_agentic_glm5.2_p1x1_d1x8_conc8_kvdram-hisparse_fp8_dynamo-sglang_prefill-tp1-pp1-dcp1-pcp8-ep1-dpfalse-nw1_decode-tp8-pp1-dcp1-pcp1-ep1-dptrue-nw1_disagg-true_spec-none_conc8_h200-dgxc-slurm_5/conc_8/aiperf_artifacts/profile_export.jsonl,302,metrics.http_req_connection_overhead.value,metrics.http_req_connection_overhead.value,metricshttpreqconnectionoverheadvalue,302,1.0,0,0.0,0.0,float,float,0.0,20.987001,0.0,20.987001,ms,ms,302,ms
8,8496993692,agentic_glm5.2_p1x1_d1x8_conc8_kvdram-hisparse_fp8_dynamo-sglang_prefill-tp1-pp1-dcp1-pcp8-ep1-dpfalse-nw1_decode-tp8-pp1-dcp1-pcp1-ep1-dptrue-nw1_disagg-true_spec-none_conc8_h200-dgxc-slurm_5,/Users/sskim/Documents/Codex/2026-08-06/h200-agentx-conversation-id-benchmark-analysis/data/raw/github/run_29820102138/conc8/raw_agentic/8496993692_agentic_glm5.2_p1x1_d1x8_conc8_kvdram-hisparse_fp8_dynamo-sglang_prefill-tp1-pp1-dcp1-pcp8-ep1-dpfalse-nw1_decode-tp8-pp1-dcp1-pcp1-ep1-dptrue-nw1_disagg-true_spec-none_conc8_h200-dgxc-slurm_5/conc_8/aiperf_artifacts/profile_export.jsonl,302,metrics.http_req_connection_reused.unit,metrics.http_req_connection_reused.unit,metricshttpreqconnectionreusedunit,302,1.0,0,0.0,0.0,str,str,,,,,,,0,unknown
8,8496993692,agentic_glm5.2_p1x1_d1x8_conc8_kvdram-hisparse_fp8_dynamo-sglang_prefill-tp1-pp1-dcp1-pcp8-ep1-dpfalse-nw1_decode-tp8-pp1-dcp1-pcp1-ep1-dptrue-nw1_disagg-true_spec-none_conc8_h200-dgxc-slurm_5,/Users/sskim/Documents/Codex/2026-08-06/h200-agentx-conversation-id-benchmark-analysis/data/raw/github/run_29820102138/conc8/raw_agentic/8496993692_agentic_glm5.2_p1x1_d1x8_conc8_kvdram-hisparse_fp8_dynamo-sglang_prefill-tp1-pp1-dcp1-pcp8-ep1-dpfalse-nw1_decode-tp8-pp1-dcp1-pcp1-ep1-dptrue-nw1_disagg-true_spec-none_conc8_h200-dgxc-slurm_5/conc_8/aiperf_artifacts/profile_export.jsonl,302,metrics.http_req_connection_reused.value,metrics.http_req_connection_reused.value,metricshttpreqconnectionreusedvalue,302,1.0,0,0.0,0.0,int,int,0.0,1.0,0.0,1.0,ratio,ratio,302,ratio
8,8496993692,agentic_glm5.2_p1x1_d1x8_conc8_kvdram-hisparse_fp8_dynamo-sglang_prefill-tp1-pp1-dcp1-pcp8-ep1-dpfalse-nw1_decode-tp8-pp1-dcp1-pcp1-ep1-dptrue-nw1_disagg-true_spec-none_conc8_h200-dgxc-slurm_5,/Users/sskim/Documents/Codex/2026-08-06/h200-agentx-conversation-id-benchmark-analysis/data/raw/github/run_29820102138/conc8/raw_agentic/8496993692_agentic_glm5.2_p1x1_d1x8_conc8_kvdram-hisparse_fp8_dynamo-sglang_prefill-tp1-pp1-dcp1-pcp8-ep1-dpfalse-nw1_decode-tp8-pp1-dcp1-pcp1-ep1-dptrue-nw1_disagg-true_spec-none_conc8_h200-dgxc-slurm_5/conc_8/aiperf_artifacts/profile_export.jsonl,302,metrics.http_req_data_received.unit,metrics.http_req_data_received.unit,metricshttpreqdatareceivedunit,302,1.0,0,0.0,0.0,str,str,,,,,,,0,unknown
8,8496993692,agentic_glm5.2_p1x1_d1x8_conc8_kvdram-hisparse_fp8_dynamo-sglang_prefill-tp1-pp1-dcp1-pcp8-ep1-dpfalse-nw1_decode-tp8-pp1-dcp1-pcp1-ep1-dptrue-nw1_disagg-true_spec-none_conc8_h200-dgxc-slurm_5,/Users/sskim/Documents/Codex/2026-08-06/h200-agentx-conversation-id-benchmark-analysis/data/raw/github/run_29820102138/conc8/raw_agentic/8496993692_agentic_glm5.2_p1x1_d1x8_conc8_kvdram-hisparse_fp8_dynamo-sglang_prefill-tp1-pp1-dcp1-pcp8-ep1-dpfalse-nw1_decode-tp8-pp1-dcp1-pcp1-ep1-dptrue-nw1_disagg-true_spec-none_conc8_h200-dgxc-slurm_5/conc_8/aiperf_artifacts/profile_export.jsonl,302,metrics.http_req_data_received.value,metrics.http_req_data_received.value,metricshttpreqdatareceivedvalue,302,1.0,0,0.0,0.0,float,float,0.5849609375,84.8701171875,0.5849609375,84.8701171875,KB,KB,302,KB
8,8496993692,agentic_glm5.2_p1x1_d1x8_conc8_kvdram-hisparse_fp8_dynamo-sglang_prefill-tp1-pp1-dcp1-pcp8-ep1-dpfalse-nw1_decode-tp8-pp1-dcp1-pcp1-ep1-dptrue-nw1_disagg-true_spec-none_conc8_h200-dgxc-slurm_5,/Users/sskim/Documents/Codex/2026-08-06/h200-agentx-conversation-id-benchmark-analysis/data/raw/github/run_29820102138/conc8/raw_agentic/8496993692_agentic_glm5.2_p1x1_d1x8_conc8_kvdram-hisparse_fp8_dynamo-sglang_prefill-tp1-pp1-dcp1-pcp8-ep1-dpfalse-nw1_decode-tp8-pp1-dcp1-pcp1-ep1-dptrue-nw1_disagg-true_spec-none_conc8_h200-dgxc-slurm_5/conc_8/aiperf_artifacts/profile_export.jsonl,302,metrics.http_req_data_sent.unit,metrics.http_req_data_sent.unit,metricshttpreqdatasentunit,302,1.0,0,0.0,0.0,str,str,,,,,,,0,unknown
8,8496993692,agentic_glm5.2_p1x1_d1x8_conc8_kvdram-hisparse_fp8_dynamo-sglang_prefill-tp1-pp1-dcp1-pcp8-ep1-dpfalse-nw1_decode-tp8-pp1-dcp1-pcp1-ep1-dptrue-nw1_disagg-true_spec-none_conc8_h200-dgxc-slurm_5,/Users/sskim/Documents/Codex/2026-08-06/h200-agentx-conversation-id-benchmark-analysis/data/raw/github/run_29820102138/conc8/raw_agentic/8496993692_agentic_glm5.2_p1x1_d1x8_conc8_kvdram-hisparse_fp8_dynamo-sglang_prefill-tp1-pp1-dcp1-pcp8-ep1-dpfalse-nw1_decode-tp8-pp1-dcp1-pcp1-ep1-dptrue-nw1_disagg-true_spec-none_conc8_h200-dgxc-slurm_5/conc_8/aiperf_artifacts/profile_export.jsonl,302,metrics.http_req_data_sent.value,metrics.http_req_data_sent.value,metricshttpreqdatasentvalue,302,1.0,0,0.0,0.0,float,float,1.7265625,2025.4091796875,1.7265625,2025.4091796875,KB,KB,302,KB
8,8496993692,agentic_glm5.2_p1x1_d1x8_conc8_kvdram-hisparse_fp8_dynamo-sglang_prefill-tp1-pp1-dcp1-pcp8-ep1-dpfalse-nw1_decode-tp8-pp1-dcp1-pcp1-ep1-dptrue-nw1_disagg-true_spec-none_conc8_h200-dgxc-slurm_5,/Users/sskim/Documents/Codex/2026-08-06/h200-agentx-conversation-id-benchmark-analysis/data/raw/github/run_29820102138/conc8/raw_agentic/8496993692_agentic_glm5.2_p1x1_d1x8_conc8_kvdram-hisparse_fp8_dynamo-sglang_prefill-tp1-pp1-dcp1-pcp8-ep1-dpfalse-nw1_decode-tp8-pp1-dcp1-pcp1-ep1-dptrue-nw1_disagg-true_spec-none_conc8_h200-dgxc-slurm_5/conc_8/aiperf_artifacts/profile_export.jsonl,302,metrics.http_req_dns_lookup.unit,metrics.http_req_dns_lookup.unit,metricshttpreqdnslookupunit,302,1.0,0,0.0,0.0,str,str,,,,,,,0,unknown
8,8496993692,agentic_glm5.2_p1x1_d1x8_conc8_kvdram-hisparse_fp8_dynamo-sglang_prefill-tp1-pp1-dcp1-pcp8-ep1-dpfalse-nw1_decode-tp8-pp1-dcp1-pcp1-ep1-dptrue-nw1_disagg-true_spec-none_conc8_h200-dgxc-slurm_5,/Users/sskim/Documents/Codex/2026-08-06/h200-agentx-conversation-id-benchmark-analysis/data/raw/github/run_29820102138/conc8/raw_agentic/8496993692_agentic_glm5.2_p1x1_d1x8_conc8_kvdram-hisparse_fp8_dynamo-sglang_prefill-tp1-pp1-dcp1-pcp8-ep1-dpfalse-nw1_decode-tp8-pp1-dcp1-pcp1-ep1-dptrue-nw1_disagg-true_spec-none_conc8_h200-dgxc-slurm_5/conc_8/aiperf_artifacts/profile_export.jsonl,302,metrics.http_req_dns_lookup.value,metrics.http_req_dns_lookup.value,metricshttpreqdnslookupvalue,302,1.0,0,0.0,0.0,float,float,0.0,9.552809,0.0,9.552809,ms,ms,302,ms
8,8496993692,agentic_glm5.2_p1x1_d1x8_conc8_kvdram-hisparse_fp8_dynamo-sglang_prefill-tp1-pp1-dcp1-pcp8-ep1-dpfalse-nw1_decode-tp8-pp1-dcp1-pcp1-ep1-dptrue-nw1_disagg-true_spec-none_conc8_h200-dgxc-slurm_5,/Users/sskim/Documents/Codex/2026-08-06/h200-agentx-conversation-id-benchmark-analysis/data/raw/github/run_29820102138/conc8/raw_agentic/8496993692_agentic_glm5.2_p1x1_d1x8_conc8_kvdram-hisparse_fp8_dynamo-sglang_prefill-tp1-pp1-dcp1-pcp8-ep1-dpfalse-nw1_decode-tp8-pp1-dcp1-pcp1-ep1-dptrue-nw1_disagg-true_spec-none_conc8_h200-dgxc-slurm_5/conc_8/aiperf_artifacts/profile_export.jsonl,302,metrics.http_req_duration.unit,metrics.http_req_duration.unit,metricshttpreqdurationunit,302,1.0,0,0.0,0.0,str,str,,,,,,,0,unknown
8,8496993692,agentic_glm5.2_p1x1_d1x8_conc8_kvdram-hisparse_fp8_dynamo-sglang_prefill-tp1-pp1-dcp1-pcp8-ep1-dpfalse-nw1_decode-tp8-pp1-dcp1-pcp1-ep1-dptrue-nw1_disagg-true_spec-none_conc8_h200-dgxc-slurm_5,/Users/sskim/Documents/Codex/2026-08-06/h200-agentx-conversation-id-benchmark-analysis/data/raw/github/run_29820102138/conc8/raw_agentic/8496993692_agentic_glm5.2_p1x1_d1x8_conc8_kvdram-hisparse_fp8_dynamo-sglang_prefill-tp1-pp1-dcp1-pcp8-ep1-dpfalse-nw1_decode-tp8-pp1-dcp1-pcp1-ep1-dptrue-nw1_disagg-true_spec-none_conc8_h200-dgxc-slurm_5/conc_8/aiperf_artifacts/profile_export.jsonl,302,metrics.http_req_duration.value,metrics.http_req_duration.value,metricshttpreqdurationvalue,302,1.0,0,0.0,0.0,float,float,3603.8738919999996,491367.427905,3603.8738919999996,491367.427905,ms,ms,302,ms
8,8496993692,agentic_glm5.2_p1x1_d1x8_conc8_kvdram-hisparse_fp8_dynamo-sglang_prefill-tp1-pp1-dcp1-pcp8-ep1-dpfalse-nw1_decode-tp8-pp1-dcp1-pcp1-ep1-dptrue-nw1_disagg-true_spec-none_conc8_h200-dgxc-slurm_5,/Users/sskim/Documents/Codex/2026-08-06/h200-agentx-conversation-id-benchmark-analysis/data/raw/github/run_29820102138/conc8/raw_agentic/8496993692_agentic_glm5.2_p1x1_d1x8_conc8_kvdram-hisparse_fp8_dynamo-sglang_prefill-tp1-pp1-dcp1-pcp8-ep1-dpfalse-nw1_decode-tp8-pp1-dcp1-pcp1-ep1-dptrue-nw1_disagg-true_spec-none_conc8_h200-dgxc-slurm_5/conc_8/aiperf_artifacts/profile_export.jsonl,302,metrics.http_req_receiving.unit,metrics.http_req_receiving.unit,metricshttpreqreceivingunit,302,1.0,0,0.0,0.0,str,str,,,,,,,0,unknown
8,8496993692,agentic_glm5.2_p1x1_d1x8_conc8_kvdram-hisparse_fp8_dynamo-sglang_prefill-tp1-pp1-dcp1-pcp8-ep1-dpfalse-nw1_decode-tp8-pp1-dcp1-pcp1-ep1-dptrue-nw1_disagg-true_spec-none_conc8_h200-dgxc-slurm_5,/Users/sskim/Documents/Codex/2026-08-06/h200-agentx-conversation-id-benchmark-analysis/data/raw/github/run_29820102138/conc8/raw_agentic/8496993692_agentic_glm5.2_p1x1_d1x8_conc8_kvdram-hisparse_fp8_dynamo-sglang_prefill-tp1-pp1-dcp1-pcp8-ep1-dpfalse-nw1_decode-tp8-pp1-dcp1-pcp1-ep1-dptrue-nw1_disagg-true_spec-none_conc8_h200-dgxc-slurm_5/conc_8/aiperf_artifacts/profile_export.jsonl,302,metrics.http_req_receiving.value,metrics.http_req_receiving.value,metricshttpreqreceivingvalue,302,1.0,0,0.0,0.0,float,float,0.0,286506.666155,0.0,286506.666155,ms,ms,302,ms
8,8496993692,agentic_glm5.2_p1x1_d1x8_conc8_kvdram-hisparse_fp8_dynamo-sglang_prefill-tp1-pp1-dcp1-pcp8-ep1-dpfalse-nw1_decode-tp8-pp1-dcp1-pcp1-ep1-dptrue-nw1_disagg-true_spec-none_conc8_h200-dgxc-slurm_5,/Users/sskim/Documents/Codex/2026-08-06/h200-agentx-conversation-id-benchmark-analysis/data/raw/github/run_29820102138/conc8/raw_agentic/8496993692_agentic_glm5.2_p1x1_d1x8_conc8_kvdram-hisparse_fp8_dynamo-sglang_prefill-tp1-pp1-dcp1-pcp8-ep1-dpfalse-nw1_decode-tp8-pp1-dcp1-pcp1-ep1-dptrue-nw1_disagg-true_spec-none_conc8_h200-dgxc-slurm_5/conc_8/aiperf_artifacts/profile_export.jsonl,302,metrics.http_req_sending.unit,metrics.http_req_sending.unit,metricshttpreqsendingunit,302,1.0,0,0.0,0.0,str,str,,,,,,,0,unknown
8,8496993692,agentic_glm5.2_p1x1_d1x8_conc8_kvdram-hisparse_fp8_dynamo-sglang_prefill-tp1-pp1-dcp1-pcp8-ep1-dpfalse-nw1_decode-tp8-pp1-dcp1-pcp1-ep1-dptrue-nw1_disagg-true_spec-none_conc8_h200-dgxc-slurm_5,/Users/sskim/Documents/Codex/2026-08-06/h200-agentx-conversation-id-benchmark-analysis/data/raw/github/run_29820102138/conc8/raw_agentic/8496993692_agentic_glm5.2_p1x1_d1x8_conc8_kvdram-hisparse_fp8_dynamo-sglang_prefill-tp1-pp1-dcp1-pcp8-ep1-dpfalse-nw1_decode-tp8-pp1-dcp1-pcp1-ep1-dptrue-nw1_disagg-true_spec-none_conc8_h200-dgxc-slurm_5/conc_8/aiperf_artifacts/profile_export.jsonl,302,metrics.http_req_sending.value,metrics.http_req_sending.value,metricshttpreqsendingvalue,302,1.0,0,0.0,0.0,float,float,0.093467,11.829443,0.093467,11.829443,ms,ms,302,ms
8,8496993692,agentic_glm5.2_p1x1_d1x8_conc8_kvdram-hisparse_fp8_dynamo-sglang_prefill-tp1-pp1-dcp1-pcp8-ep1-dpfalse-nw1_decode-tp8-pp1-dcp1-pcp1-ep1-dptrue-nw1_disagg-true_spec-none_conc8_h200-dgxc-slurm_5,/Users/sskim/Documents/Codex/2026-08-06/h200-agentx-conversation-id-benchmark-analysis/data/raw/github/run_29820102138/conc8/raw_agentic/8496993692_agentic_glm5.2_p1x1_d1x8_conc8_kvdram-hisparse_fp8_dynamo-sglang_prefill-tp1-pp1-dcp1-pcp8-ep1-dpfalse-nw1_decode-tp8-pp1-dcp1-pcp1-ep1-dptrue-nw1_disagg-true_spec-none_conc8_h200-dgxc-slurm_5/conc_8/aiperf_artifacts/profile_export.jsonl,302,metrics.http_req_total.unit,metrics.http_req_total.unit,metricshttpreqtotalunit,302,1.0,0,0.0,0.0,str,str,,,,,,,0,unknown
8,8496993692,agentic_glm5.2_p1x1_d1x8_conc8_kvdram-hisparse_fp8_dynamo-sglang_prefill-tp1-pp1-dcp1-pcp8-ep1-dpfalse-nw1_decode-tp8-pp1-dcp1-pcp1-ep1-dptrue-nw1_disagg-true_spec-none_conc8_h200-dgxc-slurm_5,/Users/sskim/Documents/Codex/2026-08-06/h200-agentx-conversation-id-benchmark-analysis/data/raw/github/run_29820102138/conc8/raw_agentic/8496993692_agentic_glm5.2_p1x1_d1x8_conc8_kvdram-hisparse_fp8_dynamo-sglang_prefill-tp1-pp1-dcp1-pcp8-ep1-dpfalse-nw1_decode-tp8-pp1-dcp1-pcp1-ep1-dptrue-nw1_disagg-true_spec-none_conc8_h200-dgxc-slurm_5/conc_8/aiperf_artifacts/profile_export.jsonl,302,metrics.http_req_total.value,metrics.http_req_total.value,metricshttpreqtotalvalue,302,1.0,0,0.0,0.0,float,float,3607.0478839999996,491367.427905,3607.0478839999996,491367.427905,ms,ms,302,ms
8,8496993692,agentic_glm5.2_p1x1_d1x8_conc8_kvdram-hisparse_fp8_dynamo-sglang_prefill-tp1-pp1-dcp1-pcp8-ep1-dpfalse-nw1_decode-tp8-pp1-dcp1-pcp1-ep1-dptrue-nw1_disagg-true_spec-none_conc8_h200-dgxc-slurm_5,/Users/sskim/Documents/Codex/2026-08-06/h200-agentx-conversation-id-benchmark-analysis/data/raw/github/run_29820102138/conc8/raw_agentic/8496993692_agentic_glm5.2_p1x1_d1x8_conc8_kvdram-hisparse_fp8_dynamo-sglang_prefill-tp1-pp1-dcp1-pcp8-ep1-dpfalse-nw1_decode-tp8-pp1-dcp1-pcp1-ep1-dptrue-nw1_disagg-true_spec-none_conc8_h200-dgxc-slurm_5/conc_8/aiperf_artifacts/profile_export.jsonl,302,metrics.http_req_waiting.unit,metrics.http_req_waiting.unit,metricshttpreqwaitingunit,302,1.0,0,0.0,0.0,str,str,,,,,,,0,unknown
8,8496993692,agentic_glm5.2_p1x1_d1x8_conc8_kvdram-hisparse_fp8_dynamo-sglang_prefill-tp1-pp1-dcp1-pcp8-ep1-dpfalse-nw1_decode-tp8-pp1-dcp1-pcp1-ep1-dptrue-nw1_disagg-true_spec-none_conc8_h200-dgxc-slurm_5,/Users/sskim/Documents/Codex/2026-08-06/h200-agentx-conversation-id-benchmark-analysis/data/raw/github/run_29820102138/conc8/raw_agentic/8496993692_agentic_glm5.2_p1x1_d1x8_conc8_kvdram-hisparse_fp8_dynamo-sglang_prefill-tp1-pp1-dcp1-pcp8-ep1-dpfalse-nw1_decode-tp8-pp1-dcp1-pcp1-ep1-dptrue-nw1_disagg-true_spec-none_conc8_h200-dgxc-slurm_5/conc_8/aiperf_artifacts/profile_export.jsonl,302,metrics.http_req_waiting.value,metrics.http_req_waiting.value,metricshttpreqwaitingvalue,302,1.0,0,0.0,0.0,float,float,3600.444263,449510.127649,3600.444263,449510.127649,ms,ms,302,ms
8,8496993692,agentic_glm5.2_p1x1_d1x8_conc8_kvdram-hisparse_fp8_dynamo-sglang_prefill-tp1-pp1-dcp1-pcp8-ep1-dpfalse-nw1_decode-tp8-pp1-dcp1-pcp1-ep1-dptrue-nw1_disagg-true_spec-none_conc8_h200-dgxc-slurm_5,/Users/sskim/Documents/Codex/2026-08-06/h200-agentx-conversation-id-benchmark-analysis/data/raw/github/run_29820102138/conc8/raw_agentic/8496993692_agentic_glm5.2_p1x1_d1x8_conc8_kvdram-hisparse_fp8_dynamo-sglang_prefill-tp1-pp1-dcp1-pcp8-ep1-dpfalse-nw1_decode-tp8-pp1-dcp1-pcp1-ep1-dptrue-nw1_disagg-true_spec-none_conc8_h200-dgxc-slurm_5/conc_8/aiperf_artifacts/profile_export.jsonl,302,metrics.input_sequence_length.unit,metrics.input_sequence_length.unit,metricsinputsequencelengthunit,302,1.0,0,0.0,0.0,str,str,,,,,,,0,unknown
8,8496993692,agentic_glm5.2_p1x1_d1x8_conc8_kvdram-hisparse_fp8_dynamo-sglang_prefill-tp1-pp1-dcp1-pcp8-ep1-dpfalse-nw1_decode-tp8-pp1-dcp1-pcp1-ep1-dptrue-nw1_disagg-true_spec-none_conc8_h200-dgxc-slurm_5,/Users/sskim/Documents/Codex/2026-08-06/h200-agentx-conversation-id-benchmark-analysis/data/raw/github/run_29820102138/conc8/raw_agentic/8496993692_agentic_glm5.2_p1x1_d1x8_conc8_kvdram-hisparse_fp8_dynamo-sglang_prefill-tp1-pp1-dcp1-pcp8-ep1-dpfalse-nw1_decode-tp8-pp1-dcp1-pcp1-ep1-dptrue-nw1_disagg-true_spec-none_conc8_h200-dgxc-slurm_5/conc_8/aiperf_artifacts/profile_export.jsonl,302,metrics.input_sequence_length.value,metrics.input_sequence_length.value,metricsinputsequencelengthvalue,302,1.0,0,0.0,0.0,int,int,1.0,148187.0,1.0,148187.0,tokens,tokens,302,tokens
8,8496993692,agentic_glm5.2_p1x1_d1x8_conc8_kvdram-hisparse_fp8_dynamo-sglang_prefill-tp1-pp1-dcp1-pcp8-ep1-dpfalse-nw1_decode-tp8-pp1-dcp1-pcp1-ep1-dptrue-nw1_disagg-true_spec-none_conc8_h200-dgxc-slurm_5,/Users/sskim/Documents/Codex/2026-08-06/h200-agentx-conversation-id-benchmark-analysis/data/raw/github/run_29820102138/conc8/raw_agentic/8496993692_agentic_glm5.2_p1x1_d1x8_conc8_kvdram-hisparse_fp8_dynamo-sglang_prefill-tp1-pp1-dcp1-pcp8-ep1-dpfalse-nw1_decode-tp8-pp1-dcp1-pcp1-ep1-dptrue-nw1_disagg-true_spec-none_conc8_h200-dgxc-slurm_5/conc_8/aiperf_artifacts/profile_export.jsonl,302,metrics.inter_chunk_latency.unit,metrics.inter_chunk_latency.unit,metricsinterchunklatencyunit,167,0.5529801324503312,0,0.0,0.0,str,str,,,,,,,0,unknown
8,8496993692,agentic_glm5.2_p1x1_d1x8_conc8_kvdram-hisparse_fp8_dynamo-sglang_prefill-tp1-pp1-dcp1-pcp8-ep1-dpfalse-nw1_decode-tp8-pp1-dcp1-pcp1-ep1-dptrue-nw1_disagg-true_spec-none_conc8_h200-dgxc-slurm_5,/Users/sskim/Documents/Codex/2026-08-06/h200-agentx-conversation-id-benchmark-analysis/data/raw/github/run_29820102138/conc8/raw_agentic/8496993692_agentic_glm5.2_p1x1_d1x8_conc8_kvdram-hisparse_fp8_dynamo-sglang_prefill-tp1-pp1-dcp1-pcp8-ep1-dpfalse-nw1_decode-tp8-pp1-dcp1-pcp1-ep1-dptrue-nw1_disagg-true_spec-none_conc8_h200-dgxc-slurm_5/conc_8/aiperf_artifacts/profile_export.jsonl,302,metrics.inter_chunk_latency.value,metrics.inter_chunk_latency.value,metricsinterchunklatencyvalue,167,0.5529801324503312,0,0.0,0.0,str,str,,,,,ms,ms,167,ms
8,8496993692,agentic_glm5.2_p1x1_d1x8_conc8_kvdram-hisparse_fp8_dynamo-sglang_prefill-tp1-pp1-dcp1-pcp8-ep1-dpfalse-nw1_decode-tp8-pp1-dcp1-pcp1-ep1-dptrue-nw1_disagg-true_spec-none_conc8_h200-dgxc-slurm_5,/Users/sskim/Documents/Codex/2026-08-06/h200-agentx-conversation-id-benchmark-analysis/data/raw/github/run_29820102138/conc8/raw_agentic/8496993692_agentic_glm5.2_p1x1_d1x8_conc8_kvdram-hisparse_fp8_dynamo-sglang_prefill-tp1-pp1-dcp1-pcp8-ep1-dpfalse-nw1_decode-tp8-pp1-dcp1-pcp1-ep1-dptrue-nw1_disagg-true_spec-none_conc8_h200-dgxc-slurm_5/conc_8/aiperf_artifacts/profile_export.jsonl,302,metrics.inter_token_latency.unit,metrics.inter_token_latency.unit,metricsintertokenlatencyunit,167,0.5529801324503312,0,0.0,0.0,str,str,,,,,,,0,unknown
8,8496993692,agentic_glm5.2_p1x1_d1x8_conc8_kvdram-hisparse_fp8_dynamo-sglang_prefill-tp1-pp1-dcp1-pcp8-ep1-dpfalse-nw1_decode-tp8-pp1-dcp1-pcp1-ep1-dptrue-nw1_disagg-true_spec-none_conc8_h200-dgxc-slurm_5,/Users/sskim/Documents/Codex/2026-08-06/h200-agentx-conversation-id-benchmark-analysis/data/raw/github/run_29820102138/conc8/raw_agentic/8496993692_agentic_glm5.2_p1x1_d1x8_conc8_kvdram-hisparse_fp8_dynamo-sglang_prefill-tp1-pp1-dcp1-pcp8-ep1-dpfalse-nw1_decode-tp8-pp1-dcp1-pcp1-ep1-dptrue-nw1_disagg-true_spec-none_conc8_h200-dgxc-slurm_5/conc_8/aiperf_artifacts/profile_export.jsonl,302,metrics.inter_token_latency.value,metrics.inter_token_latency.value,metricsintertokenlatencyvalue,167,0.5529801324503312,0,0.0,0.0,float,float,26.468770874999997,93.33971348387097,26.468770874999997,93.33971348387097,ms,ms,167,ms
8,8496993692,agentic_glm5.2_p1x1_d1x8_conc8_kvdram-hisparse_fp8_dynamo-sglang_prefill-tp1-pp1-dcp1-pcp8-ep1-dpfalse-nw1_decode-tp8-pp1-dcp1-pcp1-ep1-dptrue-nw1_disagg-true_spec-none_conc8_h200-dgxc-slurm_5,/Users/sskim/Documents/Codex/2026-08-06/h200-agentx-conversation-id-benchmark-analysis/data/raw/github/run_29820102138/conc8/raw_agentic/8496993692_agentic_glm5.2_p1x1_d1x8_conc8_kvdram-hisparse_fp8_dynamo-sglang_prefill-tp1-pp1-dcp1-pcp8-ep1-dpfalse-nw1_decode-tp8-pp1-dcp1-pcp1-ep1-dptrue-nw1_disagg-true_spec-none_conc8_h200-dgxc-slurm_5/conc_8/aiperf_artifacts/profile_export.jsonl,302,metrics.osl_mismatch_diff_pct.unit,metrics.osl_mismatch_diff_pct.unit,metricsoslmismatchdiffpctunit,302,1.0,0,0.0,0.0,str,str,,,,,,,0,unknown
8,8496993692,agentic_glm5.2_p1x1_d1x8_conc8_kvdram-hisparse_fp8_dynamo-sglang_prefill-tp1-pp1-dcp1-pcp8-ep1-dpfalse-nw1_decode-tp8-pp1-dcp1-pcp1-ep1-dptrue-nw1_disagg-true_spec-none_conc8_h200-dgxc-slurm_5,/Users/sskim/Documents/Codex/2026-08-06/h200-agentx-conversation-id-benchmark-analysis/data/raw/github/run_29820102138/conc8/raw_agentic/8496993692_agentic_glm5.2_p1x1_d1x8_conc8_kvdram-hisparse_fp8_dynamo-sglang_prefill-tp1-pp1-dcp1-pcp8-ep1-dpfalse-nw1_decode-tp8-pp1-dcp1-pcp1-ep1-dptrue-nw1_disagg-true_spec-none_conc8_h200-dgxc-slurm_5/conc_8/aiperf_artifacts/profile_export.jsonl,302,metrics.osl_mismatch_diff_pct.value,metrics.osl_mismatch_diff_pct.value,metricsoslmismatchdiffpctvalue,302,1.0,0,0.0,0.0,float,float,-99.98552821997106,0.0,-99.98552821997106,0.0,%,%,302,%
8,8496993692,agentic_glm5.2_p1x1_d1x8_conc8_kvdram-hisparse_fp8_dynamo-sglang_prefill-tp1-pp1-dcp1-pcp8-ep1-dpfalse-nw1_decode-tp8-pp1-dcp1-pcp1-ep1-dptrue-nw1_disagg-true_spec-none_conc8_h200-dgxc-slurm_5,/Users/sskim/Documents/Codex/2026-08-06/h200-agentx-conversation-id-benchmark-analysis/data/raw/github/run_29820102138/conc8/raw_agentic/8496993692_agentic_glm5.2_p1x1_d1x8_conc8_kvdram-hisparse_fp8_dynamo-sglang_prefill-tp1-pp1-dcp1-pcp8-ep1-dpfalse-nw1_decode-tp8-pp1-dcp1-pcp1-ep1-dptrue-nw1_disagg-true_spec-none_conc8_h200-dgxc-slurm_5/conc_8/aiperf_artifacts/profile_export.jsonl,302,metrics.output_sequence_length.unit,metrics.output_sequence_length.unit,metricsoutputsequencelengthunit,302,1.0,0,0.0,0.0,str,str,,,,,,,0,unknown
8,8496993692,agentic_glm5.2_p1x1_d1x8_conc8_kvdram-hisparse_fp8_dynamo-sglang_prefill-tp1-pp1-dcp1-pcp8-ep1-dpfalse-nw1_decode-tp8-pp1-dcp1-pcp1-ep1-dptrue-nw1_disagg-true_spec-none_conc8_h200-dgxc-slurm_5,/Users/sskim/Documents/Codex/2026-08-06/h200-agentx-conversation-id-benchmark-analysis/data/raw/github/run_29820102138/conc8/raw_agentic/8496993692_agentic_glm5.2_p1x1_d1x8_conc8_kvdram-hisparse_fp8_dynamo-sglang_prefill-tp1-pp1-dcp1-pcp8-ep1-dpfalse-nw1_decode-tp8-pp1-dcp1-pcp1-ep1-dptrue-nw1_disagg-true_spec-none_conc8_h200-dgxc-slurm_5/conc_8/aiperf_artifacts/profile_export.jsonl,302,metrics.output_sequence_length.value,metrics.output_sequence_length.value,metricsoutputsequencelengthvalue,302,1.0,0,0.0,0.0,int,int,1.0,9186.0,1.0,9186.0,tokens,tokens,302,tokens
8,8496993692,agentic_glm5.2_p1x1_d1x8_conc8_kvdram-hisparse_fp8_dynamo-sglang_prefill-tp1-pp1-dcp1-pcp8-ep1-dpfalse-nw1_decode-tp8-pp1-dcp1-pcp1-ep1-dptrue-nw1_disagg-true_spec-none_conc8_h200-dgxc-slurm_5,/Users/sskim/Documents/Codex/2026-08-06/h200-agentx-conversation-id-benchmark-analysis/data/raw/github/run_29820102138/conc8/raw_agentic/8496993692_agentic_glm5.2_p1x1_d1x8_conc8_kvdram-hisparse_fp8_dynamo-sglang_prefill-tp1-pp1-dcp1-pcp8-ep1-dpfalse-nw1_decode-tp8-pp1-dcp1-pcp1-ep1-dptrue-nw1_disagg-true_spec-none_conc8_h200-dgxc-slurm_5/conc_8/aiperf_artifacts/profile_export.jsonl,302,metrics.output_token_count.unit,metrics.output_token_count.unit,metricsoutputtokencountunit,302,1.0,0,0.0,0.0,str,str,,,,,,,0,unknown
8,8496993692,agentic_glm5.2_p1x1_d1x8_conc8_kvdram-hisparse_fp8_dynamo-sglang_prefill-tp1-pp1-dcp1-pcp8-ep1-dpfalse-nw1_decode-tp8-pp1-dcp1-pcp1-ep1-dptrue-nw1_disagg-true_spec-none_conc8_h200-dgxc-slurm_5,/Users/sskim/Documents/Codex/2026-08-06/h200-agentx-conversation-id-benchmark-analysis/data/raw/github/run_29820102138/conc8/raw_agentic/8496993692_agentic_glm5.2_p1x1_d1x8_conc8_kvdram-hisparse_fp8_dynamo-sglang_prefill-tp1-pp1-dcp1-pcp8-ep1-dpfalse-nw1_decode-tp8-pp1-dcp1-pcp1-ep1-dptrue-nw1_disagg-true_spec-none_conc8_h200-dgxc-slurm_5/conc_8/aiperf_artifacts/profile_export.jsonl,302,metrics.output_token_count.value,metrics.output_token_count.value,metricsoutputtokencountvalue,302,1.0,0,0.0,0.0,int,int,1.0,9186.0,1.0,9186.0,tokens,tokens,302,tokens
8,8496993692,agentic_glm5.2_p1x1_d1x8_conc8_kvdram-hisparse_fp8_dynamo-sglang_prefill-tp1-pp1-dcp1-pcp8-ep1-dpfalse-nw1_decode-tp8-pp1-dcp1-pcp1-ep1-dptrue-nw1_disagg-true_spec-none_conc8_h200-dgxc-slurm_5,/Users/sskim/Documents/Codex/2026-08-06/h200-agentx-conversation-id-benchmark-analysis/data/raw/github/run_29820102138/conc8/raw_agentic/8496993692_agentic_glm5.2_p1x1_d1x8_conc8_kvdram-hisparse_fp8_dynamo-sglang_prefill-tp1-pp1-dcp1-pcp8-ep1-dpfalse-nw1_decode-tp8-pp1-dcp1-pcp1-ep1-dptrue-nw1_disagg-true_spec-none_conc8_h200-dgxc-slurm_5/conc_8/aiperf_artifacts/profile_export.jsonl,302,metrics.output_token_throughput_per_user.unit,metrics.output_token_throughput_per_user.unit,metricsoutputtokenthroughputperuserunit,167,0.5529801324503312,0,0.0,0.0,str,str,,,,,,,0,unknown
8,8496993692,agentic_glm5.2_p1x1_d1x8_conc8_kvdram-hisparse_fp8_dynamo-sglang_prefill-tp1-pp1-dcp1-pcp8-ep1-dpfalse-nw1_decode-tp8-pp1-dcp1-pcp1-ep1-dptrue-nw1_disagg-true_spec-none_conc8_h200-dgxc-slurm_5,/Users/sskim/Documents/Codex/2026-08-06/h200-agentx-conversation-id-benchmark-analysis/data/raw/github/run_29820102138/conc8/raw_agentic/8496993692_agentic_glm5.2_p1x1_d1x8_conc8_kvdram-hisparse_fp8_dynamo-sglang_prefill-tp1-pp1-dcp1-pcp8-ep1-dpfalse-nw1_decode-tp8-pp1-dcp1-pcp1-ep1-dptrue-nw1_disagg-true_spec-none_conc8_h200-dgxc-slurm_5/conc_8/aiperf_artifacts/profile_export.jsonl,302,metrics.output_token_throughput_per_user.value,metrics.output_token_throughput_per_user.value,metricsoutputtokenthroughputperuservalue,167,0.5529801324503312,0,0.0,0.0,float,float,10.713553349108995,37.780371620675034,10.713553349108995,37.780371620675034,tokens/sec/user,tokens/sec/user,167,tokens/sec/user
8,8496993692,agentic_glm5.2_p1x1_d1x8_conc8_kvdram-hisparse_fp8_dynamo-sglang_prefill-tp1-pp1-dcp1-pcp8-ep1-dpfalse-nw1_decode-tp8-pp1-dcp1-pcp1-ep1-dptrue-nw1_disagg-true_spec-none_conc8_h200-dgxc-slurm_5,/Users/sskim/Documents/Codex/2026-08-06/h200-agentx-conversation-id-benchmark-analysis/data/raw/github/run_29820102138/conc8/raw_agentic/8496993692_agentic_glm5.2_p1x1_d1x8_conc8_kvdram-hisparse_fp8_dynamo-sglang_prefill-tp1-pp1-dcp1-pcp8-ep1-dpfalse-nw1_decode-tp8-pp1-dcp1-pcp1-ep1-dptrue-nw1_disagg-true_spec-none_conc8_h200-dgxc-slurm_5/conc_8/aiperf_artifacts/profile_export.jsonl,302,metrics.prefill_throughput_per_user.unit,metrics.prefill_throughput_per_user.unit,metricsprefillthroughputperuserunit,302,1.0,0,0.0,0.0,str,str,,,,,,,0,unknown
8,8496993692,agentic_glm5.2_p1x1_d1x8_conc8_kvdram-hisparse_fp8_dynamo-sglang_prefill-tp1-pp1-dcp1-pcp8-ep1-dpfalse-nw1_decode-tp8-pp1-dcp1-pcp1-ep1-dptrue-nw1_disagg-true_spec-none_conc8_h200-dgxc-slurm_5,/Users/sskim/Documents/Codex/2026-08-06/h200-agentx-conversation-id-benchmark-analysis/data/raw/github/run_29820102138/conc8/raw_agentic/8496993692_agentic_glm5.2_p1x1_d1x8_conc8_kvdram-hisparse_fp8_dynamo-sglang_prefill-tp1-pp1-dcp1-pcp8-ep1-dpfalse-nw1_decode-tp8-pp1-dcp1-pcp1-ep1-dptrue-nw1_disagg-true_spec-none_conc8_h200-dgxc-slurm_5/conc_8/aiperf_artifacts/profile_export.jsonl,302,metrics.prefill_throughput_per_user.value,metrics.prefill_throughput_per_user.value,metricsprefillthroughputperuservalue,302,1.0,0,0.0,0.0,float,float,0.0022246424670505243,4923.736832602088,0.0022246424670505243,4923.736832602088,tokens/sec/user,tokens/sec/user,302,tokens/sec/user
8,8496993692,agentic_glm5.2_p1x1_d1x8_conc8_kvdram-hisparse_fp8_dynamo-sglang_prefill-tp1-pp1-dcp1-pcp8-ep1-dpfalse-nw1_decode-tp8-pp1-dcp1-pcp1-ep1-dptrue-nw1_disagg-true_spec-none_conc8_h200-dgxc-slurm_5,/Users/sskim/Documents/Codex/2026-08-06/h200-agentx-conversation-id-benchmark-analysis/data/raw/github/run_29820102138/conc8/raw_agentic/8496993692_agentic_glm5.2_p1x1_d1x8_conc8_kvdram-hisparse_fp8_dynamo-sglang_prefill-tp1-pp1-dcp1-pcp8-ep1-dpfalse-nw1_decode-tp8-pp1-dcp1-pcp1-ep1-dptrue-nw1_disagg-true_spec-none_conc8_h200-dgxc-slurm_5/conc_8/aiperf_artifacts/profile_export.jsonl,302,metrics.request_latency.unit,metrics.request_latency.unit,metricsrequestlatencyunit,302,1.0,0,0.0,0.0,str,str,,,,,,,0,unknown
8,8496993692,agentic_glm5.2_p1x1_d1x8_conc8_kvdram-hisparse_fp8_dynamo-sglang_prefill-tp1-pp1-dcp1-pcp8-ep1-dpfalse-nw1_decode-tp8-pp1-dcp1-pcp1-ep1-dptrue-nw1_disagg-true_spec-none_conc8_h200-dgxc-slurm_5,/Users/sskim/Documents/Codex/2026-08-06/h200-agentx-conversation-id-benchmark-analysis/data/raw/github/run_29820102138/conc8/raw_agentic/8496993692_agentic_glm5.2_p1x1_d1x8_conc8_kvdram-hisparse_fp8_dynamo-sglang_prefill-tp1-pp1-dcp1-pcp8-ep1-dpfalse-nw1_decode-tp8-pp1-dcp1-pcp1-ep1-dptrue-nw1_disagg-true_spec-none_conc8_h200-dgxc-slurm_5/conc_8/aiperf_artifacts/profile_export.jsonl,302,metrics.request_latency.value,metrics.request_latency.value,metricsrequestlatencyvalue,302,1.0,0,0.0,0.0,float,float,3603.970034,491367.500421,3603.970034,491367.500421,ms,ms,302,ms
8,8496993692,agentic_glm5.2_p1x1_d1x8_conc8_kvdram-hisparse_fp8_dynamo-sglang_prefill-tp1-pp1-dcp1-pcp8-ep1-dpfalse-nw1_decode-tp8-pp1-dcp1-pcp1-ep1-dptrue-nw1_disagg-true_spec-none_conc8_h200-dgxc-slurm_5,/Users/sskim/Documents/Codex/2026-08-06/h200-agentx-conversation-id-benchmark-analysis/data/raw/github/run_29820102138/conc8/raw_agentic/8496993692_agentic_glm5.2_p1x1_d1x8_conc8_kvdram-hisparse_fp8_dynamo-sglang_prefill-tp1-pp1-dcp1-pcp8-ep1-dpfalse-nw1_decode-tp8-pp1-dcp1-pcp1-ep1-dptrue-nw1_disagg-true_spec-none_conc8_h200-dgxc-slurm_5/conc_8/aiperf_artifacts/profile_export.jsonl,302,metrics.time_to_first_output_token.unit,metrics.time_to_first_output_token.unit,metricstimetofirstoutputtokenunit,302,1.0,0,0.0,0.0,str,str,,,,,,,0,unknown
8,8496993692,agentic_glm5.2_p1x1_d1x8_conc8_kvdram-hisparse_fp8_dynamo-sglang_prefill-tp1-pp1-dcp1-pcp8-ep1-dpfalse-nw1_decode-tp8-pp1-dcp1-pcp1-ep1-dptrue-nw1_disagg-true_spec-none_conc8_h200-dgxc-slurm_5,/Users/sskim/Documents/Codex/2026-08-06/h200-agentx-conversation-id-benchmark-analysis/data/raw/github/run_29820102138/conc8/raw_agentic/8496993692_agentic_glm5.2_p1x1_d1x8_conc8_kvdram-hisparse_fp8_dynamo-sglang_prefill-tp1-pp1-dcp1-pcp8-ep1-dpfalse-nw1_decode-tp8-pp1-dcp1-pcp1-ep1-dptrue-nw1_disagg-true_spec-none_conc8_h200-dgxc-slurm_5/conc_8/aiperf_artifacts/profile_export.jsonl,302,metrics.time_to_first_output_token.value,metrics.time_to_first_output_token.value,metricstimetofirstoutputtokenvalue,302,1.0,0,0.0,0.0,float,float,3603.970034,449510.433614,3603.970034,449510.433614,ms,ms,302,ms
8,8496993692,agentic_glm5.2_p1x1_d1x8_conc8_kvdram-hisparse_fp8_dynamo-sglang_prefill-tp1-pp1-dcp1-pcp8-ep1-dpfalse-nw1_decode-tp8-pp1-dcp1-pcp1-ep1-dptrue-nw1_disagg-true_spec-none_conc8_h200-dgxc-slurm_5,/Users/sskim/Documents/Codex/2026-08-06/h200-agentx-conversation-id-benchmark-analysis/data/raw/github/run_29820102138/conc8/raw_agentic/8496993692_agentic_glm5.2_p1x1_d1x8_conc8_kvdram-hisparse_fp8_dynamo-sglang_prefill-tp1-pp1-dcp1-pcp8-ep1-dpfalse-nw1_decode-tp8-pp1-dcp1-pcp1-ep1-dptrue-nw1_disagg-true_spec-none_conc8_h200-dgxc-slurm_5/conc_8/aiperf_artifacts/profile_export.jsonl,302,metrics.time_to_first_token.unit,metrics.time_to_first_token.unit,metricstimetofirsttokenunit,302,1.0,0,0.0,0.0,str,str,,,,,,,0,unknown
8,8496993692,agentic_glm5.2_p1x1_d1x8_conc8_kvdram-hisparse_fp8_dynamo-sglang_prefill-tp1-pp1-dcp1-pcp8-ep1-dpfalse-nw1_decode-tp8-pp1-dcp1-pcp1-ep1-dptrue-nw1_disagg-true_spec-none_conc8_h200-dgxc-slurm_5,/Users/sskim/Documents/Codex/2026-08-06/h200-agentx-conversation-id-benchmark-analysis/data/raw/github/run_29820102138/conc8/raw_agentic/8496993692_agentic_glm5.2_p1x1_d1x8_conc8_kvdram-hisparse_fp8_dynamo-sglang_prefill-tp1-pp1-dcp1-pcp8-ep1-dpfalse-nw1_decode-tp8-pp1-dcp1-pcp1-ep1-dptrue-nw1_disagg-true_spec-none_conc8_h200-dgxc-slurm_5/conc_8/aiperf_artifacts/profile_export.jsonl,302,metrics.time_to_first_token.value,metrics.time_to_first_token.value,metricstimetofirsttokenvalue,302,1.0,0,0.0,0.0,float,float,3603.970034,449510.433614,3603.970034,449510.433614,ms,ms,302,ms
8,8496993692,agentic_glm5.2_p1x1_d1x8_conc8_kvdram-hisparse_fp8_dynamo-sglang_prefill-tp1-pp1-dcp1-pcp8-ep1-dpfalse-nw1_decode-tp8-pp1-dcp1-pcp1-ep1-dptrue-nw1_disagg-true_spec-none_conc8_h200-dgxc-slurm_5,/Users/sskim/Documents/Codex/2026-08-06/h200-agentx-conversation-id-benchmark-analysis/data/raw/github/run_29820102138/conc8/raw_agentic/8496993692_agentic_glm5.2_p1x1_d1x8_conc8_kvdram-hisparse_fp8_dynamo-sglang_prefill-tp1-pp1-dcp1-pcp8-ep1-dpfalse-nw1_decode-tp8-pp1-dcp1-pcp1-ep1-dptrue-nw1_disagg-true_spec-none_conc8_h200-dgxc-slurm_5/conc_8/aiperf_artifacts/profile_export.jsonl,302,metrics.time_to_second_token.unit,metrics.time_to_second_token.unit,metricstimetosecondtokenunit,167,0.5529801324503312,0,0.0,0.0,str,str,,,,,,,0,seconds
8,8496993692,agentic_glm5.2_p1x1_d1x8_conc8_kvdram-hisparse_fp8_dynamo-sglang_prefill-tp1-pp1-dcp1-pcp8-ep1-dpfalse-nw1_decode-tp8-pp1-dcp1-pcp1-ep1-dptrue-nw1_disagg-true_spec-none_conc8_h200-dgxc-slurm_5,/Users/sskim/Documents/Codex/2026-08-06/h200-agentx-conversation-id-benchmark-analysis/data/raw/github/run_29820102138/conc8/raw_agentic/8496993692_agentic_glm5.2_p1x1_d1x8_conc8_kvdram-hisparse_fp8_dynamo-sglang_prefill-tp1-pp1-dcp1-pcp8-ep1-dpfalse-nw1_decode-tp8-pp1-dcp1-pcp1-ep1-dptrue-nw1_disagg-true_spec-none_conc8_h200-dgxc-slurm_5/conc_8/aiperf_artifacts/profile_export.jsonl,302,metrics.time_to_second_token.value,metrics.time_to_second_token.value,metricstimetosecondtokenvalue,167,0.5529801324503312,0,0.0,0.0,float,float,345.45259699999997,7393.2306659999995,345.45259699999997,7393.2306659999995,ms,ms,167,ms
8,8496993692,agentic_glm5.2_p1x1_d1x8_conc8_kvdram-hisparse_fp8_dynamo-sglang_prefill-tp1-pp1-dcp1-pcp8-ep1-dpfalse-nw1_decode-tp8-pp1-dcp1-pcp1-ep1-dptrue-nw1_disagg-true_spec-none_conc8_h200-dgxc-slurm_5,/Users/sskim/Documents/Codex/2026-08-06/h200-agentx-conversation-id-benchmark-analysis/data/raw/github/run_29820102138/conc8/raw_agentic/8496993692_agentic_glm5.2_p1x1_d1x8_conc8_kvdram-hisparse_fp8_dynamo-sglang_prefill-tp1-pp1-dcp1-pcp8-ep1-dpfalse-nw1_decode-tp8-pp1-dcp1-pcp1-ep1-dptrue-nw1_disagg-true_spec-none_conc8_h200-dgxc-slurm_5/conc_8/aiperf_artifacts/profile_export.jsonl,302,metrics.usage_completion_tokens.unit,metrics.usage_completion_tokens.unit,metricsusagecompletiontokensunit,302,1.0,0,0.0,0.0,str,str,,,,,,,0,unknown
8,8496993692,agentic_glm5.2_p1x1_d1x8_conc8_kvdram-hisparse_fp8_dynamo-sglang_prefill-tp1-pp1-dcp1-pcp8-ep1-dpfalse-nw1_decode-tp8-pp1-dcp1-pcp1-ep1-dptrue-nw1_disagg-true_spec-none_conc8_h200-dgxc-slurm_5,/Users/sskim/Documents/Codex/2026-08-06/h200-agentx-conversation-id-benchmark-analysis/data/raw/github/run_29820102138/conc8/raw_agentic/8496993692_agentic_glm5.2_p1x1_d1x8_conc8_kvdram-hisparse_fp8_dynamo-sglang_prefill-tp1-pp1-dcp1-pcp8-ep1-dpfalse-nw1_decode-tp8-pp1-dcp1-pcp1-ep1-dptrue-nw1_disagg-true_spec-none_conc8_h200-dgxc-slurm_5/conc_8/aiperf_artifacts/profile_export.jsonl,302,metrics.usage_completion_tokens.value,metrics.usage_completion_tokens.value,metricsusagecompletiontokensvalue,302,1.0,0,0.0,0.0,int,int,1.0,9186.0,1.0,9186.0,tokens,tokens,302,tokens
8,8496993692,agentic_glm5.2_p1x1_d1x8_conc8_kvdram-hisparse_fp8_dynamo-sglang_prefill-tp1-pp1-dcp1-pcp8-ep1-dpfalse-nw1_decode-tp8-pp1-dcp1-pcp1-ep1-dptrue-nw1_disagg-true_spec-none_conc8_h200-dgxc-slurm_5,/Users/sskim/Documents/Codex/2026-08-06/h200-agentx-conversation-id-benchmark-analysis/data/raw/github/run_29820102138/conc8/raw_agentic/8496993692_agentic_glm5.2_p1x1_d1x8_conc8_kvdram-hisparse_fp8_dynamo-sglang_prefill-tp1-pp1-dcp1-pcp8-ep1-dpfalse-nw1_decode-tp8-pp1-dcp1-pcp1-ep1-dptrue-nw1_disagg-true_spec-none_conc8_h200-dgxc-slurm_5/conc_8/aiperf_artifacts/profile_export.jsonl,302,metrics.usage_prompt_cache_read_tokens.unit,metrics.usage_prompt_cache_read_tokens.unit,metricsusagepromptcachereadtokensunit,123,0.40728476821192056,0,0.0,0.0,str,str,,,,,,,0,unknown
8,8496993692,agentic_glm5.2_p1x1_d1x8_conc8_kvdram-hisparse_fp8_dynamo-sglang_prefill-tp1-pp1-dcp1-pcp8-ep1-dpfalse-nw1_decode-tp8-pp1-dcp1-pcp1-ep1-dptrue-nw1_disagg-true_spec-none_conc8_h200-dgxc-slurm_5,/Users/sskim/Documents/Codex/2026-08-06/h200-agentx-conversation-id-benchmark-analysis/data/raw/github/run_29820102138/conc8/raw_agentic/8496993692_agentic_glm5.2_p1x1_d1x8_conc8_kvdram-hisparse_fp8_dynamo-sglang_prefill-tp1-pp1-dcp1-pcp8-ep1-dpfalse-nw1_decode-tp8-pp1-dcp1-pcp1-ep1-dptrue-nw1_disagg-true_spec-none_conc8_h200-dgxc-slurm_5/conc_8/aiperf_artifacts/profile_export.jsonl,302,metrics.usage_prompt_cache_read_tokens.value,metrics.usage_prompt_cache_read_tokens.value,metricsusagepromptcachereadtokensvalue,123,0.40728476821192056,0,0.0,0.0,int,int,1664.0,298304.0,1664.0,298304.0,tokens,tokens,123,tokens
8,8496993692,agentic_glm5.2_p1x1_d1x8_conc8_kvdram-hisparse_fp8_dynamo-sglang_prefill-tp1-pp1-dcp1-pcp8-ep1-dpfalse-nw1_decode-tp8-pp1-dcp1-pcp1-ep1-dptrue-nw1_disagg-true_spec-none_conc8_h200-dgxc-slurm_5,/Users/sskim/Documents/Codex/2026-08-06/h200-agentx-conversation-id-benchmark-analysis/data/raw/github/run_29820102138/conc8/raw_agentic/8496993692_agentic_glm5.2_p1x1_d1x8_conc8_kvdram-hisparse_fp8_dynamo-sglang_prefill-tp1-pp1-dcp1-pcp8-ep1-dpfalse-nw1_decode-tp8-pp1-dcp1-pcp1-ep1-dptrue-nw1_disagg-true_spec-none_conc8_h200-dgxc-slurm_5/conc_8/aiperf_artifacts/profile_export.jsonl,302,metrics.usage_prompt_tokens.unit,metrics.usage_prompt_tokens.unit,metricsusageprompttokensunit,302,1.0,0,0.0,0.0,str,str,,,,,,,0,unknown
8,8496993692,agentic_glm5.2_p1x1_d1x8_conc8_kvdram-hisparse_fp8_dynamo-sglang_prefill-tp1-pp1-dcp1-pcp8-ep1-dpfalse-nw1_decode-tp8-pp1-dcp1-pcp1-ep1-dptrue-nw1_disagg-true_spec-none_conc8_h200-dgxc-slurm_5,/Users/sskim/Documents/Codex/2026-08-06/h200-agentx-conversation-id-benchmark-analysis/data/raw/github/run_29820102138/conc8/raw_agentic/8496993692_agentic_glm5.2_p1x1_d1x8_conc8_kvdram-hisparse_fp8_dynamo-sglang_prefill-tp1-pp1-dcp1-pcp8-ep1-dpfalse-nw1_decode-tp8-pp1-dcp1-pcp1-ep1-dptrue-nw1_disagg-true_spec-none_conc8_h200-dgxc-slurm_5/conc_8/aiperf_artifacts/profile_export.jsonl,302,metrics.usage_prompt_tokens.value,metrics.usage_prompt_tokens.value,metricsusageprompttokensvalue,302,1.0,0,0.0,0.0,int,int,1.0,148187.0,1.0,148187.0,tokens,tokens,302,tokens
8,8496993692,agentic_glm5.2_p1x1_d1x8_conc8_kvdram-hisparse_fp8_dynamo-sglang_prefill-tp1-pp1-dcp1-pcp8-ep1-dpfalse-nw1_decode-tp8-pp1-dcp1-pcp1-ep1-dptrue-nw1_disagg-true_spec-none_conc8_h200-dgxc-slurm_5,/Users/sskim/Documents/Codex/2026-08-06/h200-agentx-conversation-id-benchmark-analysis/data/raw/github/run_29820102138/conc8/raw_agentic/8496993692_agentic_glm5.2_p1x1_d1x8_conc8_kvdram-hisparse_fp8_dynamo-sglang_prefill-tp1-pp1-dcp1-pcp8-ep1-dpfalse-nw1_decode-tp8-pp1-dcp1-pcp1-ep1-dptrue-nw1_disagg-true_spec-none_conc8_h200-dgxc-slurm_5/conc_8/aiperf_artifacts/profile_export.jsonl,302,metrics.usage_total_tokens.unit,metrics.usage_total_tokens.unit,metricsusagetotaltokensunit,302,1.0,0,0.0,0.0,str,str,,,,,,,0,unknown
8,8496993692,agentic_glm5.2_p1x1_d1x8_conc8_kvdram-hisparse_fp8_dynamo-sglang_prefill-tp1-pp1-dcp1-pcp8-ep1-dpfalse-nw1_decode-tp8-pp1-dcp1-pcp1-ep1-dptrue-nw1_disagg-true_spec-none_conc8_h200-dgxc-slurm_5,/Users/sskim/Documents/Codex/2026-08-06/h200-agentx-conversation-id-benchmark-analysis/data/raw/github/run_29820102138/conc8/raw_agentic/8496993692_agentic_glm5.2_p1x1_d1x8_conc8_kvdram-hisparse_fp8_dynamo-sglang_prefill-tp1-pp1-dcp1-pcp8-ep1-dpfalse-nw1_decode-tp8-pp1-dcp1-pcp1-ep1-dptrue-nw1_disagg-true_spec-none_conc8_h200-dgxc-slurm_5/conc_8/aiperf_artifacts/profile_export.jsonl,302,metrics.usage_total_tokens.value,metrics.usage_total_tokens.value,metricsusagetotaltokensvalue,302,1.0,0,0.0,0.0,int,int,2.0,153951.0,2.0,153951.0,tokens,tokens,302,tokens
