root_id,lane_id,root_tree_session_id,session_id,conversation_id,is_root_conversation,is_subagent_conversation,agent_depth,source_kind,benchmark_phase,warmup_stage,source_outer_idx,source_inner_idx,source_idx,source_position,source_timestamp_seconds,turn_index,jsonl_ordinal,execution_ordinal,completion_ordinal,execution_timestamp,completion_timestamp,request_start_ns,request_end_ns,output_sequence_length,worker_id,session_num
07dd40536557a1d6440a923557c3129dc929,13,48556e06-1560-4ca7-9268-3dfc379b53e9,48556e06-1560-4ca7-9268-3dfc379b53e9,07dd40536557a1d6440a923557c3129dc929,true,false,0,weka_main,warmup,mandatory_snapshot_primer,7,,7,7,93.439,7,3,0,3,2026-08-04T01:16:17.646246Z,2026-08-04T01:17:14.862364Z,1785806177646246251,1785806234862363964,1,worker_698b8caf,12
04dba6fe621301a1d01fd63b8d02c9645c48,7,2c94687b-cd2b-4e81-a0a6-5a7b7f8689f7,2c94687b-cd2b-4e81-a0a6-5a7b7f8689f7,04dba6fe621301a1d01fd63b8d02c9645c48,true,false,0,weka_main,warmup,mandatory_snapshot_primer,2,,2,2,57.767,2,1,1,1,2026-08-04T01:16:17.646745Z,2026-08-04T01:17:11.826656Z,1785806177646745189,1785806231826655701,1,worker_5ea07df7,6
0a688303b1ae62a97607af8021f2130c2caf,17,673a798a-4141-4a41-a1f9-8fa912fcb7fb,673a798a-4141-4a41-a1f9-8fa912fcb7fb,0a688303b1ae62a97607af8021f2130c2caf,true,false,0,weka_main,warmup,mandatory_snapshot_primer,20,,20,20,1540.503,20,0,2,0,2026-08-04T01:16:17.646787Z,2026-08-04T01:17:10.968673Z,1785806177646787368,1785806230968673278,1,worker_d5b600e6,16
063179eb93f4337a662e859c5a2c5638e03f,10,863e4f93-44c4-4a99-85ce-a8dae5210df2,195d5f62-179f-4ece-a916-dcb23665cfcf,063179eb93f4337a662e859c5a2c5638e03f::fa:000,false,true,1,weka_flat,warmup,mandatory_snapshot_primer,16,,16,50,699.444,13,26,3,26,2026-08-04T01:16:17.646849Z,2026-08-04T01:18:05.822593Z,1785806177646848937,1785806285822592911,1,worker_25a0e35e,9
077ea9e6554f45bbad9c24a8462bae9a8512,12,2373ad13-84d0-4fbf-ac6e-b39ec49b21c0,2373ad13-84d0-4fbf-ac6e-b39ec49b21c0,077ea9e6554f45bbad9c24a8462bae9a8512,true,false,0,weka_main,warmup,mandatory_snapshot_primer,25,,25,25,4243.756,24,2,4,2,2026-08-04T01:16:17.647284Z,2026-08-04T01:17:13.683391Z,1785806177647284047,1785806233683390935,1,worker_a5cff0bb,11
006c98de37d819e95b0840e25426bb7ca99d,1,bbd1c766-e906-4eae-9223-03cd79a0540a,bbd1c766-e906-4eae-9223-03cd79a0540a,006c98de37d819e95b0840e25426bb7ca99d,true,false,0,weka_main,warmup,mandatory_snapshot_primer,4,,4,4,267.263,4,4,5,4,2026-08-04T01:16:17.647667Z,2026-08-04T01:17:16.060496Z,1785806177647667319,1785806236060495719,1,worker_b4c7c6fe,1
0ede42538334da8586bc60008762abfc0ab7,27,b1394c3d-0119-4e64-b6e7-ecf0f4f983ec,b1394c3d-0119-4e64-b6e7-ecf0f4f983ec,0ede42538334da8586bc60008762abfc0ab7,true,false,0,weka_main,warmup,mandatory_snapshot_primer,6,,6,60,482.698,3,5,6,5,2026-08-04T01:16:17.647667Z,2026-08-04T01:17:17.269775Z,1785806177647667349,1785806237269774562,1,worker_4cdb9141,26
0bed163ac9566086e14ffd85c7481096d49d,21,dc21d643-93c3-455a-b0eb-d2807ffb8901,dc21d643-93c3-455a-b0eb-d2807ffb8901,0bed163ac9566086e14ffd85c7481096d49d,true,false,0,weka_main,warmup,mandatory_snapshot_primer,30,,30,30,1525.374,24,6,7,6,2026-08-04T01:16:17.648633Z,2026-08-04T01:17:19.103584Z,1785806177648633537,1785806239103583905,1,worker_2a29c023,20
0f909e7d63c0d5e1f060d727ada25d910d89,28,63f5cc97-5018-4edc-929b-9d6c174d488a,8f35cf28-3e4d-449e-92b8-247b1ddf5cb6,0f909e7d63c0d5e1f060d727ada25d910d89::fa:000,false,true,1,weka_flat,warmup,mandatory_snapshot_primer,31,,31,31,449.483,29,11,8,11,2026-08-04T01:16:17.648643Z,2026-08-04T01:17:31.507072Z,1785806177648643466,1785806251507071621,1,worker_c8843e3d,27
03e110ac6921c2fe9ac7772a9654314a2beb,5,75582e3a-5d93-45dc-97fd-8805d883b509,75582e3a-5d93-45dc-97fd-8805d883b509,03e110ac6921c2fe9ac7772a9654314a2beb,true,false,0,weka_main,warmup,mandatory_snapshot_primer,23,,23,44,1563.979,18,10,9,10,2026-08-04T01:16:17.648925Z,2026-08-04T01:17:29.703169Z,1785806177648925420,1785806249703168581,1,worker_e8e328c8,4
0bc9c4f798d321286bf39f2543c0c4e4c059,19,5852826d-1819-426d-b610-678c8fba29ad,5852826d-1819-426d-b610-678c8fba29ad,0bc9c4f798d321286bf39f2543c0c4e4c059,true,false,0,weka_main,warmup,mandatory_snapshot_primer,10,,10,91,1042.084,6,8,10,8,2026-08-04T01:16:17.649029Z,2026-08-04T01:17:24.555228Z,1785806177649029528,1785806244555227493,1,worker_bc6ad7e1,18
0db32e2f852a2ea24ed616b31975a84da5e4,24,cae80809-bf64-495c-b5a5-3b80b45d1fbd,cae80809-bf64-495c-b5a5-3b80b45d1fbd,0db32e2f852a2ea24ed616b31975a84da5e4,true,false,0,weka_main,warmup,mandatory_snapshot_primer,3,,3,3,18.126,3,7,11,7,2026-08-04T01:16:17.649030Z,2026-08-04T01:17:21.268867Z,1785806177649029928,1785806241268866988,1,worker_d0059a57,23
085411a4cc4b15108dd9b50007261a2efb65,14,4630af8a-9c7c-4faf-a44c-9b1f504ab242,4630af8a-9c7c-4faf-a44c-9b1f504ab242,085411a4cc4b15108dd9b50007261a2efb65,true,false,0,weka_main,warmup,mandatory_snapshot_primer,5,,5,5,303.837,5,12,12,12,2026-08-04T01:16:17.649100Z,2026-08-04T01:17:34.382156Z,1785806177649099996,1785806254382155564,1,worker_3be6b29b,13
12bd4c7c82ae413b035253cb800fc5312111,32,01e05c9a-ce78-4f2c-85c1-a544ecafcf4f,01e05c9a-ce78-4f2c-85c1-a544ecafcf4f,12bd4c7c82ae413b035253cb800fc5312111,true,false,0,weka_main,warmup,mandatory_snapshot_primer,2,,2,2,224.303,2,17,13,17,2026-08-04T01:16:17.649339Z,2026-08-04T01:17:41.575083Z,1785806177649338861,1785806261575082871,1,worker_c4730079,30
14129d470e508b236be22188aa78548ef805,37,ee9bb5df-1a33-4606-b820-850521f136b9,ee9bb5df-1a33-4606-b820-850521f136b9,14129d470e508b236be22188aa78548ef805,true,false,0,weka_main,warmup,mandatory_snapshot_primer,13,,13,13,161.808,13,9,14,9,2026-08-04T01:16:17.649385Z,2026-08-04T01:17:26.023443Z,1785806177649384970,1785806246023443239,1,worker_c8843e3d,37
12bd4c7c82ae413b035253cb800fc5312111,32,01e05c9a-ce78-4f2c-85c1-a544ecafcf4f,80a6ef61-688c-438b-8490-896e624159c8,12bd4c7c82ae413b035253cb800fc5312111::sa:subagent_002_847a9292,false,true,1,weka_subagent,warmup,mandatory_snapshot_primer,7,0,7.0,9,381.137,0,13,15,13,2026-08-04T01:16:17.649949Z,2026-08-04T01:17:34.634784Z,1785806177649949387,1785806254634783690,1,worker_c4730079,31
12cfecf98c158ab54fb65980602421f00d69,33,c8d68b51-d732-460e-a260-2dbcb2a0ebe8,c8d68b51-d732-460e-a260-2dbcb2a0ebe8,12cfecf98c158ab54fb65980602421f00d69,true,false,0,weka_main,warmup,mandatory_snapshot_primer,18,,18,18,160.143,18,14,16,14,2026-08-04T01:16:17.649992Z,2026-08-04T01:17:36.818753Z,1785806177649991956,1785806256818752641,1,worker_33e453d4,33
0e4206535a79f980e2b1091181202ea987fe,26,868d7ba9-4bc8-4721-8c47-8b0e5957ae17,868d7ba9-4bc8-4721-8c47-8b0e5957ae17,0e4206535a79f980e2b1091181202ea987fe,true,false,0,weka_main,warmup,mandatory_snapshot_primer,8,,8,8,57.258,8,27,17,27,2026-08-04T01:16:17.650136Z,2026-08-04T01:18:09.102145Z,1785806177650135423,1785806289102144949,1,worker_4c4c2185,25
12bd4c7c82ae413b035253cb800fc5312111,32,01e05c9a-ce78-4f2c-85c1-a544ecafcf4f,4cfc0f0c-a508-4fc8-a908-ffc4910b1bf9,12bd4c7c82ae413b035253cb800fc5312111::fa:000,false,true,1,weka_flat,warmup,mandatory_snapshot_primer,5,,5,5,305.195,2,16,18,16,2026-08-04T01:16:17.650300Z,2026-08-04T01:17:41.282736Z,1785806177650299489,1785806261282735675,1,worker_c4730079,32
05c249572509162371b7b82339674db64b5d,8,8c5ae8be-169a-4f36-9998-af49cd417a92,8c5ae8be-169a-4f36-9998-af49cd417a92,05c249572509162371b7b82339674db64b5d,true,false,0,weka_main,warmup,mandatory_snapshot_primer,33,,33,33,5222.723,31,15,19,15,2026-08-04T01:16:17.650391Z,2026-08-04T01:17:40.441190Z,1785806177650390577,1785806260441189631,1,worker_045f4ff4,7
0dedb07b5e4362b028db9d8ab90fff7fd4ad,25,2a898ead-d919-44e1-a820-a48687230fb4,2a898ead-d919-44e1-a820-a48687230fb4,0dedb07b5e4362b028db9d8ab90fff7fd4ad,true,false,0,weka_main,warmup,mandatory_snapshot_primer,42,,42,42,4226.032,41,18,20,18,2026-08-04T01:16:17.650775Z,2026-08-04T01:17:45.980303Z,1785806177650775168,1785806265980303137,1,worker_70e58a15,24
0d8a816e4819b765d81ff748da94d463f3b2,23,b385a461-c646-46ec-8fd0-ae91b32fd86e,b385a461-c646-46ec-8fd0-ae91b32fd86e,0d8a816e4819b765d81ff748da94d463f3b2,true,false,0,weka_main,warmup,mandatory_snapshot_primer,15,,15,15,720.284,15,19,21,19,2026-08-04T01:16:17.650863Z,2026-08-04T01:17:48.432640Z,1785806177650862676,1785806268432639637,1,worker_f4f02990,22
0bcd99353218b9a386b1c4aec13d77abecdb,20,dbc05d7e-0c70-4922-9f24-ded5d6539c40,dbc05d7e-0c70-4922-9f24-ded5d6539c40,0bcd99353218b9a386b1c4aec13d77abecdb,true,false,0,weka_main,warmup,mandatory_snapshot_primer,21,,21,29,1789.305,18,20,22,20,2026-08-04T01:16:17.650902Z,2026-08-04T01:17:49.946783Z,1785806177650901445,1785806269946783222,1,worker_a1bf3a7a,19
00ca01c4aaeccee751ae6285beb54dea262f,2,1fe0dae8-b2bf-426d-b081-62b3155899f3,1fe0dae8-b2bf-426d-b081-62b3155899f3,00ca01c4aaeccee751ae6285beb54dea262f,true,false,0,weka_main,warmup,mandatory_snapshot_primer,26,,26,29,1477.222,23,22,23,22,2026-08-04T01:16:17.651580Z,2026-08-04T01:17:54.082483Z,1785806177651580110,1785806274082482564,1,worker_741f2baa,2
117ebe75819d050f308a0a81647893abd02d,31,73799443-e2fe-409c-84d9-b5d5a7cdc54d,73799443-e2fe-409c-84d9-b5d5a7cdc54d,117ebe75819d050f308a0a81647893abd02d,true,false,0,weka_main,warmup,mandatory_snapshot_primer,30,,30,44,814.643,22,24,24,24,2026-08-04T01:16:17.651779Z,2026-08-04T01:18:01.415762Z,1785806177651778995,1785806281415762432,1,worker_87cea17a,29
0d41be2aa98333f3662682210647e5971c7b,22,656b38f6-4879-444a-a93e-8d2f3cfe4769,656b38f6-4879-444a-a93e-8d2f3cfe4769,0d41be2aa98333f3662682210647e5971c7b,true,false,0,weka_main,warmup,mandatory_snapshot_primer,5,,5,5,49.293,5,21,25,21,2026-08-04T01:16:17.651917Z,2026-08-04T01:17:50.811721Z,1785806177651916452,1785806270811721126,1,worker_ec08f4bd,21
05f72f78a037cfa5cd4e4541960a574701d9,9,82e926ce-7f97-4238-9d99-4c50c19a0df2,82e926ce-7f97-4238-9d99-4c50c19a0df2,05f72f78a037cfa5cd4e4541960a574701d9,true,false,0,weka_main,warmup,mandatory_snapshot_primer,48,,48,48,2165.347,48,23,26,23,2026-08-04T01:16:17.653510Z,2026-08-04T01:17:56.262824Z,1785806177653510066,1785806276262823756,1,worker_b2921dd7,8
0a279af1bec84c6ab033bb03f5d8bfd6b08d,16,0a76c5ba-0a11-43b9-b4ea-1ce866375bbe,0a76c5ba-0a11-43b9-b4ea-1ce866375bbe,0a279af1bec84c6ab033bb03f5d8bfd6b08d,true,false,0,weka_main,warmup,mandatory_snapshot_primer,19,,19,19,2601.148,19,25,27,25,2026-08-04T01:16:17.653961Z,2026-08-04T01:18:04.668090Z,1785806177653961046,1785806284668090007,1,worker_659f36b2,15
13b532ee3aaa0a52b05c3bcc472355ab62b4,35,1295e9a7-3a2a-4d6d-be67-f922761e6f38,add3d856-7d83-4a17-801b-5d1a5c466bed,13b532ee3aaa0a52b05c3bcc472355ab62b4::fa:000,false,true,1,weka_flat,warmup,mandatory_snapshot_primer,97,,97,127,2066.668,16,28,28,28,2026-08-04T01:16:17.665413Z,2026-08-04T01:18:15.567326Z,1785806177665413386,1785806295567326084,1,worker_25a0e35e,35
0196085d85d2075a50b74cd8795ffbdcea9a,3,621ca950-fa44-4483-9f92-a6c12e4615cd,621ca950-fa44-4483-9f92-a6c12e4615cd,0196085d85d2075a50b74cd8795ffbdcea9a,true,false,0,weka_main,warmup,mandatory_snapshot_primer,87,,87,118,9912.355,81,31,29,31,2026-08-04T01:16:17.674600Z,2026-08-04T01:18:32.517069Z,1785806177674599688,1785806312517069430,1,worker_9816e37a,3
0470d446a4514dfe0c6ad0be92853bd13287,6,256fd0bb-97d3-4cf7-8f16-229be40497f7,aacc5f74-c9ef-48be-a6dd-6e0f680a5ca0,0470d446a4514dfe0c6ad0be92853bd13287::fa:009,false,true,1,weka_flat,warmup,mandatory_snapshot_primer,400,,400,400,101455.302,46,29,30,29,2026-08-04T01:16:17.680901Z,2026-08-04T01:18:17.361543Z,1785806177680900586,1785806297361542954,1,worker_c1ab9170,5
069d7bf5f1efb4e76e3c84510367e6af78a5,11,7063bc38-c91b-4971-b303-dcfd0737bade,7063bc38-c91b-4971-b303-dcfd0737bade,069d7bf5f1efb4e76e3c84510367e6af78a5,true,false,0,weka_main,warmup,mandatory_snapshot_primer,217,,217,341,10386.338,209,32,31,32,2026-08-04T01:16:17.689564Z,2026-08-04T01:18:51.910298Z,1785806177689563819,1785806331910298359,1,worker_7d9c228a,10
12e6fd87f4d3d1f93f96bd7bb6a520043805,34,8da0b420-7815-4485-a456-a374de71596a,8da0b420-7815-4485-a456-a374de71596a,12e6fd87f4d3d1f93f96bd7bb6a520043805,true,false,0,weka_main,warmup,mandatory_snapshot_primer,54,,54,54,13038.273,53,30,32,30,2026-08-04T01:16:17.689904Z,2026-08-04T01:18:22.154740Z,1785806177689904362,1785806302154740090,1,worker_c1ab9170,34
085aacf44ac5428ad3c6b4f6cd431e083832,15,ae685399-ecac-4cfe-8d89-36dbd306301d,ae685399-ecac-4cfe-8d89-36dbd306301d,085aacf44ac5428ad3c6b4f6cd431e083832,true,false,0,weka_main,warmup,mandatory_snapshot_primer,375,,375,1262,111217.468,348,33,33,33,2026-08-04T01:16:17.719043Z,2026-08-04T01:19:09.318332Z,1785806177719042471,1785806349318332012,1,worker_1ba60ddf,14
1493faffdc8942e99daa22277f44871a40b8,38,c1e0069f-a466-48bc-a2f6-3b300fda6e78,c1e0069f-a466-48bc-a2f6-3b300fda6e78,1493faffdc8942e99daa22277f44871a40b8,true,false,0,weka_main,warmup,mandatory_snapshot_primer,70,,70,70,25939.236,68,37,34,37,2026-08-04T01:16:17.721884Z,2026-08-04T01:19:34.650782Z,1785806177721884117,1785806374650782122,1,worker_eb628086,38
002001296e8a8c38ad9d7cc436d691afc602,0,67017464-d9af-4509-bdc1-4ba3297c6a94,67017464-d9af-4509-bdc1-4ba3297c6a94,002001296e8a8c38ad9d7cc436d691afc602,true,false,0,weka_main,warmup,mandatory_snapshot_primer,88,,88,151,101025.347,83,34,35,34,2026-08-04T01:16:17.726320Z,2026-08-04T01:19:16.105616Z,1785806177726320057,1785806356105615771,1,worker_eb628086,0
0b7f3ca692f15ae2651a310d9411d70794aa,18,8161929f-63dc-4743-9f8e-4159f04df00a,09136cd8-1305-46ba-8054-94035c5b66dc,0b7f3ca692f15ae2651a310d9411d70794aa::fa:001,false,true,1,weka_flat,warmup,mandatory_snapshot_primer,161,,161,161,10560.452,21,36,36,36,2026-08-04T01:16:17.727405Z,2026-08-04T01:19:24.793926Z,1785806177727404922,1785806364793925799,1,worker_80b0e5da,17
13e0b7038bafff59abfdc31aad12dbcd4a2f,36,42642091-0d51-4282-9ba6-f4f3b6d5b0a9,42642091-0d51-4282-9ba6-f4f3b6d5b0a9,13e0b7038bafff59abfdc31aad12dbcd4a2f,true,false,0,weka_main,warmup,mandatory_snapshot_primer,35,,35,35,3315.725,35,35,37,35,2026-08-04T01:16:17.731200Z,2026-08-04T01:19:19.985258Z,1785806177731200376,1785806359985257864,1,worker_80b0e5da,36
11310dce936f02050cadaeae295bcdd1ce7f,30,aa90120e-b299-4c94-9d28-77867237b6ae,aa90120e-b299-4c94-9d28-77867237b6ae,11310dce936f02050cadaeae295bcdd1ce7f,true,false,0,weka_main,warmup,mandatory_snapshot_primer,264,,264,349,17710.696,260,38,38,38,2026-08-04T01:16:17.802705Z,2026-08-04T01:19:53.313096Z,1785806177802704916,1785806393313096249,1,worker_1b07758f,28
117ebe75819d050f308a0a81647893abd02d,31,73799443-e2fe-409c-84d9-b5d5a7cdc54d,de4d09a8-40d7-4286-b334-adaef9aa79a5,117ebe75819d050f308a0a81647893abd02d::sa:subagent_004_6a00b9ff,false,true,1,weka_subagent,warmup,mandatory_snapshot_primer,31,2,31.2,47,850.544,2,39,39,39,2026-08-04T01:16:24.426002Z,2026-08-04T01:19:54.307349Z,1785806184426001689,1785806394307349383,1,worker_87cea17a,39
07dd40536557a1d6440a923557c3129dc929,13,48556e06-1560-4ca7-9268-3dfc379b53e9,9b1057a4-9a89-4a2d-8435-8e603cbc9af3,07dd40536557a1d6440a923557c3129dc929::sa:subagent_001_1a28c42b,false,true,1,weka_subagent,warmup,mandatory_snapshot_primer,8,29,8.29,94,329.464,28,40,40,40,2026-08-04T01:16:24.791057Z,2026-08-04T01:19:56.496802Z,1785806184791056628,1785806396496802079,1,worker_698b8caf,40
1007f04d2c64580308858bb42f292992929d,29,fc6708aa-3ec7-497d-a4f2-9bd9d14de193,fc6708aa-3ec7-497d-a4f2-9bd9d14de193,1007f04d2c64580308858bb42f292992929d,true,false,0,weka_main,warmup,mandatory_snapshot_primer,67,,67,114,1040.7,65,41,41,41,2026-08-04T01:16:25.728040Z,2026-08-04T01:19:59.052522Z,1785806185728039640,1785806399052521727,1,worker_b4c7c6fe,41
07dd40536557a1d6440a923557c3129dc929,13,48556e06-1560-4ca7-9268-3dfc379b53e9,a1fd4738-c8fe-4939-8398-fbdf5ae44fe4,07dd40536557a1d6440a923557c3129dc929::sa:subagent_002_23b2d9e6,false,true,1,weka_subagent,warmup,mandatory_snapshot_primer,9,41,9.41,95,331.098,41,42,42,42,2026-08-04T01:16:26.424984Z,2026-08-04T01:20:00.292382Z,1785806186424984000,1785806400292382297,1,worker_698b8caf,42
12bd4c7c82ae413b035253cb800fc5312111,32,01e05c9a-ce78-4f2c-85c1-a544ecafcf4f,81421985-da2b-4cee-8770-58a1aef6dbe7,12bd4c7c82ae413b035253cb800fc5312111::sa:subagent_001_65ca2729,false,true,1,weka_subagent,warmup,mandatory_snapshot_primer,6,6,6.6,13,391.716,6,43,43,43,2026-08-04T01:16:26.626399Z,2026-08-04T01:20:00.451099Z,1785806186626399077,1785806400451098911,1,worker_c4730079,43
006c98de37d819e95b0840e25426bb7ca99d,1,bbd1c766-e906-4eae-9223-03cd79a0540a,bbd1c766-e906-4eae-9223-03cd79a0540a,006c98de37d819e95b0840e25426bb7ca99d,true,false,0,weka_main,warmup,additional_cache_pressure,5,,5,5,3988.186,5,44,44,44,2026-08-04T01:20:00.464663Z,2026-08-04T01:20:03.212900Z,1785806400464662613,1785806403212900179,1,worker_b4c7c6fe,45
03e110ac6921c2fe9ac7772a9654314a2beb,5,75582e3a-5d93-45dc-97fd-8805d883b509,75582e3a-5d93-45dc-97fd-8805d883b509,03e110ac6921c2fe9ac7772a9654314a2beb,true,false,0,weka_main,warmup,additional_cache_pressure,24,,24,45,1649.806,19,48,45,48,2026-08-04T01:20:00.465482Z,2026-08-04T01:20:04.464983Z,1785806400465481955,1785806404464983412,1,worker_e8e328c8,49
0470d446a4514dfe0c6ad0be92853bd13287,6,256fd0bb-97d3-4cf7-8f16-229be40497f7,8ceb28a2-1cc6-426e-87d3-cd49295a8834,0470d446a4514dfe0c6ad0be92853bd13287::sa:subagent_002_e75e0109,false,true,1,weka_subagent,warmup,additional_cache_pressure,619,0,619.0,639,144314.459,0,50,46,50,2026-08-04T01:20:00.466073Z,2026-08-04T01:20:04.683869Z,1785806400466072501,1785806404683869252,1,worker_045f4ff4,51
0470d446a4514dfe0c6ad0be92853bd13287,6,256fd0bb-97d3-4cf7-8f16-229be40497f7,3e231eaf-6e7e-4826-97d3-7455fda772a0,0470d446a4514dfe0c6ad0be92853bd13287::sa:subagent_001_28e3add7,false,true,1,weka_subagent,warmup,additional_cache_pressure,509,0,509.0,509,114083.02,0,47,47,47,2026-08-04T01:20:00.466098Z,2026-08-04T01:20:04.014320Z,1785806400466098241,1785806404014319882,1,worker_5ea07df7,50
0470d446a4514dfe0c6ad0be92853bd13287,6,256fd0bb-97d3-4cf7-8f16-229be40497f7,4a9019f8-09b8-4a73-a9de-823d0d0e53ad,0470d446a4514dfe0c6ad0be92853bd13287::sa:subagent_004_32245bd4,false,true,1,weka_subagent,warmup,additional_cache_pressure,621,0,621.0,642,144327.474,0,62,48,60,2026-08-04T01:20:00.466211Z,2026-08-04T01:20:06.357267Z,1785806400466210788,1785806406357266891,1,worker_7d9c228a,53
00ca01c4aaeccee751ae6285beb54dea262f,2,1fe0dae8-b2bf-426d-b081-62b3155899f3,1fe0dae8-b2bf-426d-b081-62b3155899f3,00ca01c4aaeccee751ae6285beb54dea262f,true,false,0,weka_main,warmup,additional_cache_pressure,27,,27,30,1736.964,24,51,49,52,2026-08-04T01:20:00.466295Z,2026-08-04T01:20:05.397495Z,1785806400466295116,1785806405397494594,1,worker_741f2baa,46
0470d446a4514dfe0c6ad0be92853bd13287,6,256fd0bb-97d3-4cf7-8f16-229be40497f7,410ffa9c-3492-4010-87cf-6356340f5df8,0470d446a4514dfe0c6ad0be92853bd13287::sa:subagent_006_1de368b3,false,true,1,weka_subagent,warmup,additional_cache_pressure,623,0,623.0,645,144342.159,0,58,50,58,2026-08-04T01:20:00.466509Z,2026-08-04T01:20:05.963895Z,1785806400466508542,1785806405963895223,1,worker_3be6b29b,55
04dba6fe621301a1d01fd63b8d02c9645c48,7,2c94687b-cd2b-4e81-a0a6-5a7b7f8689f7,2c94687b-cd2b-4e81-a0a6-5a7b7f8689f7,04dba6fe621301a1d01fd63b8d02c9645c48,true,false,0,weka_main,warmup,additional_cache_pressure,4,,4,21,4506.113,3,52,51,51,2026-08-04T01:20:00.466771Z,2026-08-04T01:20:05.397378Z,1785806400466771086,1785806405397378018,1,worker_5ea07df7,58
07dd40536557a1d6440a923557c3129dc929,13,48556e06-1560-4ca7-9268-3dfc379b53e9,9b1057a4-9a89-4a2d-8435-8e603cbc9af3,07dd40536557a1d6440a923557c3129dc929::sa:subagent_001_1a28c42b,false,true,1,weka_subagent,warmup,additional_cache_pressure,8,30,8.30,97,339.189,29,46,52,46,2026-08-04T01:20:00.466813Z,2026-08-04T01:20:03.732611Z,1785806400466813375,1785806403732611325,1,worker_698b8caf,64
05c249572509162371b7b82339674db64b5d,8,8c5ae8be-169a-4f36-9998-af49cd417a92,8c5ae8be-169a-4f36-9998-af49cd417a92,05c249572509162371b7b82339674db64b5d,true,false,0,weka_main,warmup,additional_cache_pressure,34,,34,34,73376.209,32,53,53,54,2026-08-04T01:20:00.466859Z,2026-08-04T01:20:05.963272Z,1785806400466859104,1785806405963271657,1,worker_045f4ff4,59
0470d446a4514dfe0c6ad0be92853bd13287,6,256fd0bb-97d3-4cf7-8f16-229be40497f7,1a60bf0a-2309-4d74-946b-82b6cdb7ada9,0470d446a4514dfe0c6ad0be92853bd13287::sa:subagent_003_54027885,false,true,1,weka_subagent,warmup,additional_cache_pressure,620,0,620.0,640,144320.75,0,68,54,67,2026-08-04T01:20:00.466914Z,2026-08-04T01:20:07.006989Z,1785806400466913772,1785806407006989340,1,worker_b2921dd7,52
002001296e8a8c38ad9d7cc436d691afc602,0,67017464-d9af-4509-bdc1-4ba3297c6a94,67017464-d9af-4509-bdc1-4ba3297c6a94,002001296e8a8c38ad9d7cc436d691afc602,true,false,0,weka_main,warmup,additional_cache_pressure,89,,89,152,169031.002,84,55,55,55,2026-08-04T01:20:00.467010Z,2026-08-04T01:20:05.963296Z,1785806400467009660,1785806405963295717,1,worker_eb628086,44
0470d446a4514dfe0c6ad0be92853bd13287,6,256fd0bb-97d3-4cf7-8f16-229be40497f7,8594f9bb-12c8-47b8-a252-76f270428c79,0470d446a4514dfe0c6ad0be92853bd13287::sa:subagent_007_c36dc180,false,true,1,weka_subagent,warmup,additional_cache_pressure,624,0,624.0,654,144364.359,0,77,56,73,2026-08-04T01:20:00.467072Z,2026-08-04T01:20:08.283370Z,1785806400467072109,1785806408283370593,1,worker_1ba60ddf,56
0196085d85d2075a50b74cd8795ffbdcea9a,3,621ca950-fa44-4483-9f92-a6c12e4615cd,621ca950-fa44-4483-9f92-a6c12e4615cd,0196085d85d2075a50b74cd8795ffbdcea9a,true,false,0,weka_main,warmup,additional_cache_pressure,88,,88,119,10104.647,82,59,57,61,2026-08-04T01:20:00.467171Z,2026-08-04T01:20:06.357284Z,1785806400467171547,1785806406357283991,1,worker_9816e37a,47
0470d446a4514dfe0c6ad0be92853bd13287,6,256fd0bb-97d3-4cf7-8f16-229be40497f7,2d843433-9847-40f5-8549-2f61e3880142,0470d446a4514dfe0c6ad0be92853bd13287::sa:subagent_005_dcbbad73,false,true,1,weka_subagent,warmup,additional_cache_pressure,622,0,622.0,644,144339.157,0,71,58,72,2026-08-04T01:20:00.467262Z,2026-08-04T01:20:08.061217Z,1785806400467261465,1785806408061217066,1,worker_a5cff0bb,54
07dd40536557a1d6440a923557c3129dc929,13,48556e06-1560-4ca7-9268-3dfc379b53e9,a1fd4738-c8fe-4939-8398-fbdf5ae44fe4,07dd40536557a1d6440a923557c3129dc929::sa:subagent_002_23b2d9e6,false,true,1,weka_subagent,warmup,additional_cache_pressure,9,42,9.42,96,334.942,42,45,59,45,2026-08-04T01:20:00.467494Z,2026-08-04T01:20:03.732158Z,1785806400467494269,1785806403732157955,1,worker_698b8caf,65
063179eb93f4337a662e859c5a2c5638e03f,10,863e4f93-44c4-4a99-85ce-a8dae5210df2,195d5f62-179f-4ece-a916-dcb23665cfcf,063179eb93f4337a662e859c5a2c5638e03f::fa:000,false,true,1,weka_flat,warmup,additional_cache_pressure,17,,17,51,3524.55,14,61,60,62,2026-08-04T01:20:00.467507Z,2026-08-04T01:20:06.357706Z,1785806400467506909,1785806406357706421,1,worker_d5b600e6,61
085411a4cc4b15108dd9b50007261a2efb65,14,4630af8a-9c7c-4faf-a44c-9b1f504ab242,4630af8a-9c7c-4faf-a44c-9b1f504ab242,085411a4cc4b15108dd9b50007261a2efb65,true,false,0,weka_main,warmup,additional_cache_pressure,7,,7,7,6991.086,6,57,61,57,2026-08-04T01:20:00.467734Z,2026-08-04T01:20:05.963352Z,1785806400467733724,1785806405963351755,1,worker_3be6b29b,66
0bcd99353218b9a386b1c4aec13d77abecdb,20,dbc05d7e-0c70-4922-9f24-ded5d6539c40,dbc05d7e-0c70-4922-9f24-ded5d6539c40,0bcd99353218b9a386b1c4aec13d77abecdb,true,false,0,weka_main,warmup,additional_cache_pressure,22,,22,30,46447.095,19,54,62,53,2026-08-04T01:20:00.467948Z,2026-08-04T01:20:05.963220Z,1785806400467947779,1785806405963220178,1,worker_a1bf3a7a,72
0bc9c4f798d321286bf39f2543c0c4e4c059,19,5852826d-1819-426d-b610-678c8fba29ad,5852826d-1819-426d-b610-678c8fba29ad,0bc9c4f798d321286bf39f2543c0c4e4c059,true,false,0,weka_main,warmup,additional_cache_pressure,11,,11,92,2154.671,7,96,63,96,2026-08-04T01:20:00.467978Z,2026-08-04T01:20:27.939360Z,1785806400467978568,1785806427939360207,1,worker_bc6ad7e1,71
0bed163ac9566086e14ffd85c7481096d49d,21,dc21d643-93c3-455a-b0eb-d2807ffb8901,dc21d643-93c3-455a-b0eb-d2807ffb8901,0bed163ac9566086e14ffd85c7481096d49d,true,false,0,weka_main,warmup,additional_cache_pressure,31,,31,31,2166.145,25,56,64,56,2026-08-04T01:20:00.468005Z,2026-08-04T01:20:05.963302Z,1785806400468005198,1785806405963301836,1,worker_2a29c023,73
0d41be2aa98333f3662682210647e5971c7b,22,656b38f6-4879-444a-a93e-8d2f3cfe4769,656b38f6-4879-444a-a93e-8d2f3cfe4769,0d41be2aa98333f3662682210647e5971c7b,true,false,0,weka_main,warmup,additional_cache_pressure,6,,6,6,77924.012,6,67,65,68,2026-08-04T01:20:00.468040Z,2026-08-04T01:20:07.007027Z,1785806400468040077,1785806407007027140,1,worker_ec08f4bd,74
069d7bf5f1efb4e76e3c84510367e6af78a5,11,7063bc38-c91b-4971-b303-dcfd0737bade,7063bc38-c91b-4971-b303-dcfd0737bade,069d7bf5f1efb4e76e3c84510367e6af78a5,true,false,0,weka_main,warmup,additional_cache_pressure,218,,218,342,56578.238,210,69,66,69,2026-08-04T01:20:00.468107Z,2026-08-04T01:20:08.061076Z,1785806400468107335,1785806408061076199,1,worker_7d9c228a,62
0a688303b1ae62a97607af8021f2130c2caf,17,673a798a-4141-4a41-a1f9-8fa912fcb7fb,673a798a-4141-4a41-a1f9-8fa912fcb7fb,0a688303b1ae62a97607af8021f2130c2caf,true,false,0,weka_main,warmup,additional_cache_pressure,21,,21,21,1805.6,21,60,67,59,2026-08-04T01:20:00.468190Z,2026-08-04T01:20:06.357265Z,1785806400468189993,1785806406357264871,1,worker_d5b600e6,69
0d8a816e4819b765d81ff748da94d463f3b2,23,b385a461-c646-46ec-8fd0-ae91b32fd86e,b385a461-c646-46ec-8fd0-ae91b32fd86e,0d8a816e4819b765d81ff748da94d463f3b2,true,false,0,weka_main,warmup,additional_cache_pressure,16,,16,16,6671.622,16,66,68,64,2026-08-04T01:20:00.468284Z,2026-08-04T01:20:07.006933Z,1785806400468283871,1785806407006933022,1,worker_f4f02990,75
0ede42538334da8586bc60008762abfc0ab7,27,b1394c3d-0119-4e64-b6e7-ecf0f4f983ec,b1394c3d-0119-4e64-b6e7-ecf0f4f983ec,0ede42538334da8586bc60008762abfc0ab7,true,false,0,weka_main,warmup,additional_cache_pressure,7,,7,61,1132.996,4,63,69,63,2026-08-04T01:20:00.468483Z,2026-08-04T01:20:07.006902Z,1785806400468483037,1785806407006901813,1,worker_4cdb9141,79
1007f04d2c64580308858bb42f292992929d,29,fc6708aa-3ec7-497d-a4f2-9bd9d14de193,fc6708aa-3ec7-497d-a4f2-9bd9d14de193,1007f04d2c64580308858bb42f292992929d,true,false,0,weka_main,warmup,additional_cache_pressure,68,,68,115,1054.356,66,65,70,66,2026-08-04T01:20:00.468527Z,2026-08-04T01:20:07.006949Z,1785806400468526656,1785806407006949022,1,worker_b4c7c6fe,81
0db32e2f852a2ea24ed616b31975a84da5e4,24,cae80809-bf64-495c-b5a5-3b80b45d1fbd,cae80809-bf64-495c-b5a5-3b80b45d1fbd,0db32e2f852a2ea24ed616b31975a84da5e4,true,false,0,weka_main,warmup,additional_cache_pressure,11,,11,11,4491.201,4,72,71,71,2026-08-04T01:20:00.468636Z,2026-08-04T01:20:08.061149Z,1785806400468635963,1785806408061149368,1,worker_d0059a57,76
0dedb07b5e4362b028db9d8ab90fff7fd4ad,25,2a898ead-d919-44e1-a820-a48687230fb4,2a898ead-d919-44e1-a820-a48687230fb4,0dedb07b5e4362b028db9d8ab90fff7fd4ad,true,false,0,weka_main,warmup,additional_cache_pressure,43,,43,43,7220.846,42,64,72,65,2026-08-04T01:20:00.468733Z,2026-08-04T01:20:07.006943Z,1785806400468732611,1785806407006942972,1,worker_70e58a15,77
05f72f78a037cfa5cd4e4541960a574701d9,9,82e926ce-7f97-4238-9d99-4c50c19a0df2,82e926ce-7f97-4238-9d99-4c50c19a0df2,05f72f78a037cfa5cd4e4541960a574701d9,true,false,0,weka_main,warmup,additional_cache_pressure,49,,49,49,96544.216,49,70,73,70,2026-08-04T01:20:00.468791Z,2026-08-04T01:20:08.061121Z,1785806400468790900,1785806408061120608,1,worker_b2921dd7,60
077ea9e6554f45bbad9c24a8462bae9a8512,12,2373ad13-84d0-4fbf-ac6e-b39ec49b21c0,2373ad13-84d0-4fbf-ac6e-b39ec49b21c0,077ea9e6554f45bbad9c24a8462bae9a8512,true,false,0,weka_main,warmup,additional_cache_pressure,26,,26,26,9541.735,25,78,74,76,2026-08-04T01:20:00.468930Z,2026-08-04T01:20:08.283474Z,1785806400468930497,1785806408283474401,1,worker_a5cff0bb,63
117ebe75819d050f308a0a81647893abd02d,31,73799443-e2fe-409c-84d9-b5d5a7cdc54d,de4d09a8-40d7-4286-b334-adaef9aa79a5,117ebe75819d050f308a0a81647893abd02d::sa:subagent_004_6a00b9ff,false,true,1,weka_subagent,warmup,additional_cache_pressure,31,3,31.3,48,858.559,3,80,75,79,2026-08-04T01:20:00.468951Z,2026-08-04T01:20:08.461120Z,1785806400468951536,1785806408461120276,1,worker_87cea17a,83
0e4206535a79f980e2b1091181202ea987fe,26,868d7ba9-4bc8-4721-8c47-8b0e5957ae17,868d7ba9-4bc8-4721-8c47-8b0e5957ae17,0e4206535a79f980e2b1091181202ea987fe,true,false,0,weka_main,warmup,additional_cache_pressure,9,,9,9,119.393,9,73,76,78,2026-08-04T01:20:00.469261Z,2026-08-04T01:20:08.283498Z,1785806400469261399,1785806408283498100,1,worker_4c4c2185,78
085aacf44ac5428ad3c6b4f6cd431e083832,15,ae685399-ecac-4cfe-8d89-36dbd306301d,ae685399-ecac-4cfe-8d89-36dbd306301d,085aacf44ac5428ad3c6b4f6cd431e083832,true,false,0,weka_main,warmup,additional_cache_pressure,376,,376,1263,113867.803,349,102,77,102,2026-08-04T01:20:00.469491Z,2026-08-04T01:21:21.497010Z,1785806400469490864,1785806481497009507,1,worker_1ba60ddf,67
12bd4c7c82ae413b035253cb800fc5312111,32,01e05c9a-ce78-4f2c-85c1-a544ecafcf4f,81421985-da2b-4cee-8770-58a1aef6dbe7,12bd4c7c82ae413b035253cb800fc5312111::sa:subagent_001_65ca2729,false,true,1,weka_subagent,warmup,additional_cache_pressure,6,7,6.7,15,395.942,7,49,78,49,2026-08-04T01:20:00.469543Z,2026-08-04T01:20:04.465022Z,1785806400469543043,1785806404465021902,1,worker_c4730079,89
14129d470e508b236be22188aa78548ef805,37,ee9bb5df-1a33-4606-b820-850521f136b9,ee9bb5df-1a33-4606-b820-850521f136b9,14129d470e508b236be22188aa78548ef805,true,false,0,weka_main,warmup,additional_cache_pressure,14,,14,14,310.283,14,76,79,74,2026-08-04T01:20:00.469872Z,2026-08-04T01:20:08.283403Z,1785806400469871445,1785806408283402702,1,worker_c8843e3d,96
12e6fd87f4d3d1f93f96bd7bb6a520043805,34,8da0b420-7815-4485-a456-a374de71596a,8da0b420-7815-4485-a456-a374de71596a,12e6fd87f4d3d1f93f96bd7bb6a520043805,true,false,0,weka_main,warmup,additional_cache_pressure,55,,55,55,13490.244,54,74,80,77,2026-08-04T01:20:00.470011Z,2026-08-04T01:20:08.283484Z,1785806400470011162,1785806408283484410,1,worker_c1ab9170,93
13e0b7038bafff59abfdc31aad12dbcd4a2f,36,42642091-0d51-4282-9ba6-f4f3b6d5b0a9,42642091-0d51-4282-9ba6-f4f3b6d5b0a9,13e0b7038bafff59abfdc31aad12dbcd4a2f,true,false,0,weka_main,warmup,additional_cache_pressure,36,,36,36,50107.627,36,99,81,99,2026-08-04T01:20:00.470122Z,2026-08-04T01:20:38.220790Z,1785806400470122190,1785806438220789812,1,worker_80b0e5da,95
12cfecf98c158ab54fb65980602421f00d69,33,c8d68b51-d732-460e-a260-2dbcb2a0ebe8,c8d68b51-d732-460e-a260-2dbcb2a0ebe8,12cfecf98c158ab54fb65980602421f00d69,true,false,0,weka_main,warmup,additional_cache_pressure,19,,19,19,344.656,19,79,82,80,2026-08-04T01:20:00.470198Z,2026-08-04T01:20:08.461153Z,1785806400470197778,1785806408461153115,1,worker_33e453d4,92
12bd4c7c82ae413b035253cb800fc5312111,32,01e05c9a-ce78-4f2c-85c1-a544ecafcf4f,80a6ef61-688c-438b-8490-896e624159c8,12bd4c7c82ae413b035253cb800fc5312111::sa:subagent_002_847a9292,false,true,1,weka_subagent,warmup,additional_cache_pressure,7,1,7.1,14,394.909,1,75,83,75,2026-08-04T01:20:00.470421Z,2026-08-04T01:20:08.283462Z,1785806400470421173,1785806408283462341,1,worker_c4730079,90
12bd4c7c82ae413b035253cb800fc5312111,32,01e05c9a-ce78-4f2c-85c1-a544ecafcf4f,4cfc0f0c-a508-4fc8-a908-ffc4910b1bf9,12bd4c7c82ae413b035253cb800fc5312111::fa:000,false,true,1,weka_flat,warmup,additional_cache_pressure,8,,8,37,506.532,3,82,84,82,2026-08-04T01:20:00.471312Z,2026-08-04T01:20:10.271860Z,1785806400471311723,1785806410271859912,1,worker_c4730079,91
1499c406c828e8fe6b6af697e7799c6a715b,39,fa1215bd-500e-44e8-9db3-cb809a797610,f7c5f741-3056-48c2-8a1b-837751833aa6,1499c406c828e8fe6b6af697e7799c6a715b::fa:002,false,true,1,weka_flat,warmup,additional_cache_pressure,17,,17,92,67754.432,0,81,85,81,2026-08-04T01:20:00.471591Z,2026-08-04T01:20:09.979937Z,1785806400471590526,1785806409979937106,1,worker_70e58a15,98
085411a4cc4b15108dd9b50007261a2efb65,14,4630af8a-9c7c-4faf-a44c-9b1f504ab242,0e244c9c-b360-495f-9ddc-b954a4483d65,085411a4cc4b15108dd9b50007261a2efb65::sa:subagent_001_1e54fd0b,false,true,1,weka_subagent,warmup,additional_cache_pressure,8,0,8.0,8,7023.882,0,86,86,85,2026-08-04T01:20:00.472127Z,2026-08-04T01:20:10.990337Z,1785806400472127414,1785806410990337314,1,worker_3be6b29b,99
085411a4cc4b15108dd9b50007261a2efb65,14,4630af8a-9c7c-4faf-a44c-9b1f504ab242,201bee5b-5d4e-4bf8-a67e-5c39f59de6c2,085411a4cc4b15108dd9b50007261a2efb65::sa:subagent_002_e5977449,false,true,1,weka_subagent,warmup,additional_cache_pressure,9,0,9.0,9,7026.582,0,87,87,87,2026-08-04T01:20:00.472562Z,2026-08-04T01:20:10.990742Z,1785806400472562064,1785806410990741745,1,worker_3be6b29b,100
0a279af1bec84c6ab033bb03f5d8bfd6b08d,16,0a76c5ba-0a11-43b9-b4ea-1ce866375bbe,0a76c5ba-0a11-43b9-b4ea-1ce866375bbe,0a279af1bec84c6ab033bb03f5d8bfd6b08d,true,false,0,weka_main,warmup,additional_cache_pressure,20,,20,20,3145.731,20,85,88,83,2026-08-04T01:20:00.472687Z,2026-08-04T01:20:10.990074Z,1785806400472686942,1785806410990073860,1,worker_659f36b2,68
1493faffdc8942e99daa22277f44871a40b8,38,c1e0069f-a466-48bc-a2f6-3b300fda6e78,c1e0069f-a466-48bc-a2f6-3b300fda6e78,1493faffdc8942e99daa22277f44871a40b8,true,false,0,weka_main,warmup,additional_cache_pressure,71,,71,71,83898.254,69,84,89,84,2026-08-04T01:20:00.472744Z,2026-08-04T01:20:10.990165Z,1785806400472743790,1785806410990165478,1,worker_eb628086,97
11310dce936f02050cadaeae295bcdd1ce7f,30,aa90120e-b299-4c94-9d28-77867237b6ae,aa90120e-b299-4c94-9d28-77867237b6ae,11310dce936f02050cadaeae295bcdd1ce7f,true,false,0,weka_main,warmup,additional_cache_pressure,265,,265,350,77304.483,261,101,90,101,2026-08-04T01:20:00.473380Z,2026-08-04T01:21:03.886467Z,1785806400473380016,1785806463886467081,1,worker_1b07758f,82
117ebe75819d050f308a0a81647893abd02d,31,73799443-e2fe-409c-84d9-b5d5a7cdc54d,91872c3d-af8d-4a50-9406-66db27fd7de9,117ebe75819d050f308a0a81647893abd02d::sa:subagent_005_0ae5b9c5,false,true,1,weka_subagent,warmup,additional_cache_pressure,32,0,32.0,50,865.835,0,91,91,92,2026-08-04T01:20:00.474022Z,2026-08-04T01:20:11.082366Z,1785806400474022371,1785806411082365609,1,worker_87cea17a,84
0470d446a4514dfe0c6ad0be92853bd13287,6,256fd0bb-97d3-4cf7-8f16-229be40497f7,aacc5f74-c9ef-48be-a6dd-6e0f680a5ca0,0470d446a4514dfe0c6ad0be92853bd13287::fa:009,false,true,1,weka_flat,warmup,additional_cache_pressure,401,,401,401,112458.465,47,83,92,86,2026-08-04T01:20:00.474024Z,2026-08-04T01:20:10.990438Z,1785806400474024061,1785806410990438242,1,worker_659f36b2,57
02bc0afb13f7a2d9efa86c28511261d85c0e,4,94cf43e4-07f9-488b-ac14-2215dcf48c5b,e3ee211d-a12a-4327-8e40-9dc8ef2bd4ba,02bc0afb13f7a2d9efa86c28511261d85c0e::fa:015,false,true,1,weka_flat,warmup,additional_cache_pressure,254,,254,458,218851.505,0,95,93,95,2026-08-04T01:20:00.474379Z,2026-08-04T01:20:24.336497Z,1785806400474378993,1785806424336497124,1,worker_25a0e35e,48
117ebe75819d050f308a0a81647893abd02d,31,73799443-e2fe-409c-84d9-b5d5a7cdc54d,b9be0089-90ad-40c0-b9f3-f1509efd6bd5,117ebe75819d050f308a0a81647893abd02d::sa:subagent_006_255c3e39,false,true,1,weka_subagent,warmup,additional_cache_pressure,33,0,33.0,54,873.315,0,94,94,91,2026-08-04T01:20:00.474547Z,2026-08-04T01:20:11.082182Z,1785806400474547439,1785806411082182523,1,worker_87cea17a,85
085411a4cc4b15108dd9b50007261a2efb65,14,4630af8a-9c7c-4faf-a44c-9b1f504ab242,f088d261-b958-4c22-9189-d4e9a68ae2f4,085411a4cc4b15108dd9b50007261a2efb65::sa:subagent_003_1b859269,false,true,1,weka_subagent,warmup,additional_cache_pressure,10,0,10.0,10,7029.532,0,88,95,88,2026-08-04T01:20:00.474669Z,2026-08-04T01:20:11.081583Z,1785806400474669047,1785806411081582727,1,worker_3be6b29b,101
085411a4cc4b15108dd9b50007261a2efb65,14,4630af8a-9c7c-4faf-a44c-9b1f504ab242,d1954564-0b33-463f-b9ab-e12938994778,085411a4cc4b15108dd9b50007261a2efb65::aux:000,false,true,1,weka_flat,warmup,additional_cache_pressure,6,,6,6,6990.982,0,89,96,90,2026-08-04T01:20:00.474869Z,2026-08-04T01:20:11.081852Z,1785806400474868982,1785806411081852341,1,worker_3be6b29b,104
117ebe75819d050f308a0a81647893abd02d,31,73799443-e2fe-409c-84d9-b5d5a7cdc54d,a7fabc98-55b1-4f57-a733-5e82c53c295a,117ebe75819d050f308a0a81647893abd02d::sa:subagent_007_5da4769e,false,true,1,weka_subagent,warmup,additional_cache_pressure,34,0,34.0,60,882.688,0,93,97,93,2026-08-04T01:20:00.474954Z,2026-08-04T01:20:11.082459Z,1785806400474953750,1785806411082458707,1,worker_87cea17a,86
117ebe75819d050f308a0a81647893abd02d,31,73799443-e2fe-409c-84d9-b5d5a7cdc54d,a64c9c3b-5b8d-4136-9ec0-3b9f45b8c49e,117ebe75819d050f308a0a81647893abd02d::sa:subagent_008_e3325228,false,true,1,weka_subagent,warmup,additional_cache_pressure,35,0,35.0,66,895.734,0,92,98,94,2026-08-04T01:20:00.475270Z,2026-08-04T01:20:11.082539Z,1785806400475269483,1785806411082538785,1,worker_87cea17a,87
117ebe75819d050f308a0a81647893abd02d,31,73799443-e2fe-409c-84d9-b5d5a7cdc54d,897cf136-db22-49d5-8bae-5782470f86eb,117ebe75819d050f308a0a81647893abd02d::sa:subagent_009_3e00fd36,false,true,1,weka_subagent,warmup,additional_cache_pressure,36,0,36.0,76,909.522,0,90,99,89,2026-08-04T01:20:00.475567Z,2026-08-04T01:20:11.081597Z,1785806400475566816,1785806411081597296,1,worker_87cea17a,88
0f909e7d63c0d5e1f060d727ada25d910d89,28,63f5cc97-5018-4edc-929b-9d6c174d488a,8f35cf28-3e4d-449e-92b8-247b1ddf5cb6,0f909e7d63c0d5e1f060d727ada25d910d89::fa:000,false,true,1,weka_flat,warmup,additional_cache_pressure,32,,32,32,4835.741,30,97,100,97,2026-08-04T01:20:00.477535Z,2026-08-04T01:20:29.485960Z,1785806400477535272,1785806429485959528,1,worker_1b07758f,80
0b7f3ca692f15ae2651a310d9411d70794aa,18,8161929f-63dc-4743-9f8e-4159f04df00a,09136cd8-1305-46ba-8054-94035c5b66dc,0b7f3ca692f15ae2651a310d9411d70794aa::fa:001,false,true,1,weka_flat,warmup,additional_cache_pressure,162,,162,162,10749.533,22,98,101,98,2026-08-04T01:20:00.478282Z,2026-08-04T01:20:34.452574Z,1785806400478281795,1785806434452574264,1,worker_bc6ad7e1,70
13b532ee3aaa0a52b05c3bcc472355ab62b4,35,1295e9a7-3a2a-4d6d-be67-f922761e6f38,add3d856-7d83-4a17-801b-5d1a5c466bed,13b532ee3aaa0a52b05c3bcc472355ab62b4::fa:000,false,true,1,weka_flat,warmup,additional_cache_pressure,98,,98,128,2633.049,17,100,102,100,2026-08-04T01:20:00.481443Z,2026-08-04T01:20:44.915775Z,1785806400481442583,1785806444915774650,1,worker_80b0e5da,94
085aacf44ac5428ad3c6b4f6cd431e083832,15,ae685399-ecac-4cfe-8d89-36dbd306301d,7a17a6d1-dbde-4e66-8aea-85fa1272e76e,085aacf44ac5428ad3c6b4f6cd431e083832::fa:005,false,true,1,weka_flat,warmup,additional_cache_pressure,377,,377,1264,113905.971,0,104,103,104,2026-08-04T01:20:00.512508Z,2026-08-04T01:21:39.122967Z,1785806400512508240,1785806499122966954,1,worker_1ba60ddf,102
085aacf44ac5428ad3c6b4f6cd431e083832,15,ae685399-ecac-4cfe-8d89-36dbd306301d,0f0b95f7-cf83-4132-a41e-4ccad9556c68,085aacf44ac5428ad3c6b4f6cd431e083832::fa:006,false,true,1,weka_flat,warmup,additional_cache_pressure,378,,378,1265,113910.658,0,103,104,103,2026-08-04T01:20:00.516256Z,2026-08-04T01:21:39.122410Z,1785806400516255715,1785806499122410246,1,worker_1ba60ddf,103
006c98de37d819e95b0840e25426bb7ca99d,1,bbd1c766-e906-4eae-9223-03cd79a0540a,bbd1c766-e906-4eae-9223-03cd79a0540a,006c98de37d819e95b0840e25426bb7ca99d,true,false,0,weka_main,warmup,additional_cache_pressure,6,,6,6,4049.717,6,105,105,105,2026-08-04T01:20:03.214332Z,2026-08-04T01:21:39.885389Z,1785806403214332387,1785806499885389250,1,worker_b4c7c6fe,105
07dd40536557a1d6440a923557c3129dc929,13,48556e06-1560-4ca7-9268-3dfc379b53e9,a1fd4738-c8fe-4939-8398-fbdf5ae44fe4,07dd40536557a1d6440a923557c3129dc929::sa:subagent_002_23b2d9e6,false,true,1,weka_subagent,warmup,additional_cache_pressure,9,43,9.43,98,340.608,43,106,106,106,2026-08-04T01:20:03.733301Z,2026-08-04T01:21:41.127161Z,1785806403733301049,1785806501127160627,1,worker_698b8caf,106
07dd40536557a1d6440a923557c3129dc929,13,48556e06-1560-4ca7-9268-3dfc379b53e9,9b1057a4-9a89-4a2d-8435-8e603cbc9af3,07dd40536557a1d6440a923557c3129dc929::sa:subagent_001_1a28c42b,false,true,1,weka_subagent,warmup,additional_cache_pressure,8,31,8.31,102,355.89,30,107,107,107,2026-08-04T01:20:03.734049Z,2026-08-04T01:21:42.469211Z,1785806403734049162,1785806502469210651,1,worker_698b8caf,107
0470d446a4514dfe0c6ad0be92853bd13287,6,256fd0bb-97d3-4cf7-8f16-229be40497f7,3e231eaf-6e7e-4826-97d3-7455fda772a0,0470d446a4514dfe0c6ad0be92853bd13287::sa:subagent_001_28e3add7,false,true,1,weka_subagent,warmup,additional_cache_pressure,509,1,509.1,510,114085.608,1,108,108,108,2026-08-04T01:20:04.016126Z,2026-08-04T01:21:42.704094Z,1785806404016126272,1785806502704093920,1,worker_33e453d4,108
12bd4c7c82ae413b035253cb800fc5312111,32,01e05c9a-ce78-4f2c-85c1-a544ecafcf4f,81421985-da2b-4cee-8770-58a1aef6dbe7,12bd4c7c82ae413b035253cb800fc5312111::sa:subagent_001_65ca2729,false,true,1,weka_subagent,warmup,additional_cache_pressure,6,8,6.8,16,398.442,8,109,109,109,2026-08-04T01:20:04.466088Z,2026-08-04T01:21:43.296953Z,1785806404466088377,1785806503296953488,1,worker_c4730079,110
03e110ac6921c2fe9ac7772a9654314a2beb,5,75582e3a-5d93-45dc-97fd-8805d883b509,75582e3a-5d93-45dc-97fd-8805d883b509,03e110ac6921c2fe9ac7772a9654314a2beb,true,false,0,weka_main,warmup,additional_cache_pressure,25,,25,46,1668.673,20,110,110,110,2026-08-04T01:20:04.466190Z,2026-08-04T01:21:47.473871Z,1785806404466190075,1785806507473871446,1,worker_e8e328c8,109
0470d446a4514dfe0c6ad0be92853bd13287,6,256fd0bb-97d3-4cf7-8f16-229be40497f7,8ceb28a2-1cc6-426e-87d3-cd49295a8834,0470d446a4514dfe0c6ad0be92853bd13287::sa:subagent_002_e75e0109,false,true,1,weka_subagent,warmup,additional_cache_pressure,619,1,619.1,751,144651.721,1,111,111,111,2026-08-04T01:20:04.685332Z,2026-08-04T01:21:47.971905Z,1785806404685331500,1785806507971904912,1,worker_25a0e35e,111
04dba6fe621301a1d01fd63b8d02c9645c48,7,2c94687b-cd2b-4e81-a0a6-5a7b7f8689f7,2c94687b-cd2b-4e81-a0a6-5a7b7f8689f7,04dba6fe621301a1d01fd63b8d02c9645c48,true,false,0,weka_main,warmup,additional_cache_pressure,5,,5,22,4708.689,4,112,112,112,2026-08-04T01:20:05.398482Z,2026-08-04T01:21:49.213352Z,1785806405398482373,1785806509213351886,1,worker_5ea07df7,112
00ca01c4aaeccee751ae6285beb54dea262f,2,1fe0dae8-b2bf-426d-b081-62b3155899f3,1fe0dae8-b2bf-426d-b081-62b3155899f3,00ca01c4aaeccee751ae6285beb54dea262f,true,false,0,weka_main,warmup,additional_cache_pressure,28,,28,31,1834.461,25,113,113,113,2026-08-04T01:20:05.398913Z,2026-08-04T01:21:51.939179Z,1785806405398912993,1785806511939178970,1,worker_741f2baa,113
0bcd99353218b9a386b1c4aec13d77abecdb,20,dbc05d7e-0c70-4922-9f24-ded5d6539c40,dbc05d7e-0c70-4922-9f24-ded5d6539c40,0bcd99353218b9a386b1c4aec13d77abecdb,true,false,0,weka_main,warmup,additional_cache_pressure,23,,23,31,46454.847,20,114,114,114,2026-08-04T01:20:05.964008Z,2026-08-04T01:21:53.443895Z,1785806405964007700,1785806513443894849,1,worker_a1bf3a7a,115
0bed163ac9566086e14ffd85c7481096d49d,21,dc21d643-93c3-455a-b0eb-d2807ffb8901,dc21d643-93c3-455a-b0eb-d2807ffb8901,0bed163ac9566086e14ffd85c7481096d49d,true,false,0,weka_main,warmup,additional_cache_pressure,32,,32,32,2310.713,26,115,115,115,2026-08-04T01:20:05.964092Z,2026-08-04T01:21:54.703979Z,1785806405964091689,1785806514703978541,1,worker_2a29c023,116
05c249572509162371b7b82339674db64b5d,8,8c5ae8be-169a-4f36-9998-af49cd417a92,8c5ae8be-169a-4f36-9998-af49cd417a92,05c249572509162371b7b82339674db64b5d,true,false,0,weka_main,warmup,additional_cache_pressure,35,,35,35,73578.766,33,116,116,116,2026-08-04T01:20:05.964134Z,2026-08-04T01:21:58.379008Z,1785806405964134258,1785806518379008289,1,worker_045f4ff4,114
002001296e8a8c38ad9d7cc436d691afc602,0,67017464-d9af-4509-bdc1-4ba3297c6a94,67017464-d9af-4509-bdc1-4ba3297c6a94,002001296e8a8c38ad9d7cc436d691afc602,true,false,0,weka_main,warmup,additional_cache_pressure,90,,90,153,169048.323,85,117,117,117,2026-08-04T01:20:05.964665Z,2026-08-04T01:22:04.751976Z,1785806405964665386,1785806524751976604,1,worker_eb628086,117
0a688303b1ae62a97607af8021f2130c2caf,17,673a798a-4141-4a41-a1f9-8fa912fcb7fb,673a798a-4141-4a41-a1f9-8fa912fcb7fb,0a688303b1ae62a97607af8021f2130c2caf,true,false,0,weka_main,warmup,additional_cache_pressure,22,,22,22,1835.756,22,120,118,120,2026-08-04T01:20:06.358369Z,2026-08-04T01:22:16.219702Z,1785806406358369346,1785806536219701501,1,worker_d5b600e6,118
0196085d85d2075a50b74cd8795ffbdcea9a,3,621ca950-fa44-4483-9f92-a6c12e4615cd,621ca950-fa44-4483-9f92-a6c12e4615cd,0196085d85d2075a50b74cd8795ffbdcea9a,true,false,0,weka_main,warmup,additional_cache_pressure,89,,89,120,10161.951,83,119,119,119,2026-08-04T01:20:06.358903Z,2026-08-04T01:22:16.039034Z,1785806406358903164,1785806536039033764,1,worker_9816e37a,119
063179eb93f4337a662e859c5a2c5638e03f,10,863e4f93-44c4-4a99-85ce-a8dae5210df2,195d5f62-179f-4ece-a916-dcb23665cfcf,063179eb93f4337a662e859c5a2c5638e03f::fa:000,false,true,1,weka_flat,warmup,additional_cache_pressure,18,,18,52,3534.396,15,118,120,118,2026-08-04T01:20:06.359255Z,2026-08-04T01:22:05.872786Z,1785806406359254856,1785806525872785660,1,worker_045f4ff4,120
0ede42538334da8586bc60008762abfc0ab7,27,b1394c3d-0119-4e64-b6e7-ecf0f4f983ec,b1394c3d-0119-4e64-b6e7-ecf0f4f983ec,0ede42538334da8586bc60008762abfc0ab7,true,false,0,weka_main,warmup,additional_cache_pressure,8,,8,62,1171.539,5,121,121,121,2026-08-04T01:20:07.007786Z,2026-08-04T01:22:17.740307Z,1785806407007785593,1785806537740307240,1,worker_4cdb9141,121
0d8a816e4819b765d81ff748da94d463f3b2,23,b385a461-c646-46ec-8fd0-ae91b32fd86e,b385a461-c646-46ec-8fd0-ae91b32fd86e,0d8a816e4819b765d81ff748da94d463f3b2,true,false,0,weka_main,warmup,additional_cache_pressure,17,,17,17,6680.499,17,125,122,125,2026-08-04T01:20:07.007897Z,2026-08-04T01:22:22.842540Z,1785806407007896940,1785806542842539784,1,worker_f4f02990,122
0d41be2aa98333f3662682210647e5971c7b,22,656b38f6-4879-444a-a93e-8d2f3cfe4769,656b38f6-4879-444a-a93e-8d2f3cfe4769,0d41be2aa98333f3662682210647e5971c7b,true,false,0,weka_main,warmup,additional_cache_pressure,7,,7,7,77931.549,7,122,123,122,2026-08-04T01:20:07.008012Z,2026-08-04T01:22:18.939315Z,1785806407008012187,1785806538939315016,1,worker_ec08f4bd,124
1007f04d2c64580308858bb42f292992929d,29,fc6708aa-3ec7-497d-a4f2-9bd9d14de193,fc6708aa-3ec7-497d-a4f2-9bd9d14de193,1007f04d2c64580308858bb42f292992929d,true,false,0,weka_main,warmup,additional_cache_pressure,69,,69,116,1074.502,67,123,124,123,2026-08-04T01:20:07.008249Z,2026-08-04T01:22:20.590628Z,1785806407008248652,1785806540590628054,1,worker_b4c7c6fe,123
15ab8fdb8831965bb01e45ac51829cb4e3e3,,02fb544e-e505-4bee-a4da-6b836e3379ca,02fb544e-e505-4bee-a4da-6b836e3379ca,15ab8fdb8831965bb01e45ac51829cb4e3e3,true,false,0,weka_main,warmup,additional_cache_pressure,0,,0,0,0.0,0,124,125,124,2026-08-04T01:20:07.010263Z,2026-08-04T01:22:20.590672Z,1785806407010262667,1785806540590671773,1,worker_70e58a15,125
0db32e2f852a2ea24ed616b31975a84da5e4,24,cae80809-bf64-495c-b5a5-3b80b45d1fbd,cae80809-bf64-495c-b5a5-3b80b45d1fbd,0db32e2f852a2ea24ed616b31975a84da5e4,true,false,0,weka_main,warmup,additional_cache_pressure,12,,12,12,4500.487,5,126,126,126,2026-08-04T01:20:08.062546Z,2026-08-04T01:22:25.717289Z,1785806408062545486,1785806545717289084,1,worker_d0059a57,128
05f72f78a037cfa5cd4e4541960a574701d9,9,82e926ce-7f97-4238-9d99-4c50c19a0df2,82e926ce-7f97-4238-9d99-4c50c19a0df2,05f72f78a037cfa5cd4e4541960a574701d9,true,false,0,weka_main,warmup,additional_cache_pressure,50,,50,50,97430.153,50,127,127,127,2026-08-04T01:20:08.062550Z,2026-08-04T01:22:27.924441Z,1785806408062550146,1785806547924441339,1,worker_b2921dd7,127
069d7bf5f1efb4e76e3c84510367e6af78a5,11,7063bc38-c91b-4971-b303-dcfd0737bade,7063bc38-c91b-4971-b303-dcfd0737bade,069d7bf5f1efb4e76e3c84510367e6af78a5,true,false,0,weka_main,warmup,additional_cache_pressure,219,,219,343,56607.058,211,128,128,128,2026-08-04T01:20:08.063326Z,2026-08-04T01:22:47.483657Z,1785806408063326378,1785806567483656905,1,worker_7d9c228a,126
14129d470e508b236be22188aa78548ef805,37,ee9bb5df-1a33-4606-b820-850521f136b9,ee9bb5df-1a33-4606-b820-850521f136b9,14129d470e508b236be22188aa78548ef805,true,false,0,weka_main,warmup,additional_cache_pressure,15,,15,15,316.676,15,129,129,129,2026-08-04T01:20:08.284501Z,2026-08-04T01:22:48.769710Z,1785806408284500807,1785806568769710008,1,worker_c8843e3d,129
12bd4c7c82ae413b035253cb800fc5312111,32,01e05c9a-ce78-4f2c-85c1-a544ecafcf4f,80a6ef61-688c-438b-8490-896e624159c8,12bd4c7c82ae413b035253cb800fc5312111::sa:subagent_002_847a9292,false,true,1,weka_subagent,warmup,additional_cache_pressure,7,2,7.2,17,400.038,2,130,130,130,2026-08-04T01:20:08.284778Z,2026-08-04T01:22:49.040048Z,1785806408284777621,1785806569040047724,1,worker_c4730079,132
077ea9e6554f45bbad9c24a8462bae9a8512,12,2373ad13-84d0-4fbf-ac6e-b39ec49b21c0,2373ad13-84d0-4fbf-ac6e-b39ec49b21c0,077ea9e6554f45bbad9c24a8462bae9a8512,true,false,0,weka_main,warmup,additional_cache_pressure,27,,27,27,10552.044,26,131,131,132,2026-08-04T01:20:08.284786Z,2026-08-04T01:22:50.675076Z,1785806408284786161,1785806570675075431,1,worker_a5cff0bb,130
12e6fd87f4d3d1f93f96bd7bb6a520043805,34,8da0b420-7815-4485-a456-a374de71596a,8da0b420-7815-4485-a456-a374de71596a,12e6fd87f4d3d1f93f96bd7bb6a520043805,true,false,0,weka_main,warmup,additional_cache_pressure,56,,56,56,13501.741,55,134,132,134,2026-08-04T01:20:08.284925Z,2026-08-04T01:22:58.738952Z,1785806408284925428,1785806578738952426,1,worker_c1ab9170,131
0e4206535a79f980e2b1091181202ea987fe,26,868d7ba9-4bc8-4721-8c47-8b0e5957ae17,868d7ba9-4bc8-4721-8c47-8b0e5957ae17,0e4206535a79f980e2b1091181202ea987fe,true,false,0,weka_main,warmup,additional_cache_pressure,11,,11,11,184.704,10,133,133,133,2026-08-04T01:20:08.285101Z,2026-08-04T01:22:53.968466Z,1785806408285100964,1785806573968465976,1,worker_4c4c2185,134
0e4206535a79f980e2b1091181202ea987fe,26,868d7ba9-4bc8-4721-8c47-8b0e5957ae17,26a4c87a-0cb1-43b9-bab0-dd989322c618,0e4206535a79f980e2b1091181202ea987fe::aux:000,false,true,1,weka_flat,warmup,additional_cache_pressure,10,,10,10,184.61,0,132,134,131,2026-08-04T01:20:08.285923Z,2026-08-04T01:22:50.675043Z,1785806408285923225,1785806570675043021,1,worker_4c4c2185,133
117ebe75819d050f308a0a81647893abd02d,31,73799443-e2fe-409c-84d9-b5d5a7cdc54d,de4d09a8-40d7-4286-b334-adaef9aa79a5,117ebe75819d050f308a0a81647893abd02d::sa:subagent_004_6a00b9ff,false,true,1,weka_subagent,warmup,additional_cache_pressure,31,4,31.4,49,865.279,4,135,135,135,2026-08-04T01:20:08.462289Z,2026-08-04T01:22:59.273749Z,1785806408462288730,1785806579273748779,1,worker_87cea17a,135
162d6f4f741a1cf3ce98acb5e3718c3bc0c7,,23172cc6-c5e8-44f1-ac88-9ef541e98949,23172cc6-c5e8-44f1-ac88-9ef541e98949,162d6f4f741a1cf3ce98acb5e3718c3bc0c7,true,false,0,weka_main,warmup,additional_cache_pressure,0,,0,0,0.0,0,136,136,136,2026-08-04T01:20:08.469826Z,2026-08-04T01:23:00.448077Z,1785806408469826339,1785806580448076784,1,worker_33e453d4,136
1499c406c828e8fe6b6af697e7799c6a715b,39,fa1215bd-500e-44e8-9db3-cb809a797610,f7c5f741-3056-48c2-8a1b-837751833aa6,1499c406c828e8fe6b6af697e7799c6a715b::fa:002,false,true,1,weka_flat,warmup,additional_cache_pressure,18,,18,93,67763.11,1,138,137,137,2026-08-04T01:20:09.982953Z,2026-08-04T01:23:02.031810Z,1785806409982952537,1785806582031810113,1,worker_e8e328c8,137
0a279af1bec84c6ab033bb03f5d8bfd6b08d,16,0a76c5ba-0a11-43b9-b4ea-1ce866375bbe,0a76c5ba-0a11-43b9-b4ea-1ce866375bbe,0a279af1bec84c6ab033bb03f5d8bfd6b08d,true,false,0,weka_main,warmup,additional_cache_pressure,21,,21,21,3168.899,21,140,138,140,2026-08-04T01:20:10.991241Z,2026-08-04T01:23:05.625210Z,1785806410991241254,1785806585625209881,1,worker_659f36b2,138
085411a4cc4b15108dd9b50007261a2efb65,14,4630af8a-9c7c-4faf-a44c-9b1f504ab242,0e244c9c-b360-495f-9ddc-b954a4483d65,085411a4cc4b15108dd9b50007261a2efb65::sa:subagent_001_1e54fd0b,false,true,1,weka_subagent,warmup,additional_cache_pressure,8,1,8.1,11,7034.524,1,137,139,138,2026-08-04T01:20:10.991463Z,2026-08-04T01:23:02.031811Z,1785806410991462879,1785806582031810633,1,worker_3be6b29b,140
085411a4cc4b15108dd9b50007261a2efb65,14,4630af8a-9c7c-4faf-a44c-9b1f504ab242,201bee5b-5d4e-4bf8-a67e-5c39f59de6c2,085411a4cc4b15108dd9b50007261a2efb65::sa:subagent_002_e5977449,false,true,1,weka_subagent,warmup,additional_cache_pressure,9,1,9.1,16,7054.912,1,139,140,139,2026-08-04T01:20:10.991922Z,2026-08-04T01:23:02.032380Z,1785806410991921598,1785806582032379510,1,worker_3be6b29b,141
1493faffdc8942e99daa22277f44871a40b8,38,c1e0069f-a466-48bc-a2f6-3b300fda6e78,c1e0069f-a466-48bc-a2f6-3b300fda6e78,1493faffdc8942e99daa22277f44871a40b8,true,false,0,weka_main,warmup,additional_cache_pressure,72,,72,72,83942.807,70,145,141,145,2026-08-04T01:20:10.992126Z,2026-08-04T01:23:16.155035Z,1785806410992126434,1785806596155034957,1,worker_eb628086,139
085411a4cc4b15108dd9b50007261a2efb65,14,4630af8a-9c7c-4faf-a44c-9b1f504ab242,f088d261-b958-4c22-9189-d4e9a68ae2f4,085411a4cc4b15108dd9b50007261a2efb65::sa:subagent_003_1b859269,false,true,1,weka_subagent,warmup,additional_cache_pressure,10,1,10.1,12,7038.53,1,141,142,141,2026-08-04T01:20:11.082393Z,2026-08-04T01:23:05.869642Z,1785806411082393508,1785806585869641713,1,worker_3be6b29b,142
117ebe75819d050f308a0a81647893abd02d,31,73799443-e2fe-409c-84d9-b5d5a7cdc54d,897cf136-db22-49d5-8bae-5782470f86eb,117ebe75819d050f308a0a81647893abd02d::sa:subagent_009_3e00fd36,false,true,1,weka_subagent,warmup,additional_cache_pressure,36,1,36.1,83,922.93,1,142,143,142,2026-08-04T01:20:11.083262Z,2026-08-04T01:23:06.494123Z,1785806411083262119,1785806586494122945,1,worker_87cea17a,143
117ebe75819d050f308a0a81647893abd02d,31,73799443-e2fe-409c-84d9-b5d5a7cdc54d,b9be0089-90ad-40c0-b9f3-f1509efd6bd5,117ebe75819d050f308a0a81647893abd02d::sa:subagent_006_255c3e39,false,true,1,weka_subagent,warmup,additional_cache_pressure,33,1,33.1,57,878.126,1,144,144,143,2026-08-04T01:20:11.083635Z,2026-08-04T01:23:06.494623Z,1785806411083634570,1785806586494623193,1,worker_87cea17a,144
117ebe75819d050f308a0a81647893abd02d,31,73799443-e2fe-409c-84d9-b5d5a7cdc54d,91872c3d-af8d-4a50-9406-66db27fd7de9,117ebe75819d050f308a0a81647893abd02d::sa:subagent_005_0ae5b9c5,false,true,1,weka_subagent,warmup,additional_cache_pressure,32,1,32.1,51,868.991,1,143,145,144,2026-08-04T01:20:11.083857Z,2026-08-04T01:23:06.494738Z,1785806411083857335,1785806586494738311,1,worker_87cea17a,145
02bc0afb13f7a2d9efa86c28511261d85c0e,4,94cf43e4-07f9-488b-ac14-2215dcf48c5b,e3ee211d-a12a-4327-8e40-9dc8ef2bd4ba,02bc0afb13f7a2d9efa86c28511261d85c0e::fa:015,false,true,1,weka_flat,warmup,additional_cache_pressure,255,,255,459,218875.666,1,146,146,146,2026-08-04T01:20:24.338669Z,2026-08-04T01:23:30.873220Z,1785806424338668844,1785806610873219732,1,worker_25a0e35e,146
0bc9c4f798d321286bf39f2543c0c4e4c059,19,5852826d-1819-426d-b610-678c8fba29ad,5852826d-1819-426d-b610-678c8fba29ad,0bc9c4f798d321286bf39f2543c0c4e4c059,true,false,0,weka_main,warmup,additional_cache_pressure,12,,12,93,2221.387,8,156,147,155,2026-08-04T01:20:27.940703Z,2026-08-04T01:23:32.226273Z,1785806427940702867,1785806612226272817,1,worker_bc6ad7e1,147
0f909e7d63c0d5e1f060d727ada25d910d89,28,63f5cc97-5018-4edc-929b-9d6c174d488a,8f35cf28-3e4d-449e-92b8-247b1ddf5cb6,0f909e7d63c0d5e1f060d727ada25d910d89::fa:000,false,true,1,weka_flat,warmup,additional_cache_pressure,33,,33,33,4845.617,31,155,148,156,2026-08-04T01:20:29.487413Z,2026-08-04T01:23:32.226306Z,1785806429487413445,1785806612226306497,1,worker_1b07758f,148
0b7f3ca692f15ae2651a310d9411d70794aa,18,8161929f-63dc-4743-9f8e-4159f04df00a,09136cd8-1305-46ba-8054-94035c5b66dc,0b7f3ca692f15ae2651a310d9411d70794aa::fa:001,false,true,1,weka_flat,warmup,additional_cache_pressure,163,,163,163,11055.673,23,153,149,154,2026-08-04T01:20:34.477091Z,2026-08-04T01:23:32.226220Z,1785806434477091109,1785806612226220179,1,worker_741f2baa,149
13e0b7038bafff59abfdc31aad12dbcd4a2f,36,42642091-0d51-4282-9ba6-f4f3b6d5b0a9,42642091-0d51-4282-9ba6-f4f3b6d5b0a9,13e0b7038bafff59abfdc31aad12dbcd4a2f,true,false,0,weka_main,warmup,additional_cache_pressure,37,,37,37,54745.127,37,157,150,153,2026-08-04T01:20:38.222098Z,2026-08-04T01:23:32.226213Z,1785806438222097822,1785806612226213289,1,worker_80b0e5da,150
13b532ee3aaa0a52b05c3bcc472355ab62b4,35,1295e9a7-3a2a-4d6d-be67-f922761e6f38,add3d856-7d83-4a17-801b-5d1a5c466bed,13b532ee3aaa0a52b05c3bcc472355ab62b4::fa:000,false,true,1,weka_flat,warmup,additional_cache_pressure,99,,99,129,2846.701,18,154,151,157,2026-08-04T01:20:44.932047Z,2026-08-04T01:23:32.226547Z,1785806444932047182,1785806612226546541,1,worker_a1bf3a7a,151
11310dce936f02050cadaeae295bcdd1ce7f,30,aa90120e-b299-4c94-9d28-77867237b6ae,aa90120e-b299-4c94-9d28-77867237b6ae,11310dce936f02050cadaeae295bcdd1ce7f,true,false,0,weka_main,warmup,additional_cache_pressure,266,,266,351,77349.69,262,158,152,158,2026-08-04T01:21:03.889436Z,2026-08-04T01:23:32.635928Z,1785806463889436054,1785806612635928056,1,worker_1b07758f,152
085aacf44ac5428ad3c6b4f6cd431e083832,15,ae685399-ecac-4cfe-8d89-36dbd306301d,ae685399-ecac-4cfe-8d89-36dbd306301d,085aacf44ac5428ad3c6b4f6cd431e083832,true,false,0,weka_main,warmup,additional_cache_pressure,379,,379,1266,114074.995,350,159,153,159,2026-08-04T01:21:39.125253Z,2026-08-04T01:23:50.440912Z,1785806499125253412,1785806630440911947,1,worker_1ba60ddf,153
006c98de37d819e95b0840e25426bb7ca99d,1,bbd1c766-e906-4eae-9223-03cd79a0540a,bbd1c766-e906-4eae-9223-03cd79a0540a,006c98de37d819e95b0840e25426bb7ca99d,true,false,0,weka_main,warmup,additional_cache_pressure,7,,7,7,4197.952,7,147,154,147,2026-08-04T01:21:39.886376Z,2026-08-04T01:23:31.027372Z,1785806499886376318,1785806611027372440,1,worker_b4c7c6fe,154
07dd40536557a1d6440a923557c3129dc929,13,48556e06-1560-4ca7-9268-3dfc379b53e9,a1fd4738-c8fe-4939-8398-fbdf5ae44fe4,07dd40536557a1d6440a923557c3129dc929::sa:subagent_002_23b2d9e6,false,true,1,weka_subagent,warmup,additional_cache_pressure,9,44,9.44,99,344.405,44,161,155,161,2026-08-04T01:21:41.128312Z,2026-08-04T01:23:50.618555Z,1785806501128312091,1785806630618555383,1,worker_698b8caf,155
12bd4c7c82ae413b035253cb800fc5312111,32,01e05c9a-ce78-4f2c-85c1-a544ecafcf4f,81421985-da2b-4cee-8770-58a1aef6dbe7,12bd4c7c82ae413b035253cb800fc5312111::sa:subagent_001_65ca2729,false,true,1,weka_subagent,warmup,additional_cache_pressure,6,9,6.9,19,404.953,9,151,156,151,2026-08-04T01:21:43.298791Z,2026-08-04T01:23:31.513838Z,1785806503298790576,1785806611513838128,1,worker_c4730079,156
03e110ac6921c2fe9ac7772a9654314a2beb,5,75582e3a-5d93-45dc-97fd-8805d883b509,75582e3a-5d93-45dc-97fd-8805d883b509,03e110ac6921c2fe9ac7772a9654314a2beb,true,false,0,weka_main,warmup,additional_cache_pressure,26,,26,47,1675.821,21,149,157,149,2026-08-04T01:21:47.475260Z,2026-08-04T01:23:31.513769Z,1785806507475260094,1785806611513768560,1,worker_e8e328c8,157
04dba6fe621301a1d01fd63b8d02c9645c48,7,2c94687b-cd2b-4e81-a0a6-5a7b7f8689f7,2c94687b-cd2b-4e81-a0a6-5a7b7f8689f7,04dba6fe621301a1d01fd63b8d02c9645c48,true,false,0,weka_main,warmup,additional_cache_pressure,6,,6,23,4906.217,5,148,158,148,2026-08-04T01:21:49.214569Z,2026-08-04T01:23:31.513759Z,1785806509214568799,1785806611513758580,1,worker_5ea07df7,158
00ca01c4aaeccee751ae6285beb54dea262f,2,1fe0dae8-b2bf-426d-b081-62b3155899f3,1fe0dae8-b2bf-426d-b081-62b3155899f3,00ca01c4aaeccee751ae6285beb54dea262f,true,false,0,weka_main,warmup,additional_cache_pressure,29,,29,32,1884.246,26,150,159,150,2026-08-04T01:21:51.940534Z,2026-08-04T01:23:31.513828Z,1785806511940534039,1785806611513827979,1,worker_741f2baa,159
0bcd99353218b9a386b1c4aec13d77abecdb,20,dbc05d7e-0c70-4922-9f24-ded5d6539c40,dbc05d7e-0c70-4922-9f24-ded5d6539c40,0bcd99353218b9a386b1c4aec13d77abecdb,true,false,0,weka_main,warmup,additional_cache_pressure,24,,24,32,46462.694,21,152,160,152,2026-08-04T01:21:53.444964Z,2026-08-04T01:23:32.226119Z,1785806513444964295,1785806612226118491,1,worker_a1bf3a7a,160
0bed163ac9566086e14ffd85c7481096d49d,21,dc21d643-93c3-455a-b0eb-d2807ffb8901,dc21d643-93c3-455a-b0eb-d2807ffb8901,0bed163ac9566086e14ffd85c7481096d49d,true,false,0,weka_main,warmup,additional_cache_pressure,33,,33,33,2416.19,27,163,161,164,2026-08-04T01:21:54.705028Z,2026-08-04T01:23:54.291801Z,1785806514705028357,1785806634291800992,1,worker_2a29c023,161
16b968359e79eda8a61415fa7ad536f6cda5,,d140ea4d-f6f9-423d-ba91-562d2014dfc8,d140ea4d-f6f9-423d-ba91-562d2014dfc8,16b968359e79eda8a61415fa7ad536f6cda5,true,false,0,weka_main,warmup,additional_cache_pressure,0,,0,0,0.0,0,160,162,160,2026-08-04T01:21:58.392027Z,2026-08-04T01:23:50.618547Z,1785806518392026674,1785806630618547103,1,worker_045f4ff4,162
002001296e8a8c38ad9d7cc436d691afc602,0,67017464-d9af-4509-bdc1-4ba3297c6a94,67017464-d9af-4509-bdc1-4ba3297c6a94,002001296e8a8c38ad9d7cc436d691afc602,true,false,0,weka_main,warmup,additional_cache_pressure,91,,91,154,169057.227,86,162,163,162,2026-08-04T01:22:04.753939Z,2026-08-04T01:23:54.018036Z,1785806524753938799,1785806634018036484,1,worker_eb628086,163
063179eb93f4337a662e859c5a2c5638e03f,10,863e4f93-44c4-4a99-85ce-a8dae5210df2,195d5f62-179f-4ece-a916-dcb23665cfcf,063179eb93f4337a662e859c5a2c5638e03f::fa:000,false,true,1,weka_flat,warmup,additional_cache_pressure,19,,19,53,3540.87,16,169,164,168,2026-08-04T01:22:05.874065Z,2026-08-04T01:23:55.488686Z,1785806525874064571,1785806635488685705,1,worker_25a0e35e,164
0196085d85d2075a50b74cd8795ffbdcea9a,3,621ca950-fa44-4483-9f92-a6c12e4615cd,621ca950-fa44-4483-9f92-a6c12e4615cd,0196085d85d2075a50b74cd8795ffbdcea9a,true,false,0,weka_main,warmup,additional_cache_pressure,90,,90,121,10212.435,84,171,165,171,2026-08-04T01:22:16.042707Z,2026-08-04T01:23:58.004056Z,1785806536042707321,1785806638004055527,1,worker_9816e37a,165
0a688303b1ae62a97607af8021f2130c2caf,17,673a798a-4141-4a41-a1f9-8fa912fcb7fb,673a798a-4141-4a41-a1f9-8fa912fcb7fb,0a688303b1ae62a97607af8021f2130c2caf,true,false,0,weka_main,warmup,additional_cache_pressure,23,,23,23,1870.852,23,170,166,170,2026-08-04T01:22:16.220846Z,2026-08-04T01:23:58.003970Z,1785806536220846015,1785806638003970179,1,worker_d5b600e6,166
0ede42538334da8586bc60008762abfc0ab7,27,b1394c3d-0119-4e64-b6e7-ecf0f4f983ec,b1394c3d-0119-4e64-b6e7-ecf0f4f983ec,0ede42538334da8586bc60008762abfc0ab7,true,false,0,weka_main,warmup,additional_cache_pressure,9,,9,63,1197.679,6,172,167,172,2026-08-04T01:22:17.741340Z,2026-08-04T01:23:58.216326Z,1785806537741339767,1785806638216325808,1,worker_4cdb9141,167
0d41be2aa98333f3662682210647e5971c7b,22,656b38f6-4879-444a-a93e-8d2f3cfe4769,656b38f6-4879-444a-a93e-8d2f3cfe4769,0d41be2aa98333f3662682210647e5971c7b,true,false,0,weka_main,warmup,additional_cache_pressure,8,,8,8,77955.417,8,173,168,173,2026-08-04T01:22:18.940591Z,2026-08-04T01:23:58.216423Z,1785806538940590697,1785806638216423385,1,worker_ec08f4bd,168
1007f04d2c64580308858bb42f292992929d,29,fc6708aa-3ec7-497d-a4f2-9bd9d14de193,fc6708aa-3ec7-497d-a4f2-9bd9d14de193,1007f04d2c64580308858bb42f292992929d,true,false,0,weka_main,warmup,additional_cache_pressure,70,,70,117,1085.778,68,164,169,163,2026-08-04T01:22:20.591697Z,2026-08-04T01:23:54.291774Z,1785806540591697199,1785806634291773612,1,worker_b4c7c6fe,169
15ab8fdb8831965bb01e45ac51829cb4e3e3,,02fb544e-e505-4bee-a4da-6b836e3379ca,02fb544e-e505-4bee-a4da-6b836e3379ca,15ab8fdb8831965bb01e45ac51829cb4e3e3,true,false,0,weka_main,warmup,additional_cache_pressure,1,,1,1,0.247,1,166,170,166,2026-08-04T01:22:20.591840Z,2026-08-04T01:23:55.287691Z,1785806540591840326,1785806635287691259,1,worker_70e58a15,170
0d8a816e4819b765d81ff748da94d463f3b2,23,b385a461-c646-46ec-8fd0-ae91b32fd86e,b385a461-c646-46ec-8fd0-ae91b32fd86e,0d8a816e4819b765d81ff748da94d463f3b2,true,false,0,weka_main,warmup,additional_cache_pressure,18,,18,18,6710.065,18,174,171,174,2026-08-04T01:22:22.843600Z,2026-08-04T01:23:58.560808Z,1785806542843599690,1785806638560808103,1,worker_f4f02990,171
0db32e2f852a2ea24ed616b31975a84da5e4,24,cae80809-bf64-495c-b5a5-3b80b45d1fbd,cae80809-bf64-495c-b5a5-3b80b45d1fbd,0db32e2f852a2ea24ed616b31975a84da5e4,true,false,0,weka_main,warmup,additional_cache_pressure,13,,13,13,4519.274,6,175,172,175,2026-08-04T01:22:25.718765Z,2026-08-04T01:23:58.897971Z,1785806545718765121,1785806638897971024,1,worker_d0059a57,172
05f72f78a037cfa5cd4e4541960a574701d9,9,82e926ce-7f97-4238-9d99-4c50c19a0df2,82e926ce-7f97-4238-9d99-4c50c19a0df2,05f72f78a037cfa5cd4e4541960a574701d9,true,false,0,weka_main,warmup,additional_cache_pressure,51,,51,51,101467.569,51,167,173,167,2026-08-04T01:22:27.926558Z,2026-08-04T01:23:55.287774Z,1785806547926558541,1785806635287774167,1,worker_b2921dd7,173
069d7bf5f1efb4e76e3c84510367e6af78a5,11,7063bc38-c91b-4971-b303-dcfd0737bade,7063bc38-c91b-4971-b303-dcfd0737bade,069d7bf5f1efb4e76e3c84510367e6af78a5,true,false,0,weka_main,warmup,additional_cache_pressure,220,,220,344,56627.325,212,165,174,165,2026-08-04T01:22:47.486031Z,2026-08-04T01:23:55.287660Z,1785806567486031271,1785806635287659879,1,worker_7d9c228a,174
14129d470e508b236be22188aa78548ef805,37,ee9bb5df-1a33-4606-b820-850521f136b9,ee9bb5df-1a33-4606-b820-850521f136b9,14129d470e508b236be22188aa78548ef805,true,false,0,weka_main,warmup,additional_cache_pressure,16,,16,16,326.663,16,168,175,169,2026-08-04T01:22:48.770926Z,2026-08-04T01:23:55.488689Z,1785806568770926031,1785806635488689195,1,worker_c8843e3d,175
12bd4c7c82ae413b035253cb800fc5312111,32,01e05c9a-ce78-4f2c-85c1-a544ecafcf4f,80a6ef61-688c-438b-8490-896e624159c8,12bd4c7c82ae413b035253cb800fc5312111::sa:subagent_002_847a9292,false,true,1,weka_subagent,warmup,additional_cache_pressure,7,3,7.3,18,404.29,3,176,176,176,2026-08-04T01:22:49.041876Z,2026-08-04T01:23:59.217566Z,1785806569041876142,1785806639217566364,1,worker_c4730079,176
077ea9e6554f45bbad9c24a8462bae9a8512,12,2373ad13-84d0-4fbf-ac6e-b39ec49b21c0,2373ad13-84d0-4fbf-ac6e-b39ec49b21c0,077ea9e6554f45bbad9c24a8462bae9a8512,true,false,0,weka_main,warmup,additional_cache_pressure,28,,28,28,10583.638,27,178,177,180,2026-08-04T01:22:50.676805Z,2026-08-04T01:24:00.373501Z,1785806570676804811,1785806640373501305,1,worker_a5cff0bb,177
0e4206535a79f980e2b1091181202ea987fe,26,868d7ba9-4bc8-4721-8c47-8b0e5957ae17,868d7ba9-4bc8-4721-8c47-8b0e5957ae17,0e4206535a79f980e2b1091181202ea987fe,true,false,0,weka_main,warmup,additional_cache_pressure,12,,12,12,189.149,11,180,178,179,2026-08-04T01:22:53.970073Z,2026-08-04T01:24:00.373452Z,1785806573970073519,1785806640373451926,1,worker_4c4c2185,178
12e6fd87f4d3d1f93f96bd7bb6a520043805,34,8da0b420-7815-4485-a456-a374de71596a,8da0b420-7815-4485-a456-a374de71596a,12e6fd87f4d3d1f93f96bd7bb6a520043805,true,false,0,weka_main,warmup,additional_cache_pressure,57,,57,57,13507.468,56,193,179,193,2026-08-04T01:22:58.740456Z,2026-08-04T01:24:02.745499Z,1785806578740455742,1785806642745498554,1,worker_c1ab9170,179
162d6f4f741a1cf3ce98acb5e3718c3bc0c7,,23172cc6-c5e8-44f1-ac88-9ef541e98949,23172cc6-c5e8-44f1-ac88-9ef541e98949,162d6f4f741a1cf3ce98acb5e3718c3bc0c7,true,false,0,weka_main,warmup,additional_cache_pressure,1,,1,1,7.649,1,179,180,178,2026-08-04T01:23:00.449872Z,2026-08-04T01:24:00.373428Z,1785806580449872413,1785806640373428426,1,worker_33e453d4,180
085411a4cc4b15108dd9b50007261a2efb65,14,4630af8a-9c7c-4faf-a44c-9b1f504ab242,0e244c9c-b360-495f-9ddc-b954a4483d65,085411a4cc4b15108dd9b50007261a2efb65::sa:subagent_001_1e54fd0b,false,true,1,weka_subagent,warmup,additional_cache_pressure,8,2,8.2,14,7044.257,2,177,181,177,2026-08-04T01:23:02.032973Z,2026-08-04T01:24:00.373383Z,1785806582032972886,1785806640373382557,1,worker_3be6b29b,182
085411a4cc4b15108dd9b50007261a2efb65,14,4630af8a-9c7c-4faf-a44c-9b1f504ab242,201bee5b-5d4e-4bf8-a67e-5c39f59de6c2,085411a4cc4b15108dd9b50007261a2efb65::sa:subagent_002_e5977449,false,true,1,weka_subagent,warmup,additional_cache_pressure,9,2,9.2,19,7062.088,2,184,182,183,2026-08-04T01:23:02.033492Z,2026-08-04T01:24:01.129548Z,1785806582033491705,1785806641129548365,1,worker_3be6b29b,183
1499c406c828e8fe6b6af697e7799c6a715b,39,fa1215bd-500e-44e8-9db3-cb809a797610,f7c5f741-3056-48c2-8a1b-837751833aa6,1499c406c828e8fe6b6af697e7799c6a715b::fa:002,false,true,1,weka_flat,warmup,additional_cache_pressure,19,,19,94,67778.643,2,186,183,186,2026-08-04T01:23:02.037784Z,2026-08-04T01:24:01.129638Z,1785806582037784247,1785806641129637903,1,worker_b2921dd7,181
0a279af1bec84c6ab033bb03f5d8bfd6b08d,16,0a76c5ba-0a11-43b9-b4ea-1ce866375bbe,0a76c5ba-0a11-43b9-b4ea-1ce866375bbe,0a279af1bec84c6ab033bb03f5d8bfd6b08d,true,false,0,weka_main,warmup,additional_cache_pressure,22,,22,22,3364.649,22,182,184,181,2026-08-04T01:23:05.626377Z,2026-08-04T01:24:01.129472Z,1785806585626377074,1785806641129471477,1,worker_659f36b2,184
1493faffdc8942e99daa22277f44871a40b8,38,c1e0069f-a466-48bc-a2f6-3b300fda6e78,c1e0069f-a466-48bc-a2f6-3b300fda6e78,1493faffdc8942e99daa22277f44871a40b8,true,false,0,weka_main,warmup,additional_cache_pressure,73,,73,73,83961.126,71,183,185,185,2026-08-04T01:23:16.157160Z,2026-08-04T01:24:01.129574Z,1785806596157159809,1785806641129573665,1,worker_eb628086,185
02bc0afb13f7a2d9efa86c28511261d85c0e,4,94cf43e4-07f9-488b-ac14-2215dcf48c5b,e3ee211d-a12a-4327-8e40-9dc8ef2bd4ba,02bc0afb13f7a2d9efa86c28511261d85c0e::fa:015,false,true,1,weka_flat,warmup,additional_cache_pressure,256,,256,460,218897.869,2,185,186,184,2026-08-04T01:23:30.885194Z,2026-08-04T01:24:01.129568Z,1785806610885194361,1785806641129567615,1,worker_87cea17a,186
006c98de37d819e95b0840e25426bb7ca99d,1,bbd1c766-e906-4eae-9223-03cd79a0540a,bbd1c766-e906-4eae-9223-03cd79a0540a,006c98de37d819e95b0840e25426bb7ca99d,true,false,0,weka_main,warmup,additional_cache_pressure,8,,8,8,4200.277,8,181,187,182,2026-08-04T01:23:31.028316Z,2026-08-04T01:24:01.129511Z,1785806611028316088,1785806641129511416,1,worker_b4c7c6fe,187
04dba6fe621301a1d01fd63b8d02c9645c48,7,2c94687b-cd2b-4e81-a0a6-5a7b7f8689f7,2c94687b-cd2b-4e81-a0a6-5a7b7f8689f7,04dba6fe621301a1d01fd63b8d02c9645c48,true,false,0,weka_main,warmup,additional_cache_pressure,7,,7,24,4925.563,6,189,188,187,2026-08-04T01:23:31.514957Z,2026-08-04T01:24:01.252467Z,1785806611514956923,1785806641252466730,1,worker_5ea07df7,188
03e110ac6921c2fe9ac7772a9654314a2beb,5,75582e3a-5d93-45dc-97fd-8805d883b509,75582e3a-5d93-45dc-97fd-8805d883b509,03e110ac6921c2fe9ac7772a9654314a2beb,true,false,0,weka_main,warmup,additional_cache_pressure,27,,27,48,1695.591,22,190,189,190,2026-08-04T01:23:31.515401Z,2026-08-04T01:24:01.252526Z,1785806611515401303,1785806641252526209,1,worker_e8e328c8,189
00ca01c4aaeccee751ae6285beb54dea262f,2,1fe0dae8-b2bf-426d-b081-62b3155899f3,1fe0dae8-b2bf-426d-b081-62b3155899f3,00ca01c4aaeccee751ae6285beb54dea262f,true,false,0,weka_main,warmup,additional_cache_pressure,30,,30,33,2320.429,27,188,190,191,2026-08-04T01:23:31.515561Z,2026-08-04T01:24:01.252530Z,1785806611515561229,1785806641252530189,1,worker_741f2baa,190
12bd4c7c82ae413b035253cb800fc5312111,32,01e05c9a-ce78-4f2c-85c1-a544ecafcf4f,81421985-da2b-4cee-8770-58a1aef6dbe7,12bd4c7c82ae413b035253cb800fc5312111::sa:subagent_001_65ca2729,false,true,1,weka_subagent,warmup,additional_cache_pressure,6,10,6.10,21,408.301,10,187,191,188,2026-08-04T01:23:31.515733Z,2026-08-04T01:24:01.252487Z,1785806611515733375,1785806641252487180,1,worker_c4730079,191
0bcd99353218b9a386b1c4aec13d77abecdb,20,dbc05d7e-0c70-4922-9f24-ded5d6539c40,dbc05d7e-0c70-4922-9f24-ded5d6539c40,0bcd99353218b9a386b1c4aec13d77abecdb,true,false,0,weka_main,warmup,additional_cache_pressure,25,,25,33,46468.834,22,192,192,192,2026-08-04T01:23:32.227340Z,2026-08-04T01:24:01.536272Z,1785806612227339683,1785806641536272010,1,worker_a1bf3a7a,192
13e0b7038bafff59abfdc31aad12dbcd4a2f,36,42642091-0d51-4282-9ba6-f4f3b6d5b0a9,42642091-0d51-4282-9ba6-f4f3b6d5b0a9,13e0b7038bafff59abfdc31aad12dbcd4a2f,true,false,0,weka_main,warmup,additional_cache_pressure,38,,38,38,54767.855,38,195,193,199,2026-08-04T01:23:32.227526Z,2026-08-04T01:24:03.896563Z,1785806612227525689,1785806643896562858,1,worker_80b0e5da,193
0bc9c4f798d321286bf39f2543c0c4e4c059,19,5852826d-1819-426d-b610-678c8fba29ad,1114e29f-0c1b-4713-8d2a-60c494dceb18,0bc9c4f798d321286bf39f2543c0c4e4c059::aux:001,false,true,1,weka_flat,warmup,additional_cache_pressure,13,,13,94,2308.409,0,191,194,189,2026-08-04T01:23:32.227765Z,2026-08-04T01:24:01.252504Z,1785806612227765234,1785806641252503890,1,worker_bc6ad7e1,194
0bc9c4f798d321286bf39f2543c0c4e4c059,19,5852826d-1819-426d-b610-678c8fba29ad,5852826d-1819-426d-b610-678c8fba29ad,0bc9c4f798d321286bf39f2543c0c4e4c059,true,false,0,weka_main,warmup,additional_cache_pressure,14,,14,95,2308.46,9,198,195,198,2026-08-04T01:23:32.228695Z,2026-08-04T01:24:03.896534Z,1785806612228695033,1785806643896534099,1,worker_bc6ad7e1,198
0f909e7d63c0d5e1f060d727ada25d910d89,28,63f5cc97-5018-4edc-929b-9d6c174d488a,8f35cf28-3e4d-449e-92b8-247b1ddf5cb6,0f909e7d63c0d5e1f060d727ada25d910d89::fa:000,false,true,1,weka_flat,warmup,additional_cache_pressure,34,,34,34,4859.403,32,194,196,197,2026-08-04T01:23:32.229497Z,2026-08-04T01:24:03.896528Z,1785806612229497374,1785806643896528279,1,worker_5ea07df7,196
0b7f3ca692f15ae2651a310d9411d70794aa,18,8161929f-63dc-4743-9f8e-4159f04df00a,09136cd8-1305-46ba-8054-94035c5b66dc,0b7f3ca692f15ae2651a310d9411d70794aa::fa:001,false,true,1,weka_flat,warmup,additional_cache_pressure,164,,164,164,11247.463,24,196,197,196,2026-08-04T01:23:32.234644Z,2026-08-04T01:24:03.896523Z,1785806612234644238,1785806643896522949,1,worker_25a0e35e,195
13b532ee3aaa0a52b05c3bcc472355ab62b4,35,1295e9a7-3a2a-4d6d-be67-f922761e6f38,add3d856-7d83-4a17-801b-5d1a5c466bed,13b532ee3aaa0a52b05c3bcc472355ab62b4::fa:000,false,true,1,weka_flat,warmup,additional_cache_pressure,100,,100,130,2904.921,19,197,198,195,2026-08-04T01:23:32.242748Z,2026-08-04T01:24:03.896516Z,1785806612242747434,1785806643896515689,1,worker_2a29c023,197
11310dce936f02050cadaeae295bcdd1ce7f,30,aa90120e-b299-4c94-9d28-77867237b6ae,aa90120e-b299-4c94-9d28-77867237b6ae,11310dce936f02050cadaeae295bcdd1ce7f,true,false,0,weka_main,warmup,additional_cache_pressure,267,,267,352,77388.296,263,199,199,200,2026-08-04T01:23:32.638583Z,2026-08-04T01:24:03.896611Z,1785806612638582996,1785806643896611267,1,worker_1b07758f,199
085aacf44ac5428ad3c6b4f6cd431e083832,15,ae685399-ecac-4cfe-8d89-36dbd306301d,ae685399-ecac-4cfe-8d89-36dbd306301d,085aacf44ac5428ad3c6b4f6cd431e083832,true,false,0,weka_main,warmup,additional_cache_pressure,380,,380,1267,114364.054,351,200,200,194,2026-08-04T01:23:50.443335Z,2026-08-04T01:24:03.896351Z,1785806630443334972,1785806643896351423,1,worker_1ba60ddf,200
16b968359e79eda8a61415fa7ad536f6cda5,,d140ea4d-f6f9-423d-ba91-562d2014dfc8,d140ea4d-f6f9-423d-ba91-562d2014dfc8,16b968359e79eda8a61415fa7ad536f6cda5,true,false,0,weka_main,warmup,additional_cache_pressure,1,,1,1,0.159,1,202,201,203,2026-08-04T01:23:50.619595Z,2026-08-04T01:24:05.009422Z,1785806630619594919,1785806645009422070,1,worker_045f4ff4,201
07dd40536557a1d6440a923557c3129dc929,13,48556e06-1560-4ca7-9268-3dfc379b53e9,a1fd4738-c8fe-4939-8398-fbdf5ae44fe4,07dd40536557a1d6440a923557c3129dc929::sa:subagent_002_23b2d9e6,false,true,1,weka_subagent,warmup,additional_cache_pressure,9,45,9.45,100,349.316,45,203,202,202,2026-08-04T01:23:50.619746Z,2026-08-04T01:24:05.009411Z,1785806630619745916,1785806645009410620,1,worker_698b8caf,202
002001296e8a8c38ad9d7cc436d691afc602,0,67017464-d9af-4509-bdc1-4ba3297c6a94,67017464-d9af-4509-bdc1-4ba3297c6a94,002001296e8a8c38ad9d7cc436d691afc602,true,false,0,weka_main,warmup,additional_cache_pressure,92,,92,155,172822.414,87,201,203,204,2026-08-04T01:23:54.019774Z,2026-08-04T01:24:05.009446Z,1785806634019774535,1785806645009445809,1,worker_eb628086,203
1007f04d2c64580308858bb42f292992929d,29,fc6708aa-3ec7-497d-a4f2-9bd9d14de193,fc6708aa-3ec7-497d-a4f2-9bd9d14de193,1007f04d2c64580308858bb42f292992929d,true,false,0,weka_main,warmup,additional_cache_pressure,71,,71,118,1097.216,69,204,204,201,2026-08-04T01:23:54.292726Z,2026-08-04T01:24:05.009390Z,1785806634292726121,1785806645009389620,1,worker_b4c7c6fe,204
0bed163ac9566086e14ffd85c7481096d49d,21,dc21d643-93c3-455a-b0eb-d2807ffb8901,dc21d643-93c3-455a-b0eb-d2807ffb8901,0bed163ac9566086e14ffd85c7481096d49d,true,false,0,weka_main,warmup,additional_cache_pressure,34,,34,34,2491.966,28,205,205,207,2026-08-04T01:23:54.292880Z,2026-08-04T01:24:05.608267Z,1785806634292879547,1785806645608267095,1,worker_2a29c023,205
15ab8fdb8831965bb01e45ac51829cb4e3e3,,02fb544e-e505-4bee-a4da-6b836e3379ca,02fb544e-e505-4bee-a4da-6b836e3379ca,15ab8fdb8831965bb01e45ac51829cb4e3e3,true,false,0,weka_main,warmup,additional_cache_pressure,2,,2,2,10.548,2,208,206,205,2026-08-04T01:23:55.288831Z,2026-08-04T01:24:05.608195Z,1785806635288830673,1785806645608195036,1,worker_70e58a15,207
069d7bf5f1efb4e76e3c84510367e6af78a5,11,7063bc38-c91b-4971-b303-dcfd0737bade,7063bc38-c91b-4971-b303-dcfd0737bade,069d7bf5f1efb4e76e3c84510367e6af78a5,true,false,0,weka_main,warmup,additional_cache_pressure,221,,221,345,56841.006,213,206,207,206,2026-08-04T01:23:55.289842Z,2026-08-04T01:24:05.608198Z,1785806635289842130,1785806645608198356,1,worker_7d9c228a,206
16c18d979235980e8021cfb0a0b3b386305a,,5d392ca4-ee63-47dd-b941-f4c2e7f4baf9,5d392ca4-ee63-47dd-b941-f4c2e7f4baf9,16c18d979235980e8021cfb0a0b3b386305a,true,false,0,weka_main,warmup,additional_cache_pressure,0,,0,0,0.0,0,207,208,208,2026-08-04T01:23:55.302074Z,2026-08-04T01:24:05.608350Z,1785806635302073773,1785806645608350013,1,worker_b2921dd7,208
063179eb93f4337a662e859c5a2c5638e03f,10,863e4f93-44c4-4a99-85ce-a8dae5210df2,195d5f62-179f-4ece-a916-dcb23665cfcf,063179eb93f4337a662e859c5a2c5638e03f::fa:000,false,true,1,weka_flat,warmup,additional_cache_pressure,20,,20,54,3552.468,17,214,209,212,2026-08-04T01:23:55.489998Z,2026-08-04T01:24:06.038845Z,1785806635489997605,1785806646038845181,1,worker_25a0e35e,209
14129d470e508b236be22188aa78548ef805,37,ee9bb5df-1a33-4606-b820-850521f136b9,ee9bb5df-1a33-4606-b820-850521f136b9,14129d470e508b236be22188aa78548ef805,true,false,0,weka_main,warmup,additional_cache_pressure,17,,17,17,333.387,17,209,210,210,2026-08-04T01:23:55.489998Z,2026-08-04T01:24:06.038827Z,1785806635489997705,1785806646038826852,1,worker_c8843e3d,210
0a688303b1ae62a97607af8021f2130c2caf,17,673a798a-4141-4a41-a1f9-8fa912fcb7fb,673a798a-4141-4a41-a1f9-8fa912fcb7fb,0a688303b1ae62a97607af8021f2130c2caf,true,false,0,weka_main,warmup,additional_cache_pressure,24,,24,24,1903.344,24,212,211,211,2026-08-04T01:23:58.004987Z,2026-08-04T01:24:06.038829Z,1785806638004987126,1785806646038828902,1,worker_d5b600e6,211
0196085d85d2075a50b74cd8795ffbdcea9a,3,621ca950-fa44-4483-9f92-a6c12e4615cd,621ca950-fa44-4483-9f92-a6c12e4615cd,0196085d85d2075a50b74cd8795ffbdcea9a,true,false,0,weka_main,warmup,additional_cache_pressure,91,,91,122,10347.408,85,210,212,213,2026-08-04T01:23:58.006543Z,2026-08-04T01:24:06.038864Z,1785806638006542740,1785806646038864471,1,worker_9816e37a,212
0ede42538334da8586bc60008762abfc0ab7,27,b1394c3d-0119-4e64-b6e7-ecf0f4f983ec,b1394c3d-0119-4e64-b6e7-ecf0f4f983ec,0ede42538334da8586bc60008762abfc0ab7,true,false,0,weka_main,warmup,additional_cache_pressure,10,,10,64,1244.356,7,213,213,209,2026-08-04T01:23:58.217277Z,2026-08-04T01:24:06.038757Z,1785806638217277296,1785806646038757033,1,worker_4cdb9141,213
0d41be2aa98333f3662682210647e5971c7b,22,656b38f6-4879-444a-a93e-8d2f3cfe4769,656b38f6-4879-444a-a93e-8d2f3cfe4769,0d41be2aa98333f3662682210647e5971c7b,true,false,0,weka_main,warmup,additional_cache_pressure,9,,9,9,78892.68,9,211,214,214,2026-08-04T01:23:58.217577Z,2026-08-04T01:24:06.038911Z,1785806638217576509,1785806646038911230,1,worker_ec08f4bd,214
0d8a816e4819b765d81ff748da94d463f3b2,23,b385a461-c646-46ec-8fd0-ae91b32fd86e,b385a461-c646-46ec-8fd0-ae91b32fd86e,0d8a816e4819b765d81ff748da94d463f3b2,true,false,0,weka_main,warmup,additional_cache_pressure,19,,19,19,6941.904,19,215,215,215,2026-08-04T01:23:58.561808Z,2026-08-04T01:24:06.203901Z,1785806638561807830,1785806646203900623,1,worker_f4f02990,215
0db32e2f852a2ea24ed616b31975a84da5e4,24,cae80809-bf64-495c-b5a5-3b80b45d1fbd,cae80809-bf64-495c-b5a5-3b80b45d1fbd,0db32e2f852a2ea24ed616b31975a84da5e4,true,false,0,weka_main,warmup,additional_cache_pressure,14,,14,14,4540.572,7,216,216,216,2026-08-04T01:23:58.899402Z,2026-08-04T01:24:06.551576Z,1785806638899401622,1785806646551576427,1,worker_d0059a57,216
12bd4c7c82ae413b035253cb800fc5312111,32,01e05c9a-ce78-4f2c-85c1-a544ecafcf4f,80a6ef61-688c-438b-8490-896e624159c8,12bd4c7c82ae413b035253cb800fc5312111::sa:subagent_002_847a9292,false,true,1,weka_subagent,warmup,additional_cache_pressure,7,4,7.4,20,408.273,4,218,217,217,2026-08-04T01:23:59.218837Z,2026-08-04T01:24:06.856598Z,1785806639218836905,1785806646856598338,1,worker_c4730079,217
162d6f4f741a1cf3ce98acb5e3718c3bc0c7,,23172cc6-c5e8-44f1-ac88-9ef541e98949,23172cc6-c5e8-44f1-ac88-9ef541e98949,162d6f4f741a1cf3ce98acb5e3718c3bc0c7,true,false,0,weka_main,warmup,additional_cache_pressure,2,,2,2,15.579,2,217,218,218,2026-08-04T01:24:00.375207Z,2026-08-04T01:24:06.856627Z,1785806640375206696,1785806646856627097,1,worker_33e453d4,219
0e4206535a79f980e2b1091181202ea987fe,26,868d7ba9-4bc8-4721-8c47-8b0e5957ae17,868d7ba9-4bc8-4721-8c47-8b0e5957ae17,0e4206535a79f980e2b1091181202ea987fe,true,false,0,weka_main,warmup,additional_cache_pressure,13,,13,13,195.616,12,228,219,224,2026-08-04T01:24:00.375514Z,2026-08-04T01:24:07.698304Z,1785806640375514269,1785806647698303681,1,worker_4c4c2185,218
077ea9e6554f45bbad9c24a8462bae9a8512,12,2373ad13-84d0-4fbf-ac6e-b39ec49b21c0,2373ad13-84d0-4fbf-ac6e-b39ec49b21c0,077ea9e6554f45bbad9c24a8462bae9a8512,true,false,0,weka_main,warmup,additional_cache_pressure,29,,29,29,10614.624,28,224,220,226,2026-08-04T01:24:00.375640Z,2026-08-04T01:24:07.698326Z,1785806640375639646,1785806647698326201,1,worker_a5cff0bb,220
006c98de37d819e95b0840e25426bb7ca99d,1,bbd1c766-e906-4eae-9223-03cd79a0540a,bbd1c766-e906-4eae-9223-03cd79a0540a,006c98de37d819e95b0840e25426bb7ca99d,true,false,0,weka_main,warmup,additional_cache_pressure,9,,9,9,4234.175,9,219,221,220,2026-08-04T01:24:01.130371Z,2026-08-04T01:24:07.698195Z,1785806641130371307,1785806647698195534,1,worker_b4c7c6fe,222
0a279af1bec84c6ab033bb03f5d8bfd6b08d,16,0a76c5ba-0a11-43b9-b4ea-1ce866375bbe,0a76c5ba-0a11-43b9-b4ea-1ce866375bbe,0a279af1bec84c6ab033bb03f5d8bfd6b08d,true,false,0,weka_main,warmup,additional_cache_pressure,23,,23,23,4308.445,23,220,222,219,2026-08-04T01:24:01.130635Z,2026-08-04T01:24:07.697894Z,1785806641130635581,1785806647697894211,1,worker_659f36b2,221
1493faffdc8942e99daa22277f44871a40b8,38,c1e0069f-a466-48bc-a2f6-3b300fda6e78,c1e0069f-a466-48bc-a2f6-3b300fda6e78,1493faffdc8942e99daa22277f44871a40b8,true,false,0,weka_main,warmup,additional_cache_pressure,74,,74,74,83975.602,72,226,223,223,2026-08-04T01:24:01.131685Z,2026-08-04T01:24:07.698261Z,1785806641131685547,1785806647698260582,1,worker_eb628086,223
1499c406c828e8fe6b6af697e7799c6a715b,39,fa1215bd-500e-44e8-9db3-cb809a797610,f7c5f741-3056-48c2-8a1b-837751833aa6,1499c406c828e8fe6b6af697e7799c6a715b::fa:002,false,true,1,weka_flat,warmup,additional_cache_pressure,20,,20,95,67807.373,3,227,224,225,2026-08-04T01:24:01.133218Z,2026-08-04T01:24:07.698323Z,1785806641133218072,1785806647698322931,1,worker_87cea17a,225
02bc0afb13f7a2d9efa86c28511261d85c0e,4,94cf43e4-07f9-488b-ac14-2215dcf48c5b,e3ee211d-a12a-4327-8e40-9dc8ef2bd4ba,02bc0afb13f7a2d9efa86c28511261d85c0e::fa:015,false,true,1,weka_flat,warmup,additional_cache_pressure,257,,257,461,218920.35,3,233,225,230,2026-08-04T01:24:01.141407Z,2026-08-04T01:24:08.146066Z,1785806641141407057,1785806648146066269,1,worker_3be6b29b,224
12bd4c7c82ae413b035253cb800fc5312111,32,01e05c9a-ce78-4f2c-85c1-a544ecafcf4f,81421985-da2b-4cee-8770-58a1aef6dbe7,12bd4c7c82ae413b035253cb800fc5312111::sa:subagent_001_65ca2729,false,true,1,weka_subagent,warmup,additional_cache_pressure,6,11,6.11,22,410.934,11,221,226,222,2026-08-04T01:24:01.253891Z,2026-08-04T01:24:07.698260Z,1785806641253891348,1785806647698259652,1,worker_c4730079,226
00ca01c4aaeccee751ae6285beb54dea262f,2,1fe0dae8-b2bf-426d-b081-62b3155899f3,1fe0dae8-b2bf-426d-b081-62b3155899f3,00ca01c4aaeccee751ae6285beb54dea262f,true,false,0,weka_main,warmup,additional_cache_pressure,31,,31,34,2519.939,28,225,227,228,2026-08-04T01:24:01.254048Z,2026-08-04T01:24:07.698346Z,1785806641254047995,1785806647698345630,1,worker_741f2baa,227
03e110ac6921c2fe9ac7772a9654314a2beb,5,75582e3a-5d93-45dc-97fd-8805d883b509,75582e3a-5d93-45dc-97fd-8805d883b509,03e110ac6921c2fe9ac7772a9654314a2beb,true,false,0,weka_main,warmup,additional_cache_pressure,28,,28,49,1954.883,23,223,228,227,2026-08-04T01:24:01.254569Z,2026-08-04T01:24:07.698334Z,1785806641254568953,1785806647698334001,1,worker_e8e328c8,229
16e46bc4d9e121ffbd67ada51cb3f965342f,,193810b5-2b91-4440-88a9-cab560599bb2,193810b5-2b91-4440-88a9-cab560599bb2,16e46bc4d9e121ffbd67ada51cb3f965342f,true,false,0,weka_main,warmup,additional_cache_pressure,0,,0,0,0.0,0,222,229,221,2026-08-04T01:24:01.256822Z,2026-08-04T01:24:07.698256Z,1785806641256821942,1785806647698255653,1,worker_5ea07df7,228
0bcd99353218b9a386b1c4aec13d77abecdb,20,dbc05d7e-0c70-4922-9f24-ded5d6539c40,dbc05d7e-0c70-4922-9f24-ded5d6539c40,0bcd99353218b9a386b1c4aec13d77abecdb,true,false,0,weka_main,warmup,additional_cache_pressure,26,,26,34,46668.349,23,229,230,229,2026-08-04T01:24:01.537247Z,2026-08-04T01:24:08.146040Z,1785806641537246788,1785806648146039739,1,worker_a1bf3a7a,230
12e6fd87f4d3d1f93f96bd7bb6a520043805,34,8da0b420-7815-4485-a456-a374de71596a,8da0b420-7815-4485-a456-a374de71596a,12e6fd87f4d3d1f93f96bd7bb6a520043805,true,false,0,weka_main,warmup,additional_cache_pressure,58,,58,58,13704.441,57,231,231,233,2026-08-04T01:24:02.747237Z,2026-08-04T01:24:08.146137Z,1785806642747237515,1785806648146136987,1,worker_c1ab9170,231
0bc9c4f798d321286bf39f2543c0c4e4c059,19,5852826d-1819-426d-b610-678c8fba29ad,5852826d-1819-426d-b610-678c8fba29ad,0bc9c4f798d321286bf39f2543c0c4e4c059,true,false,0,weka_main,warmup,additional_cache_pressure,15,,15,96,2347.597,10,232,232,232,2026-08-04T01:24:03.897871Z,2026-08-04T01:24:08.146099Z,1785806643897871368,1785806648146099387,1,worker_bc6ad7e1,233
13e0b7038bafff59abfdc31aad12dbcd4a2f,36,42642091-0d51-4282-9ba6-f4f3b6d5b0a9,42642091-0d51-4282-9ba6-f4f3b6d5b0a9,13e0b7038bafff59abfdc31aad12dbcd4a2f,true,false,0,weka_main,warmup,additional_cache_pressure,39,,39,39,54773.432,39,230,233,231,2026-08-04T01:24:03.898108Z,2026-08-04T01:24:08.146090Z,1785806643898108233,1785806648146090148,1,worker_80b0e5da,235
11310dce936f02050cadaeae295bcdd1ce7f,30,aa90120e-b299-4c94-9d28-77867237b6ae,aa90120e-b299-4c94-9d28-77867237b6ae,11310dce936f02050cadaeae295bcdd1ce7f,true,false,0,weka_main,warmup,additional_cache_pressure,268,,268,353,77689.106,264,239,234,239,2026-08-04T01:24:03.900116Z,2026-08-04T01:24:09.941620Z,1785806643900116268,1785806649941619626,1,worker_1b07758f,239
0f909e7d63c0d5e1f060d727ada25d910d89,28,63f5cc97-5018-4edc-929b-9d6c174d488a,8f35cf28-3e4d-449e-92b8-247b1ddf5cb6,0f909e7d63c0d5e1f060d727ada25d910d89::fa:000,false,true,1,weka_flat,warmup,additional_cache_pressure,35,,35,35,4868.721,33,235,235,236,2026-08-04T01:24:03.900839Z,2026-08-04T01:24:08.972880Z,1785806643900838821,1785806648972880240,1,worker_741f2baa,234
13e0b7038bafff59abfdc31aad12dbcd4a2f,36,42642091-0d51-4282-9ba6-f4f3b6d5b0a9,5f7e066c-cc22-44ad-96bb-78d7fa04ec11,13e0b7038bafff59abfdc31aad12dbcd4a2f::sa:subagent_001_126ed9e9,false,true,1,weka_subagent,warmup,additional_cache_pressure,40,0,40.0,40,54780.466,0,238,236,238,2026-08-04T01:24:03.900946Z,2026-08-04T01:24:09.941562Z,1785806643900945869,1785806649941562507,1,worker_80b0e5da,237
13e0b7038bafff59abfdc31aad12dbcd4a2f,36,42642091-0d51-4282-9ba6-f4f3b6d5b0a9,dd081e47-8647-4d4a-9f8d-bbd3736242b6,13e0b7038bafff59abfdc31aad12dbcd4a2f::sa:subagent_002_105a16f4,false,true,1,weka_subagent,warmup,additional_cache_pressure,41,0,41.0,42,54786.307,0,234,237,234,2026-08-04T01:24:03.901344Z,2026-08-04T01:24:08.466543Z,1785806643901344040,1785806648466542689,1,worker_80b0e5da,238
085aacf44ac5428ad3c6b4f6cd431e083832,15,ae685399-ecac-4cfe-8d89-36dbd306301d,7a17a6d1-dbde-4e66-8aea-85fa1272e76e,085aacf44ac5428ad3c6b4f6cd431e083832::fa:005,false,true,1,weka_flat,warmup,additional_cache_pressure,381,,381,1268,115251.953,1,241,238,241,2026-08-04T01:24:03.906345Z,2026-08-04T01:24:27.585159Z,1785806643906344747,1785806667585158596,1,worker_25a0e35e,240
0b7f3ca692f15ae2651a310d9411d70794aa,18,8161929f-63dc-4743-9f8e-4159f04df00a,09136cd8-1305-46ba-8054-94035c5b66dc,0b7f3ca692f15ae2651a310d9411d70794aa::fa:001,false,true,1,weka_flat,warmup,additional_cache_pressure,165,,165,165,11656.651,25,237,239,237,2026-08-04T01:24:03.907268Z,2026-08-04T01:24:09.941518Z,1785806643907268296,1785806649941517678,1,worker_a1bf3a7a,236
13b532ee3aaa0a52b05c3bcc472355ab62b4,35,1295e9a7-3a2a-4d6d-be67-f922761e6f38,add3d856-7d83-4a17-801b-5d1a5c466bed,13b532ee3aaa0a52b05c3bcc472355ab62b4::fa:000,false,true,1,weka_flat,warmup,additional_cache_pressure,101,,101,131,2960.843,20,236,240,235,2026-08-04T01:24:03.913383Z,2026-08-04T01:24:08.972822Z,1785806643913383297,1785806648972821811,1,worker_1ba60ddf,232
1007f04d2c64580308858bb42f292992929d,29,fc6708aa-3ec7-497d-a4f2-9bd9d14de193,fc6708aa-3ec7-497d-a4f2-9bd9d14de193,1007f04d2c64580308858bb42f292992929d,true,false,0,weka_main,warmup,additional_cache_pressure,72,,72,119,1103.116,70,240,241,240,2026-08-04T01:24:05.010209Z,2026-08-04T01:24:27.585158Z,1785806645010208712,1785806667585158356,1,worker_b4c7c6fe,241
16b968359e79eda8a61415fa7ad536f6cda5,,d140ea4d-f6f9-423d-ba91-562d2014dfc8,d140ea4d-f6f9-423d-ba91-562d2014dfc8,16b968359e79eda8a61415fa7ad536f6cda5,true,false,0,weka_main,warmup,additional_cache_pressure,2,,2,2,7.473,2,245,242,244,2026-08-04T01:24:05.010214Z,2026-08-04T01:24:27.585190Z,1785806645010213892,1785806667585189986,1,worker_045f4ff4,242
07dd40536557a1d6440a923557c3129dc929,13,48556e06-1560-4ca7-9268-3dfc379b53e9,a1fd4738-c8fe-4939-8398-fbdf5ae44fe4,07dd40536557a1d6440a923557c3129dc929::sa:subagent_002_23b2d9e6,false,true,1,weka_subagent,warmup,additional_cache_pressure,9,46,9.46,101,353.951,46,243,243,243,2026-08-04T01:24:05.010427Z,2026-08-04T01:24:27.585187Z,1785806645010426807,1785806667585187516,1,worker_698b8caf,243
002001296e8a8c38ad9d7cc436d691afc602,0,67017464-d9af-4509-bdc1-4ba3297c6a94,67017464-d9af-4509-bdc1-4ba3297c6a94,002001296e8a8c38ad9d7cc436d691afc602,true,false,0,weka_main,warmup,additional_cache_pressure,93,,93,156,172831.665,88,242,244,245,2026-08-04T01:24:05.011120Z,2026-08-04T01:24:27.585194Z,1785806645011120161,1785806667585193925,1,worker_eb628086,244
0bed163ac9566086e14ffd85c7481096d49d,21,dc21d643-93c3-455a-b0eb-d2807ffb8901,dc21d643-93c3-455a-b0eb-d2807ffb8901,0bed163ac9566086e14ffd85c7481096d49d,true,false,0,weka_main,warmup,additional_cache_pressure,35,,35,35,2507.519,29,246,245,250,2026-08-04T01:24:05.609143Z,2026-08-04T01:24:28.886441Z,1785806645609143425,1785806668886441010,1,worker_2a29c023,245
15ab8fdb8831965bb01e45ac51829cb4e3e3,,02fb544e-e505-4bee-a4da-6b836e3379ca,02fb544e-e505-4bee-a4da-6b836e3379ca,15ab8fdb8831965bb01e45ac51829cb4e3e3,true,false,0,weka_main,warmup,additional_cache_pressure,3,,3,3,16.615,3,244,246,242,2026-08-04T01:24:05.609391Z,2026-08-04T01:24:27.585164Z,1785806645609390739,1785806667585164056,1,worker_70e58a15,247
16c18d979235980e8021cfb0a0b3b386305a,,5d392ca4-ee63-47dd-b941-f4c2e7f4baf9,5d392ca4-ee63-47dd-b941-f4c2e7f4baf9,16c18d979235980e8021cfb0a0b3b386305a,true,false,0,weka_main,warmup,additional_cache_pressure,1,,1,1,0.483,1,251,247,251,2026-08-04T01:24:05.610183Z,2026-08-04T01:24:28.886564Z,1785806645610182961,1785806668886564607,1,worker_b2921dd7,248
069d7bf5f1efb4e76e3c84510367e6af78a5,11,7063bc38-c91b-4971-b303-dcfd0737bade,7063bc38-c91b-4971-b303-dcfd0737bade,069d7bf5f1efb4e76e3c84510367e6af78a5,true,false,0,weka_main,warmup,additional_cache_pressure,222,,222,346,57286.572,214,250,248,247,2026-08-04T01:24:05.610849Z,2026-08-04T01:24:28.886393Z,1785806645610848846,1785806668886392921,1,worker_7d9c228a,246
0ede42538334da8586bc60008762abfc0ab7,27,b1394c3d-0119-4e64-b6e7-ecf0f4f983ec,b1394c3d-0119-4e64-b6e7-ecf0f4f983ec,0ede42538334da8586bc60008762abfc0ab7,true,false,0,weka_main,warmup,additional_cache_pressure,11,,11,65,1281.197,8,247,249,246,2026-08-04T01:24:06.039624Z,2026-08-04T01:24:28.886356Z,1785806646039624484,1785806668886355972,1,worker_4cdb9141,249
0a688303b1ae62a97607af8021f2130c2caf,17,673a798a-4141-4a41-a1f9-8fa912fcb7fb,673a798a-4141-4a41-a1f9-8fa912fcb7fb,0a688303b1ae62a97607af8021f2130c2caf,true,false,0,weka_main,warmup,additional_cache_pressure,25,,25,25,1927.976,25,248,250,249,2026-08-04T01:24:06.039775Z,2026-08-04T01:24:28.886435Z,1785806646039775450,1785806668886434900,1,worker_d5b600e6,250
14129d470e508b236be22188aa78548ef805,37,ee9bb5df-1a33-4606-b820-850521f136b9,ee9bb5df-1a33-4606-b820-850521f136b9,14129d470e508b236be22188aa78548ef805,true,false,0,weka_main,warmup,additional_cache_pressure,18,,18,18,397.753,18,249,251,248,2026-08-04T01:24:06.039906Z,2026-08-04T01:24:28.886410Z,1785806646039906247,1785806668886409840,1,worker_c8843e3d,251
0d41be2aa98333f3662682210647e5971c7b,22,656b38f6-4879-444a-a93e-8d2f3cfe4769,656b38f6-4879-444a-a93e-8d2f3cfe4769,0d41be2aa98333f3662682210647e5971c7b,true,false,0,weka_main,warmup,additional_cache_pressure,10,,10,10,78898.536,10,253,252,253,2026-08-04T01:24:06.040159Z,2026-08-04T01:24:29.188851Z,1785806646040159441,1785806669188851239,1,worker_ec08f4bd,254
063179eb93f4337a662e859c5a2c5638e03f,10,863e4f93-44c4-4a99-85ce-a8dae5210df2,195d5f62-179f-4ece-a916-dcb23665cfcf,063179eb93f4337a662e859c5a2c5638e03f::fa:000,false,true,1,weka_flat,warmup,additional_cache_pressure,21,,21,55,3562.462,18,252,253,252,2026-08-04T01:24:06.041110Z,2026-08-04T01:24:29.188836Z,1785806646041110320,1785806669188835930,1,worker_1ba60ddf,253
0196085d85d2075a50b74cd8795ffbdcea9a,3,621ca950-fa44-4483-9f92-a6c12e4615cd,621ca950-fa44-4483-9f92-a6c12e4615cd,0196085d85d2075a50b74cd8795ffbdcea9a,true,false,0,weka_main,warmup,additional_cache_pressure,92,,92,123,10391.704,86,254,254,254,2026-08-04T01:24:06.041173Z,2026-08-04T01:24:29.188926Z,1785806646041172449,1785806669188926298,1,worker_9816e37a,252
0d8a816e4819b765d81ff748da94d463f3b2,23,b385a461-c646-46ec-8fd0-ae91b32fd86e,b385a461-c646-46ec-8fd0-ae91b32fd86e,0d8a816e4819b765d81ff748da94d463f3b2,true,false,0,weka_main,warmup,additional_cache_pressure,20,,20,20,7154.091,20,256,255,255,2026-08-04T01:24:06.204731Z,2026-08-04T01:24:29.442959Z,1785806646204731254,1785806669442959164,1,worker_f4f02990,255
0db32e2f852a2ea24ed616b31975a84da5e4,24,cae80809-bf64-495c-b5a5-3b80b45d1fbd,cae80809-bf64-495c-b5a5-3b80b45d1fbd,0db32e2f852a2ea24ed616b31975a84da5e4,true,false,0,weka_main,warmup,additional_cache_pressure,15,,15,15,4566.099,8,255,256,256,2026-08-04T01:24:06.552966Z,2026-08-04T01:24:29.443061Z,1785806646552965876,1785806669443061311,1,worker_d0059a57,256
162d6f4f741a1cf3ce98acb5e3718c3bc0c7,,23172cc6-c5e8-44f1-ac88-9ef541e98949,23172cc6-c5e8-44f1-ac88-9ef541e98949,162d6f4f741a1cf3ce98acb5e3718c3bc0c7,true,false,0,weka_main,warmup,additional_cache_pressure,3,,3,3,26.344,3,258,257,258,2026-08-04T01:24:06.857982Z,2026-08-04T01:24:30.048896Z,1785806646857981686,1785806670048895928,1,worker_33e453d4,257
0a279af1bec84c6ab033bb03f5d8bfd6b08d,16,0a76c5ba-0a11-43b9-b4ea-1ce866375bbe,0a76c5ba-0a11-43b9-b4ea-1ce866375bbe,0a279af1bec84c6ab033bb03f5d8bfd6b08d,true,false,0,weka_main,warmup,additional_cache_pressure,24,,24,24,4335.659,24,260,258,259,2026-08-04T01:24:07.698798Z,2026-08-04T01:24:30.696408Z,1785806647698797880,1785806670696408040,1,worker_659f36b2,258
006c98de37d819e95b0840e25426bb7ca99d,1,bbd1c766-e906-4eae-9223-03cd79a0540a,bbd1c766-e906-4eae-9223-03cd79a0540a,006c98de37d819e95b0840e25426bb7ca99d,true,false,0,weka_main,warmup,additional_cache_pressure,10,,10,10,4239.318,10,257,259,257,2026-08-04T01:24:07.698823Z,2026-08-04T01:24:30.048878Z,1785806647698823130,1785806670048877678,1,worker_b4c7c6fe,259
16e46bc4d9e121ffbd67ada51cb3f965342f,,193810b5-2b91-4440-88a9-cab560599bb2,193810b5-2b91-4440-88a9-cab560599bb2,16e46bc4d9e121ffbd67ada51cb3f965342f,true,false,0,weka_main,warmup,additional_cache_pressure,1,,1,1,0.023,1,259,260,260,2026-08-04T01:24:07.699147Z,2026-08-04T01:24:30.696472Z,1785806647699146652,1785806670696472519,1,worker_5ea07df7,260
1499c406c828e8fe6b6af697e7799c6a715b,39,fa1215bd-500e-44e8-9db3-cb809a797610,f7c5f741-3056-48c2-8a1b-837751833aa6,1499c406c828e8fe6b6af697e7799c6a715b::fa:002,false,true,1,weka_flat,warmup,additional_cache_pressure,21,,21,96,67871.191,4,261,261,261,2026-08-04T01:24:07.699600Z,2026-08-04T01:24:31.122372Z,1785806647699600272,1785806671122371562,1,worker_87cea17a,264
03e110ac6921c2fe9ac7772a9654314a2beb,5,75582e3a-5d93-45dc-97fd-8805d883b509,75582e3a-5d93-45dc-97fd-8805d883b509,03e110ac6921c2fe9ac7772a9654314a2beb,true,false,0,weka_main,warmup,additional_cache_pressure,29,,29,50,2226.243,24,269,262,267,2026-08-04T01:24:07.699685Z,2026-08-04T01:24:31.988024Z,1785806647699685160,1785806671988023583,1,worker_e8e328c8,262
0e4206535a79f980e2b1091181202ea987fe,26,868d7ba9-4bc8-4721-8c47-8b0e5957ae17,868d7ba9-4bc8-4721-8c47-8b0e5957ae17,0e4206535a79f980e2b1091181202ea987fe,true,false,0,weka_main,warmup,additional_cache_pressure,14,,14,14,200.632,13,262,263,263,2026-08-04T01:24:07.699764Z,2026-08-04T01:24:31.122409Z,1785806647699764568,1785806671122409191,1,worker_4c4c2185,261
077ea9e6554f45bbad9c24a8462bae9a8512,12,2373ad13-84d0-4fbf-ac6e-b39ec49b21c0,2373ad13-84d0-4fbf-ac6e-b39ec49b21c0,077ea9e6554f45bbad9c24a8462bae9a8512,true,false,0,weka_main,warmup,additional_cache_pressure,30,,30,30,10846.613,29,263,264,264,2026-08-04T01:24:07.699985Z,2026-08-04T01:24:31.122447Z,1785806647699984693,1785806671122447130,1,worker_a5cff0bb,265
1493faffdc8942e99daa22277f44871a40b8,38,c1e0069f-a466-48bc-a2f6-3b300fda6e78,c1e0069f-a466-48bc-a2f6-3b300fda6e78,1493faffdc8942e99daa22277f44871a40b8,true,false,0,weka_main,warmup,additional_cache_pressure,75,,75,75,84000.698,73,266,265,266,2026-08-04T01:24:07.700316Z,2026-08-04T01:24:31.988021Z,1785806647700316046,1785806671988020673,1,worker_eb628086,263
17808bf55e26681520f3f11f47b5e1260108,,93bb92a5-5b93-4eb3-b7a3-844e7db8d96a,93bb92a5-5b93-4eb3-b7a3-844e7db8d96a,17808bf55e26681520f3f11f47b5e1260108,true,false,0,weka_main,warmup,additional_cache_pressure,0,,0,0,0.0,0,264,266,262,2026-08-04T01:24:07.703973Z,2026-08-04T01:24:31.122402Z,1785806647703972493,1785806671122402481,1,worker_c4730079,266
0bc9c4f798d321286bf39f2543c0c4e4c059,19,5852826d-1819-426d-b610-678c8fba29ad,5852826d-1819-426d-b610-678c8fba29ad,0bc9c4f798d321286bf39f2543c0c4e4c059,true,false,0,weka_main,warmup,additional_cache_pressure,16,,16,97,2377.013,11,265,267,268,2026-08-04T01:24:08.147580Z,2026-08-04T01:24:31.988027Z,1785806648147579804,1785806671988026893,1,worker_bc6ad7e1,268
18bf3ef42c109a28326d8384f1bcc8dfae37,,5e9b4ada-7a52-43ac-93a0-7a5c290a56a9,5e9b4ada-7a52-43ac-93a0-7a5c290a56a9,18bf3ef42c109a28326d8384f1bcc8dfae37,true,false,0,weka_main,warmup,additional_cache_pressure,0,,0,0,0.0,0,270,268,270,2026-08-04T01:24:08.147890Z,2026-08-04T01:24:31.988063Z,1785806648147889707,1785806671988063412,1,worker_741f2baa,267
12e6fd87f4d3d1f93f96bd7bb6a520043805,34,8da0b420-7815-4485-a456-a374de71596a,8da0b420-7815-4485-a456-a374de71596a,12e6fd87f4d3d1f93f96bd7bb6a520043805,true,false,0,weka_main,warmup,additional_cache_pressure,59,,59,59,13984.467,58,267,269,269,2026-08-04T01:24:08.148034Z,2026-08-04T01:24:31.988053Z,1785806648148033654,1785806671988052762,1,worker_c1ab9170,269
02bc0afb13f7a2d9efa86c28511261d85c0e,4,94cf43e4-07f9-488b-ac14-2215dcf48c5b,e3ee211d-a12a-4327-8e40-9dc8ef2bd4ba,02bc0afb13f7a2d9efa86c28511261d85c0e::fa:015,false,true,1,weka_flat,warmup,additional_cache_pressure,258,,258,462,218936.626,4,268,270,265,2026-08-04T01:24:08.148339Z,2026-08-04T01:24:31.987825Z,1785806648148339297,1785806671987825417,1,worker_3be6b29b,270
13e0b7038bafff59abfdc31aad12dbcd4a2f,36,42642091-0d51-4282-9ba6-f4f3b6d5b0a9,dd081e47-8647-4d4a-9f8d-bbd3736242b6,13e0b7038bafff59abfdc31aad12dbcd4a2f::sa:subagent_002_105a16f4,false,true,1,weka_subagent,warmup,additional_cache_pressure,41,1,41.1,44,54791.022,1,273,271,277,2026-08-04T01:24:08.467353Z,2026-08-04T01:24:32.545885Z,1785806648467353011,1785806672545885196,1,worker_80b0e5da,271
13b532ee3aaa0a52b05c3bcc472355ab62b4,35,1295e9a7-3a2a-4d6d-be67-f922761e6f38,add3d856-7d83-4a17-801b-5d1a5c466bed,13b532ee3aaa0a52b05c3bcc472355ab62b4::fa:000,false,true,1,weka_flat,warmup,additional_cache_pressure,102,,102,132,2973.748,21,272,272,271,2026-08-04T01:24:08.974586Z,2026-08-04T01:24:32.545769Z,1785806648974586041,1785806672545769429,1,worker_a1bf3a7a,272
0f909e7d63c0d5e1f060d727ada25d910d89,28,63f5cc97-5018-4edc-929b-9d6c174d488a,8f35cf28-3e4d-449e-92b8-247b1ddf5cb6,0f909e7d63c0d5e1f060d727ada25d910d89::fa:000,false,true,1,weka_flat,warmup,additional_cache_pressure,36,,36,36,4882.436,34,275,273,276,2026-08-04T01:24:08.975036Z,2026-08-04T01:24:32.545857Z,1785806648975035981,1785806672545857157,1,worker_25a0e35e,273
13e0b7038bafff59abfdc31aad12dbcd4a2f,36,42642091-0d51-4282-9ba6-f4f3b6d5b0a9,5f7e066c-cc22-44ad-96bb-78d7fa04ec11,13e0b7038bafff59abfdc31aad12dbcd4a2f::sa:subagent_001_126ed9e9,false,true,1,weka_subagent,warmup,additional_cache_pressure,40,1,40.1,41,54785.03,1,274,274,279,2026-08-04T01:24:09.942326Z,2026-08-04T01:24:32.546364Z,1785806649942325690,1785806672546364236,1,worker_80b0e5da,275
11310dce936f02050cadaeae295bcdd1ce7f,30,aa90120e-b299-4c94-9d28-77867237b6ae,aa90120e-b299-4c94-9d28-77867237b6ae,11310dce936f02050cadaeae295bcdd1ce7f,true,false,0,weka_main,warmup,additional_cache_pressure,269,,269,354,77719.142,265,279,275,278,2026-08-04T01:24:09.944280Z,2026-08-04T01:24:32.545941Z,1785806649944279566,1785806672545941375,1,worker_1b07758f,276
0b7f3ca692f15ae2651a310d9411d70794aa,18,8161929f-63dc-4743-9f8e-4159f04df00a,09136cd8-1305-46ba-8054-94035c5b66dc,0b7f3ca692f15ae2651a310d9411d70794aa::fa:001,false,true,1,weka_flat,warmup,additional_cache_pressure,166,,166,166,11845.656,26,271,276,272,2026-08-04T01:24:09.948298Z,2026-08-04T01:24:32.545772Z,1785806649948297735,1785806672545772029,1,worker_1ba60ddf,274
1007f04d2c64580308858bb42f292992929d,29,fc6708aa-3ec7-497d-a4f2-9bd9d14de193,fc6708aa-3ec7-497d-a4f2-9bd9d14de193,1007f04d2c64580308858bb42f292992929d,true,false,0,weka_main,warmup,additional_cache_pressure,73,,73,120,1122.617,71,278,277,273,2026-08-04T01:24:27.586385Z,2026-08-04T01:24:32.545777Z,1785806667586385458,1785806672545776669,1,worker_b4c7c6fe,277
07dd40536557a1d6440a923557c3129dc929,13,48556e06-1560-4ca7-9268-3dfc379b53e9,a1fd4738-c8fe-4939-8398-fbdf5ae44fe4,07dd40536557a1d6440a923557c3129dc929::sa:subagent_002_23b2d9e6,false,true,1,weka_subagent,warmup,additional_cache_pressure,9,47,9.47,103,358.489,47,277,278,275,2026-08-04T01:24:27.586487Z,2026-08-04T01:24:32.545840Z,1785806667586486936,1785806672545839537,1,worker_698b8caf,278
16b968359e79eda8a61415fa7ad536f6cda5,,d140ea4d-f6f9-423d-ba91-562d2014dfc8,d140ea4d-f6f9-423d-ba91-562d2014dfc8,16b968359e79eda8a61415fa7ad536f6cda5,true,false,0,weka_main,warmup,additional_cache_pressure,3,,3,3,10.972,3,276,279,274,2026-08-04T01:24:27.586510Z,2026-08-04T01:24:32.545802Z,1785806667586509986,1785806672545802148,1,worker_045f4ff4,279
15ab8fdb8831965bb01e45ac51829cb4e3e3,,02fb544e-e505-4bee-a4da-6b836e3379ca,02fb544e-e505-4bee-a4da-6b836e3379ca,15ab8fdb8831965bb01e45ac51829cb4e3e3,true,false,0,weka_main,warmup,additional_cache_pressure,4,,4,4,20.43,4,288,280,281,2026-08-04T01:24:27.586699Z,2026-08-04T01:24:33.275386Z,1785806667586699081,1785806673275386042,1,worker_70e58a15,280
002001296e8a8c38ad9d7cc436d691afc602,0,67017464-d9af-4509-bdc1-4ba3297c6a94,67017464-d9af-4509-bdc1-4ba3297c6a94,002001296e8a8c38ad9d7cc436d691afc602,true,false,0,weka_main,warmup,additional_cache_pressure,94,,94,157,173020.734,89,283,281,286,2026-08-04T01:24:27.587557Z,2026-08-04T01:24:33.275407Z,1785806667587556702,1785806673275406981,1,worker_eb628086,281
085aacf44ac5428ad3c6b4f6cd431e083832,15,ae685399-ecac-4cfe-8d89-36dbd306301d,7a17a6d1-dbde-4e66-8aea-85fa1272e76e,085aacf44ac5428ad3c6b4f6cd431e083832::fa:005,false,true,1,weka_flat,warmup,additional_cache_pressure,382,,382,1269,115325.0,2,286,282,284,2026-08-04T01:24:27.594977Z,2026-08-04T01:24:33.275399Z,1785806667594976724,1785806673275399192,1,worker_a1bf3a7a,282
0ede42538334da8586bc60008762abfc0ab7,27,b1394c3d-0119-4e64-b6e7-ecf0f4f983ec,b1394c3d-0119-4e64-b6e7-ecf0f4f983ec,0ede42538334da8586bc60008762abfc0ab7,true,false,0,weka_main,warmup,additional_cache_pressure,12,,12,66,1345.644,9,280,283,280,2026-08-04T01:24:28.887337Z,2026-08-04T01:24:33.275332Z,1785806668887337339,1785806673275332413,1,worker_4cdb9141,283
14129d470e508b236be22188aa78548ef805,37,ee9bb5df-1a33-4606-b820-850521f136b9,ee9bb5df-1a33-4606-b820-850521f136b9,14129d470e508b236be22188aa78548ef805,true,false,0,weka_main,warmup,additional_cache_pressure,19,,19,19,402.232,19,287,284,282,2026-08-04T01:24:28.887553Z,2026-08-04T01:24:33.275387Z,1785806668887552805,1785806673275387002,1,worker_c8843e3d,284
0bed163ac9566086e14ffd85c7481096d49d,21,dc21d643-93c3-455a-b0eb-d2807ffb8901,dc21d643-93c3-455a-b0eb-d2807ffb8901,0bed163ac9566086e14ffd85c7481096d49d,true,false,0,weka_main,warmup,additional_cache_pressure,36,,36,36,2526.949,30,285,285,283,2026-08-04T01:24:28.887718Z,2026-08-04T01:24:33.275396Z,1785806668887717871,1785806673275396032,1,worker_2a29c023,285
0a688303b1ae62a97607af8021f2130c2caf,17,673a798a-4141-4a41-a1f9-8fa912fcb7fb,673a798a-4141-4a41-a1f9-8fa912fcb7fb,0a688303b1ae62a97607af8021f2130c2caf,true,false,0,weka_main,warmup,additional_cache_pressure,26,,26,26,1946.827,26,282,286,287,2026-08-04T01:24:28.887864Z,2026-08-04T01:24:33.275430Z,1785806668887863647,1785806673275429781,1,worker_d5b600e6,286
16c18d979235980e8021cfb0a0b3b386305a,,5d392ca4-ee63-47dd-b941-f4c2e7f4baf9,5d392ca4-ee63-47dd-b941-f4c2e7f4baf9,16c18d979235980e8021cfb0a0b3b386305a,true,false,0,weka_main,warmup,additional_cache_pressure,2,,2,2,23.353,2,284,287,288,2026-08-04T01:24:28.888419Z,2026-08-04T01:24:33.275499Z,1785806668888419405,1785806673275498629,1,worker_b2921dd7,288
069d7bf5f1efb4e76e3c84510367e6af78a5,11,7063bc38-c91b-4971-b303-dcfd0737bade,7063bc38-c91b-4971-b303-dcfd0737bade,069d7bf5f1efb4e76e3c84510367e6af78a5,true,false,0,weka_main,warmup,additional_cache_pressure,223,,223,347,57315.26,215,281,288,285,2026-08-04T01:24:28.889155Z,2026-08-04T01:24:33.275400Z,1785806668889155128,1785806673275400231,1,worker_7d9c228a,287
063179eb93f4337a662e859c5a2c5638e03f,10,863e4f93-44c4-4a99-85ce-a8dae5210df2,195d5f62-179f-4ece-a916-dcb23665cfcf,063179eb93f4337a662e859c5a2c5638e03f::fa:000,false,true,1,weka_flat,warmup,additional_cache_pressure,22,,22,56,3591.316,19,290,289,289,2026-08-04T01:24:29.189750Z,2026-08-04T01:24:33.592880Z,1785806669189749789,1785806673592879590,1,worker_25a0e35e,289
0d41be2aa98333f3662682210647e5971c7b,22,656b38f6-4879-444a-a93e-8d2f3cfe4769,656b38f6-4879-444a-a93e-8d2f3cfe4769,0d41be2aa98333f3662682210647e5971c7b,true,false,0,weka_main,warmup,additional_cache_pressure,11,,11,11,78931.728,11,291,290,293,2026-08-04T01:24:29.189896Z,2026-08-04T01:24:33.593027Z,1785806669189896076,1785806673593026927,1,worker_ec08f4bd,290
0196085d85d2075a50b74cd8795ffbdcea9a,3,621ca950-fa44-4483-9f92-a6c12e4615cd,621ca950-fa44-4483-9f92-a6c12e4615cd,0196085d85d2075a50b74cd8795ffbdcea9a,true,false,0,weka_main,warmup,additional_cache_pressure,93,,93,124,10438.541,87,294,291,295,2026-08-04T01:24:29.192334Z,2026-08-04T01:24:33.593069Z,1785806669192333811,1785806673593069306,1,worker_9816e37a,291
0d8a816e4819b765d81ff748da94d463f3b2,23,b385a461-c646-46ec-8fd0-ae91b32fd86e,b385a461-c646-46ec-8fd0-ae91b32fd86e,0d8a816e4819b765d81ff748da94d463f3b2,true,false,0,weka_main,warmup,additional_cache_pressure,21,,21,21,7280.448,21,289,292,290,2026-08-04T01:24:29.444025Z,2026-08-04T01:24:33.592917Z,1785806669444024949,1785806673592917129,1,worker_f4f02990,292
0db32e2f852a2ea24ed616b31975a84da5e4,24,cae80809-bf64-495c-b5a5-3b80b45d1fbd,cae80809-bf64-495c-b5a5-3b80b45d1fbd,0db32e2f852a2ea24ed616b31975a84da5e4,true,false,0,weka_main,warmup,additional_cache_pressure,16,,16,16,4593.753,9,293,293,294,2026-08-04T01:24:29.444425Z,2026-08-04T01:24:33.593032Z,1785806669444424540,1785806673593032337,1,worker_d0059a57,293
006c98de37d819e95b0840e25426bb7ca99d,1,bbd1c766-e906-4eae-9223-03cd79a0540a,bbd1c766-e906-4eae-9223-03cd79a0540a,006c98de37d819e95b0840e25426bb7ca99d,true,false,0,weka_main,warmup,additional_cache_pressure,11,,11,11,4242.237,11,292,294,291,2026-08-04T01:24:30.049466Z,2026-08-04T01:24:33.592940Z,1785806670049466425,1785806673592939629,1,worker_b4c7c6fe,294
162d6f4f741a1cf3ce98acb5e3718c3bc0c7,,23172cc6-c5e8-44f1-ac88-9ef541e98949,23172cc6-c5e8-44f1-ac88-9ef541e98949,162d6f4f741a1cf3ce98acb5e3718c3bc0c7,true,false,0,weka_main,warmup,additional_cache_pressure,5,,5,5,387.072,4,295,295,292,2026-08-04T01:24:30.050025Z,2026-08-04T01:24:33.592964Z,1785806670050025302,1785806673592964068,1,worker_33e453d4,296
162d6f4f741a1cf3ce98acb5e3718c3bc0c7,,23172cc6-c5e8-44f1-ac88-9ef541e98949,b979b307-97e1-47e7-a659-61daf0ee9994,162d6f4f741a1cf3ce98acb5e3718c3bc0c7::aux:000,false,true,1,weka_flat,warmup,additional_cache_pressure,4,,4,4,387.018,0,296,296,296,2026-08-04T01:24:30.050767Z,2026-08-04T01:24:33.593711Z,1785806670050767265,1785806673593711270,1,worker_33e453d4,295
0a279af1bec84c6ab033bb03f5d8bfd6b08d,16,0a76c5ba-0a11-43b9-b4ea-1ce866375bbe,0a76c5ba-0a11-43b9-b4ea-1ce866375bbe,0a279af1bec84c6ab033bb03f5d8bfd6b08d,true,false,0,weka_main,warmup,additional_cache_pressure,25,,25,25,4353.404,25,299,297,298,2026-08-04T01:24:30.697397Z,2026-08-04T01:25:19.942111Z,1785806670697396898,1785806719942110771,1,worker_659f36b2,297
16e46bc4d9e121ffbd67ada51cb3f965342f,,193810b5-2b91-4440-88a9-cab560599bb2,193810b5-2b91-4440-88a9-cab560599bb2,16e46bc4d9e121ffbd67ada51cb3f965342f,true,false,0,weka_main,warmup,additional_cache_pressure,2,,2,2,4.969,2,297,298,297,2026-08-04T01:24:30.697411Z,2026-08-04T01:25:19.540441Z,1785806670697410848,1785806719540440450,1,worker_5ea07df7,298
1499c406c828e8fe6b6af697e7799c6a715b,39,fa1215bd-500e-44e8-9db3-cb809a797610,f7c5f741-3056-48c2-8a1b-837751833aa6,1499c406c828e8fe6b6af697e7799c6a715b::fa:002,false,true,1,weka_flat,warmup,additional_cache_pressure,22,,22,97,67910.554,5,298,299,299,2026-08-04T01:24:31.123548Z,2026-08-04T01:25:19.942120Z,1785806671123547655,1785806719942119581,1,worker_87cea17a,299
17808bf55e26681520f3f11f47b5e1260108,,93bb92a5-5b93-4eb3-b7a3-844e7db8d96a,93bb92a5-5b93-4eb3-b7a3-844e7db8d96a,17808bf55e26681520f3f11f47b5e1260108,true,false,0,weka_main,warmup,additional_cache_pressure,1,,1,1,0.322,1,301,300,300,2026-08-04T01:24:31.124120Z,2026-08-04T01:25:20.564577Z,1785806671124120292,1785806720564577051,1,worker_c4730079,301
0e4206535a79f980e2b1091181202ea987fe,26,868d7ba9-4bc8-4721-8c47-8b0e5957ae17,868d7ba9-4bc8-4721-8c47-8b0e5957ae17,0e4206535a79f980e2b1091181202ea987fe,true,false,0,weka_main,warmup,additional_cache_pressure,15,,15,15,206.981,14,300,301,301,2026-08-04T01:24:31.124539Z,2026-08-04T01:25:20.564601Z,1785806671124538882,1785806720564601050,1,worker_4c4c2185,300
077ea9e6554f45bbad9c24a8462bae9a8512,12,2373ad13-84d0-4fbf-ac6e-b39ec49b21c0,2373ad13-84d0-4fbf-ac6e-b39ec49b21c0,077ea9e6554f45bbad9c24a8462bae9a8512,true,false,0,weka_main,warmup,additional_cache_pressure,31,,31,31,19494.436,30,302,302,302,2026-08-04T01:24:31.124918Z,2026-08-04T01:25:20.858596Z,1785806671124917594,1785806720858595991,1,worker_a5cff0bb,302
03e110ac6921c2fe9ac7772a9654314a2beb,5,75582e3a-5d93-45dc-97fd-8805d883b509,75582e3a-5d93-45dc-97fd-8805d883b509,03e110ac6921c2fe9ac7772a9654314a2beb,true,false,0,weka_main,warmup,additional_cache_pressure,30,,30,51,2334.917,25,304,303,304,2026-08-04T01:24:31.989301Z,2026-08-04T01:25:21.565938Z,1785806671989301404,1785806721565937738,1,worker_e8e328c8,304
18bf3ef42c109a28326d8384f1bcc8dfae37,,5e9b4ada-7a52-43ac-93a0-7a5c290a56a9,5e9b4ada-7a52-43ac-93a0-7a5c290a56a9,18bf3ef42c109a28326d8384f1bcc8dfae37,true,false,0,weka_main,warmup,additional_cache_pressure,1,,1,1,0.463,1,305,304,305,2026-08-04T01:24:31.989348Z,2026-08-04T01:25:21.566005Z,1785806671989348483,1785806721566004397,1,worker_741f2baa,306
02bc0afb13f7a2d9efa86c28511261d85c0e,4,94cf43e4-07f9-488b-ac14-2215dcf48c5b,e3ee211d-a12a-4327-8e40-9dc8ef2bd4ba,02bc0afb13f7a2d9efa86c28511261d85c0e::fa:015,false,true,1,weka_flat,warmup,additional_cache_pressure,259,,259,463,218956.249,5,309,305,306,2026-08-04T01:24:31.989749Z,2026-08-04T01:25:22.398955Z,1785806671989749244,1785806722398955019,1,worker_3be6b29b,303
0bc9c4f798d321286bf39f2543c0c4e4c059,19,5852826d-1819-426d-b610-678c8fba29ad,5852826d-1819-426d-b610-678c8fba29ad,0bc9c4f798d321286bf39f2543c0c4e4c059,true,false,0,weka_main,warmup,additional_cache_pressure,17,,17,98,2458.172,12,310,306,309,2026-08-04T01:24:31.989821Z,2026-08-04T01:25:22.398986Z,1785806671989821372,1785806722398985578,1,worker_bc6ad7e1,307
1493faffdc8942e99daa22277f44871a40b8,38,c1e0069f-a466-48bc-a2f6-3b300fda6e78,c1e0069f-a466-48bc-a2f6-3b300fda6e78,1493faffdc8942e99daa22277f44871a40b8,true,false,0,weka_main,warmup,additional_cache_pressure,76,,76,76,84008.954,74,306,307,308,2026-08-04T01:24:31.990047Z,2026-08-04T01:25:22.398980Z,1785806671990046487,1785806722398980078,1,worker_eb628086,305
12e6fd87f4d3d1f93f96bd7bb6a520043805,34,8da0b420-7815-4485-a456-a374de71596a,8da0b420-7815-4485-a456-a374de71596a,12e6fd87f4d3d1f93f96bd7bb6a520043805,true,false,0,weka_main,warmup,additional_cache_pressure,60,,60,60,13997.295,59,308,308,310,2026-08-04T01:24:31.990088Z,2026-08-04T01:25:22.399009Z,1785806671990087846,1785806722399009578,1,worker_c1ab9170,308
18bf3ef42c109a28326d8384f1bcc8dfae37,,5e9b4ada-7a52-43ac-93a0-7a5c290a56a9,4c6b9deb-cff4-446e-a908-659135233094,18bf3ef42c109a28326d8384f1bcc8dfae37::fa:000,false,true,1,weka_flat,warmup,additional_cache_pressure,2,,2,2,3.642,0,303,309,303,2026-08-04T01:24:31.990184Z,2026-08-04T01:25:21.565915Z,1785806671990183904,1785806721565914859,1,worker_1ba60ddf,309
1007f04d2c64580308858bb42f292992929d,29,fc6708aa-3ec7-497d-a4f2-9bd9d14de193,fc6708aa-3ec7-497d-a4f2-9bd9d14de193,1007f04d2c64580308858bb42f292992929d,true,false,0,weka_main,warmup,additional_cache_pressure,74,,74,121,1134.248,72,307,310,307,2026-08-04T01:24:32.546576Z,2026-08-04T01:25:22.398978Z,1785806672546576131,1785806722398978068,1,worker_b4c7c6fe,310
16b968359e79eda8a61415fa7ad536f6cda5,,d140ea4d-f6f9-423d-ba91-562d2014dfc8,d140ea4d-f6f9-423d-ba91-562d2014dfc8,16b968359e79eda8a61415fa7ad536f6cda5,true,false,0,weka_main,warmup,additional_cache_pressure,4,,4,4,22.661,4,314,311,313,2026-08-04T01:24:32.546740Z,2026-08-04T01:25:22.943708Z,1785806672546740057,1785806722943707819,1,worker_045f4ff4,312
0f909e7d63c0d5e1f060d727ada25d910d89,28,63f5cc97-5018-4edc-929b-9d6c174d488a,8f35cf28-3e4d-449e-92b8-247b1ddf5cb6,0f909e7d63c0d5e1f060d727ada25d910d89::fa:000,false,true,1,weka_flat,warmup,additional_cache_pressure,37,,37,37,4894.226,35,312,312,317,2026-08-04T01:24:32.547046Z,2026-08-04T01:25:22.943797Z,1785806672547045660,1785806722943796557,1,worker_25a0e35e,313
07dd40536557a1d6440a923557c3129dc929,13,48556e06-1560-4ca7-9268-3dfc379b53e9,a1fd4738-c8fe-4939-8398-fbdf5ae44fe4,07dd40536557a1d6440a923557c3129dc929::sa:subagent_002_23b2d9e6,false,true,1,weka_subagent,warmup,additional_cache_pressure,9,48,9.48,104,364.058,48,317,313,314,2026-08-04T01:24:32.547289Z,2026-08-04T01:25:22.943714Z,1785806672547288644,1785806722943713909,1,worker_698b8caf,314
13e0b7038bafff59abfdc31aad12dbcd4a2f,36,42642091-0d51-4282-9ba6-f4f3b6d5b0a9,dd081e47-8647-4d4a-9f8d-bbd3736242b6,13e0b7038bafff59abfdc31aad12dbcd4a2f::sa:subagent_002_105a16f4,false,true,1,weka_subagent,warmup,additional_cache_pressure,41,2,41.2,46,54795.217,2,311,314,315,2026-08-04T01:24:32.547346Z,2026-08-04T01:25:22.943747Z,1785806672547345823,1785806722943747128,1,worker_80b0e5da,316
0b7f3ca692f15ae2651a310d9411d70794aa,18,8161929f-63dc-4743-9f8e-4159f04df00a,09136cd8-1305-46ba-8054-94035c5b66dc,0b7f3ca692f15ae2651a310d9411d70794aa::fa:001,false,true,1,weka_flat,warmup,additional_cache_pressure,167,,167,167,13460.173,27,316,315,316,2026-08-04T01:24:32.547595Z,2026-08-04T01:25:22.943748Z,1785806672547594738,1785806722943747628,1,worker_741f2baa,311
13b532ee3aaa0a52b05c3bcc472355ab62b4,35,1295e9a7-3a2a-4d6d-be67-f922761e6f38,add3d856-7d83-4a17-801b-5d1a5c466bed,13b532ee3aaa0a52b05c3bcc472355ab62b4::fa:000,false,true,1,weka_flat,warmup,additional_cache_pressure,103,,103,133,2980.321,22,318,316,311,2026-08-04T01:24:32.547688Z,2026-08-04T01:25:22.943685Z,1785806672547687835,1785806722943684850,1,worker_a1bf3a7a,315
13e0b7038bafff59abfdc31aad12dbcd4a2f,36,42642091-0d51-4282-9ba6-f4f3b6d5b0a9,5f7e066c-cc22-44ad-96bb-78d7fa04ec11,13e0b7038bafff59abfdc31aad12dbcd4a2f::sa:subagent_001_126ed9e9,false,true,1,weka_subagent,warmup,additional_cache_pressure,40,2,40.2,43,54790.501,2,313,317,319,2026-08-04T01:24:32.547850Z,2026-08-04T01:25:22.944172Z,1785806672547849992,1785806722944171779,1,worker_80b0e5da,318
11310dce936f02050cadaeae295bcdd1ce7f,30,aa90120e-b299-4c94-9d28-77867237b6ae,aa90120e-b299-4c94-9d28-77867237b6ae,11310dce936f02050cadaeae295bcdd1ce7f,true,false,0,weka_main,warmup,additional_cache_pressure,270,,270,355,77734.999,266,319,318,318,2026-08-04T01:24:32.549131Z,2026-08-04T01:25:22.943834Z,1785806672549131103,1785806722943833676,1,worker_1b07758f,317
0ede42538334da8586bc60008762abfc0ab7,27,b1394c3d-0119-4e64-b6e7-ecf0f4f983ec,b1394c3d-0119-4e64-b6e7-ecf0f4f983ec,0ede42538334da8586bc60008762abfc0ab7,true,false,0,weka_main,warmup,additional_cache_pressure,13,,13,67,1385.26,10,323,319,320,2026-08-04T01:24:33.276066Z,2026-08-04T01:25:23.038868Z,1785806673276065616,1785806723038868404,1,worker_4cdb9141,319
0bed163ac9566086e14ffd85c7481096d49d,21,dc21d643-93c3-455a-b0eb-d2807ffb8901,dc21d643-93c3-455a-b0eb-d2807ffb8901,0bed163ac9566086e14ffd85c7481096d49d,true,false,0,weka_main,warmup,additional_cache_pressure,37,,37,37,2539.471,31,320,320,322,2026-08-04T01:24:33.276283Z,2026-08-04T01:25:23.038877Z,1785806673276282991,1785806723038876924,1,worker_2a29c023,320
14129d470e508b236be22188aa78548ef805,37,ee9bb5df-1a33-4606-b820-850521f136b9,ee9bb5df-1a33-4606-b820-850521f136b9,14129d470e508b236be22188aa78548ef805,true,false,0,weka_main,warmup,additional_cache_pressure,20,,20,20,409.132,20,322,321,321,2026-08-04T01:24:33.276460Z,2026-08-04T01:25:23.038877Z,1785806673276459697,1785806723038876714,1,worker_c8843e3d,321
0a688303b1ae62a97607af8021f2130c2caf,17,673a798a-4141-4a41-a1f9-8fa912fcb7fb,673a798a-4141-4a41-a1f9-8fa912fcb7fb,0a688303b1ae62a97607af8021f2130c2caf,true,false,0,weka_main,warmup,additional_cache_pressure,27,,27,27,2032.072,27,324,322,324,2026-08-04T01:24:33.277006Z,2026-08-04T01:25:23.193573Z,1785806673277005675,1785806723193573319,1,worker_d5b600e6,324
15ab8fdb8831965bb01e45ac51829cb4e3e3,,02fb544e-e505-4bee-a4da-6b836e3379ca,02fb544e-e505-4bee-a4da-6b836e3379ca,15ab8fdb8831965bb01e45ac51829cb4e3e3,true,false,0,weka_main,warmup,additional_cache_pressure,5,,5,5,25.057,5,315,323,312,2026-08-04T01:24:33.277192Z,2026-08-04T01:25:22.943701Z,1785806673277191571,1785806722943700609,1,worker_70e58a15,326
16c18d979235980e8021cfb0a0b3b386305a,,5d392ca4-ee63-47dd-b941-f4c2e7f4baf9,5d392ca4-ee63-47dd-b941-f4c2e7f4baf9,16c18d979235980e8021cfb0a0b3b386305a,true,false,0,weka_main,warmup,additional_cache_pressure,3,,3,3,36.657,3,321,324,323,2026-08-04T01:24:33.277682Z,2026-08-04T01:25:23.038907Z,1785806673277681740,1785806723038906963,1,worker_b2921dd7,327
085aacf44ac5428ad3c6b4f6cd431e083832,15,ae685399-ecac-4cfe-8d89-36dbd306301d,7a17a6d1-dbde-4e66-8aea-85fa1272e76e,085aacf44ac5428ad3c6b4f6cd431e083832::fa:005,false,true,1,weka_flat,warmup,additional_cache_pressure,383,,383,1270,115337.815,3,335,325,330,2026-08-04T01:24:33.277710Z,2026-08-04T01:25:25.115944Z,1785806673277710249,1785806725115943604,1,worker_1ba60ddf,322
069d7bf5f1efb4e76e3c84510367e6af78a5,11,7063bc38-c91b-4971-b303-dcfd0737bade,7063bc38-c91b-4971-b303-dcfd0737bade,069d7bf5f1efb4e76e3c84510367e6af78a5,true,false,0,weka_main,warmup,additional_cache_pressure,224,,224,348,57520.367,216,333,326,331,2026-08-04T01:24:33.277980Z,2026-08-04T01:25:25.115979Z,1785806673277980103,1785806725115979143,1,worker_7d9c228a,323
002001296e8a8c38ad9d7cc436d691afc602,0,67017464-d9af-4509-bdc1-4ba3297c6a94,67017464-d9af-4509-bdc1-4ba3297c6a94,002001296e8a8c38ad9d7cc436d691afc602,true,false,0,weka_main,warmup,additional_cache_pressure,95,,95,158,176433.722,90,330,327,332,2026-08-04T01:24:33.278031Z,2026-08-04T01:25:25.115985Z,1785806673278030992,1785806725115985283,1,worker_eb628086,325
16c18d979235980e8021cfb0a0b3b386305a,,5d392ca4-ee63-47dd-b941-f4c2e7f4baf9,ecad1359-e3c8-457d-95ac-16fc9fd26454,16c18d979235980e8021cfb0a0b3b386305a::sa:subagent_001_ae5d1fc3,false,true,1,weka_subagent,warmup,additional_cache_pressure,4,0,4.0,4,124.083,0,326,328,326,2026-08-04T01:24:33.284009Z,2026-08-04T01:25:23.481320Z,1785806673284008546,1785806723481319631,1,worker_b2921dd7,329
16c18d979235980e8021cfb0a0b3b386305a,,5d392ca4-ee63-47dd-b941-f4c2e7f4baf9,8a51a989-7e2e-4cf3-b4c8-71526018b49d,16c18d979235980e8021cfb0a0b3b386305a::sa:subagent_002_99bdb482,false,true,1,weka_subagent,warmup,additional_cache_pressure,5,0,5.0,8,144.392,0,336,329,329,2026-08-04T01:24:33.284724Z,2026-08-04T01:25:25.115906Z,1785806673284724200,1785806725115905755,1,worker_b2921dd7,330
16c18d979235980e8021cfb0a0b3b386305a,,5d392ca4-ee63-47dd-b941-f4c2e7f4baf9,7b115cd3-458d-4d5a-9bc2-293b179a54c3,16c18d979235980e8021cfb0a0b3b386305a::sa:subagent_003_74904e00,false,true,1,weka_subagent,warmup,additional_cache_pressure,6,0,6.0,11,159.92,0,331,330,337,2026-08-04T01:24:33.285226Z,2026-08-04T01:25:25.116225Z,1785806673285225579,1785806725116224608,1,worker_b2921dd7,331
069d7bf5f1efb4e76e3c84510367e6af78a5,11,7063bc38-c91b-4971-b303-dcfd0737bade,216e2211-6184-4d35-ab41-4b56a95e94c5,069d7bf5f1efb4e76e3c84510367e6af78a5::aux:000,false,true,1,weka_flat,warmup,additional_cache_pressure,225,,225,349,57529.024,0,339,331,338,2026-08-04T01:24:33.288736Z,2026-08-04T01:25:44.071646Z,1785806673288736079,1785806744071646221,1,worker_7d9c228a,328
006c98de37d819e95b0840e25426bb7ca99d,1,bbd1c766-e906-4eae-9223-03cd79a0540a,bbd1c766-e906-4eae-9223-03cd79a0540a,006c98de37d819e95b0840e25426bb7ca99d,true,false,0,weka_main,warmup,additional_cache_pressure,12,,12,12,4251.849,12,325,332,325,2026-08-04T01:24:33.594010Z,2026-08-04T01:25:23.481308Z,1785806673594009744,1785806723481307782,1,worker_b4c7c6fe,334
0d8a816e4819b765d81ff748da94d463f3b2,23,b385a461-c646-46ec-8fd0-ae91b32fd86e,b385a461-c646-46ec-8fd0-ae91b32fd86e,0d8a816e4819b765d81ff748da94d463f3b2,true,false,0,weka_main,warmup,additional_cache_pressure,22,,22,22,8252.033,22,329,333,333,2026-08-04T01:24:33.594033Z,2026-08-04T01:25:25.116003Z,1785806673594032894,1785806725116003083,1,worker_f4f02990,333
0d41be2aa98333f3662682210647e5971c7b,22,656b38f6-4879-444a-a93e-8d2f3cfe4769,656b38f6-4879-444a-a93e-8d2f3cfe4769,0d41be2aa98333f3662682210647e5971c7b,true,false,0,weka_main,warmup,additional_cache_pressure,12,,12,12,78936.973,12,327,334,328,2026-08-04T01:24:33.594360Z,2026-08-04T01:25:23.829980Z,1785806673594359786,1785806723829980383,1,worker_ec08f4bd,335
063179eb93f4337a662e859c5a2c5638e03f,10,863e4f93-44c4-4a99-85ce-a8dae5210df2,195d5f62-179f-4ece-a916-dcb23665cfcf,063179eb93f4337a662e859c5a2c5638e03f::fa:000,false,true,1,weka_flat,warmup,additional_cache_pressure,23,,23,57,3605.11,20,328,335,327,2026-08-04T01:24:33.594869Z,2026-08-04T01:25:23.829905Z,1785806673594869205,1785806723829904705,1,worker_a1bf3a7a,332
0db32e2f852a2ea24ed616b31975a84da5e4,24,cae80809-bf64-495c-b5a5-3b80b45d1fbd,cae80809-bf64-495c-b5a5-3b80b45d1fbd,0db32e2f852a2ea24ed616b31975a84da5e4,true,false,0,weka_main,warmup,additional_cache_pressure,17,,17,17,4613.321,10,334,336,334,2026-08-04T01:24:33.594933Z,2026-08-04T01:25:25.116045Z,1785806673594932983,1785806725116044422,1,worker_d0059a57,336
162d6f4f741a1cf3ce98acb5e3718c3bc0c7,,23172cc6-c5e8-44f1-ac88-9ef541e98949,23172cc6-c5e8-44f1-ac88-9ef541e98949,162d6f4f741a1cf3ce98acb5e3718c3bc0c7,true,false,0,weka_main,warmup,additional_cache_pressure,6,,6,6,413.948,5,332,337,335,2026-08-04T01:24:33.595220Z,2026-08-04T01:25:25.116085Z,1785806673595219977,1785806725116085121,1,worker_33e453d4,338
0196085d85d2075a50b74cd8795ffbdcea9a,3,621ca950-fa44-4483-9f92-a6c12e4615cd,621ca950-fa44-4483-9f92-a6c12e4615cd,0196085d85d2075a50b74cd8795ffbdcea9a,true,false,0,weka_main,warmup,additional_cache_pressure,94,,94,125,10484.286,88,337,338,336,2026-08-04T01:24:33.596698Z,2026-08-04T01:25:25.116089Z,1785806673596698193,1785806725116089111,1,worker_9816e37a,337
16e46bc4d9e121ffbd67ada51cb3f965342f,,193810b5-2b91-4440-88a9-cab560599bb2,193810b5-2b91-4440-88a9-cab560599bb2,16e46bc4d9e121ffbd67ada51cb3f965342f,true,false,0,weka_main,warmup,additional_cache_pressure,3,,3,3,15.386,3,338,339,339,2026-08-04T01:25:19.541858Z,2026-08-04T01:25:44.071681Z,1785806719541858338,1785806744071681590,1,worker_5ea07df7,339
0a279af1bec84c6ab033bb03f5d8bfd6b08d,16,0a76c5ba-0a11-43b9-b4ea-1ce866375bbe,0a76c5ba-0a11-43b9-b4ea-1ce866375bbe,0a279af1bec84c6ab033bb03f5d8bfd6b08d,true,false,0,weka_main,warmup,additional_cache_pressure,26,,26,26,4544.271,26,340,340,340,2026-08-04T01:25:19.943165Z,2026-08-04T01:25:44.805524Z,1785806719943164797,1785806744805524437,1,worker_659f36b2,340
1499c406c828e8fe6b6af697e7799c6a715b,39,fa1215bd-500e-44e8-9db3-cb809a797610,f7c5f741-3056-48c2-8a1b-837751833aa6,1499c406c828e8fe6b6af697e7799c6a715b::fa:002,false,true,1,weka_flat,warmup,additional_cache_pressure,23,,23,98,67923.489,6,341,341,341,2026-08-04T01:25:19.943219Z,2026-08-04T01:25:44.805556Z,1785806719943219166,1785806744805555797,1,worker_87cea17a,341
17808bf55e26681520f3f11f47b5e1260108,,93bb92a5-5b93-4eb3-b7a3-844e7db8d96a,93bb92a5-5b93-4eb3-b7a3-844e7db8d96a,17808bf55e26681520f3f11f47b5e1260108,true,false,0,weka_main,warmup,additional_cache_pressure,2,,2,2,5.481,2,342,342,342,2026-08-04T01:25:20.565568Z,2026-08-04T01:25:44.805570Z,1785806720565567729,1785806744805569736,1,worker_c4730079,342
0e4206535a79f980e2b1091181202ea987fe,26,868d7ba9-4bc8-4721-8c47-8b0e5957ae17,868d7ba9-4bc8-4721-8c47-8b0e5957ae17,0e4206535a79f980e2b1091181202ea987fe,true,false,0,weka_main,warmup,additional_cache_pressure,16,,16,16,211.616,15,344,343,344,2026-08-04T01:25:20.565801Z,2026-08-04T01:25:48.939596Z,1785806720565801283,1785806748939595913,1,worker_4c4c2185,343
077ea9e6554f45bbad9c24a8462bae9a8512,12,2373ad13-84d0-4fbf-ac6e-b39ec49b21c0,2373ad13-84d0-4fbf-ac6e-b39ec49b21c0,077ea9e6554f45bbad9c24a8462bae9a8512,true,false,0,weka_main,warmup,additional_cache_pressure,32,,32,32,19531.254,31,345,344,346,2026-08-04T01:25:20.859786Z,2026-08-04T01:25:49.485876Z,1785806720859786164,1785806749485875798,1,worker_a5cff0bb,344
03e110ac6921c2fe9ac7772a9654314a2beb,5,75582e3a-5d93-45dc-97fd-8805d883b509,75582e3a-5d93-45dc-97fd-8805d883b509,03e110ac6921c2fe9ac7772a9654314a2beb,true,false,0,weka_main,warmup,additional_cache_pressure,31,,31,52,2352.995,26,349,345,349,2026-08-04T01:25:21.567223Z,2026-08-04T01:25:56.313744Z,1785806721567222549,1785806756313744074,1,worker_e8e328c8,345
18bf3ef42c109a28326d8384f1bcc8dfae37,,5e9b4ada-7a52-43ac-93a0-7a5c290a56a9,4c6b9deb-cff4-446e-a908-659135233094,18bf3ef42c109a28326d8384f1bcc8dfae37::fa:000,false,true,1,weka_flat,warmup,additional_cache_pressure,3,,3,3,12.456,1,343,346,343,2026-08-04T01:25:21.567644Z,2026-08-04T01:25:45.625956Z,1785806721567643550,1785806745625955803,1,worker_741f2baa,346
0bc9c4f798d321286bf39f2543c0c4e4c059,19,5852826d-1819-426d-b610-678c8fba29ad,5852826d-1819-426d-b610-678c8fba29ad,0bc9c4f798d321286bf39f2543c0c4e4c059,true,false,0,weka_main,warmup,additional_cache_pressure,18,,18,99,2489.764,13,348,347,348,2026-08-04T01:25:22.400215Z,2026-08-04T01:25:56.313740Z,1785806722400215110,1785806756313739804,1,worker_bc6ad7e1,347
1007f04d2c64580308858bb42f292992929d,29,fc6708aa-3ec7-497d-a4f2-9bd9d14de193,fc6708aa-3ec7-497d-a4f2-9bd9d14de193,1007f04d2c64580308858bb42f292992929d,true,false,0,weka_main,warmup,additional_cache_pressure,75,,75,122,1143.198,73,346,348,345,2026-08-04T01:25:22.400429Z,2026-08-04T01:25:49.485816Z,1785806722400428456,1785806749485815550,1,worker_b4c7c6fe,349
12e6fd87f4d3d1f93f96bd7bb6a520043805,34,8da0b420-7815-4485-a456-a374de71596a,8da0b420-7815-4485-a456-a374de71596a,12e6fd87f4d3d1f93f96bd7bb6a520043805,true,false,0,weka_main,warmup,additional_cache_pressure,61,,61,61,14045.015,60,347,349,347,2026-08-04T01:25:22.400670Z,2026-08-04T01:25:54.333345Z,1785806722400670130,1785806754333344954,1,worker_c1ab9170,351
02bc0afb13f7a2d9efa86c28511261d85c0e,4,94cf43e4-07f9-488b-ac14-2215dcf48c5b,e3ee211d-a12a-4327-8e40-9dc8ef2bd4ba,02bc0afb13f7a2d9efa86c28511261d85c0e::fa:015,false,true,1,weka_flat,warmup,additional_cache_pressure,260,,260,464,218974.762,6,350,350,350,2026-08-04T01:25:22.400716Z,2026-08-04T01:26:07.855922Z,1785806722400715489,1785806767855921732,1,worker_3be6b29b,348
1493faffdc8942e99daa22277f44871a40b8,38,c1e0069f-a466-48bc-a2f6-3b300fda6e78,c1e0069f-a466-48bc-a2f6-3b300fda6e78,1493faffdc8942e99daa22277f44871a40b8,true,false,0,weka_main,warmup,additional_cache_pressure,77,,77,77,84200.566,75,351,351,351,2026-08-04T01:25:22.401111Z,2026-08-04T01:26:09.310265Z,1785806722401111440,1785806769310264568,1,worker_eb628086,350
16b968359e79eda8a61415fa7ad536f6cda5,,d140ea4d-f6f9-423d-ba91-562d2014dfc8,d140ea4d-f6f9-423d-ba91-562d2014dfc8,16b968359e79eda8a61415fa7ad536f6cda5,true,false,0,weka_main,warmup,additional_cache_pressure,5,,5,5,28.189,5,355,352,355,2026-08-04T01:25:22.944684Z,2026-08-04T01:26:13.256485Z,1785806722944683817,1785806773256484419,1,worker_045f4ff4,353
07dd40536557a1d6440a923557c3129dc929,13,48556e06-1560-4ca7-9268-3dfc379b53e9,a1fd4738-c8fe-4939-8398-fbdf5ae44fe4,07dd40536557a1d6440a923557c3129dc929::sa:subagent_002_23b2d9e6,false,true,1,weka_subagent,warmup,additional_cache_pressure,9,49,9.49,105,369.706,49,358,353,359,2026-08-04T01:25:22.944987Z,2026-08-04T01:26:14.905955Z,1785806722944986690,1785806774905954965,1,worker_698b8caf,354
15ab8fdb8831965bb01e45ac51829cb4e3e3,,02fb544e-e505-4bee-a4da-6b836e3379ca,02fb544e-e505-4bee-a4da-6b836e3379ca,15ab8fdb8831965bb01e45ac51829cb4e3e3,true,false,0,weka_main,warmup,additional_cache_pressure,6,,6,6,28.973,6,352,354,352,2026-08-04T01:25:22.945028Z,2026-08-04T01:26:09.485802Z,1785806722945028109,1785806769485801802,1,worker_70e58a15,355
13b532ee3aaa0a52b05c3bcc472355ab62b4,35,1295e9a7-3a2a-4d6d-be67-f922761e6f38,add3d856-7d83-4a17-801b-5d1a5c466bed,13b532ee3aaa0a52b05c3bcc472355ab62b4::fa:000,false,true,1,weka_flat,warmup,additional_cache_pressure,104,,104,134,2997.609,23,361,355,361,2026-08-04T01:25:22.945517Z,2026-08-04T01:26:15.456776Z,1785806722945516588,1785806775456776008,1,worker_25a0e35e,352
0b7f3ca692f15ae2651a310d9411d70794aa,18,8161929f-63dc-4743-9f8e-4159f04df00a,09136cd8-1305-46ba-8054-94035c5b66dc,0b7f3ca692f15ae2651a310d9411d70794aa::fa:001,false,true,1,weka_flat,warmup,additional_cache_pressure,168,,168,168,13649.857,28,360,356,358,2026-08-04T01:25:22.945605Z,2026-08-04T01:26:14.905952Z,1785806722945605156,1785806774905951725,1,worker_1ba60ddf,356
0f909e7d63c0d5e1f060d727ada25d910d89,28,63f5cc97-5018-4edc-929b-9d6c174d488a,8f35cf28-3e4d-449e-92b8-247b1ddf5cb6,0f909e7d63c0d5e1f060d727ada25d910d89::fa:000,false,true,1,weka_flat,warmup,additional_cache_pressure,38,,38,38,4959.583,36,357,357,357,2026-08-04T01:25:22.946718Z,2026-08-04T01:26:14.905936Z,1785806722946717651,1785806774905936346,1,worker_a1bf3a7a,357
11310dce936f02050cadaeae295bcdd1ce7f,30,aa90120e-b299-4c94-9d28-77867237b6ae,aa90120e-b299-4c94-9d28-77867237b6ae,11310dce936f02050cadaeae295bcdd1ce7f,true,false,0,weka_main,warmup,additional_cache_pressure,271,,271,356,77751.021,267,362,358,362,2026-08-04T01:25:22.946949Z,2026-08-04T01:26:16.138777Z,1785806722946948426,1785806776138776689,1,worker_1b07758f,358
0bed163ac9566086e14ffd85c7481096d49d,21,dc21d643-93c3-455a-b0eb-d2807ffb8901,dc21d643-93c3-455a-b0eb-d2807ffb8901,0bed163ac9566086e14ffd85c7481096d49d,true,false,0,weka_main,warmup,additional_cache_pressure,38,,38,38,2560.249,32,356,359,354,2026-08-04T01:25:23.039696Z,2026-08-04T01:26:13.256483Z,1785806723039695615,1785806773256483349,1,worker_2a29c023,359
14129d470e508b236be22188aa78548ef805,37,ee9bb5df-1a33-4606-b820-850521f136b9,ee9bb5df-1a33-4606-b820-850521f136b9,14129d470e508b236be22188aa78548ef805,true,false,0,weka_main,warmup,additional_cache_pressure,21,,21,21,413.496,21,353,360,356,2026-08-04T01:25:23.039818Z,2026-08-04T01:26:13.256513Z,1785806723039817642,1785806773256512928,1,worker_c8843e3d,360
0ede42538334da8586bc60008762abfc0ab7,27,b1394c3d-0119-4e64-b6e7-ecf0f4f983ec,b1394c3d-0119-4e64-b6e7-ecf0f4f983ec,0ede42538334da8586bc60008762abfc0ab7,true,false,0,weka_main,warmup,additional_cache_pressure,14,,14,68,1455.659,11,354,361,353,2026-08-04T01:25:23.039842Z,2026-08-04T01:26:13.256461Z,1785806723039842222,1785806773256461329,1,worker_4cdb9141,361
0a688303b1ae62a97607af8021f2130c2caf,17,673a798a-4141-4a41-a1f9-8fa912fcb7fb,673a798a-4141-4a41-a1f9-8fa912fcb7fb,0a688303b1ae62a97607af8021f2130c2caf,true,false,0,weka_main,warmup,additional_cache_pressure,28,,28,28,2060.967,28,363,362,363,2026-08-04T01:25:23.194570Z,2026-08-04T01:26:16.635371Z,1785806723194570027,1785806776635371430,1,worker_d5b600e6,362
006c98de37d819e95b0840e25426bb7ca99d,1,bbd1c766-e906-4eae-9223-03cd79a0540a,bbd1c766-e906-4eae-9223-03cd79a0540a,006c98de37d819e95b0840e25426bb7ca99d,true,false,0,weka_main,warmup,additional_cache_pressure,13,,13,13,4259.486,13,359,363,360,2026-08-04T01:25:23.481921Z,2026-08-04T01:26:14.905958Z,1785806723481921398,1785806774905957925,1,worker_b4c7c6fe,363
0d41be2aa98333f3662682210647e5971c7b,22,656b38f6-4879-444a-a93e-8d2f3cfe4769,656b38f6-4879-444a-a93e-8d2f3cfe4769,0d41be2aa98333f3662682210647e5971c7b,true,false,0,weka_main,warmup,additional_cache_pressure,13,,13,13,78955.512,13,365,364,365,2026-08-04T01:25:23.830951Z,2026-08-04T01:26:20.361826Z,1785806723830951291,1785806780361825769,1,worker_ec08f4bd,365
063179eb93f4337a662e859c5a2c5638e03f,10,863e4f93-44c4-4a99-85ce-a8dae5210df2,195d5f62-179f-4ece-a916-dcb23665cfcf,063179eb93f4337a662e859c5a2c5638e03f::fa:000,false,true,1,weka_flat,warmup,additional_cache_pressure,24,,24,58,3610.469,21,366,365,366,2026-08-04T01:25:23.831873Z,2026-08-04T01:26:22.120620Z,1785806723831873511,1785806782120619759,1,worker_80b0e5da,364
0d8a816e4819b765d81ff748da94d463f3b2,23,b385a461-c646-46ec-8fd0-ae91b32fd86e,b385a461-c646-46ec-8fd0-ae91b32fd86e,0d8a816e4819b765d81ff748da94d463f3b2,true,false,0,weka_main,warmup,additional_cache_pressure,23,,23,23,8289.872,23,368,366,368,2026-08-04T01:25:25.117085Z,2026-08-04T01:26:29.793785Z,1785806725117084998,1785806789793784597,1,worker_f4f02990,366
0db32e2f852a2ea24ed616b31975a84da5e4,24,cae80809-bf64-495c-b5a5-3b80b45d1fbd,cae80809-bf64-495c-b5a5-3b80b45d1fbd,0db32e2f852a2ea24ed616b31975a84da5e4,true,false,0,weka_main,warmup,additional_cache_pressure,18,,18,18,4631.574,11,369,367,369,2026-08-04T01:25:25.117504Z,2026-08-04T01:26:30.264035Z,1785806725117503969,1785806790264034855,1,worker_d0059a57,369
162d6f4f741a1cf3ce98acb5e3718c3bc0c7,,23172cc6-c5e8-44f1-ac88-9ef541e98949,23172cc6-c5e8-44f1-ac88-9ef541e98949,162d6f4f741a1cf3ce98acb5e3718c3bc0c7,true,false,0,weka_main,warmup,additional_cache_pressure,7,,7,7,419.632,6,364,368,364,2026-08-04T01:25:25.117748Z,2026-08-04T01:26:18.812389Z,1785806725117748223,1785806778812388657,1,worker_33e453d4,370
002001296e8a8c38ad9d7cc436d691afc602,0,67017464-d9af-4509-bdc1-4ba3297c6a94,67017464-d9af-4509-bdc1-4ba3297c6a94,002001296e8a8c38ad9d7cc436d691afc602,true,false,0,weka_main,warmup,additional_cache_pressure,96,,96,159,176443.505,91,370,369,370,2026-08-04T01:25:25.117944Z,2026-08-04T01:26:30.665640Z,1785806725117944129,1785806790665639858,1,worker_eb628086,368
0196085d85d2075a50b74cd8795ffbdcea9a,3,621ca950-fa44-4483-9f92-a6c12e4615cd,621ca950-fa44-4483-9f92-a6c12e4615cd,0196085d85d2075a50b74cd8795ffbdcea9a,true,false,0,weka_main,warmup,additional_cache_pressure,95,,95,126,10541.105,89,372,370,372,2026-08-04T01:25:25.118869Z,2026-08-04T01:26:42.110902Z,1785806725118868478,1785806802110902091,1,worker_9816e37a,371
085aacf44ac5428ad3c6b4f6cd431e083832,15,ae685399-ecac-4cfe-8d89-36dbd306301d,7a17a6d1-dbde-4e66-8aea-85fa1272e76e,085aacf44ac5428ad3c6b4f6cd431e083832::fa:005,false,true,1,weka_flat,warmup,additional_cache_pressure,384,,384,1271,115373.776,4,367,371,367,2026-08-04T01:25:25.124141Z,2026-08-04T01:26:28.586626Z,1785806725124141068,1785806788586625882,1,worker_741f2baa,367
16e46bc4d9e121ffbd67ada51cb3f965342f,,193810b5-2b91-4440-88a9-cab560599bb2,193810b5-2b91-4440-88a9-cab560599bb2,16e46bc4d9e121ffbd67ada51cb3f965342f,true,false,0,weka_main,warmup,additional_cache_pressure,4,,4,4,19.893,4,371,372,371,2026-08-04T01:25:44.072664Z,2026-08-04T01:26:42.110808Z,1785806744072664448,1785806802110807763,1,worker_5ea07df7,372
069d7bf5f1efb4e76e3c84510367e6af78a5,11,7063bc38-c91b-4971-b303-dcfd0737bade,7063bc38-c91b-4971-b303-dcfd0737bade,069d7bf5f1efb4e76e3c84510367e6af78a5,true,false,0,weka_main,warmup,additional_cache_pressure,226,,226,350,57544.117,217,375,373,374,2026-08-04T01:25:44.074520Z,2026-08-04T01:26:43.890885Z,1785806744074519606,1785806803890885461,1,worker_7d9c228a,373
0a279af1bec84c6ab033bb03f5d8bfd6b08d,16,0a76c5ba-0a11-43b9-b4ea-1ce866375bbe,0a76c5ba-0a11-43b9-b4ea-1ce866375bbe,0a279af1bec84c6ab033bb03f5d8bfd6b08d,true,false,0,weka_main,warmup,additional_cache_pressure,27,,27,27,4657.412,27,374,374,375,2026-08-04T01:25:44.806625Z,2026-08-04T01:26:43.890890Z,1785806744806625022,1785806803890890251,1,worker_659f36b2,374
17808bf55e26681520f3f11f47b5e1260108,,93bb92a5-5b93-4eb3-b7a3-844e7db8d96a,93bb92a5-5b93-4eb3-b7a3-844e7db8d96a,17808bf55e26681520f3f11f47b5e1260108,true,false,0,weka_main,warmup,additional_cache_pressure,3,,3,3,9.442,3,373,375,373,2026-08-04T01:25:44.806917Z,2026-08-04T01:26:43.049692Z,1785806744806916976,1785806803049692326,1,worker_c4730079,376
1499c406c828e8fe6b6af697e7799c6a715b,39,fa1215bd-500e-44e8-9db3-cb809a797610,f7c5f741-3056-48c2-8a1b-837751833aa6,1499c406c828e8fe6b6af697e7799c6a715b::fa:002,false,true,1,weka_flat,warmup,additional_cache_pressure,24,,24,99,67954.443,7,378,376,376,2026-08-04T01:25:44.807006Z,2026-08-04T01:26:44.758426Z,1785806744807005884,1785806804758426310,1,worker_b2921dd7,375
18bf3ef42c109a28326d8384f1bcc8dfae37,,5e9b4ada-7a52-43ac-93a0-7a5c290a56a9,4a7c0cae-fb13-43df-89f3-993454259fcf,18bf3ef42c109a28326d8384f1bcc8dfae37::fa:001,false,true,1,weka_flat,warmup,additional_cache_pressure,4,,4,4,170.631,0,377,377,378,2026-08-04T01:25:45.631278Z,2026-08-04T01:26:44.758474Z,1785806745631277462,1785806804758474259,1,worker_87cea17a,377
0e4206535a79f980e2b1091181202ea987fe,26,868d7ba9-4bc8-4721-8c47-8b0e5957ae17,868d7ba9-4bc8-4721-8c47-8b0e5957ae17,0e4206535a79f980e2b1091181202ea987fe,true,false,0,weka_main,warmup,additional_cache_pressure,17,,17,17,216.236,16,386,378,386,2026-08-04T01:25:48.941740Z,2026-08-04T01:26:49.127017Z,1785806748941739594,1785806809127017023,1,worker_4c4c2185,378
1007f04d2c64580308858bb42f292992929d,29,fc6708aa-3ec7-497d-a4f2-9bd9d14de193,fc6708aa-3ec7-497d-a4f2-9bd9d14de193,1007f04d2c64580308858bb42f292992929d,true,false,0,weka_main,warmup,additional_cache_pressure,76,,76,123,1151.885,74,387,379,387,2026-08-04T01:25:49.486655Z,2026-08-04T01:26:51.074931Z,1785806749486655511,1785806811074931069,1,worker_b4c7c6fe,379
077ea9e6554f45bbad9c24a8462bae9a8512,12,2373ad13-84d0-4fbf-ac6e-b39ec49b21c0,2373ad13-84d0-4fbf-ac6e-b39ec49b21c0,077ea9e6554f45bbad9c24a8462bae9a8512,true,false,0,weka_main,warmup,additional_cache_pressure,33,,33,33,19553.543,32,388,380,388,2026-08-04T01:25:49.486911Z,2026-08-04T01:26:51.392642Z,1785806749486911025,1785806811392641612,1,worker_a5cff0bb,380
12e6fd87f4d3d1f93f96bd7bb6a520043805,34,8da0b420-7815-4485-a456-a374de71596a,8da0b420-7815-4485-a456-a374de71596a,12e6fd87f4d3d1f93f96bd7bb6a520043805,true,false,0,weka_main,warmup,additional_cache_pressure,62,,62,62,14050.72,61,389,381,389,2026-08-04T01:25:54.334658Z,2026-08-04T01:26:53.364724Z,1785806754334657834,1785806813364724271,1,worker_c1ab9170,381
0bc9c4f798d321286bf39f2543c0c4e4c059,19,5852826d-1819-426d-b610-678c8fba29ad,5852826d-1819-426d-b610-678c8fba29ad,0bc9c4f798d321286bf39f2543c0c4e4c059,true,false,0,weka_main,warmup,additional_cache_pressure,19,,19,100,2524.688,14,376,382,377,2026-08-04T01:25:56.315066Z,2026-08-04T01:26:44.758437Z,1785806756315065674,1785806804758437309,1,worker_bc6ad7e1,382
03e110ac6921c2fe9ac7772a9654314a2beb,5,75582e3a-5d93-45dc-97fd-8805d883b509,75582e3a-5d93-45dc-97fd-8805d883b509,03e110ac6921c2fe9ac7772a9654314a2beb,true,false,0,weka_main,warmup,additional_cache_pressure,32,,32,53,2361.31,27,381,383,381,2026-08-04T01:25:56.315369Z,2026-08-04T01:26:45.281672Z,1785806756315368667,1785806805281671777,1,worker_e8e328c8,383
02bc0afb13f7a2d9efa86c28511261d85c0e,4,94cf43e4-07f9-488b-ac14-2215dcf48c5b,e3ee211d-a12a-4327-8e40-9dc8ef2bd4ba,02bc0afb13f7a2d9efa86c28511261d85c0e::fa:015,false,true,1,weka_flat,warmup,additional_cache_pressure,261,,261,465,219154.669,7,379,384,379,2026-08-04T01:26:07.859318Z,2026-08-04T01:26:45.281641Z,1785806767859317925,1785806805281640988,1,worker_3be6b29b,384
1a271af3dedd40be2efd413ef35fe7f0f53b,,b8f63bd8-2b96-4147-a100-6ef84ecd4125,b8f63bd8-2b96-4147-a100-6ef84ecd4125,1a271af3dedd40be2efd413ef35fe7f0f53b,true,false,0,weka_main,warmup,additional_cache_pressure,0,,0,0,0.0,0,380,385,380,2026-08-04T01:26:09.318285Z,2026-08-04T01:26:45.281671Z,1785806769318284847,1785806805281671117,1,worker_25a0e35e,385
15ab8fdb8831965bb01e45ac51829cb4e3e3,,02fb544e-e505-4bee-a4da-6b836e3379ca,02fb544e-e505-4bee-a4da-6b836e3379ca,15ab8fdb8831965bb01e45ac51829cb4e3e3,true,false,0,weka_main,warmup,additional_cache_pressure,7,,7,7,33.092,7,383,386,384,2026-08-04T01:26:09.486845Z,2026-08-04T01:26:45.558656Z,1785806769486844968,1785806805558656293,1,worker_70e58a15,386
0bed163ac9566086e14ffd85c7481096d49d,21,dc21d643-93c3-455a-b0eb-d2807ffb8901,dc21d643-93c3-455a-b0eb-d2807ffb8901,0bed163ac9566086e14ffd85c7481096d49d,true,false,0,weka_main,warmup,additional_cache_pressure,39,,39,39,2574.34,33,382,387,382,2026-08-04T01:26:13.257473Z,2026-08-04T01:26:45.558631Z,1785806773257472536,1785806805558631443,1,worker_2a29c023,387
0ede42538334da8586bc60008762abfc0ab7,27,b1394c3d-0119-4e64-b6e7-ecf0f4f983ec,b1394c3d-0119-4e64-b6e7-ecf0f4f983ec,0ede42538334da8586bc60008762abfc0ab7,true,false,0,weka_main,warmup,additional_cache_pressure,15,,15,69,1534.157,12,384,388,383,2026-08-04T01:26:13.257829Z,2026-08-04T01:26:45.558632Z,1785806773257828948,1785806805558632313,1,worker_4cdb9141,388
16b968359e79eda8a61415fa7ad536f6cda5,,d140ea4d-f6f9-423d-ba91-562d2014dfc8,d140ea4d-f6f9-423d-ba91-562d2014dfc8,16b968359e79eda8a61415fa7ad536f6cda5,true,false,0,weka_main,warmup,additional_cache_pressure,6,,6,6,39.794,6,385,389,385,2026-08-04T01:26:13.257957Z,2026-08-04T01:26:45.778125Z,1785806773257956845,1785806805778124802,1,worker_045f4ff4,389
14129d470e508b236be22188aa78548ef805,37,ee9bb5df-1a33-4606-b820-850521f136b9,ee9bb5df-1a33-4606-b820-850521f136b9,14129d470e508b236be22188aa78548ef805,true,false,0,weka_main,warmup,additional_cache_pressure,22,,22,22,416.162,22,390,390,390,2026-08-04T01:26:13.258328Z,2026-08-04T01:26:53.364780Z,1785806773258327897,1785806813364779819,1,worker_c8843e3d,391
0bed163ac9566086e14ffd85c7481096d49d,21,dc21d643-93c3-455a-b0eb-d2807ffb8901,6ced1555-868d-43b0-b744-32e9763a19de,0bed163ac9566086e14ffd85c7481096d49d::aux:002,false,true,1,weka_flat,warmup,additional_cache_pressure,40,,40,40,2576.196,0,391,391,391,2026-08-04T01:26:13.258765Z,2026-08-04T01:26:54.904277Z,1785806773258764517,1785806814904276987,1,worker_2a29c023,390
006c98de37d819e95b0840e25426bb7ca99d,1,bbd1c766-e906-4eae-9223-03cd79a0540a,bbd1c766-e906-4eae-9223-03cd79a0540a,006c98de37d819e95b0840e25426bb7ca99d,true,false,0,weka_main,warmup,additional_cache_pressure,14,,14,14,4265.463,14,392,392,392,2026-08-04T01:26:14.906828Z,2026-08-04T01:26:54.904288Z,1785806774906828475,1785806814904287857,1,worker_b4c7c6fe,393
0f909e7d63c0d5e1f060d727ada25d910d89,28,63f5cc97-5018-4edc-929b-9d6c174d488a,8f35cf28-3e4d-449e-92b8-247b1ddf5cb6,0f909e7d63c0d5e1f060d727ada25d910d89::fa:000,false,true,1,weka_flat,warmup,additional_cache_pressure,39,,39,39,5045.459,37,394,393,393,2026-08-04T01:26:14.906908Z,2026-08-04T01:26:55.358578Z,1785806774906907833,1785806815358577936,1,worker_a1bf3a7a,392
0b7f3ca692f15ae2651a310d9411d70794aa,18,8161929f-63dc-4743-9f8e-4159f04df00a,09136cd8-1305-46ba-8054-94035c5b66dc,0b7f3ca692f15ae2651a310d9411d70794aa::fa:001,false,true,1,weka_flat,warmup,additional_cache_pressure,169,,169,169,15327.782,29,393,394,394,2026-08-04T01:26:14.907530Z,2026-08-04T01:26:55.358604Z,1785806774907530219,1785806815358603695,1,worker_1ba60ddf,394
13b532ee3aaa0a52b05c3bcc472355ab62b4,35,1295e9a7-3a2a-4d6d-be67-f922761e6f38,add3d856-7d83-4a17-801b-5d1a5c466bed,13b532ee3aaa0a52b05c3bcc472355ab62b4::fa:000,false,true,1,weka_flat,warmup,additional_cache_pressure,105,,105,135,3003.562,24,396,395,395,2026-08-04T01:26:15.472950Z,2026-08-04T01:26:56.154530Z,1785806775472950492,1785806816154530356,1,worker_698b8caf,395
11310dce936f02050cadaeae295bcdd1ce7f,30,aa90120e-b299-4c94-9d28-77867237b6ae,aa90120e-b299-4c94-9d28-77867237b6ae,11310dce936f02050cadaeae295bcdd1ce7f,true,false,0,weka_main,warmup,additional_cache_pressure,272,,272,357,77882.907,268,398,396,398,2026-08-04T01:26:16.141438Z,2026-08-04T01:26:56.154629Z,1785806776141437629,1785806816154628904,1,worker_1b07758f,396
0a688303b1ae62a97607af8021f2130c2caf,17,673a798a-4141-4a41-a1f9-8fa912fcb7fb,673a798a-4141-4a41-a1f9-8fa912fcb7fb,0a688303b1ae62a97607af8021f2130c2caf,true,false,0,weka_main,warmup,additional_cache_pressure,29,,29,29,2138.542,29,397,397,396,2026-08-04T01:26:16.636427Z,2026-08-04T01:26:56.154560Z,1785806776636427387,1785806816154559815,1,worker_d5b600e6,397
162d6f4f741a1cf3ce98acb5e3718c3bc0c7,,23172cc6-c5e8-44f1-ac88-9ef541e98949,23172cc6-c5e8-44f1-ac88-9ef541e98949,162d6f4f741a1cf3ce98acb5e3718c3bc0c7,true,false,0,weka_main,warmup,additional_cache_pressure,8,,8,8,438.056,7,399,398,399,2026-08-04T01:26:18.814637Z,2026-08-04T01:26:56.154644Z,1785806778814636946,1785806816154644233,1,worker_33e453d4,398
0d41be2aa98333f3662682210647e5971c7b,22,656b38f6-4879-444a-a93e-8d2f3cfe4769,656b38f6-4879-444a-a93e-8d2f3cfe4769,0d41be2aa98333f3662682210647e5971c7b,true,false,0,weka_main,warmup,additional_cache_pressure,14,,14,14,78990.742,14,395,399,397,2026-08-04T01:26:20.362828Z,2026-08-04T01:26:56.154582Z,1785806780362827936,1785806816154581805,1,worker_ec08f4bd,399
063179eb93f4337a662e859c5a2c5638e03f,10,863e4f93-44c4-4a99-85ce-a8dae5210df2,195d5f62-179f-4ece-a916-dcb23665cfcf,063179eb93f4337a662e859c5a2c5638e03f::fa:000,false,true,1,weka_flat,warmup,additional_cache_pressure,25,,25,59,3626.929,22,405,400,403,2026-08-04T01:26:22.121651Z,2026-08-04T01:26:56.851644Z,1785806782121651176,1785806816851643775,1,worker_80b0e5da,400
085aacf44ac5428ad3c6b4f6cd431e083832,15,ae685399-ecac-4cfe-8d89-36dbd306301d,7a17a6d1-dbde-4e66-8aea-85fa1272e76e,085aacf44ac5428ad3c6b4f6cd431e083832::fa:005,false,true,1,weka_flat,warmup,additional_cache_pressure,385,,385,1272,115387.059,5,402,401,405,2026-08-04T01:26:28.589082Z,2026-08-04T01:26:56.851675Z,1785806788589081906,1785806816851674954,1,worker_741f2baa,401
0d8a816e4819b765d81ff748da94d463f3b2,23,b385a461-c646-46ec-8fd0-ae91b32fd86e,b385a461-c646-46ec-8fd0-ae91b32fd86e,0d8a816e4819b765d81ff748da94d463f3b2,true,false,0,weka_main,warmup,additional_cache_pressure,24,,24,24,8307.288,24,403,402,401,2026-08-04T01:26:29.794802Z,2026-08-04T01:26:56.851604Z,1785806789794802154,1785806816851603596,1,worker_f4f02990,402
0db32e2f852a2ea24ed616b31975a84da5e4,24,cae80809-bf64-495c-b5a5-3b80b45d1fbd,cae80809-bf64-495c-b5a5-3b80b45d1fbd,0db32e2f852a2ea24ed616b31975a84da5e4,true,false,0,weka_main,warmup,additional_cache_pressure,19,,19,19,4652.947,12,404,403,404,2026-08-04T01:26:30.265190Z,2026-08-04T01:26:56.851647Z,1785806790265189669,1785806816851647285,1,worker_d0059a57,403
002001296e8a8c38ad9d7cc436d691afc602,0,67017464-d9af-4509-bdc1-4ba3297c6a94,67017464-d9af-4509-bdc1-4ba3297c6a94,002001296e8a8c38ad9d7cc436d691afc602,true,false,0,weka_main,warmup,additional_cache_pressure,97,,97,160,176455.257,92,401,404,402,2026-08-04T01:26:30.667416Z,2026-08-04T01:26:56.851624Z,1785806790667416118,1785806816851624606,1,worker_eb628086,404
16e46bc4d9e121ffbd67ada51cb3f965342f,,193810b5-2b91-4440-88a9-cab560599bb2,193810b5-2b91-4440-88a9-cab560599bb2,16e46bc4d9e121ffbd67ada51cb3f965342f,true,false,0,weka_main,warmup,additional_cache_pressure,5,,5,5,70.898,5,400,405,400,2026-08-04T01:26:42.111848Z,2026-08-04T01:26:56.851592Z,1785806802111847990,1785806816851591886,1,worker_5ea07df7,405
0196085d85d2075a50b74cd8795ffbdcea9a,3,621ca950-fa44-4483-9f92-a6c12e4615cd,621ca950-fa44-4483-9f92-a6c12e4615cd,0196085d85d2075a50b74cd8795ffbdcea9a,true,false,0,weka_main,warmup,additional_cache_pressure,96,,96,127,10592.088,90,406,406,406,2026-08-04T01:26:42.114395Z,2026-08-04T01:26:57.025618Z,1785806802114395052,1785806817025618144,1,worker_9816e37a,406
17808bf55e26681520f3f11f47b5e1260108,,93bb92a5-5b93-4eb3-b7a3-844e7db8d96a,93bb92a5-5b93-4eb3-b7a3-844e7db8d96a,17808bf55e26681520f3f11f47b5e1260108,true,false,0,weka_main,warmup,additional_cache_pressure,4,,4,4,13.446,4,410,407,411,2026-08-04T01:26:43.051453Z,2026-08-04T01:26:57.659818Z,1785806803051452736,1785806817659818268,1,worker_c4730079,407
0a279af1bec84c6ab033bb03f5d8bfd6b08d,16,0a76c5ba-0a11-43b9-b4ea-1ce866375bbe,0a76c5ba-0a11-43b9-b4ea-1ce866375bbe,0a279af1bec84c6ab033bb03f5d8bfd6b08d,true,false,0,weka_main,warmup,additional_cache_pressure,28,,28,28,4689.598,28,408,408,407,2026-08-04T01:26:43.891937Z,2026-08-04T01:26:57.659702Z,1785806803891936917,1785806817659701761,1,worker_659f36b2,408
069d7bf5f1efb4e76e3c84510367e6af78a5,11,7063bc38-c91b-4971-b303-dcfd0737bade,7063bc38-c91b-4971-b303-dcfd0737bade,069d7bf5f1efb4e76e3c84510367e6af78a5,true,false,0,weka_main,warmup,additional_cache_pressure,227,,227,351,83561.906,218,412,409,409,2026-08-04T01:26:43.893506Z,2026-08-04T01:26:57.659799Z,1785806803893505512,1785806817659799058,1,worker_7d9c228a,409
0bc9c4f798d321286bf39f2543c0c4e4c059,19,5852826d-1819-426d-b610-678c8fba29ad,5852826d-1819-426d-b610-678c8fba29ad,0bc9c4f798d321286bf39f2543c0c4e4c059,true,false,0,weka_main,warmup,additional_cache_pressure,20,,20,101,2566.271,15,409,410,410,2026-08-04T01:26:44.759670Z,2026-08-04T01:26:57.659802Z,1785806804759670451,1785806817659801958,1,worker_bc6ad7e1,410
1499c406c828e8fe6b6af697e7799c6a715b,39,fa1215bd-500e-44e8-9db3-cb809a797610,f7c5f741-3056-48c2-8a1b-837751833aa6,1499c406c828e8fe6b6af697e7799c6a715b::fa:002,false,true,1,weka_flat,warmup,additional_cache_pressure,25,,25,100,69353.065,8,411,411,412,2026-08-04T01:26:44.760292Z,2026-08-04T01:26:57.659820Z,1785806804760292287,1785806817659819718,1,worker_b2921dd7,411
1a271af3dedd40be2efd413ef35fe7f0f53b,,b8f63bd8-2b96-4147-a100-6ef84ecd4125,b8f63bd8-2b96-4147-a100-6ef84ecd4125,1a271af3dedd40be2efd413ef35fe7f0f53b,true,false,0,weka_main,warmup,additional_cache_pressure,1,,1,1,0.037,1,413,412,413,2026-08-04T01:26:45.283024Z,2026-08-04T01:26:58.251825Z,1785806805283023536,1785806818251825427,1,worker_25a0e35e,413
03e110ac6921c2fe9ac7772a9654314a2beb,5,75582e3a-5d93-45dc-97fd-8805d883b509,75582e3a-5d93-45dc-97fd-8805d883b509,03e110ac6921c2fe9ac7772a9654314a2beb,true,false,0,weka_main,warmup,additional_cache_pressure,33,,33,54,2389.822,28,420,413,420,2026-08-04T01:26:45.283206Z,2026-08-04T01:26:58.885967Z,1785806805283205572,1785806818885967553,1,worker_e8e328c8,412
1b5229e3aa8893ca2f4d07d248f9cd9752fb,,0354af97-a14c-40f4-ad7b-5f4efd2cc17f,0354af97-a14c-40f4-ad7b-5f4efd2cc17f,1b5229e3aa8893ca2f4d07d248f9cd9752fb,true,false,0,weka_main,warmup,additional_cache_pressure,0,,0,0,0.0,0,407,414,408,2026-08-04T01:26:45.285378Z,2026-08-04T01:26:57.659732Z,1785806805285377593,1785806817659731850,1,worker_3be6b29b,414
0ede42538334da8586bc60008762abfc0ab7,27,b1394c3d-0119-4e64-b6e7-ecf0f4f983ec,b1394c3d-0119-4e64-b6e7-ecf0f4f983ec,0ede42538334da8586bc60008762abfc0ab7,true,false,0,weka_main,warmup,additional_cache_pressure,16,,16,70,1557.438,13,416,415,414,2026-08-04T01:26:45.559631Z,2026-08-04T01:26:58.885832Z,1785806805559630701,1785806818885831857,1,worker_4cdb9141,415
15ab8fdb8831965bb01e45ac51829cb4e3e3,,02fb544e-e505-4bee-a4da-6b836e3379ca,02fb544e-e505-4bee-a4da-6b836e3379ca,15ab8fdb8831965bb01e45ac51829cb4e3e3,true,false,0,weka_main,warmup,additional_cache_pressure,8,,8,8,36.129,8,418,416,416,2026-08-04T01:26:45.559859Z,2026-08-04T01:26:58.885858Z,1785806805559858486,1785806818885858266,1,worker_70e58a15,416
16b968359e79eda8a61415fa7ad536f6cda5,,d140ea4d-f6f9-423d-ba91-562d2014dfc8,d140ea4d-f6f9-423d-ba91-562d2014dfc8,16b968359e79eda8a61415fa7ad536f6cda5,true,false,0,weka_main,warmup,additional_cache_pressure,7,,7,7,45.675,7,415,417,417,2026-08-04T01:26:45.778972Z,2026-08-04T01:26:58.885878Z,1785806805778971752,1785806818885878255,1,worker_045f4ff4,417
0e4206535a79f980e2b1091181202ea987fe,26,868d7ba9-4bc8-4721-8c47-8b0e5957ae17,868d7ba9-4bc8-4721-8c47-8b0e5957ae17,0e4206535a79f980e2b1091181202ea987fe,true,false,0,weka_main,warmup,additional_cache_pressure,18,,18,18,221.025,17,417,418,419,2026-08-04T01:26:49.129611Z,2026-08-04T01:26:58.885959Z,1785806809129611384,1785806818885958594,1,worker_4c4c2185,418
1007f04d2c64580308858bb42f292992929d,29,fc6708aa-3ec7-497d-a4f2-9bd9d14de193,fc6708aa-3ec7-497d-a4f2-9bd9d14de193,1007f04d2c64580308858bb42f292992929d,true,false,0,weka_main,warmup,additional_cache_pressure,77,,77,124,2687.014,75,414,419,415,2026-08-04T01:26:51.075873Z,2026-08-04T01:26:58.885832Z,1785806811075873057,1785806818885832306,1,worker_b4c7c6fe,419
077ea9e6554f45bbad9c24a8462bae9a8512,12,2373ad13-84d0-4fbf-ac6e-b39ec49b21c0,2373ad13-84d0-4fbf-ac6e-b39ec49b21c0,077ea9e6554f45bbad9c24a8462bae9a8512,true,false,0,weka_main,warmup,additional_cache_pressure,34,,34,34,19768.637,33,419,420,418,2026-08-04T01:26:51.393638Z,2026-08-04T01:26:58.885908Z,1785806811393637579,1785806818885908455,1,worker_a5cff0bb,420
12e6fd87f4d3d1f93f96bd7bb6a520043805,34,8da0b420-7815-4485-a456-a374de71596a,8da0b420-7815-4485-a456-a374de71596a,12e6fd87f4d3d1f93f96bd7bb6a520043805,true,false,0,weka_main,warmup,additional_cache_pressure,63,,63,63,14060.394,62,423,421,427,2026-08-04T01:26:53.365962Z,2026-08-04T01:26:59.640927Z,1785806813365961582,1785806819640926782,1,worker_c1ab9170,421
14129d470e508b236be22188aa78548ef805,37,ee9bb5df-1a33-4606-b820-850521f136b9,ee9bb5df-1a33-4606-b820-850521f136b9,14129d470e508b236be22188aa78548ef805,true,false,0,weka_main,warmup,additional_cache_pressure,23,,23,23,421.274,23,429,422,426,2026-08-04T01:26:53.365964Z,2026-08-04T01:26:59.640924Z,1785806813365963812,1785806819640923842,1,worker_c8843e3d,422
0f909e7d63c0d5e1f060d727ada25d910d89,28,63f5cc97-5018-4edc-929b-9d6c174d488a,8f35cf28-3e4d-449e-92b8-247b1ddf5cb6,0f909e7d63c0d5e1f060d727ada25d910d89::fa:000,false,true,1,weka_flat,warmup,additional_cache_pressure,40,,40,40,5054.957,38,422,423,421,2026-08-04T01:26:55.359656Z,2026-08-04T01:26:59.640800Z,1785806815359655772,1785806819640800015,1,worker_a1bf3a7a,423
0b7f3ca692f15ae2651a310d9411d70794aa,18,8161929f-63dc-4743-9f8e-4159f04df00a,09136cd8-1305-46ba-8054-94035c5b66dc,0b7f3ca692f15ae2651a310d9411d70794aa::fa:001,false,true,1,weka_flat,warmup,additional_cache_pressure,170,,170,170,15340.749,30,426,424,423,2026-08-04T01:26:55.359887Z,2026-08-04T01:26:59.640873Z,1785806815359887406,1785806819640873023,1,worker_1ba60ddf,424
0a688303b1ae62a97607af8021f2130c2caf,17,673a798a-4141-4a41-a1f9-8fa912fcb7fb,673a798a-4141-4a41-a1f9-8fa912fcb7fb,0a688303b1ae62a97607af8021f2130c2caf,true,false,0,weka_main,warmup,additional_cache_pressure,30,,30,30,2303.51,30,427,425,424,2026-08-04T01:26:56.155720Z,2026-08-04T01:26:59.640891Z,1785806816155719719,1785806819640890913,1,worker_d5b600e6,425
0d41be2aa98333f3662682210647e5971c7b,22,656b38f6-4879-444a-a93e-8d2f3cfe4769,656b38f6-4879-444a-a93e-8d2f3cfe4769,0d41be2aa98333f3662682210647e5971c7b,true,false,0,weka_main,warmup,additional_cache_pressure,15,,15,15,79005.314,15,428,426,428,2026-08-04T01:26:56.155736Z,2026-08-04T01:26:59.640950Z,1785806816155736199,1785806819640949662,1,worker_ec08f4bd,426
13b532ee3aaa0a52b05c3bcc472355ab62b4,35,1295e9a7-3a2a-4d6d-be67-f922761e6f38,add3d856-7d83-4a17-801b-5d1a5c466bed,13b532ee3aaa0a52b05c3bcc472355ab62b4::fa:000,false,true,1,weka_flat,warmup,additional_cache_pressure,106,,106,136,3016.851,25,421,427,422,2026-08-04T01:26:56.156360Z,2026-08-04T01:26:59.640860Z,1785806816156360385,1785806819640860334,1,worker_2a29c023,427
11310dce936f02050cadaeae295bcdd1ce7f,30,aa90120e-b299-4c94-9d28-77867237b6ae,aa90120e-b299-4c94-9d28-77867237b6ae,11310dce936f02050cadaeae295bcdd1ce7f,true,false,0,weka_main,warmup,additional_cache_pressure,273,,273,358,77893.478,269,424,428,429,2026-08-04T01:26:56.157624Z,2026-08-04T01:26:59.640971Z,1785806816157624456,1785806819640970911,1,worker_1b07758f,428
0d8a816e4819b765d81ff748da94d463f3b2,23,b385a461-c646-46ec-8fd0-ae91b32fd86e,b385a461-c646-46ec-8fd0-ae91b32fd86e,0d8a816e4819b765d81ff748da94d463f3b2,true,false,0,weka_main,warmup,additional_cache_pressure,25,,25,25,8336.475,25,430,429,430,2026-08-04T01:26:56.852865Z,2026-08-04T01:26:59.804903Z,1785806816852864687,1785806819804902467,1,worker_f4f02990,429
0db32e2f852a2ea24ed616b31975a84da5e4,24,cae80809-bf64-495c-b5a5-3b80b45d1fbd,cae80809-bf64-495c-b5a5-3b80b45d1fbd,0db32e2f852a2ea24ed616b31975a84da5e4,true,false,0,weka_main,warmup,additional_cache_pressure,20,,20,20,4677.57,13,431,430,432,2026-08-04T01:26:56.853125Z,2026-08-04T01:26:59.805003Z,1785806816853125132,1785806819805003315,1,worker_d0059a57,431
002001296e8a8c38ad9d7cc436d691afc602,0,67017464-d9af-4509-bdc1-4ba3297c6a94,67017464-d9af-4509-bdc1-4ba3297c6a94,002001296e8a8c38ad9d7cc436d691afc602,true,false,0,weka_main,warmup,additional_cache_pressure,98,,98,161,176572.311,93,432,431,431,2026-08-04T01:26:56.854108Z,2026-08-04T01:26:59.804967Z,1785806816854107809,1785806819804966746,1,worker_eb628086,432
063179eb93f4337a662e859c5a2c5638e03f,10,863e4f93-44c4-4a99-85ce-a8dae5210df2,195d5f62-179f-4ece-a916-dcb23665cfcf,063179eb93f4337a662e859c5a2c5638e03f::fa:000,false,true,1,weka_flat,warmup,additional_cache_pressure,26,,26,60,3636.957,23,425,432,425,2026-08-04T01:26:56.856767Z,2026-08-04T01:26:59.640892Z,1785806816856767139,1785806819640892113,1,worker_33e453d4,430
0196085d85d2075a50b74cd8795ffbdcea9a,3,621ca950-fa44-4483-9f92-a6c12e4615cd,621ca950-fa44-4483-9f92-a6c12e4615cd,0196085d85d2075a50b74cd8795ffbdcea9a,true,false,0,weka_main,warmup,additional_cache_pressure,97,,97,128,10645.655,91,433,433,433,2026-08-04T01:26:57.029103Z,2026-08-04T01:27:00.223833Z,1785806817029102905,1785806820223832548,1,worker_9816e37a,433
0a279af1bec84c6ab033bb03f5d8bfd6b08d,16,0a76c5ba-0a11-43b9-b4ea-1ce866375bbe,0a76c5ba-0a11-43b9-b4ea-1ce866375bbe,0a279af1bec84c6ab033bb03f5d8bfd6b08d,true,false,0,weka_main,warmup,additional_cache_pressure,29,,29,29,4701.111,29,436,434,435,2026-08-04T01:26:57.660628Z,2026-08-04T01:27:01.450098Z,1785806817660627620,1785806821450097451,1,worker_659f36b2,434
1b5229e3aa8893ca2f4d07d248f9cd9752fb,,0354af97-a14c-40f4-ad7b-5f4efd2cc17f,0354af97-a14c-40f4-ad7b-5f4efd2cc17f,1b5229e3aa8893ca2f4d07d248f9cd9752fb,true,false,0,weka_main,warmup,additional_cache_pressure,1,,1,1,1.053,1,434,435,434,2026-08-04T01:26:57.660693Z,2026-08-04T01:27:01.031060Z,1785806817660693418,1785806821031060533,1,worker_3be6b29b,435
1499c406c828e8fe6b6af697e7799c6a715b,39,fa1215bd-500e-44e8-9db3-cb809a797610,f7c5f741-3056-48c2-8a1b-837751833aa6,1499c406c828e8fe6b6af697e7799c6a715b::fa:002,false,true,1,weka_flat,warmup,additional_cache_pressure,26,,26,101,69375.492,9,435,436,436,2026-08-04T01:26:57.662569Z,2026-08-04T01:27:01.450176Z,1785806817662569276,1785806821450176099,1,worker_bc6ad7e1,436
1a271af3dedd40be2efd413ef35fe7f0f53b,,b8f63bd8-2b96-4147-a100-6ef84ecd4125,b8f63bd8-2b96-4147-a100-6ef84ecd4125,1a271af3dedd40be2efd413ef35fe7f0f53b,true,false,0,weka_main,warmup,additional_cache_pressure,2,,2,2,29.5,2,441,437,441,2026-08-04T01:26:58.252896Z,2026-08-04T01:27:01.776736Z,1785806818252896264,1785806821776736472,1,worker_25a0e35e,437
1c4f3018d336b1bf78434d328001bc7bbe49,,d6626076-f9d6-4b39-9663-f9fe805d9304,d6626076-f9d6-4b39-9663-f9fe805d9304,1c4f3018d336b1bf78434d328001bc7bbe49,true,false,0,weka_main,warmup,additional_cache_pressure,0,,0,0,0.0,0,438,438,439,2026-08-04T01:26:58.891681Z,2026-08-04T01:27:01.776687Z,1785806818891680834,1785806821776686983,1,worker_a5cff0bb,438
12e6fd87f4d3d1f93f96bd7bb6a520043805,34,8da0b420-7815-4485-a456-a374de71596a,8da0b420-7815-4485-a456-a374de71596a,12e6fd87f4d3d1f93f96bd7bb6a520043805,true,false,0,weka_main,warmup,additional_cache_pressure,64,,64,64,14159.892,63,439,439,440,2026-08-04T01:26:59.642448Z,2026-08-04T01:27:01.776723Z,1785806819642448068,1785806821776723212,1,worker_c1ab9170,442
0b7f3ca692f15ae2651a310d9411d70794aa,18,8161929f-63dc-4743-9f8e-4159f04df00a,09136cd8-1305-46ba-8054-94035c5b66dc,0b7f3ca692f15ae2651a310d9411d70794aa::fa:001,false,true,1,weka_flat,warmup,additional_cache_pressure,171,,171,171,15533.806,31,437,440,437,2026-08-04T01:26:59.642463Z,2026-08-04T01:27:01.776633Z,1785806819642463177,1785806821776633214,1,worker_a1bf3a7a,441
0f909e7d63c0d5e1f060d727ada25d910d89,28,63f5cc97-5018-4edc-929b-9d6c174d488a,8f35cf28-3e4d-449e-92b8-247b1ddf5cb6,0f909e7d63c0d5e1f060d727ada25d910d89::fa:000,false,true,1,weka_flat,warmup,additional_cache_pressure,41,,41,41,5070.927,39,440,441,438,2026-08-04T01:26:59.642967Z,2026-08-04T01:27:01.776680Z,1785806819642966886,1785806821776679603,1,worker_7d9c228a,439
11310dce936f02050cadaeae295bcdd1ce7f,30,aa90120e-b299-4c94-9d28-77867237b6ae,aa90120e-b299-4c94-9d28-77867237b6ae,11310dce936f02050cadaeae295bcdd1ce7f,true,false,0,weka_main,warmup,additional_cache_pressure,274,,274,359,77905.298,270,443,442,443,2026-08-04T01:26:59.644365Z,2026-08-04T01:27:02.834310Z,1785806819644364864,1785806822834309676,1,worker_1b07758f,443
13b532ee3aaa0a52b05c3bcc472355ab62b4,35,1295e9a7-3a2a-4d6d-be67-f922761e6f38,add3d856-7d83-4a17-801b-5d1a5c466bed,13b532ee3aaa0a52b05c3bcc472355ab62b4::fa:000,false,true,1,weka_flat,warmup,additional_cache_pressure,107,,107,137,3091.036,26,442,443,442,2026-08-04T01:26:59.653554Z,2026-08-04T01:27:01.872324Z,1785806819653554156,1785806821872324167,1,worker_741f2baa,440
