component,overlap_start_ns,overlap_end_ns,overlap_duration_ns,running_requests_cluster,waiting_requests_cluster,decode_prealloc_queue_requests_cluster,decode_transfer_queue_requests_cluster,running_requests_workers_aligned,waiting_requests_workers_aligned,decode_prealloc_queue_requests_workers_aligned,decode_transfer_queue_requests_workers_aligned,cluster_reconstruction_method,validation_status
decode,1786166594806495265,1786166595657379419,850884154,0.0,0.0,0.0,0.0,,,,,,Validated reconstruction
decode,1786166596657379419,1786166596806495265,149115846,0.0,0.0,0.0,0.0,,,,,,Validated reconstruction
decode,1786166596806495265,1786166597657379419,850884154,0.0,0.0,0.0,0.0,,,,,,Validated reconstruction
decode,1786166597657379419,1786166597806495265,149115846,0.0,0.0,0.0,0.0,,,,,,Validated reconstruction
decode,1786166597806495265,1786166598657379419,850884154,0.0,0.0,0.0,0.0,,,,,,Validated reconstruction
decode,1786166598657379419,1786166598806495265,149115846,0.0,0.0,0.0,0.0,,,,,,Validated reconstruction
decode,1786166598806495265,1786166599657379419,850884154,0.0,0.0,0.0,0.0,,,,,,Validated reconstruction
decode,1786166599657379419,1786166599806495265,149115846,0.0,0.0,0.0,0.0,,,,,,Validated reconstruction
decode,1786166599806495265,1786166600657379419,850884154,0.0,0.0,0.0,0.0,,,,,,Validated reconstruction
decode,1786166600657379419,1786166600806495265,149115846,0.0,0.0,0.0,0.0,,,,,,Validated reconstruction
decode,1786166600806495265,1786166601657379419,850884154,0.0,0.0,0.0,0.0,,,,,,Validated reconstruction
decode,1786166601657379419,1786166601806495265,149115846,0.0,0.0,0.0,0.0,,,,,,Validated reconstruction
decode,1786166601806495265,1786166602657379419,850884154,0.0,0.0,0.0,0.0,,,,,,Validated reconstruction
decode,1786166602657379419,1786166602806495265,149115846,0.0,0.0,0.0,0.0,,,,,,Validated reconstruction
decode,1786166602806495265,1786166603657379419,850884154,0.0,0.0,0.0,0.0,,,,,,Validated reconstruction
decode,1786166603657379419,1786166603806495265,149115846,0.0,0.0,0.0,0.0,,,,,,Validated reconstruction
decode,1786166603806495265,1786166604657379419,850884154,0.0,0.0,0.0,0.0,,,,,,Validated reconstruction
decode,1786166604657379419,1786166604806495265,149115846,0.0,0.0,0.0,0.0,,,,,,Validated reconstruction
decode,1786166604806495265,1786166605657379419,850884154,0.0,0.0,0.0,0.0,,,,,,Validated reconstruction
decode,1786166605657379419,1786166605806495265,149115846,0.0,0.0,0.0,0.0,,,,,,Validated reconstruction
decode,1786166605806495265,1786166606657379419,850884154,0.0,0.0,0.0,0.0,,,,,,Validated reconstruction
decode,1786166606657379419,1786166606806495265,149115846,0.0,0.0,0.0,0.0,,,,,,Validated reconstruction
decode,1786166606806495265,1786166607657379419,850884154,0.0,0.0,0.0,0.0,,,,,,Validated reconstruction
decode,1786166607657379419,1786166607806495265,149115846,0.0,0.0,0.0,0.0,,,,,,Validated reconstruction
decode,1786166607806495265,1786166608657379419,850884154,0.0,0.0,0.0,0.0,,,,,,Validated reconstruction
decode,1786166608657379419,1786166608806495265,149115846,0.0,0.0,0.0,0.0,,,,,,Validated reconstruction
decode,1786166608806495265,1786166609657379419,850884154,0.0,0.0,0.0,0.0,,,,,,Validated reconstruction
decode,1786166609657379419,1786166609806495265,149115846,0.0,0.0,0.0,0.0,,,,,,Validated reconstruction
decode,1786166609806495265,1786166610657379419,850884154,0.0,0.0,0.0,0.0,,,,,,Validated reconstruction
decode,1786166610657379419,1786166610806495265,149115846,0.0,0.0,0.0,0.0,,,,,,Validated reconstruction
decode,1786166610806495265,1786166611657379419,850884154,0.0,0.0,0.0,0.0,,,,,,Validated reconstruction
decode,1786166611657379419,1786166611806495265,149115846,0.0,0.0,0.0,0.0,,,,,,Validated reconstruction
decode,1786166611806495265,1786166612657379419,850884154,0.0,0.0,0.0,0.0,,,,,,Validated reconstruction
decode,1786166612657379419,1786166612806495265,149115846,0.0,0.0,0.0,0.0,,,,,,Validated reconstruction
decode,1786166612806495265,1786166613657379419,850884154,0.0,0.0,0.0,0.0,,,,,,Validated reconstruction
decode,1786166613657379419,1786166613806495265,149115846,0.0,0.0,0.0,0.0,,,,,,Validated reconstruction
decode,1786166613806495265,1786166614657379419,850884154,0.0,0.0,0.0,0.0,,,,,,Validated reconstruction
decode,1786166614657379419,1786166614806495265,149115846,1.0,0.0,0.0,0.0,,,,,,Validated reconstruction
decode,1786166614806495265,1786166615657379419,850884154,1.0,0.0,0.0,0.0,,,,,,Validated reconstruction
decode,1786166615657379419,1786166615806495265,149115846,1.0,0.0,0.0,0.0,,,,,,Validated reconstruction
decode,1786166615806495265,1786166616657379419,850884154,1.0,0.0,0.0,0.0,,,,,,Validated reconstruction
decode,1786166616657379419,1786166616806495265,149115846,1.0,0.0,0.0,0.0,,,,,,Validated reconstruction
decode,1786166616806495265,1786166617657379419,850884154,1.0,0.0,0.0,0.0,,,,,,Validated reconstruction
decode,1786166617657379419,1786166617806495265,149115846,1.0,0.0,0.0,0.0,,,,,,Validated reconstruction
decode,1786166617806495265,1786166618657379419,850884154,1.0,0.0,0.0,0.0,,,,,,Validated reconstruction
decode,1786166618657379419,1786166618806495265,149115846,1.0,0.0,0.0,0.0,,,,,,Validated reconstruction
decode,1786166618806495265,1786166619657379419,850884154,1.0,0.0,0.0,0.0,,,,,,Validated reconstruction
decode,1786166619657379419,1786166619806495265,149115846,1.0,0.0,0.0,0.0,,,,,,Validated reconstruction
decode,1786166619806495265,1786166620657379419,850884154,1.0,0.0,0.0,0.0,,,,,,Validated reconstruction
decode,1786166620657379419,1786166620806495265,149115846,1.0,0.0,0.0,0.0,,,,,,Validated reconstruction
decode,1786166620806495265,1786166621657379419,850884154,1.0,0.0,0.0,0.0,,,,,,Validated reconstruction
decode,1786166621657379419,1786166621806495265,149115846,0.0,0.0,0.0,0.0,,,,,,Validated reconstruction
decode,1786166621806495265,1786166622657379419,850884154,0.0,0.0,0.0,0.0,,,,,,Validated reconstruction
decode,1786166622657379419,1786166622806495265,149115846,0.0,0.0,0.0,0.0,,,,,,Validated reconstruction
decode,1786166622806495265,1786166623657379419,850884154,0.0,0.0,0.0,0.0,,,,,,Validated reconstruction
decode,1786166623657379419,1786166623806495265,149115846,0.0,0.0,0.0,0.0,,,,,,Validated reconstruction
decode,1786166623806495265,1786166624657379419,850884154,0.0,0.0,0.0,0.0,,,,,,Validated reconstruction
decode,1786166624657379419,1786166624806495265,149115846,0.0,0.0,0.0,0.0,,,,,,Validated reconstruction
decode,1786166624806495265,1786166625657379419,850884154,0.0,0.0,0.0,0.0,,,,,,Validated reconstruction
decode,1786166625657379419,1786166625806495265,149115846,0.0,0.0,0.0,0.0,,,,,,Validated reconstruction
decode,1786166625806495265,1786166626657379419,850884154,0.0,0.0,0.0,0.0,,,,,,Validated reconstruction
decode,1786166626657379419,1786166626806495265,149115846,0.0,0.0,0.0,0.0,,,,,,Validated reconstruction
decode,1786166626806495265,1786166627657379419,850884154,0.5,0.0,0.0,0.0,,,,,,Validated reconstruction
decode,1786166627657379419,1786166627806495265,149115846,0.5,0.0,0.0,0.0,,,,,,Validated reconstruction
decode,1786166627806495265,1786166628657379419,850884154,1.0,0.0,0.0,0.0,,,,,,Validated reconstruction
decode,1786166628657379419,1786166628806495265,149115846,1.0,0.0,0.0,0.0,,,,,,Validated reconstruction
decode,1786166628806495265,1786166629657379419,850884154,1.0,0.0,0.0,0.0,,,,,,Validated reconstruction
decode,1786166629657379419,1786166629806495265,149115846,1.0,0.0,0.0,0.0,,,,,,Validated reconstruction
decode,1786166629806495265,1786166630657379419,850884154,1.0,0.0,0.0,0.0,,,,,,Validated reconstruction
decode,1786166630657379419,1786166630806495265,149115846,1.0,0.0,0.0,0.0,,,,,,Validated reconstruction
decode,1786166630806495265,1786166631657379419,850884154,1.0,0.0,0.0,0.0,,,,,,Validated reconstruction
decode,1786166631657379419,1786166631806495265,149115846,1.0,0.0,0.0,0.0,,,,,,Validated reconstruction
decode,1786166631806495265,1786166632657379419,850884154,1.0,0.0,0.0,0.0,,,,,,Validated reconstruction
decode,1786166632657379419,1786166632806495265,149115846,1.0,0.0,0.0,0.0,,,,,,Validated reconstruction
decode,1786166632806495265,1786166633657379419,850884154,0.0,0.0,0.0,0.0,,,,,,Validated reconstruction
decode,1786166633657379419,1786166633806495265,149115846,0.0,0.0,0.0,0.0,,,,,,Validated reconstruction
decode,1786166634806495265,1786166635657379419,850884154,0.0,0.0,0.0,0.0,,,,,,Validated reconstruction
decode,1786166635657379419,1786166635806495265,149115846,0.0,0.0,0.0,0.0,,,,,,Validated reconstruction
decode,1786166635806495265,1786166636657379419,850884154,0.0,0.0,0.0,0.0,,,,,,Validated reconstruction
decode,1786166636657379419,1786166636806495265,149115846,0.5,0.0,0.0,0.0,,,,,,Validated reconstruction
decode,1786166636806495265,1786166637657379419,850884154,0.5,0.0,0.0,0.0,,,,,,Validated reconstruction
decode,1786166637657379419,1786166637806495265,149115846,1.0,0.0,0.0,0.0,,,,,,Validated reconstruction
decode,1786166637806495265,1786166638657379419,850884154,1.0,0.0,0.0,0.0,,,,,,Validated reconstruction
decode,1786166638657379419,1786166638806495265,149115846,1.0,0.0,0.0,0.0,,,,,,Validated reconstruction
decode,1786166638806495265,1786166639657379419,850884154,1.0,0.0,0.0,0.0,,,,,,Validated reconstruction
decode,1786166639657379419,1786166639806495265,149115846,1.0,0.0,0.0,0.0,,,,,,Validated reconstruction
decode,1786166639806495265,1786166640657379419,850884154,1.0,0.0,0.0,0.0,,,,,,Validated reconstruction
decode,1786166640657379419,1786166640806495265,149115846,1.0,0.0,0.0,0.0,,,,,,Validated reconstruction
decode,1786166640806495265,1786166641657379419,850884154,1.0,0.0,0.0,0.0,,,,,,Validated reconstruction
decode,1786166641657379419,1786166641806495265,149115846,0.0,0.0,0.0,0.0,,,,,,Validated reconstruction
decode,1786166641806495265,1786166642657379419,850884154,0.0,0.0,0.0,0.0,,,,,,Validated reconstruction
decode,1786166642657379419,1786166642806495265,149115846,0.0,0.0,0.0,0.0,,,,,,Validated reconstruction
decode,1786166642806495265,1786166643657379419,850884154,0.0,0.0,0.0,0.0,,,,,,Validated reconstruction
decode,1786166643657379419,1786166643806495265,149115846,0.0,0.0,0.0,0.0,,,,,,Validated reconstruction
decode,1786166643806495265,1786166644657379419,850884154,0.0,0.0,0.0,0.0,,,,,,Validated reconstruction
decode,1786166644657379419,1786166644806495265,149115846,0.0,0.0,0.0,0.0,,,,,,Validated reconstruction
decode,1786166644806495265,1786166645657379419,850884154,0.0,0.0,0.0,0.0,,,,,,Validated reconstruction
decode,1786166645657379419,1786166645806495265,149115846,0.0,0.0,0.0,0.0,,,,,,Validated reconstruction
decode,1786166645806495265,1786166646657379419,850884154,0.0,0.0,0.0,0.0,,,,,,Validated reconstruction
decode,1786166646657379419,1786166646806495265,149115846,0.0,0.0,0.0,0.0,,,,,,Validated reconstruction
decode,1786166646806495265,1786166647657379419,850884154,0.0,0.0,0.0,0.0,,,,,,Validated reconstruction
decode,1786166647657379419,1786166647806495265,149115846,0.0,0.0,0.0,0.0,,,,,,Validated reconstruction
decode,1786166647806495265,1786166648657379419,850884154,0.0,0.0,0.0,0.0,,,,,,Validated reconstruction
decode,1786166648657379419,1786166648806495265,149115846,0.0,0.0,0.0,0.0,,,,,,Validated reconstruction
decode,1786166648806495265,1786166649657379419,850884154,0.0,0.0,0.0,0.0,,,,,,Validated reconstruction
decode,1786166649657379419,1786166649806495265,149115846,0.0,0.0,0.0,0.0,,,,,,Validated reconstruction
decode,1786166649806495265,1786166650657379419,850884154,0.0,0.0,0.0,0.0,,,,,,Validated reconstruction
decode,1786166650657379419,1786166650806495265,149115846,0.0,0.0,0.0,0.0,,,,,,Validated reconstruction
decode,1786166650806495265,1786166651657379419,850884154,0.0,0.0,0.0,0.0,,,,,,Validated reconstruction
decode,1786166651657379419,1786166651806495265,149115846,0.0,0.0,0.0,0.0,,,,,,Validated reconstruction
decode,1786166651806495265,1786166652657379419,850884154,0.0,0.0,0.0,0.0,,,,,,Validated reconstruction
decode,1786166652657379419,1786166652806495265,149115846,0.0,0.0,0.0,0.0,,,,,,Validated reconstruction
decode,1786166652806495265,1786166653657379419,850884154,0.0,0.0,0.0,0.0,,,,,,Validated reconstruction
decode,1786166653657379419,1786166653806495265,149115846,0.0,0.0,0.0,0.0,,,,,,Validated reconstruction
decode,1786166653806495265,1786166654657379419,850884154,0.0,0.0,0.0,0.0,,,,,,Validated reconstruction
decode,1786166654657379419,1786166654806495265,149115846,0.0,0.0,0.0,0.0,,,,,,Validated reconstruction
decode,1786166654806495265,1786166655657379419,850884154,0.0,0.0,0.0,0.0,,,,,,Validated reconstruction
decode,1786166655657379419,1786166655806495265,149115846,0.0,0.0,0.0,0.0,,,,,,Validated reconstruction
decode,1786166655806495265,1786166656657379419,850884154,0.0,0.0,0.0,0.0,,,,,,Validated reconstruction
decode,1786166656657379419,1786166656806495265,149115846,0.0,0.0,0.0,0.0,,,,,,Validated reconstruction
decode,1786166656806495265,1786166657657379419,850884154,0.0,0.0,0.0,0.0,,,,,,Validated reconstruction
decode,1786166657657379419,1786166657806495265,149115846,0.0,0.0,0.0,0.0,,,,,,Validated reconstruction
decode,1786166657806495265,1786166658657379419,850884154,0.0,0.0,0.0,0.0,,,,,,Validated reconstruction
decode,1786166658657379419,1786166658806495265,149115846,0.0,0.0,0.0,0.0,,,,,,Validated reconstruction
decode,1786166658806495265,1786166659657379419,850884154,1.0,0.0,0.0,0.0,,,,,,Validated reconstruction
decode,1786166659657379419,1786166659806495265,149115846,1.0,0.0,0.0,0.0,,,,,,Validated reconstruction
decode,1786166659806495265,1786166660657379419,850884154,1.0,0.0,0.0,0.0,,,,,,Validated reconstruction
decode,1786166660657379419,1786166660806495265,149115846,1.0,0.0,0.0,0.0,,,,,,Validated reconstruction
decode,1786166660806495265,1786166661657379419,850884154,1.0,0.0,0.0,0.0,,,,,,Validated reconstruction
decode,1786166661657379419,1786166661806495265,149115846,1.0,0.0,0.0,0.0,,,,,,Validated reconstruction
decode,1786166661806495265,1786166662657379419,850884154,1.0,0.0,0.0,0.0,,,,,,Validated reconstruction
decode,1786166662657379419,1786166662806495265,149115846,1.0,0.0,0.0,0.0,,,,,,Validated reconstruction
decode,1786166662806495265,1786166663657379419,850884154,1.0,0.0,0.0,0.0,,,,,,Validated reconstruction
decode,1786166663657379419,1786166663806495265,149115846,1.0,0.0,0.0,0.0,,,,,,Validated reconstruction
decode,1786166663806495265,1786166664657379419,850884154,1.0,0.0,0.0,0.0,,,,,,Validated reconstruction
decode,1786166664657379419,1786166664806495265,149115846,1.0,0.0,0.0,0.0,,,,,,Validated reconstruction
decode,1786166664806495265,1786166665657379419,850884154,1.0,0.0,0.0,0.0,,,,,,Validated reconstruction
decode,1786166665657379419,1786166665806495265,149115846,1.0,0.0,0.0,0.0,,,,,,Validated reconstruction
decode,1786166665806495265,1786166666657379419,850884154,1.0,0.0,0.0,0.0,,,,,,Validated reconstruction
decode,1786166666657379419,1786166666806495265,149115846,1.0,0.0,0.0,0.0,,,,,,Validated reconstruction
decode,1786166666806495265,1786166667657379419,850884154,1.0,0.0,0.0,0.0,,,,,,Validated reconstruction
decode,1786166667657379419,1786166667806495265,149115846,1.0,0.0,0.0,0.0,,,,,,Validated reconstruction
decode,1786166667806495265,1786166668657379419,850884154,1.0,0.0,0.0,0.0,,,,,,Validated reconstruction
decode,1786166668657379419,1786166668806495265,149115846,1.0,0.0,0.0,0.0,,,,,,Validated reconstruction
decode,1786166668806495265,1786166669657379419,850884154,1.0,0.0,0.0,0.0,,,,,,Validated reconstruction
decode,1786166669657379419,1786166669806495265,149115846,1.0,0.0,0.0,0.0,,,,,,Validated reconstruction
decode,1786166669806495265,1786166670657379419,850884154,1.0,0.0,0.0,0.0,,,,,,Validated reconstruction
decode,1786166670657379419,1786166670806495265,149115846,1.0,0.0,0.0,0.0,,,,,,Validated reconstruction
decode,1786166670806495265,1786166671657379419,850884154,1.0,0.0,0.0,0.0,,,,,,Validated reconstruction
decode,1786166671657379419,1786166671806495265,149115846,1.0,0.0,0.0,0.0,,,,,,Validated reconstruction
decode,1786166671806495265,1786166672657379419,850884154,1.0,0.0,0.0,0.0,,,,,,Validated reconstruction
decode,1786166672657379419,1786166672806495265,149115846,1.0,0.0,0.0,0.0,,,,,,Validated reconstruction
decode,1786166672806495265,1786166673657379419,850884154,1.0,0.0,0.0,0.0,,,,,,Validated reconstruction
decode,1786166673657379419,1786166673806495265,149115846,1.0,0.0,0.0,0.0,,,,,,Validated reconstruction
decode,1786166673806495265,1786166674657379419,850884154,1.0,0.0,0.0,0.0,,,,,,Validated reconstruction
decode,1786166674657379419,1786166674806495265,149115846,1.0,0.0,0.0,0.0,,,,,,Validated reconstruction
decode,1786166674806495265,1786166675657379419,850884154,1.0,0.0,0.0,0.0,,,,,,Validated reconstruction
decode,1786166675657379419,1786166675806495265,149115846,1.0,0.0,0.0,0.0,,,,,,Validated reconstruction
decode,1786166675806495265,1786166676657379419,850884154,1.0,0.0,0.0,0.0,,,,,,Validated reconstruction
decode,1786166676657379419,1786166676806495265,149115846,1.0,0.0,0.0,0.0,,,,,,Validated reconstruction
decode,1786166676806495265,1786166677657379419,850884154,1.0,0.0,0.0,0.0,,,,,,Validated reconstruction
decode,1786166677657379419,1786166677806495265,149115846,1.0,0.0,0.0,0.0,,,,,,Validated reconstruction
decode,1786166677806495265,1786166678657379419,850884154,1.0,0.0,0.0,0.0,,,,,,Validated reconstruction
decode,1786166678657379419,1786166678806495265,149115846,1.0,0.0,0.0,0.0,,,,,,Validated reconstruction
decode,1786166678806495265,1786166679657379419,850884154,1.0,0.0,0.0,0.0,,,,,,Validated reconstruction
decode,1786166679657379419,1786166679806495265,149115846,1.0,0.0,0.0,0.0,,,,,,Validated reconstruction
decode,1786166679806495265,1786166680657379419,850884154,1.0,0.0,0.0,0.0,,,,,,Validated reconstruction
decode,1786166680657379419,1786166680806495265,149115846,1.0,0.0,0.0,0.0,,,,,,Validated reconstruction
decode,1786166680806495265,1786166681657379419,850884154,1.0,0.0,0.0,0.0,,,,,,Validated reconstruction
decode,1786166681657379419,1786166681806495265,149115846,1.0,0.0,0.0,0.0,,,,,,Validated reconstruction
decode,1786166681806495265,1786166682657379419,850884154,0.0,0.0,0.0,0.0,,,,,,Validated reconstruction
decode,1786166682657379419,1786166682806495265,149115846,0.0,0.0,0.0,0.0,,,,,,Validated reconstruction
decode,1786166682806495265,1786166683657379419,850884154,0.0,0.0,0.0,0.0,,,,,,Validated reconstruction
decode,1786166683657379419,1786166683806495265,149115846,0.0,0.0,0.0,0.0,,,,,,Validated reconstruction
decode,1786166683806495265,1786166684657379419,850884154,0.0,0.0,0.0,0.0,,,,,,Validated reconstruction
decode,1786166684657379419,1786166684806495265,149115846,0.0,0.0,0.0,0.0,,,,,,Validated reconstruction
decode,1786166684806495265,1786166685657379419,850884154,0.0,0.0,0.0,0.0,,,,,,Validated reconstruction
decode,1786166685657379419,1786166685806495265,149115846,0.0,0.0,0.0,0.0,,,,,,Validated reconstruction
decode,1786166685806495265,1786166686657379419,850884154,0.0,0.0,0.0,0.0,,,,,,Validated reconstruction
decode,1786166686657379419,1786166686806495265,149115846,0.0,0.0,0.0,0.0,,,,,,Validated reconstruction
decode,1786166686806495265,1786166687657379419,850884154,0.0,0.0,0.0,0.0,,,,,,Validated reconstruction
decode,1786166687657379419,1786166687806495265,149115846,0.0,0.0,0.0,0.0,,,,,,Validated reconstruction
decode,1786166687806495265,1786166688657379419,850884154,0.0,0.0,0.0,0.0,,,,,,Validated reconstruction
decode,1786166688657379419,1786166688806495265,149115846,0.0,0.0,0.0,0.0,,,,,,Validated reconstruction
decode,1786166688806495265,1786166689657379419,850884154,0.0,0.0,0.0,0.0,,,,,,Validated reconstruction
decode,1786166689657379419,1786166689806495265,149115846,0.0,0.0,0.0,0.0,,,,,,Validated reconstruction
decode,1786166689806495265,1786166690657379419,850884154,0.5,0.0,0.0,0.0,,,,,,Validated reconstruction
decode,1786166690657379419,1786166690806495265,149115846,0.5,0.0,0.0,0.0,,,,,,Validated reconstruction
decode,1786166691806495265,1786166692657379419,850884154,1.0,0.0,0.0,0.0,,,,,,Validated reconstruction
decode,1786166692657379419,1786166692806495265,149115846,1.0,0.0,0.0,0.0,,,,,,Validated reconstruction
decode,1786166692806495265,1786166693657379419,850884154,0.5,0.0,0.0,0.0,,,,,,Validated reconstruction
decode,1786166693657379419,1786166693806495265,149115846,0.5,0.0,0.0,0.0,,,,,,Validated reconstruction
decode,1786166693806495265,1786166694657379419,850884154,0.0,0.0,0.0,0.0,,,,,,Validated reconstruction
decode,1786166694657379419,1786166694806495265,149115846,0.0,0.0,0.0,0.0,,,,,,Validated reconstruction
decode,1786166694806495265,1786166695657379419,850884154,0.0,0.0,0.0,0.0,,,,,,Validated reconstruction
decode,1786166695657379419,1786166695806495265,149115846,0.0,0.0,0.0,0.0,,,,,,Validated reconstruction
decode,1786166695806495265,1786166696657379419,850884154,0.0,0.0,0.0,0.0,,,,,,Validated reconstruction
decode,1786166696657379419,1786166696806495265,149115846,0.0,0.0,0.0,0.0,,,,,,Validated reconstruction
decode,1786166696806495265,1786166697657379419,850884154,1.0,0.0,0.0,0.0,,,,,,Validated reconstruction
decode,1786166697657379419,1786166697806495265,149115846,1.0,0.0,0.0,0.0,,,,,,Validated reconstruction
decode,1786166697806495265,1786166698657379419,850884154,1.0,0.0,0.0,0.0,,,,,,Validated reconstruction
decode,1786166698657379419,1786166698806495265,149115846,1.0,0.0,0.0,0.0,,,,,,Validated reconstruction
decode,1786166698806495265,1786166699657379419,850884154,1.0,0.0,0.0,0.0,,,,,,Validated reconstruction
decode,1786166699657379419,1786166699806495265,149115846,1.0,0.0,0.0,0.0,,,,,,Validated reconstruction
decode,1786166699806495265,1786166700657379419,850884154,1.0,0.0,0.0,0.0,,,,,,Validated reconstruction
decode,1786166700657379419,1786166700806495265,149115846,1.0,0.0,0.0,0.0,,,,,,Validated reconstruction
decode,1786166700806495265,1786166701657379419,850884154,0.5,0.0,0.0,0.0,,,,,,Validated reconstruction
decode,1786166701657379419,1786166701806495265,149115846,0.5,0.0,0.0,0.0,,,,,,Validated reconstruction
decode,1786166701806495265,1786166702657379419,850884154,0.0,0.0,0.0,0.0,,,,,,Validated reconstruction
decode,1786166702657379419,1786166702806495265,149115846,0.0,0.0,0.0,0.0,,,,,,Validated reconstruction
decode,1786166702806495265,1786166703657379419,850884154,0.0,0.0,0.0,0.0,,,,,,Validated reconstruction
decode,1786166703657379419,1786166703806495265,149115846,0.0,0.0,0.0,0.0,,,,,,Validated reconstruction
decode,1786166703806495265,1786166704657379419,850884154,0.0,0.0,0.0,0.0,,,,,,Validated reconstruction
decode,1786166704657379419,1786166704806495265,149115846,0.0,0.0,0.0,0.0,,,,,,Validated reconstruction
decode,1786166704806495265,1786166705657379419,850884154,0.0,0.0,0.0,0.0,,,,,,Validated reconstruction
decode,1786166705657379419,1786166705806495265,149115846,0.0,0.0,0.0,0.0,,,,,,Validated reconstruction
decode,1786166705806495265,1786166706657379419,850884154,0.0,0.0,0.0,0.0,,,,,,Validated reconstruction
decode,1786166706657379419,1786166706806495265,149115846,0.0,0.0,0.0,0.0,,,,,,Validated reconstruction
decode,1786166706806495265,1786166707657379419,850884154,0.0,0.0,0.0,0.0,,,,,,Validated reconstruction
decode,1786166707657379419,1786166707806495265,149115846,0.0,0.0,0.0,0.0,,,,,,Validated reconstruction
decode,1786166707806495265,1786166708657379419,850884154,0.0,0.0,0.0,0.0,,,,,,Validated reconstruction
decode,1786166708657379419,1786166708806495265,149115846,0.0,0.0,0.0,0.0,,,,,,Validated reconstruction
decode,1786166708806495265,1786166709657379419,850884154,0.0,0.0,0.0,0.0,,,,,,Validated reconstruction
decode,1786166709657379419,1786166709806495265,149115846,0.0,0.0,0.0,0.0,,,,,,Validated reconstruction
decode,1786166709806495265,1786166710657379419,850884154,0.0,0.0,0.0,0.0,,,,,,Validated reconstruction
decode,1786166710657379419,1786166710806495265,149115846,0.0,0.0,0.0,0.0,,,,,,Validated reconstruction
decode,1786166710806495265,1786166711657379419,850884154,0.0,0.0,0.0,0.0,,,,,,Validated reconstruction
decode,1786166711657379419,1786166711806495265,149115846,0.5,0.0,0.0,0.0,,,,,,Validated reconstruction
decode,1786166711806495265,1786166712657379419,850884154,0.5,0.0,0.0,0.0,,,,,,Validated reconstruction
decode,1786166712657379419,1786166712806495265,149115846,1.0,0.0,0.0,0.0,,,,,,Validated reconstruction
decode,1786166712806495265,1786166713657379419,850884154,1.0,0.0,0.0,0.0,,,,,,Validated reconstruction
decode,1786166713657379419,1786166713806495265,149115846,1.0,0.0,0.0,0.0,,,,,,Validated reconstruction
decode,1786166713806495265,1786166714657379419,850884154,1.0,0.0,0.0,0.0,,,,,,Validated reconstruction
decode,1786166714657379419,1786166714806495265,149115846,1.0,0.0,0.0,0.0,,,,,,Validated reconstruction
decode,1786166714806495265,1786166715657379419,850884154,1.0,0.0,0.0,0.0,,,,,,Validated reconstruction
decode,1786166715657379419,1786166715806495265,149115846,0.0,0.0,0.0,0.0,,,,,,Validated reconstruction
decode,1786166715806495265,1786166716657379419,850884154,0.0,0.0,0.0,0.0,,,,,,Validated reconstruction
decode,1786166716657379419,1786166716806495265,149115846,0.0,0.0,0.0,0.0,,,,,,Validated reconstruction
decode,1786166716806495265,1786166717657379419,850884154,0.0,0.0,0.0,0.0,,,,,,Validated reconstruction
decode,1786166717657379419,1786166717806495265,149115846,0.0,0.0,0.0,0.0,,,,,,Validated reconstruction
decode,1786166717806495265,1786166718657379419,850884154,0.0,0.0,0.0,0.0,,,,,,Validated reconstruction
decode,1786166718657379419,1786166718806495265,149115846,0.6666666666666666,0.0,0.0,0.0,,,,,,Validated reconstruction
decode,1786166718806495265,1786166719657379419,850884154,0.6666666666666666,0.0,0.0,0.0,,,,,,Validated reconstruction
decode,1786166720657379419,1786166720806495265,149115846,1.0,0.0,0.0,0.0,,,,,,Validated reconstruction
decode,1786166720806495265,1786166721657379419,850884154,1.0,0.0,0.0,0.0,,,,,,Validated reconstruction
decode,1786166721657379419,1786166721806495265,149115846,1.0,0.0,0.0,0.0,,,,,,Validated reconstruction
decode,1786166721806495265,1786166722657379419,850884154,1.0,0.0,0.0,0.0,,,,,,Validated reconstruction
decode,1786166722657379419,1786166722806495265,149115846,1.0,0.0,0.0,0.0,,,,,,Validated reconstruction
decode,1786166722806495265,1786166723657379419,850884154,1.0,0.0,0.0,0.0,,,,,,Validated reconstruction
decode,1786166723657379419,1786166723806495265,149115846,1.0,0.0,0.0,0.0,,,,,,Validated reconstruction
decode,1786166723806495265,1786166724657379419,850884154,1.0,0.0,0.0,0.0,,,,,,Validated reconstruction
decode,1786166724657379419,1786166724806495265,149115846,1.0,0.0,0.0,0.0,,,,,,Validated reconstruction
decode,1786166724806495265,1786166725657379419,850884154,1.0,0.0,0.0,0.0,,,,,,Validated reconstruction
decode,1786166725657379419,1786166725806495265,149115846,1.0,0.0,0.0,0.0,,,,,,Validated reconstruction
decode,1786166725806495265,1786166726657379419,850884154,1.0,0.0,0.0,0.0,,,,,,Validated reconstruction
decode,1786166726657379419,1786166726806495265,149115846,1.0,0.0,0.0,0.0,,,,,,Validated reconstruction
decode,1786166726806495265,1786166727657379419,850884154,1.0,0.0,0.0,0.0,,,,,,Validated reconstruction
decode,1786166727657379419,1786166727806495265,149115846,1.0,0.0,0.0,0.0,,,,,,Validated reconstruction
decode,1786166727806495265,1786166728657379419,850884154,1.0,0.0,0.0,0.0,,,,,,Validated reconstruction
decode,1786166728657379419,1786166728806495265,149115846,1.0,0.0,0.0,0.0,,,,,,Validated reconstruction
decode,1786166728806495265,1786166729657379419,850884154,1.0,0.0,0.0,0.0,,,,,,Validated reconstruction
decode,1786166729657379419,1786166729806495265,149115846,1.0,0.0,0.0,0.0,,,,,,Validated reconstruction
decode,1786166729806495265,1786166730657379419,850884154,1.0,0.0,0.0,0.0,,,,,,Validated reconstruction
decode,1786166730657379419,1786166730806495265,149115846,1.0,0.0,0.0,0.0,,,,,,Validated reconstruction
decode,1786166730806495265,1786166731657379419,850884154,1.0,0.0,0.0,0.0,,,,,,Validated reconstruction
decode,1786166731657379419,1786166731806495265,149115846,1.0,0.0,0.0,0.0,,,,,,Validated reconstruction
decode,1786166731806495265,1786166732657379419,850884154,1.0,0.0,0.0,0.0,,,,,,Validated reconstruction
decode,1786166732657379419,1786166732806495265,149115846,1.0,0.0,0.0,0.0,,,,,,Validated reconstruction
decode,1786166732806495265,1786166733657379419,850884154,1.0,0.0,0.0,0.0,,,,,,Validated reconstruction
decode,1786166733657379419,1786166733806495265,149115846,1.0,0.0,0.0,0.0,,,,,,Validated reconstruction
decode,1786166733806495265,1786166734657379419,850884154,1.0,0.0,0.0,0.0,,,,,,Validated reconstruction
decode,1786166734657379419,1786166734806495265,149115846,1.0,0.0,0.0,0.0,,,,,,Validated reconstruction
decode,1786166734806495265,1786166735657379419,850884154,1.0,0.0,0.0,0.0,,,,,,Validated reconstruction
decode,1786166735657379419,1786166735806495265,149115846,1.0,0.0,0.0,0.0,,,,,,Validated reconstruction
decode,1786166735806495265,1786166736657379419,850884154,1.0,0.0,0.0,0.0,,,,,,Validated reconstruction
decode,1786166736657379419,1786166736806495265,149115846,1.0,0.0,0.0,0.0,,,,,,Validated reconstruction
decode,1786166736806495265,1786166737657379419,850884154,1.0,0.0,0.0,0.0,,,,,,Validated reconstruction
decode,1786166737657379419,1786166737806495265,149115846,1.0,0.0,0.0,0.0,,,,,,Validated reconstruction
decode,1786166737806495265,1786166738657379419,850884154,1.0,0.0,0.0,0.0,,,,,,Validated reconstruction
decode,1786166739657379419,1786166739806495265,149115846,1.0,0.0,0.0,0.0,,,,,,Validated reconstruction
decode,1786166739806495265,1786166740657379419,850884154,1.0,0.0,0.0,0.0,,,,,,Validated reconstruction
decode,1786166740657379419,1786166740806495265,149115846,1.0,0.0,0.0,0.0,,,,,,Validated reconstruction
decode,1786166740806495265,1786166741657379419,850884154,1.0,0.0,0.0,0.0,,,,,,Validated reconstruction
decode,1786166741657379419,1786166741806495265,149115846,1.0,0.0,0.0,0.0,,,,,,Validated reconstruction
decode,1786166741806495265,1786166742657379419,850884154,1.0,0.0,0.0,0.0,,,,,,Validated reconstruction
decode,1786166742657379419,1786166742806495265,149115846,1.0,0.0,0.0,0.0,,,,,,Validated reconstruction
decode,1786166742806495265,1786166743657379419,850884154,1.0,0.0,0.0,0.0,,,,,,Validated reconstruction
decode,1786166743657379419,1786166743806495265,149115846,1.0,0.0,0.0,0.0,,,,,,Validated reconstruction
decode,1786166743806495265,1786166744657379419,850884154,1.0,0.0,0.0,0.0,,,,,,Validated reconstruction
decode,1786166744657379419,1786166744806495265,149115846,1.0,0.0,0.0,0.0,,,,,,Validated reconstruction
decode,1786166744806495265,1786166745657379419,850884154,1.0,0.0,0.0,0.0,,,,,,Validated reconstruction
decode,1786166745657379419,1786166745806495265,149115846,1.0,0.0,0.0,0.0,,,,,,Validated reconstruction
decode,1786166745806495265,1786166746657379419,850884154,1.0,0.0,0.0,0.0,,,,,,Validated reconstruction
decode,1786166746657379419,1786166746806495265,149115846,1.0,0.0,0.0,0.0,,,,,,Validated reconstruction
decode,1786166746806495265,1786166747657379419,850884154,1.0,0.0,0.0,0.0,,,,,,Validated reconstruction
decode,1786166747657379419,1786166747806495265,149115846,1.0,0.0,0.0,0.0,,,,,,Validated reconstruction
decode,1786166747806495265,1786166748657379419,850884154,1.0,0.0,0.0,0.0,,,,,,Validated reconstruction
decode,1786166748657379419,1786166748806495265,149115846,1.0,0.0,0.0,0.0,,,,,,Validated reconstruction
decode,1786166748806495265,1786166749657379419,850884154,1.0,0.0,0.0,0.0,,,,,,Validated reconstruction
decode,1786166749657379419,1786166749806495265,149115846,1.0,0.0,0.0,0.0,,,,,,Validated reconstruction
decode,1786166749806495265,1786166750657379419,850884154,1.0,0.0,0.0,0.0,,,,,,Validated reconstruction
decode,1786166750657379419,1786166750806495265,149115846,1.0,0.0,0.0,0.0,,,,,,Validated reconstruction
decode,1786166750806495265,1786166751657379419,850884154,1.0,0.0,0.0,0.0,,,,,,Validated reconstruction
decode,1786166752657379419,1786166752806495265,149115846,1.0,0.0,0.0,0.0,,,,,,Validated reconstruction
decode,1786166752806495265,1786166753657379419,850884154,1.0,0.0,0.0,0.0,,,,,,Validated reconstruction
decode,1786166753657379419,1786166753806495265,149115846,1.0,0.0,0.0,0.0,,,,,,Validated reconstruction
decode,1786166753806495265,1786166754657379419,850884154,1.0,0.0,0.0,0.0,,,,,,Validated reconstruction
decode,1786166754657379419,1786166754806495265,149115846,1.0,0.0,0.0,0.0,,,,,,Validated reconstruction
decode,1786166754806495265,1786166755657379419,850884154,1.0,0.0,0.0,0.0,,,,,,Validated reconstruction
decode,1786166755657379419,1786166755806495265,149115846,1.0,0.0,0.0,0.0,,,,,,Validated reconstruction
decode,1786166755806495265,1786166756657379419,850884154,1.0,0.0,0.0,0.0,,,,,,Validated reconstruction
decode,1786166756657379419,1786166756806495265,149115846,0.5,0.0,0.0,0.0,,,,,,Validated reconstruction
decode,1786166756806495265,1786166757657379419,850884154,0.5,0.0,0.0,0.0,,,,,,Validated reconstruction
decode,1786166757657379419,1786166757806495265,149115846,0.0,0.0,0.0,0.0,,,,,,Validated reconstruction
decode,1786166757806495265,1786166758657379419,850884154,0.0,0.0,0.0,0.0,,,,,,Validated reconstruction
decode,1786166758657379419,1786166758806495265,149115846,0.0,0.0,0.0,0.0,,,,,,Validated reconstruction
decode,1786166758806495265,1786166759657379419,850884154,0.0,0.0,0.0,0.0,,,,,,Validated reconstruction
decode,1786166759657379419,1786166759806495265,149115846,0.0,0.0,0.0,0.0,,,,,,Validated reconstruction
decode,1786166759806495265,1786166760657379419,850884154,0.0,0.0,0.0,0.0,,,,,,Validated reconstruction
decode,1786166760657379419,1786166760806495265,149115846,0.0,0.0,0.0,0.0,,,,,,Validated reconstruction
decode,1786166760806495265,1786166761657379419,850884154,0.0,0.0,0.0,0.0,,,,,,Validated reconstruction
decode,1786166761657379419,1786166761806495265,149115846,0.0,0.0,0.0,0.0,,,,,,Validated reconstruction
decode,1786166761806495265,1786166762657379419,850884154,0.0,0.0,0.0,0.0,,,,,,Validated reconstruction
decode,1786166762657379419,1786166762806495265,149115846,1.0,0.0,0.0,0.0,,,,,,Validated reconstruction
decode,1786166762806495265,1786166763657379419,850884154,1.0,0.0,0.0,0.0,,,,,,Validated reconstruction
decode,1786166763657379419,1786166763806495265,149115846,1.0,0.0,0.0,0.0,,,,,,Validated reconstruction
decode,1786166763806495265,1786166764657379419,850884154,1.0,0.0,0.0,0.0,,,,,,Validated reconstruction
decode,1786166764657379419,1786166764806495265,149115846,1.0,0.0,0.0,0.0,,,,,,Validated reconstruction
decode,1786166764806495265,1786166765657379419,850884154,1.0,0.0,0.0,0.0,,,,,,Validated reconstruction
decode,1786166765657379419,1786166765806495265,149115846,1.0,0.0,0.0,0.0,,,,,,Validated reconstruction
decode,1786166765806495265,1786166766657379419,850884154,1.0,0.0,0.0,0.0,,,,,,Validated reconstruction
decode,1786166766657379419,1786166766806495265,149115846,1.0,0.0,0.0,0.0,,,,,,Validated reconstruction
decode,1786166766806495265,1786166767657379419,850884154,1.0,0.0,0.0,0.0,,,,,,Validated reconstruction
decode,1786166767657379419,1786166767806495265,149115846,1.0,0.0,0.0,0.0,,,,,,Validated reconstruction
decode,1786166767806495265,1786166768657379419,850884154,1.0,0.0,0.0,0.0,,,,,,Validated reconstruction
decode,1786166768657379419,1786166768806495265,149115846,0.0,0.0,0.0,0.0,,,,,,Validated reconstruction
decode,1786166768806495265,1786166769657379419,850884154,0.0,0.0,0.0,0.0,,,,,,Validated reconstruction
decode,1786166769657379419,1786166769806495265,149115846,0.0,0.0,0.0,0.0,,,,,,Validated reconstruction
decode,1786166769806495265,1786166770657379419,850884154,0.0,0.0,0.0,0.0,,,,,,Validated reconstruction
decode,1786166770657379419,1786166770806495265,149115846,0.0,0.0,0.0,0.0,,,,,,Validated reconstruction
decode,1786166770806495265,1786166771657379419,850884154,0.0,0.0,0.0,0.0,,,,,,Validated reconstruction
decode,1786166771657379419,1786166771806495265,149115846,0.0,0.0,0.0,0.0,,,,,,Validated reconstruction
decode,1786166771806495265,1786166772657379419,850884154,0.0,0.0,0.0,0.0,,,,,,Validated reconstruction
decode,1786166772657379419,1786166772806495265,149115846,1.0,0.0,0.0,0.0,,,,,,Validated reconstruction
decode,1786166772806495265,1786166773657379419,850884154,1.0,0.0,0.0,0.0,,,,,,Validated reconstruction
decode,1786166773657379419,1786166773806495265,149115846,0.0,0.0,0.0,0.0,,,,,,Validated reconstruction
decode,1786166773806495265,1786166774657379419,850884154,0.0,0.0,0.0,0.0,,,,,,Validated reconstruction
decode,1786166774657379419,1786166774806495265,149115846,0.0,0.0,0.0,0.0,,,,,,Validated reconstruction
decode,1786166774806495265,1786166775657379419,850884154,0.0,0.0,0.0,0.0,,,,,,Validated reconstruction
decode,1786166775657379419,1786166775806495265,149115846,0.0,0.0,0.0,0.0,,,,,,Validated reconstruction
decode,1786166775806495265,1786166776657379419,850884154,0.0,0.0,0.0,0.0,,,,,,Validated reconstruction
decode,1786166776657379419,1786166776806495265,149115846,0.0,0.0,0.0,0.0,,,,,,Validated reconstruction
decode,1786166776806495265,1786166777657379419,850884154,0.0,0.0,0.0,0.0,,,,,,Validated reconstruction
decode,1786166777657379419,1786166777806495265,149115846,0.0,0.0,0.0,0.0,,,,,,Validated reconstruction
decode,1786166777806495265,1786166778657379419,850884154,1.0,0.0,0.0,0.0,,,,,,Validated reconstruction
decode,1786166778657379419,1786166778806495265,149115846,1.0,0.0,0.0,0.0,,,,,,Validated reconstruction
decode,1786166778806495265,1786166779657379419,850884154,1.0,0.0,0.0,0.0,,,,,,Validated reconstruction
decode,1786166779657379419,1786166779806495265,149115846,1.0,0.0,0.0,0.0,,,,,,Validated reconstruction
decode,1786166779806495265,1786166780657379419,850884154,1.0,0.0,0.0,0.0,,,,,,Validated reconstruction
decode,1786166780657379419,1786166780806495265,149115846,1.0,0.0,0.0,0.0,,,,,,Validated reconstruction
decode,1786166780806495265,1786166781657379419,850884154,1.0,0.0,0.0,0.0,,,,,,Validated reconstruction
decode,1786166781657379419,1786166781806495265,149115846,1.0,0.0,0.0,0.0,,,,,,Validated reconstruction
decode,1786166781806495265,1786166782657379419,850884154,1.0,0.0,0.0,0.0,,,,,,Validated reconstruction
decode,1786166782657379419,1786166782806495265,149115846,1.0,0.0,0.0,0.0,,,,,,Validated reconstruction
decode,1786166782806495265,1786166783657379419,850884154,1.0,0.0,0.0,0.0,,,,,,Validated reconstruction
decode,1786166783657379419,1786166783806495265,149115846,1.0,0.0,0.0,0.0,,,,,,Validated reconstruction
decode,1786166783806495265,1786166784657379419,850884154,0.0,0.0,0.0,0.0,,,,,,Validated reconstruction
decode,1786166784657379419,1786166784806495265,149115846,0.0,0.0,0.0,0.0,,,,,,Validated reconstruction
decode,1786166784806495265,1786166785657379419,850884154,0.0,0.0,0.0,0.0,,,,,,Validated reconstruction
decode,1786166785657379419,1786166785806495265,149115846,0.0,0.0,0.0,0.0,,,,,,Validated reconstruction
decode,1786166785806495265,1786166786657379419,850884154,0.0,0.0,0.0,0.0,,,,,,Validated reconstruction
decode,1786166786657379419,1786166786806495265,149115846,0.5,0.0,0.0,0.0,,,,,,Validated reconstruction
decode,1786166786806495265,1786166787657379419,850884154,0.5,0.0,0.0,0.0,,,,,,Validated reconstruction
decode,1786166787657379419,1786166787806495265,149115846,0.0,0.0,0.0,0.0,,,,,,Validated reconstruction
decode,1786166787806495265,1786166788657379419,850884154,0.0,0.0,0.0,0.0,,,,,,Validated reconstruction
decode,1786166788657379419,1786166788806495265,149115846,0.0,0.0,0.0,0.0,,,,,,Validated reconstruction
decode,1786166788806495265,1786166789657379419,850884154,0.0,0.0,0.0,0.0,,,,,,Validated reconstruction
decode,1786166789657379419,1786166789806495265,149115846,0.0,0.0,0.0,0.0,,,,,,Validated reconstruction
decode,1786166789806495265,1786166790657379419,850884154,0.0,0.0,0.0,0.0,,,,,,Validated reconstruction
decode,1786166790657379419,1786166790806495265,149115846,0.0,0.0,0.0,0.0,,,,,,Validated reconstruction
decode,1786166790806495265,1786166791657379419,850884154,0.0,0.0,0.0,0.0,,,,,,Validated reconstruction
decode,1786166791657379419,1786166791806495265,149115846,0.0,0.0,0.0,0.0,,,,,,Validated reconstruction
decode,1786166791806495265,1786166792657379419,850884154,0.0,0.0,0.0,0.0,,,,,,Validated reconstruction
decode,1786166792657379419,1786166792806495265,149115846,0.0,0.0,0.0,0.0,,,,,,Validated reconstruction
decode,1786166792806495265,1786166793657379419,850884154,0.0,0.0,0.0,0.0,,,,,,Validated reconstruction
decode,1786166793657379419,1786166793806495265,149115846,0.0,0.0,0.0,0.0,,,,,,Validated reconstruction
decode,1786166793806495265,1786166794657379419,850884154,0.0,0.0,0.0,0.0,,,,,,Validated reconstruction
decode,1786166794657379419,1786166794806495265,149115846,0.0,0.0,0.0,0.0,,,,,,Validated reconstruction
decode,1786166794806495265,1786166795657379419,850884154,0.6666666666666666,0.0,0.0,0.0,,,,,,Validated reconstruction
decode,1786166795657379419,1786166795806495265,149115846,0.6666666666666666,0.0,0.0,0.0,,,,,,Validated reconstruction
decode,1786166795806495265,1786166796657379419,850884154,1.0,0.0,0.0,0.0,,,,,,Validated reconstruction
decode,1786166796657379419,1786166796806495265,149115846,1.0,0.0,0.0,0.0,,,,,,Validated reconstruction
decode,1786166796806495265,1786166797657379419,850884154,1.0,0.0,0.0,0.0,,,,,,Validated reconstruction
decode,1786166797657379419,1786166797806495265,149115846,1.0,0.0,0.0,0.0,,,,,,Validated reconstruction
decode,1786166797806495265,1786166798657379419,850884154,1.0,0.0,0.0,0.0,,,,,,Validated reconstruction
decode,1786166798657379419,1786166798806495265,149115846,1.0,0.0,0.0,0.0,,,,,,Validated reconstruction
decode,1786166798806495265,1786166799657379419,850884154,1.0,0.0,0.0,0.0,,,,,,Validated reconstruction
decode,1786166799657379419,1786166799806495265,149115846,1.0,0.0,0.0,0.0,,,,,,Validated reconstruction
decode,1786166799806495265,1786166800657379419,850884154,1.0,0.0,0.0,0.0,,,,,,Validated reconstruction
decode,1786166800657379419,1786166800806495265,149115846,1.0,0.0,0.0,0.0,,,,,,Validated reconstruction
decode,1786166800806495265,1786166801657379419,850884154,1.0,0.0,0.0,0.0,,,,,,Validated reconstruction
decode,1786166801657379419,1786166801806495265,149115846,1.0,0.0,0.0,0.0,,,,,,Validated reconstruction
decode,1786166801806495265,1786166802657379419,850884154,0.3333333333333333,0.0,0.0,0.0,,,,,,Validated reconstruction
decode,1786166802657379419,1786166802806495265,149115846,0.3333333333333333,0.0,0.0,0.0,,,,,,Validated reconstruction
decode,1786166802806495265,1786166803657379419,850884154,0.0,0.0,0.0,0.0,,,,,,Validated reconstruction
decode,1786166803657379419,1786166803806495265,149115846,0.0,0.0,0.0,0.0,,,,,,Validated reconstruction
decode,1786166803806495265,1786166804657379419,850884154,0.0,0.0,0.0,0.0,,,,,,Validated reconstruction
decode,1786166804657379419,1786166804806495265,149115846,0.0,0.0,0.0,0.0,,,,,,Validated reconstruction
decode,1786166804806495265,1786166805657379419,850884154,0.0,0.0,0.0,0.0,,,,,,Validated reconstruction
decode,1786166805657379419,1786166805806495265,149115846,0.0,0.0,0.0,0.0,,,,,,Validated reconstruction
decode,1786166805806495265,1786166806657379419,850884154,0.0,0.0,0.0,0.0,,,,,,Validated reconstruction
decode,1786166806657379419,1786166806806495265,149115846,0.0,0.0,0.0,0.0,,,,,,Validated reconstruction
decode,1786166806806495265,1786166807657379419,850884154,0.0,0.0,0.0,0.0,,,,,,Validated reconstruction
decode,1786166807657379419,1786166807806495265,149115846,0.0,0.0,0.0,0.0,,,,,,Validated reconstruction
decode,1786166807806495265,1786166808657379419,850884154,0.0,0.0,0.0,0.0,,,,,,Validated reconstruction
decode,1786166808657379419,1786166808806495265,149115846,0.0,0.0,0.0,0.0,,,,,,Validated reconstruction
decode,1786166808806495265,1786166809657379419,850884154,0.0,0.0,0.0,0.0,,,,,,Validated reconstruction
decode,1786166809657379419,1786166809806495265,149115846,0.0,0.0,0.0,0.0,,,,,,Validated reconstruction
decode,1786166809806495265,1786166810657379419,850884154,0.0,0.0,0.0,0.0,,,,,,Validated reconstruction
decode,1786166810657379419,1786166810806495265,149115846,0.0,0.0,0.0,0.0,,,,,,Validated reconstruction
decode,1786166810806495265,1786166811657379419,850884154,0.0,0.0,0.0,0.0,,,,,,Validated reconstruction
decode,1786166811657379419,1786166811806495265,149115846,0.0,0.0,0.0,0.0,,,,,,Validated reconstruction
decode,1786166811806495265,1786166812657379419,850884154,0.0,0.0,0.0,0.0,,,,,,Validated reconstruction
decode,1786166812657379419,1786166812806495265,149115846,0.0,0.0,0.0,0.0,,,,,,Validated reconstruction
decode,1786166812806495265,1786166813657379419,850884154,0.0,0.0,0.0,0.0,,,,,,Validated reconstruction
decode,1786166813657379419,1786166813806495265,149115846,1.0,0.0,0.0,0.0,,,,,,Validated reconstruction
decode,1786166813806495265,1786166814657379419,850884154,1.5,0.0,0.0,0.0,,,,,,Validated reconstruction
decode,1786166814657379419,1786166814806495265,149115846,1.5,0.0,0.0,0.0,,,,,,Validated reconstruction
decode,1786166814806495265,1786166815657379419,850884154,2.0,0.0,0.0,0.0,,,,,,Validated reconstruction
decode,1786166815657379419,1786166815806495265,149115846,2.0,0.0,0.0,0.0,,,,,,Validated reconstruction
decode,1786166815806495265,1786166816657379419,850884154,2.0,0.0,0.0,0.0,,,,,,Validated reconstruction
decode,1786166816657379419,1786166816806495265,149115846,2.0,0.0,0.0,0.0,,,,,,Validated reconstruction
decode,1786166816806495265,1786166817657379419,850884154,2.0,0.0,0.0,0.0,,,,,,Validated reconstruction
decode,1786166817657379419,1786166817806495265,149115846,2.0,0.0,0.0,0.0,,,,,,Validated reconstruction
decode,1786166817806495265,1786166818657379419,850884154,2.0,0.0,0.0,0.0,,,,,,Validated reconstruction
decode,1786166818657379419,1786166818806495265,149115846,2.0,0.0,0.0,0.0,,,,,,Validated reconstruction
decode,1786166818806495265,1786166819657379419,850884154,2.0,0.0,0.0,0.0,,,,,,Validated reconstruction
decode,1786166819657379419,1786166819806495265,149115846,1.0,0.0,0.0,0.0,,,,,,Validated reconstruction
decode,1786166819806495265,1786166820657379419,850884154,1.0,0.0,0.0,0.0,,,,,,Validated reconstruction
decode,1786166820657379419,1786166820806495265,149115846,1.0,0.0,0.0,0.0,,,,,,Validated reconstruction
decode,1786166820806495265,1786166821657379419,850884154,1.0,0.0,0.0,0.0,,,,,,Validated reconstruction
decode,1786166821657379419,1786166821806495265,149115846,1.0,0.0,0.0,0.0,,,,,,Validated reconstruction
decode,1786166821806495265,1786166822657379419,850884154,1.0,0.0,0.0,0.0,,,,,,Validated reconstruction
decode,1786166822657379419,1786166822806495265,149115846,1.0,0.0,0.0,0.0,,,,,,Validated reconstruction
decode,1786166822806495265,1786166823657379419,850884154,1.0,0.0,0.0,0.0,,,,,,Validated reconstruction
decode,1786166823657379419,1786166823806495265,149115846,1.0,0.0,0.0,0.0,,,,,,Validated reconstruction
decode,1786166823806495265,1786166824657379419,850884154,1.0,0.0,0.0,0.0,,,,,,Validated reconstruction
decode,1786166824657379419,1786166824806495265,149115846,1.0,0.0,0.0,0.0,,,,,,Validated reconstruction
decode,1786166824806495265,1786166825657379419,850884154,1.5,0.0,0.0,0.0,,,,,,Validated reconstruction
decode,1786166825657379419,1786166825806495265,149115846,1.5,0.0,0.0,0.0,,,,,,Validated reconstruction
decode,1786166825806495265,1786166826657379419,850884154,2.0,0.0,0.0,0.0,,,,,,Validated reconstruction
decode,1786166826657379419,1786166826806495265,149115846,2.0,0.0,0.0,0.0,,,,,,Validated reconstruction
decode,1786166826806495265,1786166827657379419,850884154,2.0,0.0,0.0,0.0,,,,,,Validated reconstruction
decode,1786166827657379419,1786166827806495265,149115846,2.0,0.0,0.0,0.0,,,,,,Validated reconstruction
decode,1786166827806495265,1786166828657379419,850884154,2.0,0.0,0.0,0.0,,,,,,Validated reconstruction
decode,1786166828657379419,1786166828806495265,149115846,2.0,0.0,0.0,0.0,,,,,,Validated reconstruction
decode,1786166828806495265,1786166829657379419,850884154,2.0,0.0,0.0,0.0,,,,,,Validated reconstruction
decode,1786166829657379419,1786166829806495265,149115846,2.0,0.0,0.0,0.0,,,,,,Validated reconstruction
decode,1786166829806495265,1786166830657379419,850884154,2.0,0.0,0.0,0.0,,,,,,Validated reconstruction
decode,1786166830657379419,1786166830806495265,149115846,2.0,0.0,0.0,0.0,,,,,,Validated reconstruction
decode,1786166830806495265,1786166831657379419,850884154,2.0,0.0,0.0,0.0,,,,,,Validated reconstruction
decode,1786166831657379419,1786166831806495265,149115846,2.0,0.0,0.0,0.0,,,,,,Validated reconstruction
decode,1786166831806495265,1786166832657379419,850884154,2.0,0.0,0.0,0.0,,,,,,Validated reconstruction
decode,1786166832657379419,1786166832806495265,149115846,2.0,0.0,0.0,0.0,,,,,,Validated reconstruction
decode,1786166832806495265,1786166833657379419,850884154,2.0,0.0,0.0,0.0,,,,,,Validated reconstruction
decode,1786166833657379419,1786166833806495265,149115846,2.0,0.0,0.0,0.0,,,,,,Validated reconstruction
decode,1786166833806495265,1786166834657379419,850884154,2.0,0.0,0.0,0.0,,,,,,Validated reconstruction
decode,1786166834657379419,1786166834806495265,149115846,2.0,0.0,0.0,0.0,,,,,,Validated reconstruction
decode,1786166834806495265,1786166835657379419,850884154,2.0,0.0,0.0,0.0,,,,,,Validated reconstruction
decode,1786166835657379419,1786166835806495265,149115846,2.0,0.0,0.0,0.0,,,,,,Validated reconstruction
decode,1786166835806495265,1786166836657379419,850884154,0.0,0.0,0.0,0.0,,,,,,Validated reconstruction
decode,1786166836657379419,1786166836806495265,149115846,0.0,0.0,0.0,0.0,,,,,,Validated reconstruction
decode,1786166836806495265,1786166837657379419,850884154,0.0,0.0,0.0,0.0,,,,,,Validated reconstruction
decode,1786166837657379419,1786166837806495265,149115846,0.0,0.0,0.0,0.0,,,,,,Validated reconstruction
decode,1786166837806495265,1786166838657379419,850884154,0.0,0.0,0.0,0.0,,,,,,Validated reconstruction
decode,1786166838657379419,1786166838806495265,149115846,0.0,0.0,0.0,0.0,,,,,,Validated reconstruction
decode,1786166838806495265,1786166839657379419,850884154,0.0,0.0,0.0,0.0,,,,,,Validated reconstruction
decode,1786166839657379419,1786166839806495265,149115846,0.0,0.0,0.0,0.0,,,,,,Validated reconstruction
decode,1786166839806495265,1786166840657379419,850884154,0.5,0.0,0.0,0.0,,,,,,Validated reconstruction
decode,1786166840657379419,1786166840806495265,149115846,0.5,0.0,0.0,0.0,,,,,,Validated reconstruction
decode,1786166840806495265,1786166841657379419,850884154,1.0,0.0,0.0,0.0,,,,,,Validated reconstruction
decode,1786166841657379419,1786166841806495265,149115846,1.0,0.0,0.0,0.0,,,,,,Validated reconstruction
decode,1786166841806495265,1786166842657379419,850884154,0.0,0.0,0.0,0.0,,,,,,Validated reconstruction
decode,1786166842657379419,1786166842806495265,149115846,0.0,0.0,0.0,0.0,,,,,,Validated reconstruction
decode,1786166842806495265,1786166843657379419,850884154,0.0,0.0,0.0,0.0,,,,,,Validated reconstruction
decode,1786166843657379419,1786166843806495265,149115846,0.0,0.0,0.0,0.0,,,,,,Validated reconstruction
decode,1786166843806495265,1786166844657379419,850884154,0.0,0.0,0.0,0.0,,,,,,Validated reconstruction
decode,1786166844657379419,1786166844806495265,149115846,0.0,0.0,0.0,0.0,,,,,,Validated reconstruction
decode,1786166844806495265,1786166845657379419,850884154,0.3333333333333333,0.0,0.0,0.0,,,,,,Validated reconstruction
decode,1786166845657379419,1786166845806495265,149115846,0.3333333333333333,0.0,0.0,0.0,,,,,,Validated reconstruction
decode,1786166845806495265,1786166846657379419,850884154,1.0,0.0,0.0,0.0,,,,,,Validated reconstruction
decode,1786166846657379419,1786166846806495265,149115846,1.0,0.0,0.0,0.0,,,,,,Validated reconstruction
decode,1786166846806495265,1786166847657379419,850884154,1.0,0.0,0.0,0.0,,,,,,Validated reconstruction
decode,1786166847657379419,1786166847806495265,149115846,1.0,0.0,0.0,0.0,,,,,,Validated reconstruction
decode,1786166847806495265,1786166848657379419,850884154,1.0,0.0,0.0,0.0,,,,,,Validated reconstruction
decode,1786166848657379419,1786166848806495265,149115846,1.0,0.0,0.0,0.0,,,,,,Validated reconstruction
decode,1786166848806495265,1786166849657379419,850884154,1.0,0.0,0.0,0.0,,,,,,Validated reconstruction
decode,1786166849657379419,1786166849806495265,149115846,1.0,0.0,0.0,0.0,,,,,,Validated reconstruction
decode,1786166849806495265,1786166850657379419,850884154,1.0,0.0,0.0,0.0,,,,,,Validated reconstruction
decode,1786166850657379419,1786166850806495265,149115846,1.0,0.0,0.0,0.0,,,,,,Validated reconstruction
decode,1786166852657379419,1786166852806495265,149115846,1.0,0.0,0.0,0.0,,,,,,Validated reconstruction
decode,1786166852806495265,1786166853657379419,850884154,1.0,0.0,0.0,0.0,,,,,,Validated reconstruction
decode,1786166853657379419,1786166853806495265,149115846,1.0,0.0,0.0,0.0,,,,,,Validated reconstruction
decode,1786166853806495265,1786166854657379419,850884154,0.0,0.0,0.0,0.0,,,,,,Validated reconstruction
decode,1786166854657379419,1786166854806495265,149115846,0.0,0.0,0.0,0.0,,,,,,Validated reconstruction
decode,1786166854806495265,1786166855657379419,850884154,0.0,0.0,0.0,0.0,,,,,,Validated reconstruction
decode,1786166855657379419,1786166855806495265,149115846,0.0,0.0,0.0,0.0,,,,,,Validated reconstruction
decode,1786166855806495265,1786166856657379419,850884154,0.0,0.0,0.0,0.0,,,,,,Validated reconstruction
decode,1786166856657379419,1786166856806495265,149115846,0.0,0.0,0.0,0.0,,,,,,Validated reconstruction
decode,1786166856806495265,1786166857657379419,850884154,0.0,0.0,0.0,0.0,,,,,,Validated reconstruction
decode,1786166857657379419,1786166857806495265,149115846,0.0,0.0,0.0,0.0,,,,,,Validated reconstruction
decode,1786166857806495265,1786166858657379419,850884154,0.5,0.0,0.0,0.0,,,,,,Validated reconstruction
decode,1786166858657379419,1786166858806495265,149115846,0.5,0.0,0.0,0.0,,,,,,Validated reconstruction
decode,1786166858806495265,1786166859657379419,850884154,1.0,0.0,0.0,0.0,,,,,,Validated reconstruction
decode,1786166859657379419,1786166859806495265,149115846,1.0,0.0,0.0,0.0,,,,,,Validated reconstruction
decode,1786166859806495265,1786166860657379419,850884154,1.0,0.0,0.0,0.0,,,,,,Validated reconstruction
decode,1786166860657379419,1786166860806495265,149115846,1.0,0.0,0.0,0.0,,,,,,Validated reconstruction
decode,1786166860806495265,1786166861657379419,850884154,1.0,0.0,0.0,0.0,,,,,,Validated reconstruction
decode,1786166861657379419,1786166861806495265,149115846,1.0,0.0,0.0,0.0,,,,,,Validated reconstruction
decode,1786166861806495265,1786166862657379419,850884154,1.0,0.0,0.0,0.0,,,,,,Validated reconstruction
decode,1786166862657379419,1786166862806495265,149115846,1.0,0.0,0.0,0.0,,,,,,Validated reconstruction
decode,1786166862806495265,1786166863657379419,850884154,1.0,0.0,0.0,0.0,,,,,,Validated reconstruction
decode,1786166863657379419,1786166863806495265,149115846,1.0,0.0,0.0,0.0,,,,,,Validated reconstruction
decode,1786166863806495265,1786166864657379419,850884154,1.0,0.0,0.0,0.0,,,,,,Validated reconstruction
decode,1786166864657379419,1786166864806495265,149115846,1.0,0.0,0.0,0.0,,,,,,Validated reconstruction
decode,1786166864806495265,1786166865657379419,850884154,1.0,0.0,0.0,0.0,,,,,,Validated reconstruction
decode,1786166865657379419,1786166865806495265,149115846,1.0,0.0,0.0,0.0,,,,,,Validated reconstruction
decode,1786166865806495265,1786166866657379419,850884154,1.0,0.0,0.0,0.0,,,,,,Validated reconstruction
decode,1786166866657379419,1786166866806495265,149115846,1.0,0.0,0.0,0.0,,,,,,Validated reconstruction
decode,1786166866806495265,1786166867657379419,850884154,2.0,0.0,0.0,0.0,,,,,,Validated reconstruction
decode,1786166867657379419,1786166867806495265,149115846,2.0,0.0,0.0,0.0,,,,,,Validated reconstruction
decode,1786166867806495265,1786166868657379419,850884154,2.0,0.0,0.0,0.0,,,,,,Validated reconstruction
decode,1786166868657379419,1786166868806495265,149115846,2.0,0.0,0.0,0.0,,,,,,Validated reconstruction
decode,1786166868806495265,1786166869657379419,850884154,2.0,0.0,0.0,0.0,,,,,,Validated reconstruction
decode,1786166869657379419,1786166869806495265,149115846,2.0,0.0,0.0,0.0,,,,,,Validated reconstruction
decode,1786166869806495265,1786166870657379419,850884154,3.0,0.0,0.0,0.0,,,,,,Validated reconstruction
decode,1786166870657379419,1786166870806495265,149115846,3.0,0.0,0.0,0.0,,,,,,Validated reconstruction
decode,1786166870806495265,1786166871657379419,850884154,3.0,0.0,0.0,0.0,,,,,,Validated reconstruction
decode,1786166871657379419,1786166871806495265,149115846,3.0,0.0,0.0,0.0,,,,,,Validated reconstruction
decode,1786166871806495265,1786166872657379419,850884154,3.0,0.0,0.0,0.0,,,,,,Validated reconstruction
decode,1786166872657379419,1786166872806495265,149115846,3.0,0.0,0.0,0.0,,,,,,Validated reconstruction
decode,1786166872806495265,1786166873657379419,850884154,3.0,0.0,0.0,0.0,,,,,,Validated reconstruction
decode,1786166873657379419,1786166873806495265,149115846,3.0,0.0,0.0,0.0,,,,,,Validated reconstruction
decode,1786166873806495265,1786166874657379419,850884154,3.0,0.0,0.0,0.0,,,,,,Validated reconstruction
decode,1786166874657379419,1786166874806495265,149115846,3.0,0.0,0.0,0.0,,,,,,Validated reconstruction
decode,1786166874806495265,1786166875657379419,850884154,3.0,0.0,0.0,0.0,,,,,,Validated reconstruction
decode,1786166875657379419,1786166875806495265,149115846,3.0,0.0,0.0,0.0,,,,,,Validated reconstruction
decode,1786166875806495265,1786166876657379419,850884154,3.0,0.0,0.0,0.0,,,,,,Validated reconstruction
decode,1786166876657379419,1786166876806495265,149115846,3.0,0.0,0.0,0.0,,,,,,Validated reconstruction
decode,1786166876806495265,1786166877657379419,850884154,3.0,0.0,0.0,0.0,,,,,,Validated reconstruction
decode,1786166877657379419,1786166877806495265,149115846,3.0,0.0,0.0,0.0,,,,,,Validated reconstruction
decode,1786166877806495265,1786166878657379419,850884154,3.0,0.0,0.0,0.0,,,,,,Validated reconstruction
decode,1786166878657379419,1786166878806495265,149115846,3.0,0.0,0.0,0.0,,,,,,Validated reconstruction
decode,1786166878806495265,1786166879657379419,850884154,3.0,0.0,0.0,0.0,,,,,,Validated reconstruction
decode,1786166879657379419,1786166879806495265,149115846,3.0,0.0,0.0,0.0,,,,,,Validated reconstruction
decode,1786166879806495265,1786166880657379419,850884154,3.0,0.0,0.0,0.0,,,,,,Validated reconstruction
decode,1786166880657379419,1786166880806495265,149115846,3.0,0.0,0.0,0.0,,,,,,Validated reconstruction
decode,1786166880806495265,1786166881657379419,850884154,3.0,0.0,0.0,0.0,,,,,,Validated reconstruction
decode,1786166881657379419,1786166881806495265,149115846,3.0,0.0,0.0,0.0,,,,,,Validated reconstruction
decode,1786166881806495265,1786166882657379419,850884154,3.0,0.0,0.0,0.0,,,,,,Validated reconstruction
decode,1786166882657379419,1786166882806495265,149115846,4.0,0.0,0.0,0.0,,,,,,Validated reconstruction
decode,1786166882806495265,1786166883657379419,850884154,4.0,0.0,0.0,0.0,,,,,,Validated reconstruction
decode,1786166883657379419,1786166883806495265,149115846,4.0,0.0,0.0,0.0,,,,,,Validated reconstruction
decode,1786166883806495265,1786166884657379419,850884154,4.0,0.0,0.0,0.0,,,,,,Validated reconstruction
decode,1786166884657379419,1786166884806495265,149115846,4.0,0.0,0.0,0.0,,,,,,Validated reconstruction
decode,1786166884806495265,1786166885657379419,850884154,4.0,0.0,0.0,0.0,,,,,,Validated reconstruction
decode,1786166885657379419,1786166885806495265,149115846,4.0,0.0,0.0,0.0,,,,,,Validated reconstruction
decode,1786166885806495265,1786166886657379419,850884154,4.0,0.0,0.0,0.0,,,,,,Validated reconstruction
decode,1786166886657379419,1786166886806495265,149115846,4.0,0.0,0.0,0.0,,,,,,Validated reconstruction
decode,1786166886806495265,1786166887657379419,850884154,3.0,0.0,0.0,0.0,,,,,,Validated reconstruction
decode,1786166887657379419,1786166887806495265,149115846,3.0,0.0,0.0,0.0,,,,,,Validated reconstruction
decode,1786166887806495265,1786166888657379419,850884154,2.0,0.0,0.0,0.0,,,,,,Validated reconstruction
decode,1786166888657379419,1786166888806495265,149115846,2.0,0.0,0.0,0.0,,,,,,Validated reconstruction
decode,1786166888806495265,1786166889657379419,850884154,2.0,0.0,0.0,0.0,,,,,,Validated reconstruction
decode,1786166889657379419,1786166889806495265,149115846,2.0,0.0,0.0,0.0,,,,,,Validated reconstruction
decode,1786166889806495265,1786166890657379419,850884154,2.0,0.0,0.0,0.0,,,,,,Validated reconstruction
decode,1786166890657379419,1786166890806495265,149115846,2.0,0.0,0.0,0.0,,,,,,Validated reconstruction
decode,1786166890806495265,1786166891657379419,850884154,2.0,0.0,0.0,0.0,,,,,,Validated reconstruction
decode,1786166891657379419,1786166891806495265,149115846,2.0,0.0,0.0,0.0,,,,,,Validated reconstruction
decode,1786166891806495265,1786166892657379419,850884154,2.0,0.0,0.0,0.0,,,,,,Validated reconstruction
decode,1786166892657379419,1786166892806495265,149115846,2.0,0.0,0.0,0.0,,,,,,Validated reconstruction
decode,1786166892806495265,1786166893657379419,850884154,2.0,0.0,0.0,0.0,,,,,,Validated reconstruction
decode,1786166893657379419,1786166893806495265,149115846,2.0,0.0,0.0,0.0,,,,,,Validated reconstruction
decode,1786166893806495265,1786166894657379419,850884154,2.0,0.0,0.0,0.0,,,,,,Validated reconstruction
decode,1786166894657379419,1786166894806495265,149115846,2.0,0.0,0.0,0.0,,,,,,Validated reconstruction
decode,1786166894806495265,1786166895657379419,850884154,2.0,0.0,0.0,0.0,,,,,,Validated reconstruction
decode,1786166895657379419,1786166895806495265,149115846,2.0,0.0,0.0,0.0,,,,,,Validated reconstruction
decode,1786166895806495265,1786166896657379419,850884154,3.0,0.0,0.0,1.0,,,,,,Validated reconstruction
decode,1786166896657379419,1786166896806495265,149115846,4.0,0.0,0.0,1.0,,,,,,Validated reconstruction
decode,1786166896806495265,1786166897657379419,850884154,4.0,0.0,0.0,1.0,,,,,,Validated reconstruction
decode,1786166897657379419,1786166897806495265,149115846,4.0,0.0,0.0,1.0,,,,,,Validated reconstruction
decode,1786166897806495265,1786166898657379419,850884154,4.0,0.0,0.0,1.0,,,,,,Validated reconstruction
decode,1786166898657379419,1786166898806495265,149115846,4.0,0.0,0.0,1.0,,,,,,Validated reconstruction
decode,1786166898806495265,1786166899657379419,850884154,4.0,0.0,0.0,1.0,,,,,,Validated reconstruction
decode,1786166899657379419,1786166899806495265,149115846,4.0,0.0,0.0,1.0,,,,,,Validated reconstruction
decode,1786166899806495265,1786166900657379419,850884154,4.0,0.0,0.0,1.0,,,,,,Validated reconstruction
decode,1786166900657379419,1786166900806495265,149115846,4.0,0.0,0.0,1.0,,,,,,Validated reconstruction
decode,1786166900806495265,1786166901657379419,850884154,4.0,0.0,0.0,1.0,,,,,,Validated reconstruction
decode,1786166901657379419,1786166901806495265,149115846,5.0,0.0,0.0,1.0,,,,,,Validated reconstruction
decode,1786166901806495265,1786166902657379419,850884154,5.0,0.0,0.0,1.0,,,,,,Validated reconstruction
decode,1786166902657379419,1786166902806495265,149115846,5.0,0.0,0.0,1.5,,,,,,Validated reconstruction
decode,1786166902806495265,1786166903657379419,850884154,5.0,0.0,0.0,1.5,,,,,,Validated reconstruction
decode,1786166903657379419,1786166903806495265,149115846,5.0,0.0,0.0,2.0,,,,,,Validated reconstruction
decode,1786166903806495265,1786166904657379419,850884154,5.0,0.0,0.0,2.0,,,,,,Validated reconstruction
decode,1786166904657379419,1786166904806495265,149115846,5.0,0.0,0.0,2.0,,,,,,Validated reconstruction
decode,1786166904806495265,1786166905657379419,850884154,5.0,0.0,0.0,2.0,,,,,,Validated reconstruction
decode,1786166905657379419,1786166905806495265,149115846,5.0,0.0,0.0,2.0,,,,,,Validated reconstruction
decode,1786166905806495265,1786166906657379419,850884154,5.0,0.0,0.0,2.0,,,,,,Validated reconstruction
decode,1786166906657379419,1786166906806495265,149115846,3.5,0.0,0.0,1.5,,,,,,Validated reconstruction
decode,1786166906806495265,1786166907657379419,850884154,3.5,0.0,0.0,1.5,,,,,,Validated reconstruction
decode,1786166907657379419,1786166907806495265,149115846,2.0,0.0,0.0,1.0,,,,,,Validated reconstruction
decode,1786166907806495265,1786166908657379419,850884154,2.0,0.0,0.0,1.0,,,,,,Validated reconstruction
decode,1786166908657379419,1786166908806495265,149115846,2.0,0.0,0.0,1.0,,,,,,Validated reconstruction
decode,1786166908806495265,1786166909657379419,850884154,2.0,0.0,0.0,1.0,,,,,,Validated reconstruction
decode,1786166909657379419,1786166909806495265,149115846,2.0,0.0,0.0,1.0,,,,,,Validated reconstruction
decode,1786166909806495265,1786166910657379419,850884154,2.0,0.0,0.0,1.0,,,,,,Validated reconstruction
decode,1786166910657379419,1786166910806495265,149115846,2.0,0.0,0.0,1.0,,,,,,Validated reconstruction
decode,1786166910806495265,1786166911657379419,850884154,0.0,0.0,0.0,0.0,,,,,,Validated reconstruction
decode,1786166911657379419,1786166911806495265,149115846,0.0,0.0,0.0,0.0,,,,,,Validated reconstruction
decode,1786166911806495265,1786166912657379419,850884154,0.0,0.0,0.0,0.0,,,,,,Validated reconstruction
decode,1786166912657379419,1786166912806495265,149115846,0.0,0.0,0.0,0.0,,,,,,Validated reconstruction
decode,1786166912806495265,1786166913657379419,850884154,0.0,0.0,0.0,0.0,,,,,,Validated reconstruction
decode,1786166913657379419,1786166913806495265,149115846,0.0,0.0,0.0,0.0,,,,,,Validated reconstruction
decode,1786166913806495265,1786166914657379419,850884154,0.0,0.0,0.0,0.0,,,,,,Validated reconstruction
decode,1786166914657379419,1786166914806495265,149115846,0.0,0.0,0.0,0.0,,,,,,Validated reconstruction
decode,1786166914806495265,1786166915657379419,850884154,1.0,0.0,0.0,0.0,,,,,,Validated reconstruction
decode,1786166915657379419,1786166915806495265,149115846,1.0,0.0,0.0,0.0,,,,,,Validated reconstruction
decode,1786166915806495265,1786166916657379419,850884154,1.0,0.0,0.0,0.0,,,,,,Validated reconstruction
decode,1786166916657379419,1786166916806495265,149115846,1.0,0.0,0.0,0.0,,,,,,Validated reconstruction
decode,1786166916806495265,1786166917657379419,850884154,1.0,0.0,0.0,0.0,,,,,,Validated reconstruction
decode,1786166917657379419,1786166917806495265,149115846,1.0,0.0,0.0,0.0,,,,,,Validated reconstruction
decode,1786166917806495265,1786166918657379419,850884154,2.0,0.0,0.0,0.0,,,,,,Validated reconstruction
decode,1786166918657379419,1786166918806495265,149115846,2.0,0.0,0.0,0.0,,,,,,Validated reconstruction
decode,1786166918806495265,1786166919657379419,850884154,2.0,0.0,0.0,0.0,,,,,,Validated reconstruction
decode,1786166919657379419,1786166919806495265,149115846,2.0,0.0,0.0,0.0,,,,,,Validated reconstruction
decode,1786166919806495265,1786166920657379419,850884154,2.0,0.0,0.0,0.0,,,,,,Validated reconstruction
decode,1786166920657379419,1786166920806495265,149115846,2.0,0.0,0.0,0.0,,,,,,Validated reconstruction
decode,1786166920806495265,1786166921657379419,850884154,2.0,0.0,0.0,0.0,,,,,,Validated reconstruction
decode,1786166921657379419,1786166921806495265,149115846,2.0,0.0,0.0,0.0,,,,,,Validated reconstruction
decode,1786166921806495265,1786166922657379419,850884154,2.0,0.0,0.0,0.0,,,,,,Validated reconstruction
decode,1786166922657379419,1786166922806495265,149115846,2.0,0.0,0.0,0.0,,,,,,Validated reconstruction
decode,1786166922806495265,1786166923657379419,850884154,2.0,0.0,0.0,0.0,,,,,,Validated reconstruction
decode,1786166923657379419,1786166923806495265,149115846,2.0,0.0,0.0,0.0,,,,,,Validated reconstruction
decode,1786166923806495265,1786166924657379419,850884154,2.0,0.0,0.0,0.0,,,,,,Validated reconstruction
decode,1786166924657379419,1786166924806495265,149115846,2.0,0.0,0.0,0.0,,,,,,Validated reconstruction
decode,1786166924806495265,1786166925657379419,850884154,2.0,0.0,0.0,0.0,,,,,,Validated reconstruction
decode,1786166925657379419,1786166925806495265,149115846,2.0,0.0,0.0,0.0,,,,,,Validated reconstruction
decode,1786166925806495265,1786166926657379419,850884154,2.0,0.0,0.0,0.0,,,,,,Validated reconstruction
decode,1786166926657379419,1786166926806495265,149115846,2.0,0.0,0.0,0.0,,,,,,Validated reconstruction
decode,1786166926806495265,1786166927657379419,850884154,2.0,0.0,0.0,0.0,,,,,,Validated reconstruction
decode,1786166927657379419,1786166927806495265,149115846,2.0,0.0,0.0,0.0,,,,,,Validated reconstruction
decode,1786166927806495265,1786166928657379419,850884154,2.0,0.0,0.0,0.0,,,,,,Validated reconstruction
decode,1786166928657379419,1786166928806495265,149115846,2.0,0.0,0.0,0.0,,,,,,Validated reconstruction
decode,1786166928806495265,1786166929657379419,850884154,2.5,0.0,0.0,0.0,,,,,,Validated reconstruction
decode,1786166929657379419,1786166929806495265,149115846,2.5,0.0,0.0,0.0,,,,,,Validated reconstruction
decode,1786166929806495265,1786166930657379419,850884154,4.0,0.0,0.0,0.0,,,,,,Validated reconstruction
decode,1786166930657379419,1786166930806495265,149115846,4.0,0.0,0.0,0.0,,,,,,Validated reconstruction
decode,1786166930806495265,1786166931657379419,850884154,5.0,0.0,0.0,0.0,,,,,,Validated reconstruction
decode,1786166931657379419,1786166931806495265,149115846,5.0,0.0,0.0,0.0,,,,,,Validated reconstruction
decode,1786166931806495265,1786166932657379419,850884154,5.0,0.0,0.0,0.0,,,,,,Validated reconstruction
decode,1786166932657379419,1786166932806495265,149115846,5.0,0.0,0.0,0.0,,,,,,Validated reconstruction
decode,1786166932806495265,1786166933657379419,850884154,5.0,0.0,0.0,0.3333333333333333,,,,,,Validated reconstruction
decode,1786166933657379419,1786166933806495265,149115846,5.0,0.0,0.0,0.3333333333333333,,,,,,Validated reconstruction
decode,1786166933806495265,1786166934657379419,850884154,5.0,0.0,0.0,1.0,,,,,,Validated reconstruction
decode,1786166934657379419,1786166934806495265,149115846,5.0,0.0,0.0,1.0,,,,,,Validated reconstruction
decode,1786166934806495265,1786166935657379419,850884154,5.5,0.0,0.0,0.5,,,,,,Validated reconstruction
decode,1786166935657379419,1786166935806495265,149115846,5.5,0.0,0.0,0.5,,,,,,Validated reconstruction
decode,1786166935806495265,1786166936657379419,850884154,6.0,0.0,0.0,0.0,,,,,,Validated reconstruction
decode,1786166936657379419,1786166936806495265,149115846,6.0,0.0,0.0,0.0,,,,,,Validated reconstruction
decode,1786166936806495265,1786166937657379419,850884154,6.0,0.0,0.0,0.0,,,,,,Validated reconstruction
decode,1786166937657379419,1786166937806495265,149115846,6.0,0.0,0.0,0.0,,,,,,Validated reconstruction
decode,1786166937806495265,1786166938657379419,850884154,6.5,0.0,0.0,0.0,,,,,,Validated reconstruction
decode,1786166938657379419,1786166938806495265,149115846,6.5,0.0,0.0,0.0,,,,,,Validated reconstruction
decode,1786166938806495265,1786166939657379419,850884154,7.0,0.0,0.0,0.0,,,,,,Validated reconstruction
decode,1786166939657379419,1786166939806495265,149115846,7.0,0.0,0.0,0.0,,,,,,Validated reconstruction
decode,1786166939806495265,1786166940657379419,850884154,7.0,0.0,0.0,0.0,,,,,,Validated reconstruction
decode,1786166940657379419,1786166940806495265,149115846,7.0,0.0,0.0,0.0,,,,,,Validated reconstruction
decode,1786166940806495265,1786166941657379419,850884154,7.0,0.0,0.0,0.0,,,,,,Validated reconstruction
decode,1786166941657379419,1786166941806495265,149115846,7.0,0.0,0.0,0.0,,,,,,Validated reconstruction
decode,1786166941806495265,1786166942657379419,850884154,7.0,0.0,0.0,0.0,,,,,,Validated reconstruction
decode,1786166942657379419,1786166942806495265,149115846,7.0,0.0,0.0,0.0,,,,,,Validated reconstruction
decode,1786166942806495265,1786166943657379419,850884154,8.0,0.0,0.0,0.0,,,,,,Validated reconstruction
decode,1786166943657379419,1786166943806495265,149115846,8.0,0.0,0.0,0.0,,,,,,Validated reconstruction
decode,1786166943806495265,1786166944657379419,850884154,7.5,0.0,0.0,0.0,,,,,,Validated reconstruction
decode,1786166944657379419,1786166944806495265,149115846,7.5,0.0,0.0,0.0,,,,,,Validated reconstruction
decode,1786166944806495265,1786166945657379419,850884154,7.0,0.0,0.0,0.0,,,,,,Validated reconstruction
decode,1786166945657379419,1786166945806495265,149115846,7.0,0.0,0.0,0.0,,,,,,Validated reconstruction
decode,1786166945806495265,1786166946657379419,850884154,7.0,0.0,0.0,0.0,,,,,,Validated reconstruction
decode,1786166946657379419,1786166946806495265,149115846,7.0,0.0,0.0,0.0,,,,,,Validated reconstruction
decode,1786166946806495265,1786166947657379419,850884154,7.0,0.0,0.0,0.0,,,,,,Validated reconstruction
decode,1786166947657379419,1786166947806495265,149115846,7.0,0.0,0.0,0.0,,,,,,Validated reconstruction
decode,1786166947806495265,1786166948657379419,850884154,7.0,0.0,0.0,0.0,,,,,,Validated reconstruction
decode,1786166948657379419,1786166948806495265,149115846,7.5,0.0,0.0,0.0,,,,,,Validated reconstruction
decode,1786166948806495265,1786166949657379419,850884154,7.5,0.0,0.0,0.0,,,,,,Validated reconstruction
decode,1786166949657379419,1786166949806495265,149115846,9.0,0.0,0.0,0.0,,,,,,Validated reconstruction
decode,1786166949806495265,1786166950657379419,850884154,9.0,0.0,0.0,0.0,,,,,,Validated reconstruction
decode,1786166950657379419,1786166950806495265,149115846,9.0,0.0,0.0,0.0,,,,,,Validated reconstruction
decode,1786166950806495265,1786166951657379419,850884154,9.0,0.0,0.0,0.0,,,,,,Validated reconstruction
decode,1786166951657379419,1786166951806495265,149115846,8.0,0.0,0.0,0.0,,,,,,Validated reconstruction
decode,1786166951806495265,1786166952657379419,850884154,8.0,0.0,0.0,0.0,,,,,,Validated reconstruction
decode,1786166952657379419,1786166952806495265,149115846,7.0,0.0,0.0,0.0,,,,,,Validated reconstruction
decode,1786166952806495265,1786166953657379419,850884154,7.0,0.0,0.0,0.0,,,,,,Validated reconstruction
decode,1786166953657379419,1786166953806495265,149115846,8.0,0.0,0.0,0.0,,,,,,Validated reconstruction
decode,1786166953806495265,1786166954657379419,850884154,8.0,0.0,0.0,0.0,,,,,,Validated reconstruction
decode,1786166954657379419,1786166954806495265,149115846,8.0,0.0,0.0,0.0,,,,,,Validated reconstruction
decode,1786166954806495265,1786166955657379419,850884154,8.0,0.0,0.0,0.0,,,,,,Validated reconstruction
decode,1786166955657379419,1786166955806495265,149115846,8.0,0.0,0.0,0.0,,,,,,Validated reconstruction
decode,1786166955806495265,1786166956657379419,850884154,8.0,0.0,0.0,0.0,,,,,,Validated reconstruction
decode,1786166956657379419,1786166956806495265,149115846,8.0,0.0,0.0,0.0,,,,,,Validated reconstruction
decode,1786166956806495265,1786166957657379419,850884154,8.0,0.0,0.0,0.0,,,,,,Validated reconstruction
decode,1786166957657379419,1786166957806495265,149115846,7.5,0.0,0.0,0.0,,,,,,Validated reconstruction
decode,1786166957806495265,1786166958657379419,850884154,8.5,0.0,0.0,0.0,,,,,,Validated reconstruction
decode,1786166958657379419,1786166958806495265,149115846,8.0,0.0,0.0,0.0,,,,,,Validated reconstruction
decode,1786166958806495265,1786166959657379419,850884154,8.0,0.0,0.0,0.0,,,,,,Validated reconstruction
decode,1786166959657379419,1786166959806495265,149115846,8.0,0.0,0.0,0.0,,,,,,Validated reconstruction
decode,1786166959806495265,1786166960657379419,850884154,8.0,0.0,0.0,0.0,,,,,,Validated reconstruction
decode,1786166960657379419,1786166960806495265,149115846,8.0,0.0,0.0,0.0,,,,,,Validated reconstruction
decode,1786166960806495265,1786166961657379419,850884154,8.0,0.0,0.0,0.0,,,,,,Validated reconstruction
decode,1786166961657379419,1786166961806495265,149115846,8.0,0.0,0.0,0.0,,,,,,Validated reconstruction
decode,1786166961806495265,1786166962657379419,850884154,8.0,0.0,0.0,0.0,,,,,,Validated reconstruction
decode,1786166962657379419,1786166962806495265,149115846,8.0,0.0,0.0,0.0,,,,,,Validated reconstruction
decode,1786166962806495265,1786166963657379419,850884154,8.0,0.0,0.0,0.0,,,,,,Validated reconstruction
decode,1786166963657379419,1786166963806495265,149115846,8.0,0.0,0.0,0.0,,,,,,Validated reconstruction
decode,1786166963806495265,1786166964657379419,850884154,8.0,0.0,0.0,0.0,,,,,,Validated reconstruction
decode,1786166964657379419,1786166964806495265,149115846,8.0,0.0,0.0,0.0,,,,,,Validated reconstruction
decode,1786166964806495265,1786166965657379419,850884154,8.0,0.0,0.0,0.0,,,,,,Validated reconstruction
decode,1786166965657379419,1786166965806495265,149115846,8.0,0.0,0.0,0.0,,,,,,Validated reconstruction
decode,1786166965806495265,1786166966657379419,850884154,8.0,0.0,0.0,0.0,,,,,,Validated reconstruction
decode,1786166966657379419,1786166966806495265,149115846,8.0,0.0,0.0,0.0,,,,,,Validated reconstruction
decode,1786166966806495265,1786166967657379419,850884154,8.0,0.0,0.0,0.0,,,,,,Validated reconstruction
decode,1786166967657379419,1786166967806495265,149115846,9.0,0.0,0.0,0.0,,,,,,Validated reconstruction
decode,1786166967806495265,1786166968657379419,850884154,9.0,0.0,0.0,0.0,,,,,,Validated reconstruction
decode,1786166968657379419,1786166968806495265,149115846,8.0,0.0,0.0,0.0,,,,,,Validated reconstruction
decode,1786166968806495265,1786166969657379419,850884154,8.0,0.0,0.0,0.0,,,,,,Validated reconstruction
decode,1786166969657379419,1786166969806495265,149115846,8.0,0.0,0.0,0.0,,,,,,Validated reconstruction
decode,1786166969806495265,1786166970657379419,850884154,8.0,0.0,0.0,0.0,,,,,,Validated reconstruction
decode,1786166970657379419,1786166970806495265,149115846,8.0,0.0,0.0,0.0,,,,,,Validated reconstruction
decode,1786166970806495265,1786166971657379419,850884154,8.0,0.0,0.0,0.0,,,,,,Validated reconstruction
decode,1786166971657379419,1786166971806495265,149115846,8.0,0.0,0.0,0.0,,,,,,Validated reconstruction
decode,1786166971806495265,1786166972657379419,850884154,8.0,0.0,0.0,0.0,,,,,,Validated reconstruction
decode,1786166972657379419,1786166972806495265,149115846,8.0,0.0,0.0,0.0,,,,,,Validated reconstruction
decode,1786166972806495265,1786166973657379419,850884154,8.0,0.0,0.0,0.0,,,,,,Validated reconstruction
decode,1786166973657379419,1786166973806495265,149115846,9.0,0.0,0.0,0.0,,,,,,Validated reconstruction
decode,1786166973806495265,1786166974657379419,850884154,9.0,0.0,0.0,1.0,,,,,,Validated reconstruction
decode,1786166974657379419,1786166974806495265,149115846,9.0,0.0,0.0,1.0,,,,,,Validated reconstruction
decode,1786166974806495265,1786166975657379419,850884154,9.0,0.0,0.0,1.0,,,,,,Validated reconstruction
decode,1786166975657379419,1786166975806495265,149115846,8.0,0.0,0.0,1.0,,,,,,Validated reconstruction
decode,1786166975806495265,1786166976657379419,850884154,8.0,0.0,0.0,0.0,,,,,,Validated reconstruction
decode,1786166976657379419,1786166976806495265,149115846,8.0,0.0,0.0,0.0,,,,,,Validated reconstruction
decode,1786166976806495265,1786166977657379419,850884154,8.0,0.0,0.0,0.0,,,,,,Validated reconstruction
decode,1786166977657379419,1786166977806495265,149115846,8.0,0.0,0.0,0.0,,,,,,Validated reconstruction
decode,1786166977806495265,1786166978657379419,850884154,8.0,0.0,0.0,0.0,,,,,,Validated reconstruction
decode,1786166978657379419,1786166978806495265,149115846,8.0,0.0,0.0,0.0,,,,,,Validated reconstruction
decode,1786166978806495265,1786166979657379419,850884154,8.0,0.0,0.0,0.0,,,,,,Validated reconstruction
decode,1786166979657379419,1786166979806495265,149115846,8.0,0.0,0.0,0.0,,,,,,Validated reconstruction
decode,1786166979806495265,1786166980657379419,850884154,8.0,0.0,0.0,0.0,,,,,,Validated reconstruction
decode,1786166980657379419,1786166980806495265,149115846,8.0,0.0,0.0,0.0,,,,,,Validated reconstruction
decode,1786166980806495265,1786166981657379419,850884154,8.0,0.0,0.0,0.0,,,,,,Validated reconstruction
decode,1786166981657379419,1786166981806495265,149115846,9.0,0.0,0.0,0.0,,,,,,Validated reconstruction
decode,1786166981806495265,1786166982657379419,850884154,9.0,0.0,0.0,0.0,,,,,,Validated reconstruction
decode,1786166982657379419,1786166982806495265,149115846,9.0,0.0,0.0,0.0,,,,,,Validated reconstruction
decode,1786166982806495265,1786166983657379419,850884154,9.0,0.0,0.0,0.0,,,,,,Validated reconstruction
decode,1786166983657379419,1786166983806495265,149115846,9.0,0.0,0.0,0.0,,,,,,Validated reconstruction
decode,1786166983806495265,1786166984657379419,850884154,9.0,0.0,0.0,0.0,,,,,,Validated reconstruction
decode,1786166984657379419,1786166984806495265,149115846,9.0,0.0,0.0,0.0,,,,,,Validated reconstruction
decode,1786166984806495265,1786166985657379419,850884154,9.0,0.0,0.0,0.0,,,,,,Validated reconstruction
decode,1786166985657379419,1786166985806495265,149115846,9.333333333333334,0.0,0.0,0.0,,,,,,Validated reconstruction
decode,1786166985806495265,1786166986657379419,850884154,9.333333333333334,0.0,0.0,0.0,,,,,,Validated reconstruction
decode,1786166986657379419,1786166986806495265,149115846,10.0,0.0,0.0,0.0,,,,,,Validated reconstruction
decode,1786166986806495265,1786166987657379419,850884154,10.0,0.0,0.0,0.0,,,,,,Validated reconstruction
decode,1786166987657379419,1786166987806495265,149115846,10.0,0.0,0.0,0.0,,,,,,Validated reconstruction
decode,1786166987806495265,1786166988657379419,850884154,10.0,0.0,0.0,0.0,,,,,,Validated reconstruction
decode,1786166988657379419,1786166988806495265,149115846,10.0,0.0,0.0,0.0,,,,,,Validated reconstruction
decode,1786166988806495265,1786166989657379419,850884154,10.0,0.0,0.0,0.0,,,,,,Validated reconstruction
decode,1786166989657379419,1786166989806495265,149115846,10.0,0.0,0.0,0.0,,,,,,Validated reconstruction
decode,1786166989806495265,1786166990657379419,850884154,10.0,0.0,0.0,0.0,,,,,,Validated reconstruction
decode,1786166990657379419,1786166990806495265,149115846,10.0,0.0,0.0,0.0,,,,,,Validated reconstruction
decode,1786166990806495265,1786166991657379419,850884154,10.0,0.0,0.0,0.0,,,,,,Validated reconstruction
decode,1786166991657379419,1786166991806495265,149115846,10.0,0.0,0.0,0.0,,,,,,Validated reconstruction
decode,1786166991806495265,1786166992657379419,850884154,9.0,0.0,0.0,0.0,,,,,,Validated reconstruction
decode,1786166992657379419,1786166992806495265,149115846,9.0,0.0,0.0,0.0,,,,,,Validated reconstruction
decode,1786166992806495265,1786166993657379419,850884154,9.0,0.0,0.0,0.0,,,,,,Validated reconstruction
decode,1786166993657379419,1786166993806495265,149115846,9.0,0.0,0.0,0.0,,,,,,Validated reconstruction
decode,1786166993806495265,1786166994657379419,850884154,9.0,0.0,0.0,0.0,,,,,,Validated reconstruction
decode,1786166994657379419,1786166994806495265,149115846,9.0,0.0,0.0,0.0,,,,,,Validated reconstruction
decode,1786166994806495265,1786166995657379419,850884154,9.0,0.0,0.0,0.0,,,,,,Validated reconstruction
decode,1786166995657379419,1786166995806495265,149115846,9.0,0.0,0.0,0.0,,,,,,Validated reconstruction
decode,1786166995806495265,1786166996657379419,850884154,9.0,0.0,0.0,0.0,,,,,,Validated reconstruction
decode,1786166996657379419,1786166996806495265,149115846,9.0,0.0,0.0,0.0,,,,,,Validated reconstruction
decode,1786166996806495265,1786166997657379419,850884154,9.0,0.0,0.0,0.0,,,,,,Validated reconstruction
decode,1786166997657379419,1786166997806495265,149115846,9.0,0.0,0.0,0.0,,,,,,Validated reconstruction
decode,1786166997806495265,1786166998657379419,850884154,9.0,0.0,0.0,0.0,,,,,,Validated reconstruction
decode,1786166998657379419,1786166998806495265,149115846,9.0,0.0,0.0,0.0,,,,,,Validated reconstruction
decode,1786166998806495265,1786166999657379419,850884154,9.0,0.0,0.0,0.0,,,,,,Validated reconstruction
decode,1786166999657379419,1786166999806495265,149115846,9.0,0.0,0.0,0.0,,,,,,Validated reconstruction
decode,1786166999806495265,1786167000657379419,850884154,9.0,0.0,0.0,0.0,,,,,,Validated reconstruction
decode,1786167000657379419,1786167000806495265,149115846,9.0,0.0,0.0,0.0,,,,,,Validated reconstruction
decode,1786167000806495265,1786167001657379419,850884154,9.0,0.0,0.0,0.0,,,,,,Validated reconstruction
decode,1786167001657379419,1786167001806495265,149115846,9.0,0.0,0.0,0.0,,,,,,Validated reconstruction
decode,1786167001806495265,1786167002657379419,850884154,9.0,0.0,0.0,0.0,,,,,,Validated reconstruction
decode,1786167002657379419,1786167002806495265,149115846,9.0,0.0,0.0,1.0,,,,,,Validated reconstruction
decode,1786167002806495265,1786167003657379419,850884154,9.0,0.0,0.0,1.0,,,,,,Validated reconstruction
decode,1786167003657379419,1786167003806495265,149115846,9.0,0.0,0.0,1.0,,,,,,Validated reconstruction
decode,1786167003806495265,1786167004657379419,850884154,9.0,0.0,0.0,1.0,,,,,,Validated reconstruction
decode,1786167004657379419,1786167004806495265,149115846,9.0,0.0,0.0,0.5,,,,,,Validated reconstruction
decode,1786167004806495265,1786167005657379419,850884154,9.0,0.0,0.0,0.5,,,,,,Validated reconstruction
decode,1786167005657379419,1786167005806495265,149115846,10.0,0.0,0.0,0.0,,,,,,Validated reconstruction
decode,1786167005806495265,1786167006657379419,850884154,11.0,0.0,0.0,0.0,,,,,,Validated reconstruction
decode,1786167006657379419,1786167006806495265,149115846,11.0,0.0,0.0,0.0,,,,,,Validated reconstruction
decode,1786167006806495265,1786167007657379419,850884154,11.0,0.0,0.0,0.0,,,,,,Validated reconstruction
decode,1786167007657379419,1786167007806495265,149115846,8.0,0.0,0.0,0.0,,,,,,Validated reconstruction
decode,1786167007806495265,1786167008657379419,850884154,8.0,0.0,0.0,0.0,,,,,,Validated reconstruction
decode,1786167008657379419,1786167008806495265,149115846,8.0,0.0,0.0,0.0,,,,,,Validated reconstruction
decode,1786167008806495265,1786167009657379419,850884154,8.0,0.0,0.0,0.0,,,,,,Validated reconstruction
decode,1786167009657379419,1786167009806495265,149115846,10.0,0.0,0.0,0.0,,,,,,Validated reconstruction
decode,1786167009806495265,1786167010657379419,850884154,10.0,0.0,0.0,0.0,,,,,,Validated reconstruction
decode,1786167010657379419,1786167010806495265,149115846,10.5,0.0,0.0,0.0,,,,,,Validated reconstruction
decode,1786167010806495265,1786167011657379419,850884154,10.5,0.0,0.0,0.0,,,,,,Validated reconstruction
decode,1786167011657379419,1786167011806495265,149115846,10.0,0.0,0.0,0.0,,,,,,Validated reconstruction
decode,1786167011806495265,1786167012657379419,850884154,10.0,0.0,0.0,1.0,,,,,,Validated reconstruction
decode,1786167012657379419,1786167012806495265,149115846,10.333333333333334,0.0,0.0,1.0,,,,,,Validated reconstruction
decode,1786167012806495265,1786167013657379419,850884154,10.333333333333334,0.0,0.0,1.0,,,,,,Validated reconstruction
decode,1786167013657379419,1786167013806495265,149115846,11.0,0.0,0.0,1.0,,,,,,Validated reconstruction
decode,1786167013806495265,1786167014657379419,850884154,12.0,0.0,0.0,0.0,,,,,,Validated reconstruction
decode,1786167014657379419,1786167014806495265,149115846,12.0,0.0,0.0,0.0,,,,,,Validated reconstruction
decode,1786167014806495265,1786167015657379419,850884154,12.0,0.0,0.0,0.0,,,,,,Validated reconstruction
decode,1786167015657379419,1786167015806495265,149115846,12.0,0.0,0.0,0.0,,,,,,Validated reconstruction
decode,1786167015806495265,1786167016657379419,850884154,11.0,0.0,0.0,0.0,,,,,,Validated reconstruction
decode,1786167016657379419,1786167016806495265,149115846,11.0,0.0,0.0,0.0,,,,,,Validated reconstruction
decode,1786167016806495265,1786167017657379419,850884154,11.0,0.0,0.0,0.0,,,,,,Validated reconstruction
decode,1786167017657379419,1786167017806495265,149115846,11.0,0.0,0.0,0.0,,,,,,Validated reconstruction
decode,1786167017806495265,1786167018657379419,850884154,11.0,0.0,0.0,0.0,,,,,,Validated reconstruction
decode,1786167018657379419,1786167018806495265,149115846,12.0,0.0,0.0,0.0,,,,,,Validated reconstruction
decode,1786167018806495265,1786167019657379419,850884154,12.0,0.0,0.0,0.0,,,,,,Validated reconstruction
decode,1786167019657379419,1786167019806495265,149115846,12.0,0.0,0.0,0.0,,,,,,Validated reconstruction
decode,1786167019806495265,1786167020657379419,850884154,12.0,0.0,0.5,0.0,,,,,,Validated reconstruction
decode,1786167020657379419,1786167020806495265,149115846,12.0,0.0,0.5,0.0,,,,,,Validated reconstruction
decode,1786167020806495265,1786167021657379419,850884154,12.0,0.0,1.0,0.0,,,,,,Validated reconstruction
decode,1786167021657379419,1786167021806495265,149115846,12.0,0.0,1.0,0.0,,,,,,Validated reconstruction
decode,1786167021806495265,1786167022657379419,850884154,12.0,0.0,1.0,0.0,,,,,,Validated reconstruction
decode,1786167022657379419,1786167022806495265,149115846,12.0,0.0,1.0,0.0,,,,,,Validated reconstruction
decode,1786167022806495265,1786167023657379419,850884154,12.0,0.0,1.0,0.0,,,,,,Validated reconstruction
decode,1786167023657379419,1786167023806495265,149115846,12.0,0.0,1.0,0.0,,,,,,Validated reconstruction
decode,1786167023806495265,1786167024657379419,850884154,12.0,0.0,1.0,0.0,,,,,,Validated reconstruction
decode,1786167024657379419,1786167024806495265,149115846,12.0,0.0,1.0,0.0,,,,,,Validated reconstruction
decode,1786167024806495265,1786167025657379419,850884154,12.0,0.0,1.0,0.0,,,,,,Validated reconstruction
decode,1786167025657379419,1786167025806495265,149115846,12.0,0.0,1.0,0.0,,,,,,Validated reconstruction
decode,1786167025806495265,1786167026657379419,850884154,12.0,0.0,1.0,0.0,,,,,,Validated reconstruction
decode,1786167026657379419,1786167026806495265,149115846,12.0,0.0,1.0,0.0,,,,,,Validated reconstruction
decode,1786167026806495265,1786167027657379419,850884154,12.0,0.0,1.0,0.0,,,,,,Validated reconstruction
decode,1786167027657379419,1786167027806495265,149115846,12.0,0.0,1.0,0.0,,,,,,Validated reconstruction
decode,1786167027806495265,1786167028657379419,850884154,12.0,0.0,1.0,0.0,,,,,,Validated reconstruction
decode,1786167028657379419,1786167028806495265,149115846,12.0,0.0,1.0,0.0,,,,,,Validated reconstruction
decode,1786167028806495265,1786167029657379419,850884154,12.0,0.0,1.0,0.0,,,,,,Validated reconstruction
decode,1786167029657379419,1786167029806495265,149115846,12.0,0.0,1.0,0.0,,,,,,Validated reconstruction
decode,1786167029806495265,1786167030657379419,850884154,12.0,0.0,1.0,0.0,,,,,,Validated reconstruction
decode,1786167030657379419,1786167030806495265,149115846,13.0,0.0,1.0,1.0,,,,,,Validated reconstruction
decode,1786167030806495265,1786167031657379419,850884154,13.0,0.0,1.0,1.0,,,,,,Validated reconstruction
decode,1786167031657379419,1786167031806495265,149115846,13.5,0.0,1.0,0.5,,,,,,Validated reconstruction
decode,1786167031806495265,1786167032657379419,850884154,13.5,0.0,1.0,1.0,,,,,,Validated reconstruction
decode,1786167032657379419,1786167032806495265,149115846,14.0,0.0,1.0,0.5,,,,,,Validated reconstruction
decode,1786167032806495265,1786167033657379419,850884154,14.0,0.0,1.0,1.0,,,,,,Validated reconstruction
decode,1786167033657379419,1786167033806495265,149115846,14.0,0.0,1.0,1.0,,,,,,Validated reconstruction
decode,1786167033806495265,1786167034657379419,850884154,14.0,0.0,1.0,1.0,,,,,,Validated reconstruction
decode,1786167034657379419,1786167034806495265,149115846,14.0,0.0,1.0,1.0,,,,,,Validated reconstruction
decode,1786167034806495265,1786167035657379419,850884154,14.0,0.0,1.0,1.0,,,,,,Validated reconstruction
decode,1786167035657379419,1786167035806495265,149115846,14.0,0.0,1.0,1.0,,,,,,Validated reconstruction
decode,1786167035806495265,1786167036657379419,850884154,14.0,0.0,1.0,1.0,,,,,,Validated reconstruction
decode,1786167036657379419,1786167036806495265,149115846,14.0,0.0,1.0,1.0,,,,,,Validated reconstruction
decode,1786167036806495265,1786167037657379419,850884154,14.0,0.0,1.0,1.0,,,,,,Validated reconstruction
decode,1786167037657379419,1786167037806495265,149115846,14.0,0.0,1.0,1.0,,,,,,Validated reconstruction
decode,1786167037806495265,1786167038657379419,850884154,14.0,0.0,1.0,1.0,,,,,,Validated reconstruction
decode,1786167038657379419,1786167038806495265,149115846,14.0,0.0,1.0,1.0,,,,,,Validated reconstruction
decode,1786167038806495265,1786167039657379419,850884154,14.0,0.0,1.0,1.0,,,,,,Validated reconstruction
decode,1786167039657379419,1786167039806495265,149115846,14.0,0.0,1.0,1.0,,,,,,Validated reconstruction
decode,1786167039806495265,1786167040657379419,850884154,14.0,0.0,1.0,1.0,,,,,,Validated reconstruction
decode,1786167040657379419,1786167040806495265,149115846,13.0,0.0,1.0,1.0,,,,,,Validated reconstruction
decode,1786167040806495265,1786167041657379419,850884154,13.0,0.0,1.0,1.0,,,,,,Validated reconstruction
decode,1786167041657379419,1786167041806495265,149115846,13.0,0.0,1.0,1.0,,,,,,Validated reconstruction
decode,1786167041806495265,1786167042657379419,850884154,13.0,0.0,1.0,1.0,,,,,,Validated reconstruction
decode,1786167042657379419,1786167042806495265,149115846,13.0,0.0,1.0,1.0,,,,,,Validated reconstruction
decode,1786167042806495265,1786167043657379419,850884154,13.0,0.0,1.0,1.0,,,,,,Validated reconstruction
decode,1786167043657379419,1786167043806495265,149115846,13.0,0.0,1.0,1.0,,,,,,Validated reconstruction
decode,1786167043806495265,1786167044657379419,850884154,13.0,0.0,1.0,1.0,,,,,,Validated reconstruction
decode,1786167044657379419,1786167044806495265,149115846,13.0,0.0,1.0,1.0,,,,,,Validated reconstruction
decode,1786167044806495265,1786167045657379419,850884154,13.0,0.0,1.0,1.0,,,,,,Validated reconstruction
decode,1786167045657379419,1786167045806495265,149115846,13.0,0.0,1.0,1.0,,,,,,Validated reconstruction
decode,1786167045806495265,1786167046657379419,850884154,13.0,0.0,1.0,1.0,,,,,,Validated reconstruction
decode,1786167046657379419,1786167046806495265,149115846,13.0,0.0,1.0,1.0,,,,,,Validated reconstruction
decode,1786167046806495265,1786167047657379419,850884154,13.0,0.0,1.0,1.0,,,,,,Validated reconstruction
decode,1786167047657379419,1786167047806495265,149115846,13.0,0.0,1.0,1.0,,,,,,Validated reconstruction
decode,1786167047806495265,1786167048657379419,850884154,13.0,0.0,1.0,1.0,,,,,,Validated reconstruction
decode,1786167048657379419,1786167048806495265,149115846,13.0,0.0,1.0,1.0,,,,,,Validated reconstruction
decode,1786167048806495265,1786167049657379419,850884154,13.0,0.0,1.0,1.0,,,,,,Validated reconstruction
decode,1786167049657379419,1786167049806495265,149115846,13.0,0.0,1.0,1.0,,,,,,Validated reconstruction
decode,1786167049806495265,1786167050657379419,850884154,13.0,0.0,1.0,1.0,,,,,,Validated reconstruction
decode,1786167050657379419,1786167050806495265,149115846,13.0,0.0,1.0,1.0,,,,,,Validated reconstruction
decode,1786167050806495265,1786167051657379419,850884154,13.0,0.0,1.0,1.0,,,,,,Validated reconstruction
decode,1786167051657379419,1786167051806495265,149115846,13.0,0.0,1.0,1.0,,,,,,Validated reconstruction
decode,1786167051806495265,1786167052657379419,850884154,13.0,0.0,1.0,1.0,,,,,,Validated reconstruction
decode,1786167052657379419,1786167052806495265,149115846,13.0,0.0,1.0,1.0,,,,,,Validated reconstruction
decode,1786167052806495265,1786167053657379419,850884154,13.0,0.0,1.0,1.0,,,,,,Validated reconstruction
decode,1786167053657379419,1786167053806495265,149115846,13.0,0.0,1.0,1.0,,,,,,Validated reconstruction
decode,1786167053806495265,1786167054657379419,850884154,13.0,0.0,1.0,1.0,,,,,,Validated reconstruction
decode,1786167054657379419,1786167054806495265,149115846,13.0,0.0,1.0,1.0,,,,,,Validated reconstruction
decode,1786167054806495265,1786167055657379419,850884154,13.0,0.0,1.0,1.0,,,,,,Validated reconstruction
decode,1786167055657379419,1786167055806495265,149115846,13.0,0.0,1.0,1.0,,,,,,Validated reconstruction
decode,1786167055806495265,1786167056657379419,850884154,13.0,0.0,1.0,1.0,,,,,,Validated reconstruction
decode,1786167056657379419,1786167056806495265,149115846,13.0,0.0,1.0,1.0,,,,,,Validated reconstruction
decode,1786167056806495265,1786167057657379419,850884154,13.0,0.0,1.0,1.0,,,,,,Validated reconstruction
decode,1786167057657379419,1786167057806495265,149115846,13.5,0.0,1.0,1.0,,,,,,Validated reconstruction
decode,1786167057806495265,1786167058657379419,850884154,13.5,0.0,1.0,1.0,,,,,,Validated reconstruction
decode,1786167058657379419,1786167058806495265,149115846,14.0,0.0,1.0,1.0,,,,,,Validated reconstruction
decode,1786167058806495265,1786167059657379419,850884154,14.0,0.0,1.0,1.0,,,,,,Validated reconstruction
decode,1786167059657379419,1786167059806495265,149115846,14.0,0.0,1.0,1.0,,,,,,Validated reconstruction
decode,1786167059806495265,1786167060657379419,850884154,14.0,0.0,1.0,1.0,,,,,,Validated reconstruction
decode,1786167060657379419,1786167060806495265,149115846,14.0,0.0,1.0,1.0,,,,,,Validated reconstruction
decode,1786167060806495265,1786167061657379419,850884154,14.0,0.0,1.0,1.0,,,,,,Validated reconstruction
decode,1786167062657379419,1786167062806495265,149115846,14.0,0.0,1.0,1.0,,,,,,Validated reconstruction
decode,1786167062806495265,1786167063657379419,850884154,14.0,0.0,1.0,1.0,,,,,,Validated reconstruction
decode,1786167063657379419,1786167063806495265,149115846,14.0,0.0,1.0,1.0,,,,,,Validated reconstruction
decode,1786167063806495265,1786167064657379419,850884154,14.5,0.0,1.0,1.0,,,,,,Validated reconstruction
decode,1786167064657379419,1786167064806495265,149115846,14.5,0.0,1.0,1.0,,,,,,Validated reconstruction
decode,1786167064806495265,1786167065657379419,850884154,15.0,0.0,1.0,1.0,,,,,,Validated reconstruction
decode,1786167065657379419,1786167065806495265,149115846,15.0,0.0,1.0,1.0,,,,,,Validated reconstruction
decode,1786167065806495265,1786167066657379419,850884154,15.0,0.0,1.0,1.0,,,,,,Validated reconstruction
decode,1786167066657379419,1786167066806495265,149115846,15.0,0.0,1.0,1.0,,,,,,Validated reconstruction
decode,1786167066806495265,1786167067657379419,850884154,14.0,0.0,0.0,1.0,,,,,,Validated reconstruction
decode,1786167067657379419,1786167067806495265,149115846,14.0,0.0,0.0,1.0,,,,,,Validated reconstruction
decode,1786167067806495265,1786167068657379419,850884154,14.0,0.0,0.0,1.0,,,,,,Validated reconstruction
decode,1786167068657379419,1786167068806495265,149115846,14.0,0.0,0.0,1.0,,,,,,Validated reconstruction
decode,1786167068806495265,1786167069657379419,850884154,14.0,0.0,0.0,1.0,,,,,,Validated reconstruction
decode,1786167069657379419,1786167069806495265,149115846,14.0,0.0,0.0,1.0,,,,,,Validated reconstruction
decode,1786167069806495265,1786167070657379419,850884154,14.0,0.0,0.0,1.0,,,,,,Validated reconstruction
decode,1786167070657379419,1786167070806495265,149115846,14.0,0.0,0.0,1.0,,,,,,Validated reconstruction
decode,1786167070806495265,1786167071657379419,850884154,14.0,0.0,0.0,1.0,,,,,,Validated reconstruction
decode,1786167071657379419,1786167071806495265,149115846,14.0,0.0,0.0,1.0,,,,,,Validated reconstruction
decode,1786167071806495265,1786167072657379419,850884154,14.0,0.0,0.0,1.0,,,,,,Validated reconstruction
decode,1786167072657379419,1786167072806495265,149115846,14.0,0.0,0.0,1.0,,,,,,Validated reconstruction
decode,1786167072806495265,1786167073657379419,850884154,14.0,0.0,0.0,1.0,,,,,,Validated reconstruction
decode,1786167073657379419,1786167073806495265,149115846,14.0,0.0,0.0,1.0,,,,,,Validated reconstruction
decode,1786167073806495265,1786167074657379419,850884154,14.0,0.0,0.0,1.0,,,,,,Validated reconstruction
decode,1786167074657379419,1786167074806495265,149115846,14.0,0.0,0.0,1.0,,,,,,Validated reconstruction
decode,1786167074806495265,1786167075657379419,850884154,14.0,0.0,0.0,1.0,,,,,,Validated reconstruction
decode,1786167075657379419,1786167075806495265,149115846,14.0,0.0,0.0,1.0,,,,,,Validated reconstruction
decode,1786167075806495265,1786167076657379419,850884154,14.0,0.0,0.0,2.0,,,,,,Validated reconstruction
decode,1786167076657379419,1786167076806495265,149115846,14.0,0.0,0.0,2.0,,,,,,Validated reconstruction
decode,1786167076806495265,1786167077657379419,850884154,15.0,0.0,0.0,1.0,,,,,,Validated reconstruction
decode,1786167077657379419,1786167077806495265,149115846,15.0,0.0,0.0,1.0,,,,,,Validated reconstruction
decode,1786167077806495265,1786167078657379419,850884154,15.0,0.0,0.0,1.0,,,,,,Validated reconstruction
decode,1786167078657379419,1786167078806495265,149115846,15.0,0.0,0.0,1.0,,,,,,Validated reconstruction
decode,1786167078806495265,1786167079657379419,850884154,10.0,0.0,0.0,0.5,,,,,,Validated reconstruction
decode,1786167079657379419,1786167079806495265,149115846,10.0,0.0,0.0,0.5,,,,,,Validated reconstruction
decode,1786167079806495265,1786167080657379419,850884154,6.0,0.0,0.0,0.0,,,,,,Validated reconstruction
decode,1786167080657379419,1786167080806495265,149115846,6.0,0.0,0.0,0.0,,,,,,Validated reconstruction
decode,1786167080806495265,1786167081657379419,850884154,6.0,0.0,0.0,0.0,,,,,,Validated reconstruction
decode,1786167081657379419,1786167081806495265,149115846,6.0,0.0,0.0,0.0,,,,,,Validated reconstruction
decode,1786167081806495265,1786167082657379419,850884154,6.0,0.0,0.0,0.0,,,,,,Validated reconstruction
decode,1786167082657379419,1786167082806495265,149115846,6.0,0.0,1.0,0.0,,,,,,Validated reconstruction
decode,1786167082806495265,1786167083657379419,850884154,6.0,0.0,1.0,0.0,,,,,,Validated reconstruction
decode,1786167083657379419,1786167083806495265,149115846,6.0,0.0,1.0,0.0,,,,,,Validated reconstruction
decode,1786167083806495265,1786167084657379419,850884154,6.0,0.0,1.0,0.0,,,,,,Validated reconstruction
decode,1786167084657379419,1786167084806495265,149115846,6.0,0.0,1.0,0.0,,,,,,Validated reconstruction
decode,1786167084806495265,1786167085657379419,850884154,6.0,0.0,1.0,0.0,,,,,,Validated reconstruction
decode,1786167085657379419,1786167085806495265,149115846,6.0,0.0,1.0,0.0,,,,,,Validated reconstruction
decode,1786167085806495265,1786167086657379419,850884154,6.0,0.0,1.0,0.0,,,,,,Validated reconstruction
decode,1786167086657379419,1786167086806495265,149115846,6.0,0.0,1.0,0.0,,,,,,Validated reconstruction
decode,1786167086806495265,1786167087657379419,850884154,6.0,0.0,1.0,0.0,,,,,,Validated reconstruction
decode,1786167087657379419,1786167087806495265,149115846,6.0,0.0,1.0,0.0,,,,,,Validated reconstruction
decode,1786167087806495265,1786167088657379419,850884154,6.0,0.0,1.0,0.0,,,,,,Validated reconstruction
decode,1786167088657379419,1786167088806495265,149115846,6.0,0.0,1.0,0.0,,,,,,Validated reconstruction
decode,1786167088806495265,1786167089657379419,850884154,6.0,0.0,1.0,0.0,,,,,,Validated reconstruction
decode,1786167089657379419,1786167089806495265,149115846,6.0,0.0,1.0,0.0,,,,,,Validated reconstruction
decode,1786167089806495265,1786167090657379419,850884154,7.0,0.0,1.0,0.0,,,,,,Validated reconstruction
decode,1786167090657379419,1786167090806495265,149115846,7.0,0.0,1.0,0.0,,,,,,Validated reconstruction
decode,1786167090806495265,1786167091657379419,850884154,7.0,0.0,1.0,0.0,,,,,,Validated reconstruction
decode,1786167091657379419,1786167091806495265,149115846,7.0,0.0,1.0,0.0,,,,,,Validated reconstruction
decode,1786167091806495265,1786167092657379419,850884154,7.0,0.0,1.0,0.0,,,,,,Validated reconstruction
decode,1786167092657379419,1786167092806495265,149115846,7.0,0.0,1.0,0.0,,,,,,Validated reconstruction
decode,1786167092806495265,1786167093657379419,850884154,7.0,0.0,1.0,0.0,,,,,,Validated reconstruction
decode,1786167094657379419,1786167094806495265,149115846,7.0,0.0,0.0,0.0,,,,,,Validated reconstruction
decode,1786167094806495265,1786167095657379419,850884154,7.0,0.0,0.0,0.0,,,,,,Validated reconstruction
decode,1786167095657379419,1786167095806495265,149115846,7.0,0.0,0.0,0.0,,,,,,Validated reconstruction
decode,1786167095806495265,1786167096657379419,850884154,8.0,0.0,0.0,0.0,,,,,,Validated reconstruction
decode,1786167096657379419,1786167096806495265,149115846,8.0,0.0,0.0,0.0,,,,,,Validated reconstruction
decode,1786167096806495265,1786167097657379419,850884154,8.0,0.0,0.0,0.0,,,,,,Validated reconstruction
decode,1786167097657379419,1786167097806495265,149115846,8.0,0.0,0.0,0.0,,,,,,Validated reconstruction
decode,1786167097806495265,1786167098657379419,850884154,8.0,0.0,0.0,0.0,,,,,,Validated reconstruction
decode,1786167098657379419,1786167098806495265,149115846,8.0,0.0,0.0,0.0,,,,,,Validated reconstruction
decode,1786167098806495265,1786167099657379419,850884154,8.0,0.0,0.0,0.0,,,,,,Validated reconstruction
decode,1786167099657379419,1786167099806495265,149115846,8.0,0.0,0.0,0.0,,,,,,Validated reconstruction
decode,1786167099806495265,1786167100657379419,850884154,8.0,0.0,0.0,0.0,,,,,,Validated reconstruction
decode,1786167100657379419,1786167100806495265,149115846,8.0,0.0,0.0,0.0,,,,,,Validated reconstruction
decode,1786167100806495265,1786167101657379419,850884154,8.0,0.0,0.0,0.0,,,,,,Validated reconstruction
decode,1786167101657379419,1786167101806495265,149115846,8.0,0.0,0.0,0.0,,,,,,Validated reconstruction
decode,1786167101806495265,1786167102657379419,850884154,8.0,0.0,0.0,0.0,,,,,,Validated reconstruction
decode,1786167102657379419,1786167102806495265,149115846,8.0,0.0,0.0,0.0,,,,,,Validated reconstruction
decode,1786167102806495265,1786167103657379419,850884154,9.0,0.0,0.0,0.5,,,,,,Validated reconstruction
decode,1786167103657379419,1786167103806495265,149115846,9.0,0.0,0.0,0.5,,,,,,Validated reconstruction
decode,1786167103806495265,1786167104657379419,850884154,9.0,0.0,0.0,1.0,,,,,,Validated reconstruction
decode,1786167104657379419,1786167104806495265,149115846,9.0,0.0,0.0,1.0,,,,,,Validated reconstruction
decode,1786167104806495265,1786167105657379419,850884154,9.0,0.0,0.0,1.0,,,,,,Validated reconstruction
decode,1786167105657379419,1786167105806495265,149115846,9.0,0.0,0.0,1.0,,,,,,Validated reconstruction
decode,1786167105806495265,1786167106657379419,850884154,10.0,0.0,0.0,0.0,,,,,,Validated reconstruction
decode,1786167106657379419,1786167106806495265,149115846,10.0,0.0,0.0,0.0,,,,,,Validated reconstruction
decode,1786167106806495265,1786167107657379419,850884154,10.0,0.0,0.0,0.0,,,,,,Validated reconstruction
decode,1786167107657379419,1786167107806495265,149115846,10.0,0.0,0.0,0.0,,,,,,Validated reconstruction
decode,1786167107806495265,1786167108657379419,850884154,10.0,0.0,0.0,0.0,,,,,,Validated reconstruction
decode,1786167108657379419,1786167108806495265,149115846,10.0,0.0,0.0,0.0,,,,,,Validated reconstruction
decode,1786167108806495265,1786167109657379419,850884154,10.0,0.0,0.0,0.0,,,,,,Validated reconstruction
decode,1786167109657379419,1786167109806495265,149115846,10.0,0.0,0.0,0.0,,,,,,Validated reconstruction
decode,1786167109806495265,1786167110657379419,850884154,9.5,0.0,0.0,0.0,,,,,,Validated reconstruction
decode,1786167110657379419,1786167110806495265,149115846,9.5,0.0,0.0,0.0,,,,,,Validated reconstruction
decode,1786167110806495265,1786167111657379419,850884154,9.0,0.0,0.0,0.0,,,,,,Validated reconstruction
decode,1786167111657379419,1786167111806495265,149115846,9.0,0.0,0.0,0.0,,,,,,Validated reconstruction
decode,1786167111806495265,1786167112657379419,850884154,9.0,0.0,0.0,0.0,,,,,,Validated reconstruction
decode,1786167112657379419,1786167112806495265,149115846,9.0,0.0,0.0,0.0,,,,,,Validated reconstruction
decode,1786167112806495265,1786167113657379419,850884154,9.0,0.0,0.0,0.0,,,,,,Validated reconstruction
decode,1786167113657379419,1786167113806495265,149115846,9.0,0.0,0.0,0.0,,,,,,Validated reconstruction
decode,1786167113806495265,1786167114657379419,850884154,9.0,0.0,0.0,0.0,,,,,,Validated reconstruction
decode,1786167114657379419,1786167114806495265,149115846,9.0,0.0,0.0,0.0,,,,,,Validated reconstruction
decode,1786167114806495265,1786167115657379419,850884154,9.0,0.0,0.0,0.0,,,,,,Validated reconstruction
decode,1786167115657379419,1786167115806495265,149115846,10.0,0.0,0.0,1.0,,,,,,Validated reconstruction
decode,1786167115806495265,1786167116657379419,850884154,7.0,0.0,0.0,1.0,,,,,,Validated reconstruction
decode,1786167116657379419,1786167116806495265,149115846,7.0,0.0,0.0,0.5,,,,,,Validated reconstruction
decode,1786167116806495265,1786167117657379419,850884154,8.0,0.0,0.0,0.5,,,,,,Validated reconstruction
decode,1786167117657379419,1786167117806495265,149115846,8.0,0.0,0.0,0.0,,,,,,Validated reconstruction
decode,1786167117806495265,1786167118657379419,850884154,7.0,0.0,0.0,0.0,,,,,,Validated reconstruction
decode,1786167118657379419,1786167118806495265,149115846,7.0,0.0,0.0,0.0,,,,,,Validated reconstruction
decode,1786167118806495265,1786167119657379419,850884154,7.0,0.0,0.0,0.0,,,,,,Validated reconstruction
decode,1786167119657379419,1786167119806495265,149115846,7.0,0.0,0.0,0.0,,,,,,Validated reconstruction
decode,1786167119806495265,1786167120657379419,850884154,7.0,0.0,0.0,0.0,,,,,,Validated reconstruction
decode,1786167120657379419,1786167120806495265,149115846,7.0,0.0,1.0,0.0,,,,,,Validated reconstruction
decode,1786167120806495265,1786167121657379419,850884154,7.0,0.0,1.0,0.0,,,,,,Validated reconstruction
decode,1786167121657379419,1786167121806495265,149115846,7.0,0.0,1.0,0.0,,,,,,Validated reconstruction
decode,1786167121806495265,1786167122657379419,850884154,7.0,0.0,1.0,0.0,,,,,,Validated reconstruction
decode,1786167122657379419,1786167122806495265,149115846,7.0,0.0,1.0,0.0,,,,,,Validated reconstruction
decode,1786167122806495265,1786167123657379419,850884154,7.0,0.0,1.0,0.0,,,,,,Validated reconstruction
decode,1786167123657379419,1786167123806495265,149115846,7.0,0.0,1.0,0.0,,,,,,Validated reconstruction
decode,1786167123806495265,1786167124657379419,850884154,7.0,0.0,1.0,0.0,,,,,,Validated reconstruction
decode,1786167124657379419,1786167124806495265,149115846,7.0,0.0,1.0,0.0,,,,,,Validated reconstruction
decode,1786167124806495265,1786167125657379419,850884154,7.0,0.0,1.0,0.0,,,,,,Validated reconstruction
decode,1786167125657379419,1786167125806495265,149115846,7.0,0.0,1.0,0.0,,,,,,Validated reconstruction
decode,1786167125806495265,1786167126657379419,850884154,7.0,0.0,1.0,0.0,,,,,,Validated reconstruction
decode,1786167126657379419,1786167126806495265,149115846,7.0,0.0,1.0,0.0,,,,,,Validated reconstruction
decode,1786167126806495265,1786167127657379419,850884154,7.0,0.0,1.0,0.0,,,,,,Validated reconstruction
decode,1786167127657379419,1786167127806495265,149115846,7.0,0.0,1.0,0.0,,,,,,Validated reconstruction
decode,1786167127806495265,1786167128657379419,850884154,7.0,0.0,1.0,0.0,,,,,,Validated reconstruction
decode,1786167128657379419,1786167128806495265,149115846,7.0,0.0,1.0,0.0,,,,,,Validated reconstruction
decode,1786167128806495265,1786167129657379419,850884154,7.0,0.0,1.0,0.0,,,,,,Validated reconstruction
decode,1786167129657379419,1786167129806495265,149115846,7.0,0.0,1.0,0.0,,,,,,Validated reconstruction
decode,1786167129806495265,1786167130657379419,850884154,8.0,0.0,1.0,0.0,,,,,,Validated reconstruction
decode,1786167130657379419,1786167130806495265,149115846,8.0,0.0,1.0,0.0,,,,,,Validated reconstruction
decode,1786167130806495265,1786167131657379419,850884154,7.0,0.0,1.0,0.0,,,,,,Validated reconstruction
decode,1786167131657379419,1786167131806495265,149115846,7.0,0.0,1.0,0.0,,,,,,Validated reconstruction
decode,1786167131806495265,1786167132657379419,850884154,7.0,0.0,1.0,0.0,,,,,,Validated reconstruction
decode,1786167132657379419,1786167132806495265,149115846,7.0,0.0,1.0,0.0,,,,,,Validated reconstruction
decode,1786167132806495265,1786167133657379419,850884154,7.0,0.0,1.0,0.0,,,,,,Validated reconstruction
decode,1786167134657379419,1786167134806495265,149115846,7.0,0.0,1.0,0.3333333333333333,,,,,,Validated reconstruction
decode,1786167134806495265,1786167135657379419,850884154,7.0,0.0,1.0,0.3333333333333333,,,,,,Validated reconstruction
decode,1786167135657379419,1786167135806495265,149115846,7.0,0.0,1.0,1.0,,,,,,Validated reconstruction
decode,1786167135806495265,1786167136657379419,850884154,7.0,0.0,1.0,1.0,,,,,,Validated reconstruction
decode,1786167136657379419,1786167136806495265,149115846,7.5,0.0,1.0,0.5,,,,,,Validated reconstruction
decode,1786167136806495265,1786167137657379419,850884154,7.5,0.0,1.0,0.5,,,,,,Validated reconstruction
decode,1786167137657379419,1786167137806495265,149115846,8.0,0.0,1.0,0.0,,,,,,Validated reconstruction
decode,1786167137806495265,1786167138657379419,850884154,8.0,0.0,1.0,0.0,,,,,,Validated reconstruction
decode,1786167138657379419,1786167138806495265,149115846,7.0,0.0,1.0,0.0,,,,,,Validated reconstruction
decode,1786167138806495265,1786167139657379419,850884154,7.0,0.0,1.0,0.0,,,,,,Validated reconstruction
decode,1786167139657379419,1786167139806495265,149115846,7.0,0.0,1.0,0.0,,,,,,Validated reconstruction
decode,1786167139806495265,1786167140657379419,850884154,9.0,0.0,1.0,0.0,,,,,,Validated reconstruction
decode,1786167141657379419,1786167141806495265,149115846,7.0,0.0,1.0,0.0,,,,,,Validated reconstruction
decode,1786167141806495265,1786167142657379419,850884154,8.0,0.0,1.0,0.0,,,,,,Validated reconstruction
decode,1786167142657379419,1786167142806495265,149115846,8.0,0.0,1.0,0.0,,,,,,Validated reconstruction
decode,1786167142806495265,1786167143657379419,850884154,8.5,0.0,1.0,0.0,,,,,,Validated reconstruction
decode,1786167143657379419,1786167143806495265,149115846,8.5,0.0,1.0,0.0,,,,,,Validated reconstruction
decode,1786167143806495265,1786167144657379419,850884154,7.0,0.0,1.0,0.0,,,,,,Validated reconstruction
decode,1786167144657379419,1786167144806495265,149115846,7.0,0.0,2.0,0.0,,,,,,Validated reconstruction
decode,1786167144806495265,1786167145657379419,850884154,7.0,0.0,2.0,0.0,,,,,,Validated reconstruction
decode,1786167145657379419,1786167145806495265,149115846,7.0,0.0,2.0,0.0,,,,,,Validated reconstruction
decode,1786167145806495265,1786167146657379419,850884154,7.0,0.0,2.0,0.0,,,,,,Validated reconstruction
decode,1786167146657379419,1786167146806495265,149115846,7.0,0.0,3.0,0.0,,,,,,Validated reconstruction
decode,1786167146806495265,1786167147657379419,850884154,7.0,0.0,3.0,0.0,,,,,,Validated reconstruction
decode,1786167147657379419,1786167147806495265,149115846,7.0,0.0,3.0,0.0,,,,,,Validated reconstruction
decode,1786167147806495265,1786167148657379419,850884154,7.0,0.0,3.0,0.0,,,,,,Validated reconstruction
decode,1786167148657379419,1786167148806495265,149115846,7.0,0.0,3.0,0.0,,,,,,Validated reconstruction
decode,1786167148806495265,1786167149657379419,850884154,7.0,0.0,3.0,0.0,,,,,,Validated reconstruction
decode,1786167149657379419,1786167149806495265,149115846,7.0,0.0,3.0,0.0,,,,,,Validated reconstruction
decode,1786167149806495265,1786167150657379419,850884154,7.0,0.0,3.0,0.0,,,,,,Validated reconstruction
decode,1786167150657379419,1786167150806495265,149115846,7.0,0.0,3.0,0.0,,,,,,Validated reconstruction
decode,1786167150806495265,1786167151657379419,850884154,7.0,0.0,3.0,0.0,,,,,,Validated reconstruction
decode,1786167151657379419,1786167151806495265,149115846,7.0,0.0,3.0,0.0,,,,,,Validated reconstruction
decode,1786167151806495265,1786167152657379419,850884154,7.0,0.0,3.0,0.0,,,,,,Validated reconstruction
decode,1786167152657379419,1786167152806495265,149115846,7.0,0.0,3.0,0.0,,,,,,Validated reconstruction
decode,1786167152806495265,1786167153657379419,850884154,7.0,0.0,3.0,0.0,,,,,,Validated reconstruction
decode,1786167153657379419,1786167153806495265,149115846,7.0,0.0,3.0,0.0,,,,,,Validated reconstruction
decode,1786167153806495265,1786167154657379419,850884154,7.0,0.0,3.0,0.0,,,,,,Validated reconstruction
decode,1786167154657379419,1786167154806495265,149115846,7.0,0.0,3.0,0.0,,,,,,Validated reconstruction
decode,1786167154806495265,1786167155657379419,850884154,7.0,0.0,3.0,0.0,,,,,,Validated reconstruction
decode,1786167155657379419,1786167155806495265,149115846,7.0,0.0,3.0,0.0,,,,,,Validated reconstruction
decode,1786167155806495265,1786167156657379419,850884154,7.0,0.0,3.0,0.0,,,,,,Validated reconstruction
decode,1786167156657379419,1786167156806495265,149115846,7.0,0.0,3.0,0.0,,,,,,Validated reconstruction
decode,1786167156806495265,1786167157657379419,850884154,7.0,0.0,3.0,0.0,,,,,,Validated reconstruction
decode,1786167157657379419,1786167157806495265,149115846,7.0,0.0,3.0,0.0,,,,,,Validated reconstruction
decode,1786167157806495265,1786167158657379419,850884154,7.0,0.0,3.0,0.0,,,,,,Validated reconstruction
decode,1786167158657379419,1786167158806495265,149115846,7.0,0.0,3.0,0.0,,,,,,Validated reconstruction
decode,1786167158806495265,1786167159657379419,850884154,7.0,0.0,3.0,0.0,,,,,,Validated reconstruction
decode,1786167159657379419,1786167159806495265,149115846,7.0,0.0,3.0,0.0,,,,,,Validated reconstruction
decode,1786167159806495265,1786167160657379419,850884154,7.0,0.0,3.0,0.0,,,,,,Validated reconstruction
decode,1786167160657379419,1786167160806495265,149115846,7.0,0.0,3.0,0.0,,,,,,Validated reconstruction
decode,1786167160806495265,1786167161657379419,850884154,7.0,0.0,3.0,0.0,,,,,,Validated reconstruction
decode,1786167161657379419,1786167161806495265,149115846,7.0,0.0,3.0,0.0,,,,,,Validated reconstruction
decode,1786167161806495265,1786167162657379419,850884154,7.0,0.0,3.0,0.0,,,,,,Validated reconstruction
decode,1786167162657379419,1786167162806495265,149115846,7.0,0.0,3.0,0.0,,,,,,Validated reconstruction
decode,1786167162806495265,1786167163657379419,850884154,7.0,0.0,3.0,0.0,,,,,,Validated reconstruction
decode,1786167163657379419,1786167163806495265,149115846,7.0,0.0,3.0,0.0,,,,,,Validated reconstruction
decode,1786167163806495265,1786167164657379419,850884154,7.0,0.0,3.0,0.0,,,,,,Validated reconstruction
decode,1786167165657379419,1786167165806495265,149115846,7.0,0.0,3.0,0.0,,,,,,Validated reconstruction
decode,1786167165806495265,1786167166657379419,850884154,7.0,0.0,3.0,0.0,,,,,,Validated reconstruction
decode,1786167166657379419,1786167166806495265,149115846,7.0,0.0,3.0,0.0,,,,,,Validated reconstruction
decode,1786167166806495265,1786167167657379419,850884154,7.0,0.0,3.0,0.0,,,,,,Validated reconstruction
decode,1786167167657379419,1786167167806495265,149115846,7.0,0.0,3.0,0.0,,,,,,Validated reconstruction
decode,1786167167806495265,1786167168657379419,850884154,7.0,0.0,3.0,0.0,,,,,,Validated reconstruction
decode,1786167168657379419,1786167168806495265,149115846,7.0,0.0,3.0,0.0,,,,,,Validated reconstruction
decode,1786167168806495265,1786167169657379419,850884154,7.0,0.0,3.0,0.0,,,,,,Validated reconstruction
decode,1786167169657379419,1786167169806495265,149115846,7.0,0.0,3.0,0.0,,,,,,Validated reconstruction
decode,1786167169806495265,1786167170657379419,850884154,7.0,0.0,3.0,0.0,,,,,,Validated reconstruction
decode,1786167170657379419,1786167170806495265,149115846,7.0,0.0,3.0,0.0,,,,,,Validated reconstruction
decode,1786167170806495265,1786167171657379419,850884154,7.0,0.0,3.0,0.0,,,,,,Validated reconstruction
decode,1786167171657379419,1786167171806495265,149115846,7.0,0.0,3.0,0.0,,,,,,Validated reconstruction
decode,1786167171806495265,1786167172657379419,850884154,7.0,0.0,3.0,0.0,,,,,,Validated reconstruction
decode,1786167172657379419,1786167172806495265,149115846,7.0,0.0,3.0,0.0,,,,,,Validated reconstruction
decode,1786167172806495265,1786167173657379419,850884154,7.0,0.0,3.0,0.0,,,,,,Validated reconstruction
decode,1786167173657379419,1786167173806495265,149115846,7.0,0.0,3.0,0.0,,,,,,Validated reconstruction
decode,1786167173806495265,1786167174657379419,850884154,7.0,0.0,3.0,0.0,,,,,,Validated reconstruction
decode,1786167174657379419,1786167174806495265,149115846,7.0,0.0,3.0,0.0,,,,,,Validated reconstruction
decode,1786167174806495265,1786167175657379419,850884154,7.0,0.0,3.0,0.0,,,,,,Validated reconstruction
decode,1786167175657379419,1786167175806495265,149115846,7.0,0.0,3.0,0.0,,,,,,Validated reconstruction
decode,1786167175806495265,1786167176657379419,850884154,7.0,0.0,3.0,0.0,,,,,,Validated reconstruction
decode,1786167176657379419,1786167176806495265,149115846,7.0,0.0,3.0,0.0,,,,,,Validated reconstruction
decode,1786167176806495265,1786167177657379419,850884154,7.0,0.0,3.0,0.0,,,,,,Validated reconstruction
decode,1786167177657379419,1786167177806495265,149115846,7.0,0.0,3.0,0.0,,,,,,Validated reconstruction
decode,1786167177806495265,1786167178657379419,850884154,7.0,0.0,3.0,0.0,,,,,,Validated reconstruction
decode,1786167178657379419,1786167178806495265,149115846,7.0,0.0,3.0,0.0,,,,,,Validated reconstruction
decode,1786167178806495265,1786167179657379419,850884154,7.0,0.0,3.0,0.0,,,,,,Validated reconstruction
decode,1786167179657379419,1786167179806495265,149115846,7.0,0.0,3.0,0.0,,,,,,Validated reconstruction
decode,1786167179806495265,1786167180657379419,850884154,7.0,0.0,3.0,0.0,,,,,,Validated reconstruction
decode,1786167180657379419,1786167180806495265,149115846,7.5,0.0,3.0,0.0,,,,,,Validated reconstruction
decode,1786167180806495265,1786167181657379419,850884154,7.5,0.0,3.0,0.0,,,,,,Validated reconstruction
decode,1786167181657379419,1786167181806495265,149115846,8.0,0.0,3.0,0.0,,,,,,Validated reconstruction
decode,1786167181806495265,1786167182657379419,850884154,8.0,0.0,3.0,0.0,,,,,,Validated reconstruction
decode,1786167182657379419,1786167182806495265,149115846,8.0,0.0,3.0,0.0,,,,,,Validated reconstruction
decode,1786167182806495265,1786167183657379419,850884154,8.0,0.0,3.0,0.0,,,,,,Validated reconstruction
decode,1786167183657379419,1786167183806495265,149115846,8.0,0.0,3.0,0.0,,,,,,Validated reconstruction
decode,1786167183806495265,1786167184657379419,850884154,8.0,0.0,3.0,0.0,,,,,,Validated reconstruction
decode,1786167184657379419,1786167184806495265,149115846,8.0,0.0,3.0,0.0,,,,,,Validated reconstruction
decode,1786167184806495265,1786167185657379419,850884154,8.0,0.0,3.0,0.0,,,,,,Validated reconstruction
decode,1786167185657379419,1786167185806495265,149115846,8.0,0.0,3.0,0.0,,,,,,Validated reconstruction
decode,1786167185806495265,1786167186657379419,850884154,8.0,0.0,3.0,0.0,,,,,,Validated reconstruction
decode,1786167186657379419,1786167186806495265,149115846,8.0,0.0,3.0,0.0,,,,,,Validated reconstruction
decode,1786167186806495265,1786167187657379419,850884154,8.0,0.0,3.0,0.0,,,,,,Validated reconstruction
decode,1786167187657379419,1786167187806495265,149115846,8.0,0.0,3.0,0.0,,,,,,Validated reconstruction
decode,1786167187806495265,1786167188657379419,850884154,8.0,0.0,3.0,0.0,,,,,,Validated reconstruction
decode,1786167188657379419,1786167188806495265,149115846,8.0,0.0,3.0,0.0,,,,,,Validated reconstruction
decode,1786167188806495265,1786167189657379419,850884154,8.0,0.0,3.0,0.0,,,,,,Validated reconstruction
decode,1786167189657379419,1786167189806495265,149115846,8.0,0.0,3.0,0.0,,,,,,Validated reconstruction
decode,1786167189806495265,1786167190657379419,850884154,8.0,0.0,3.0,0.0,,,,,,Validated reconstruction
decode,1786167190657379419,1786167190806495265,149115846,8.0,0.0,3.0,0.0,,,,,,Validated reconstruction
decode,1786167190806495265,1786167191657379419,850884154,8.0,0.0,3.0,0.0,,,,,,Validated reconstruction
decode,1786167191657379419,1786167191806495265,149115846,8.0,0.0,3.0,0.0,,,,,,Validated reconstruction
decode,1786167191806495265,1786167192657379419,850884154,8.0,0.0,3.0,0.0,,,,,,Validated reconstruction
decode,1786167192657379419,1786167192806495265,149115846,8.0,0.0,3.0,0.0,,,,,,Validated reconstruction
decode,1786167192806495265,1786167193657379419,850884154,8.0,0.0,3.0,0.0,,,,,,Validated reconstruction
decode,1786167193657379419,1786167193806495265,149115846,8.0,0.0,3.0,0.0,,,,,,Validated reconstruction
decode,1786167193806495265,1786167194657379419,850884154,8.0,0.0,3.0,0.0,,,,,,Validated reconstruction
decode,1786167194657379419,1786167194806495265,149115846,8.0,0.0,3.0,0.0,,,,,,Validated reconstruction
decode,1786167194806495265,1786167195657379419,850884154,8.0,0.0,3.0,0.0,,,,,,Validated reconstruction
decode,1786167195657379419,1786167195806495265,149115846,8.0,0.0,3.0,0.0,,,,,,Validated reconstruction
decode,1786167195806495265,1786167196657379419,850884154,8.0,0.0,3.0,0.0,,,,,,Validated reconstruction
decode,1786167196657379419,1786167196806495265,149115846,8.0,0.0,3.0,0.0,,,,,,Validated reconstruction
decode,1786167196806495265,1786167197657379419,850884154,8.0,0.0,3.0,0.0,,,,,,Validated reconstruction
decode,1786167197657379419,1786167197806495265,149115846,8.0,0.0,3.0,0.0,,,,,,Validated reconstruction
decode,1786167197806495265,1786167198657379419,850884154,8.0,0.0,3.0,0.0,,,,,,Validated reconstruction
decode,1786167198657379419,1786167198806495265,149115846,8.0,0.0,3.0,0.0,,,,,,Validated reconstruction
decode,1786167198806495265,1786167199657379419,850884154,8.0,0.0,3.0,0.0,,,,,,Validated reconstruction
decode,1786167199657379419,1786167199806495265,149115846,8.0,0.0,3.0,0.0,,,,,,Validated reconstruction
decode,1786167199806495265,1786167200657379419,850884154,8.0,0.0,3.0,0.0,,,,,,Validated reconstruction
decode,1786167200657379419,1786167200806495265,149115846,8.0,0.0,3.0,0.0,,,,,,Validated reconstruction
decode,1786167200806495265,1786167201657379419,850884154,8.0,0.0,3.0,0.0,,,,,,Validated reconstruction
decode,1786167201657379419,1786167201806495265,149115846,8.0,0.0,3.0,0.0,,,,,,Validated reconstruction
decode,1786167201806495265,1786167202657379419,850884154,8.0,0.0,3.0,0.0,,,,,,Validated reconstruction
decode,1786167202657379419,1786167202806495265,149115846,8.0,0.0,3.0,0.0,,,,,,Validated reconstruction
decode,1786167202806495265,1786167203657379419,850884154,8.0,0.0,3.0,0.0,,,,,,Validated reconstruction
decode,1786167203657379419,1786167203806495265,149115846,8.0,0.0,3.0,0.0,,,,,,Validated reconstruction
decode,1786167203806495265,1786167204657379419,850884154,8.0,0.0,3.0,0.0,,,,,,Validated reconstruction
decode,1786167204657379419,1786167204806495265,149115846,8.0,0.0,3.0,0.0,,,,,,Validated reconstruction
decode,1786167204806495265,1786167205657379419,850884154,8.0,0.0,3.0,0.0,,,,,,Validated reconstruction
decode,1786167205657379419,1786167205806495265,149115846,8.0,0.0,3.0,0.0,,,,,,Validated reconstruction
decode,1786167205806495265,1786167206657379419,850884154,8.0,0.0,3.0,0.0,,,,,,Validated reconstruction
decode,1786167206657379419,1786167206806495265,149115846,8.0,0.0,3.0,0.0,,,,,,Validated reconstruction
decode,1786167206806495265,1786167207657379419,850884154,8.0,0.0,3.0,0.0,,,,,,Validated reconstruction
decode,1786167207657379419,1786167207806495265,149115846,8.0,0.0,3.0,0.0,,,,,,Validated reconstruction
decode,1786167207806495265,1786167208657379419,850884154,8.0,0.0,3.0,0.0,,,,,,Validated reconstruction
decode,1786167208657379419,1786167208806495265,149115846,8.0,0.0,3.0,0.0,,,,,,Validated reconstruction
decode,1786167208806495265,1786167209657379419,850884154,8.0,0.0,3.0,0.0,,,,,,Validated reconstruction
decode,1786167209657379419,1786167209806495265,149115846,8.0,0.0,3.0,0.0,,,,,,Validated reconstruction
decode,1786167209806495265,1786167210657379419,850884154,8.0,0.0,3.0,0.0,,,,,,Validated reconstruction
decode,1786167210657379419,1786167210806495265,149115846,8.0,0.0,3.0,0.0,,,,,,Validated reconstruction
decode,1786167210806495265,1786167211657379419,850884154,8.0,0.0,3.0,0.0,,,,,,Validated reconstruction
decode,1786167211657379419,1786167211806495265,149115846,8.0,0.0,3.0,0.0,,,,,,Validated reconstruction
decode,1786167211806495265,1786167212657379419,850884154,8.0,0.0,3.0,0.0,,,,,,Validated reconstruction
decode,1786167212657379419,1786167212806495265,149115846,8.0,0.0,3.0,0.0,,,,,,Validated reconstruction
decode,1786167212806495265,1786167213657379419,850884154,8.0,0.0,3.0,0.0,,,,,,Validated reconstruction
decode,1786167214657379419,1786167214806495265,149115846,8.0,0.0,3.0,0.0,,,,,,Validated reconstruction
decode,1786167214806495265,1786167215657379419,850884154,8.0,0.0,3.0,0.0,,,,,,Validated reconstruction
decode,1786167215657379419,1786167215806495265,149115846,8.0,0.0,3.0,0.0,,,,,,Validated reconstruction
decode,1786167215806495265,1786167216657379419,850884154,8.0,0.0,3.0,0.0,,,,,,Validated reconstruction
decode,1786167216657379419,1786167216806495265,149115846,8.0,0.0,3.0,0.0,,,,,,Validated reconstruction
decode,1786167216806495265,1786167217657379419,850884154,8.0,0.0,3.0,0.0,,,,,,Validated reconstruction
decode,1786167217657379419,1786167217806495265,149115846,8.0,0.0,3.0,0.0,,,,,,Validated reconstruction
decode,1786167217806495265,1786167218657379419,850884154,8.0,0.0,3.0,0.0,,,,,,Validated reconstruction
decode,1786167218657379419,1786167218806495265,149115846,8.0,0.0,3.0,0.0,,,,,,Validated reconstruction
decode,1786167218806495265,1786167219657379419,850884154,8.0,0.0,3.0,0.0,,,,,,Validated reconstruction
decode,1786167219657379419,1786167219806495265,149115846,8.0,0.0,3.0,0.0,,,,,,Validated reconstruction
decode,1786167219806495265,1786167220657379419,850884154,8.0,0.0,3.0,0.0,,,,,,Validated reconstruction
decode,1786167220657379419,1786167220806495265,149115846,8.0,0.0,3.0,0.0,,,,,,Validated reconstruction
decode,1786167220806495265,1786167221657379419,850884154,8.0,0.0,3.0,0.0,,,,,,Validated reconstruction
decode,1786167221657379419,1786167221806495265,149115846,8.0,0.0,3.0,0.0,,,,,,Validated reconstruction
decode,1786167221806495265,1786167222657379419,850884154,8.0,0.0,3.0,0.0,,,,,,Validated reconstruction
decode,1786167222657379419,1786167222806495265,149115846,8.0,0.0,3.0,0.0,,,,,,Validated reconstruction
decode,1786167222806495265,1786167223657379419,850884154,8.0,0.0,3.0,0.0,,,,,,Validated reconstruction
decode,1786167223657379419,1786167223806495265,149115846,8.0,0.0,3.0,0.0,,,,,,Validated reconstruction
decode,1786167223806495265,1786167224657379419,850884154,8.0,0.0,3.0,0.0,,,,,,Validated reconstruction
decode,1786167224657379419,1786167224806495265,149115846,8.0,0.0,3.0,0.0,,,,,,Validated reconstruction
decode,1786167224806495265,1786167225657379419,850884154,8.0,0.0,3.0,0.0,,,,,,Validated reconstruction
decode,1786167225657379419,1786167225806495265,149115846,8.0,0.0,3.0,0.0,,,,,,Validated reconstruction
decode,1786167225806495265,1786167226657379419,850884154,8.0,0.0,3.0,0.0,,,,,,Validated reconstruction
decode,1786167226657379419,1786167226806495265,149115846,8.0,0.0,3.0,0.0,,,,,,Validated reconstruction
decode,1786167226806495265,1786167227657379419,850884154,8.0,0.0,3.0,0.0,,,,,,Validated reconstruction
decode,1786167227657379419,1786167227806495265,149115846,8.0,0.0,3.0,0.0,,,,,,Validated reconstruction
decode,1786167227806495265,1786167228657379419,850884154,8.0,0.0,3.0,0.0,,,,,,Validated reconstruction
decode,1786167228657379419,1786167228806495265,149115846,8.0,0.0,3.0,0.0,,,,,,Validated reconstruction
decode,1786167228806495265,1786167229657379419,850884154,8.0,0.0,3.0,0.0,,,,,,Validated reconstruction
decode,1786167229657379419,1786167229806495265,149115846,8.0,0.0,3.0,0.0,,,,,,Validated reconstruction
decode,1786167229806495265,1786167230657379419,850884154,8.0,0.0,3.0,0.0,,,,,,Validated reconstruction
decode,1786167230657379419,1786167230806495265,149115846,8.0,0.0,3.0,0.0,,,,,,Validated reconstruction
decode,1786167230806495265,1786167231657379419,850884154,8.0,0.0,3.0,0.0,,,,,,Validated reconstruction
decode,1786167231657379419,1786167231806495265,149115846,8.0,0.0,3.0,0.0,,,,,,Validated reconstruction
decode,1786167231806495265,1786167232657379419,850884154,8.0,0.0,3.0,0.0,,,,,,Validated reconstruction
decode,1786167232657379419,1786167232806495265,149115846,8.0,0.0,3.0,0.0,,,,,,Validated reconstruction
decode,1786167232806495265,1786167233657379419,850884154,8.0,0.0,3.0,0.0,,,,,,Validated reconstruction
decode,1786167233657379419,1786167233806495265,149115846,8.0,0.0,3.0,0.0,,,,,,Validated reconstruction
decode,1786167233806495265,1786167234657379419,850884154,8.0,0.0,3.0,0.0,,,,,,Validated reconstruction
decode,1786167234657379419,1786167234806495265,149115846,8.0,0.0,3.0,0.0,,,,,,Validated reconstruction
decode,1786167234806495265,1786167235657379419,850884154,8.0,0.0,3.0,0.0,,,,,,Validated reconstruction
decode,1786167235657379419,1786167235806495265,149115846,8.0,0.0,3.0,0.0,,,,,,Validated reconstruction
decode,1786167235806495265,1786167236657379419,850884154,8.0,0.0,3.0,0.0,,,,,,Validated reconstruction
decode,1786167236657379419,1786167236806495265,149115846,8.0,0.0,3.0,0.0,,,,,,Validated reconstruction
decode,1786167236806495265,1786167237657379419,850884154,8.0,0.0,3.0,0.0,,,,,,Validated reconstruction
decode,1786167237657379419,1786167237806495265,149115846,8.0,0.0,3.0,0.0,,,,,,Validated reconstruction
decode,1786167237806495265,1786167238657379419,850884154,8.0,0.0,3.0,0.0,,,,,,Validated reconstruction
decode,1786167238657379419,1786167238806495265,149115846,8.0,0.0,3.0,0.0,,,,,,Validated reconstruction
decode,1786167238806495265,1786167239657379419,850884154,8.0,0.0,3.0,0.0,,,,,,Validated reconstruction
decode,1786167239657379419,1786167239806495265,149115846,8.0,0.0,3.0,0.0,,,,,,Validated reconstruction
decode,1786167239806495265,1786167240657379419,850884154,8.0,0.0,3.0,0.0,,,,,,Validated reconstruction
decode,1786167240657379419,1786167240806495265,149115846,8.0,0.0,3.0,0.0,,,,,,Validated reconstruction
decode,1786167240806495265,1786167241657379419,850884154,8.0,0.0,3.0,0.0,,,,,,Validated reconstruction
decode,1786167241657379419,1786167241806495265,149115846,8.0,0.0,3.0,0.0,,,,,,Validated reconstruction
decode,1786167241806495265,1786167242657379419,850884154,8.0,0.0,3.0,0.0,,,,,,Validated reconstruction
decode,1786167242657379419,1786167242806495265,149115846,8.0,0.0,3.0,0.0,,,,,,Validated reconstruction
decode,1786167242806495265,1786167243657379419,850884154,8.0,0.0,3.0,0.0,,,,,,Validated reconstruction
decode,1786167244657379419,1786167244806495265,149115846,8.0,0.0,3.0,0.0,,,,,,Validated reconstruction
decode,1786167244806495265,1786167245657379419,850884154,8.0,0.0,3.0,0.0,,,,,,Validated reconstruction
decode,1786167245657379419,1786167245806495265,149115846,8.0,0.0,3.0,0.0,,,,,,Validated reconstruction
decode,1786167245806495265,1786167246657379419,850884154,8.0,0.0,3.0,0.0,,,,,,Validated reconstruction
decode,1786167246657379419,1786167246806495265,149115846,8.0,0.0,3.0,0.0,,,,,,Validated reconstruction
decode,1786167246806495265,1786167247657379419,850884154,8.0,0.0,3.0,0.0,,,,,,Validated reconstruction
decode,1786167247657379419,1786167247806495265,149115846,8.0,0.0,3.0,0.0,,,,,,Validated reconstruction
decode,1786167247806495265,1786167248657379419,850884154,8.0,0.0,3.0,0.0,,,,,,Validated reconstruction
decode,1786167248657379419,1786167248806495265,149115846,8.0,0.0,3.0,0.0,,,,,,Validated reconstruction
decode,1786167248806495265,1786167249657379419,850884154,8.0,0.0,3.0,0.0,,,,,,Validated reconstruction
decode,1786167249657379419,1786167249806495265,149115846,8.0,0.0,3.0,0.0,,,,,,Validated reconstruction
decode,1786167249806495265,1786167250657379419,850884154,8.0,0.0,3.0,0.0,,,,,,Validated reconstruction
decode,1786167250657379419,1786167250806495265,149115846,8.0,0.0,3.0,0.0,,,,,,Validated reconstruction
decode,1786167250806495265,1786167251657379419,850884154,8.0,0.0,3.0,0.0,,,,,,Validated reconstruction
decode,1786167251657379419,1786167251806495265,149115846,8.0,0.0,3.0,0.0,,,,,,Validated reconstruction
decode,1786167251806495265,1786167252657379419,850884154,8.0,0.0,3.0,0.0,,,,,,Validated reconstruction
decode,1786167252657379419,1786167252806495265,149115846,8.0,0.0,3.0,0.0,,,,,,Validated reconstruction
decode,1786167252806495265,1786167253657379419,850884154,8.0,0.0,3.0,0.0,,,,,,Validated reconstruction
decode,1786167253657379419,1786167253806495265,149115846,8.0,0.0,3.0,0.0,,,,,,Validated reconstruction
decode,1786167253806495265,1786167254657379419,850884154,8.0,0.0,3.0,0.0,,,,,,Validated reconstruction
decode,1786167254657379419,1786167254806495265,149115846,8.0,0.0,3.0,0.0,,,,,,Validated reconstruction
decode,1786167254806495265,1786167255657379419,850884154,8.0,0.0,3.0,0.0,,,,,,Validated reconstruction
decode,1786167255657379419,1786167255806495265,149115846,8.0,0.0,3.0,0.0,,,,,,Validated reconstruction
decode,1786167255806495265,1786167256657379419,850884154,8.0,0.0,3.0,0.0,,,,,,Validated reconstruction
decode,1786167256657379419,1786167256806495265,149115846,8.0,0.0,3.0,0.0,,,,,,Validated reconstruction
decode,1786167256806495265,1786167257657379419,850884154,8.0,0.0,3.0,0.0,,,,,,Validated reconstruction
decode,1786167257657379419,1786167257806495265,149115846,8.0,0.0,3.0,0.0,,,,,,Validated reconstruction
decode,1786167257806495265,1786167258657379419,850884154,8.0,0.0,3.0,0.0,,,,,,Validated reconstruction
decode,1786167258657379419,1786167258806495265,149115846,8.0,0.0,3.0,0.0,,,,,,Validated reconstruction
decode,1786167258806495265,1786167259657379419,850884154,8.0,0.0,3.0,0.0,,,,,,Validated reconstruction
decode,1786167259657379419,1786167259806495265,149115846,8.0,0.0,3.0,0.0,,,,,,Validated reconstruction
decode,1786167259806495265,1786167260657379419,850884154,8.0,0.0,3.0,0.0,,,,,,Validated reconstruction
decode,1786167260657379419,1786167260806495265,149115846,8.0,0.0,3.0,0.0,,,,,,Validated reconstruction
decode,1786167260806495265,1786167261657379419,850884154,8.0,0.0,3.0,0.0,,,,,,Validated reconstruction
decode,1786167261657379419,1786167261806495265,149115846,8.0,0.0,3.0,0.0,,,,,,Validated reconstruction
decode,1786167261806495265,1786167262657379419,850884154,8.0,0.0,3.0,0.0,,,,,,Validated reconstruction
decode,1786167262657379419,1786167262806495265,149115846,8.0,0.0,3.0,0.0,,,,,,Validated reconstruction
decode,1786167262806495265,1786167263657379419,850884154,8.0,0.0,3.0,0.0,,,,,,Validated reconstruction
decode,1786167263657379419,1786167263806495265,149115846,8.0,0.0,4.0,0.0,,,,,,Validated reconstruction
decode,1786167263806495265,1786167264657379419,850884154,8.0,0.0,4.0,0.0,,,,,,Validated reconstruction
decode,1786167264657379419,1786167264806495265,149115846,8.0,0.0,4.0,0.0,,,,,,Validated reconstruction
decode,1786167264806495265,1786167265657379419,850884154,8.0,0.0,4.0,0.0,,,,,,Validated reconstruction
decode,1786167265657379419,1786167265806495265,149115846,8.0,0.0,4.0,0.0,,,,,,Validated reconstruction
decode,1786167265806495265,1786167266657379419,850884154,8.0,0.0,4.0,0.0,,,,,,Validated reconstruction
decode,1786167266657379419,1786167266806495265,149115846,8.0,0.0,4.0,0.0,,,,,,Validated reconstruction
decode,1786167266806495265,1786167267657379419,850884154,8.0,0.0,4.0,0.0,,,,,,Validated reconstruction
decode,1786167267657379419,1786167267806495265,149115846,8.0,0.0,4.0,0.0,,,,,,Validated reconstruction
decode,1786167267806495265,1786167268657379419,850884154,8.0,0.0,4.0,0.0,,,,,,Validated reconstruction
decode,1786167268657379419,1786167268806495265,149115846,8.0,0.0,4.0,0.0,,,,,,Validated reconstruction
decode,1786167268806495265,1786167269657379419,850884154,8.0,0.0,4.0,0.0,,,,,,Validated reconstruction
decode,1786167269657379419,1786167269806495265,149115846,8.0,0.0,4.0,0.0,,,,,,Validated reconstruction
decode,1786167269806495265,1786167270657379419,850884154,8.0,0.0,4.0,0.0,,,,,,Validated reconstruction
decode,1786167270657379419,1786167270806495265,149115846,8.0,0.0,4.0,0.0,,,,,,Validated reconstruction
decode,1786167270806495265,1786167271657379419,850884154,8.0,0.0,4.0,0.0,,,,,,Validated reconstruction
decode,1786167271657379419,1786167271806495265,149115846,8.0,0.0,4.0,0.0,,,,,,Validated reconstruction
decode,1786167271806495265,1786167272657379419,850884154,8.0,0.0,4.0,0.0,,,,,,Validated reconstruction
decode,1786167272657379419,1786167272806495265,149115846,8.0,0.0,4.0,0.0,,,,,,Validated reconstruction
decode,1786167272806495265,1786167273657379419,850884154,8.0,0.0,4.0,0.0,,,,,,Validated reconstruction
decode,1786167273657379419,1786167273806495265,149115846,8.0,0.0,4.0,0.0,,,,,,Validated reconstruction
decode,1786167273806495265,1786167274657379419,850884154,8.0,0.0,4.0,0.0,,,,,,Validated reconstruction
decode,1786167274657379419,1786167274806495265,149115846,8.0,0.0,4.0,0.0,,,,,,Validated reconstruction
decode,1786167274806495265,1786167275657379419,850884154,8.0,0.0,4.0,0.0,,,,,,Validated reconstruction
decode,1786167275657379419,1786167275806495265,149115846,8.0,0.0,4.0,0.0,,,,,,Validated reconstruction
decode,1786167275806495265,1786167276657379419,850884154,8.0,0.0,4.0,0.0,,,,,,Validated reconstruction
decode,1786167276657379419,1786167276806495265,149115846,8.0,0.0,4.0,0.0,,,,,,Validated reconstruction
decode,1786167276806495265,1786167277657379419,850884154,8.0,0.0,4.0,0.0,,,,,,Validated reconstruction
decode,1786167277657379419,1786167277806495265,149115846,8.0,0.0,4.0,0.0,,,,,,Validated reconstruction
decode,1786167277806495265,1786167278657379419,850884154,8.0,0.0,4.0,0.0,,,,,,Validated reconstruction
decode,1786167278657379419,1786167278806495265,149115846,8.0,0.0,4.0,0.0,,,,,,Validated reconstruction
decode,1786167278806495265,1786167279657379419,850884154,8.0,0.0,4.0,0.0,,,,,,Validated reconstruction
decode,1786167279657379419,1786167279806495265,149115846,8.0,0.0,4.0,0.0,,,,,,Validated reconstruction
decode,1786167279806495265,1786167280657379419,850884154,8.0,0.0,4.0,0.0,,,,,,Validated reconstruction
decode,1786167280657379419,1786167280806495265,149115846,8.0,0.0,4.0,0.0,,,,,,Validated reconstruction
decode,1786167280806495265,1786167281657379419,850884154,8.0,0.0,4.0,0.0,,,,,,Validated reconstruction
decode,1786167281657379419,1786167281806495265,149115846,8.0,0.0,4.0,0.0,,,,,,Validated reconstruction
decode,1786167281806495265,1786167282657379419,850884154,8.0,0.0,4.0,0.0,,,,,,Validated reconstruction
decode,1786167282657379419,1786167282806495265,149115846,8.0,0.0,4.0,0.0,,,,,,Validated reconstruction
decode,1786167282806495265,1786167283657379419,850884154,8.0,0.0,4.0,0.0,,,,,,Validated reconstruction
decode,1786167283657379419,1786167283806495265,149115846,8.0,0.0,4.0,0.0,,,,,,Validated reconstruction
decode,1786167283806495265,1786167284657379419,850884154,8.0,0.0,4.0,0.0,,,,,,Validated reconstruction
decode,1786167284657379419,1786167284806495265,149115846,8.0,0.0,4.0,0.0,,,,,,Validated reconstruction
decode,1786167284806495265,1786167285657379419,850884154,8.0,0.0,4.0,0.0,,,,,,Validated reconstruction
decode,1786167285657379419,1786167285806495265,149115846,8.0,0.0,4.0,0.0,,,,,,Validated reconstruction
decode,1786167285806495265,1786167286657379419,850884154,8.0,0.0,4.0,0.0,,,,,,Validated reconstruction
decode,1786167286657379419,1786167286806495265,149115846,8.0,0.0,4.0,0.0,,,,,,Validated reconstruction
decode,1786167286806495265,1786167287657379419,850884154,8.0,0.0,4.0,0.0,,,,,,Validated reconstruction
decode,1786167287657379419,1786167287806495265,149115846,8.0,0.0,4.0,0.0,,,,,,Validated reconstruction
decode,1786167287806495265,1786167288657379419,850884154,8.0,0.0,4.0,0.0,,,,,,Validated reconstruction
decode,1786167288657379419,1786167288806495265,149115846,8.0,0.0,4.0,0.0,,,,,,Validated reconstruction
decode,1786167288806495265,1786167289657379419,850884154,8.0,0.0,4.0,0.0,,,,,,Validated reconstruction
decode,1786167289657379419,1786167289806495265,149115846,8.0,0.0,4.0,0.0,,,,,,Validated reconstruction
decode,1786167289806495265,1786167290657379419,850884154,9.0,0.0,4.0,0.0,,,,,,Validated reconstruction
decode,1786167290657379419,1786167290806495265,149115846,2.0,0.0,3.0,0.5,,,,,,Validated reconstruction
decode,1786167290806495265,1786167291657379419,850884154,2.0,0.0,3.0,0.5,,,,,,Validated reconstruction
decode,1786167291657379419,1786167291806495265,149115846,2.0,0.0,2.0,1.0,,,,,,Validated reconstruction
decode,1786167291806495265,1786167292657379419,850884154,1.0,0.0,2.0,1.0,,,,,,Validated reconstruction
decode,1786167292657379419,1786167292806495265,149115846,2.0,0.0,2.0,0.0,,,,,,Validated reconstruction
decode,1786167292806495265,1786167293657379419,850884154,2.0,0.0,2.0,0.0,,,,,,Validated reconstruction
decode,1786167293657379419,1786167293806495265,149115846,2.0,0.0,2.0,0.0,,,,,,Validated reconstruction
decode,1786167293806495265,1786167294657379419,850884154,2.0,0.0,2.0,0.0,,,,,,Validated reconstruction
decode,1786167294657379419,1786167294806495265,149115846,1.5,0.0,1.0,0.5,,,,,,Validated reconstruction
decode,1786167294806495265,1786167295657379419,850884154,1.5,0.0,1.0,0.5,,,,,,Validated reconstruction
decode,1786167295657379419,1786167295806495265,149115846,1.0,0.0,0.0,1.0,,,,,,Validated reconstruction
decode,1786167295806495265,1786167296657379419,850884154,1.0,0.0,0.0,1.0,,,,,,Validated reconstruction
decode,1786167296657379419,1786167296806495265,149115846,1.0,0.0,0.0,1.0,,,,,,Validated reconstruction
decode,1786167296806495265,1786167297657379419,850884154,1.0,0.0,0.0,1.0,,,,,,Validated reconstruction
decode,1786167297657379419,1786167297806495265,149115846,1.0,0.0,0.0,1.0,,,,,,Validated reconstruction
decode,1786167297806495265,1786167298657379419,850884154,1.0,0.0,0.0,1.0,,,,,,Validated reconstruction
decode,1786167298657379419,1786167298806495265,149115846,1.0,0.0,0.0,1.0,,,,,,Validated reconstruction
decode,1786167298806495265,1786167299657379419,850884154,1.0,0.0,0.0,1.0,,,,,,Validated reconstruction
decode,1786167299657379419,1786167299806495265,149115846,2.0,0.0,0.0,1.0,,,,,,Validated reconstruction
decode,1786167299806495265,1786167300657379419,850884154,2.0,0.0,0.0,1.0,,,,,,Validated reconstruction
decode,1786167300657379419,1786167300806495265,149115846,2.5,0.0,0.0,0.5,,,,,,Validated reconstruction
decode,1786167300806495265,1786167301657379419,850884154,3.5,0.0,0.5,0.5,,,,,,Validated reconstruction
decode,1786167301657379419,1786167301806495265,149115846,4.0,0.0,0.5,0.0,,,,,,Validated reconstruction
decode,1786167301806495265,1786167302657379419,850884154,5.0,0.0,1.0,0.0,,,,,,Validated reconstruction
decode,1786167302657379419,1786167302806495265,149115846,5.0,0.0,1.0,0.0,,,,,,Validated reconstruction
decode,1786167302806495265,1786167303657379419,850884154,5.0,0.0,1.0,0.0,,,,,,Validated reconstruction
decode,1786167303657379419,1786167303806495265,149115846,5.0,0.0,1.0,0.0,,,,,,Validated reconstruction
decode,1786167303806495265,1786167304657379419,850884154,4.0,0.0,0.5,0.0,,,,,,Validated reconstruction
decode,1786167304657379419,1786167304806495265,149115846,5.0,0.0,0.5,0.0,,,,,,Validated reconstruction
decode,1786167304806495265,1786167305657379419,850884154,5.0,0.0,0.0,0.0,,,,,,Validated reconstruction
decode,1786167305657379419,1786167305806495265,149115846,5.5,0.0,0.0,0.0,,,,,,Validated reconstruction
decode,1786167305806495265,1786167306657379419,850884154,5.5,0.0,0.0,0.0,,,,,,Validated reconstruction
decode,1786167306657379419,1786167306806495265,149115846,6.0,0.0,0.0,0.0,,,,,,Validated reconstruction
decode,1786167306806495265,1786167307657379419,850884154,6.0,0.0,0.0,0.0,,,,,,Validated reconstruction
decode,1786167307657379419,1786167307806495265,149115846,6.0,0.0,1.0,0.0,,,,,,Validated reconstruction
decode,1786167307806495265,1786167308657379419,850884154,6.5,0.0,1.0,0.0,,,,,,Validated reconstruction
decode,1786167308657379419,1786167308806495265,149115846,6.5,0.0,1.0,0.0,,,,,,Validated reconstruction
decode,1786167308806495265,1786167309657379419,850884154,7.0,0.0,1.0,0.0,,,,,,Validated reconstruction
decode,1786167309657379419,1786167309806495265,149115846,7.0,0.0,0.5,0.5,,,,,,Validated reconstruction
decode,1786167309806495265,1786167310657379419,850884154,8.0,0.0,0.5,0.5,,,,,,Validated reconstruction
decode,1786167310657379419,1786167310806495265,149115846,8.0,0.0,0.0,1.0,,,,,,Validated reconstruction
decode,1786167310806495265,1786167311657379419,850884154,8.0,0.0,0.0,1.0,,,,,,Validated reconstruction
decode,1786167311657379419,1786167311806495265,149115846,8.0,0.0,0.0,0.0,,,,,,Validated reconstruction
decode,1786167311806495265,1786167312657379419,850884154,10.0,0.0,0.0,0.0,,,,,,Validated reconstruction
decode,1786167312657379419,1786167312806495265,149115846,10.0,0.0,0.0,0.0,,,,,,Validated reconstruction
decode,1786167312806495265,1786167313657379419,850884154,9.5,0.0,0.0,0.0,,,,,,Validated reconstruction
decode,1786167313657379419,1786167313806495265,149115846,9.5,0.0,0.0,0.0,,,,,,Validated reconstruction
decode,1786167313806495265,1786167314657379419,850884154,9.0,0.0,0.0,0.0,,,,,,Validated reconstruction
decode,1786167314657379419,1786167314806495265,149115846,9.0,0.0,0.0,0.0,,,,,,Validated reconstruction
decode,1786167314806495265,1786167315657379419,850884154,9.0,0.0,0.0,0.0,,,,,,Validated reconstruction
decode,1786167315657379419,1786167315806495265,149115846,9.0,0.0,0.0,0.0,,,,,,Validated reconstruction
decode,1786167315806495265,1786167316657379419,850884154,10.0,0.0,0.0,0.0,,,,,,Validated reconstruction
decode,1786167316657379419,1786167316806495265,149115846,10.0,0.0,0.0,0.0,,,,,,Validated reconstruction
decode,1786167316806495265,1786167317657379419,850884154,10.0,0.0,0.0,0.0,,,,,,Validated reconstruction
decode,1786167317657379419,1786167317806495265,149115846,10.5,0.0,0.0,0.0,,,,,,Validated reconstruction
decode,1786167317806495265,1786167318657379419,850884154,10.5,0.0,0.0,0.0,,,,,,Validated reconstruction
decode,1786167318657379419,1786167318806495265,149115846,11.0,0.0,0.0,0.0,,,,,,Validated reconstruction
decode,1786167318806495265,1786167319657379419,850884154,11.5,0.0,0.0,0.0,,,,,,Validated reconstruction
decode,1786167319657379419,1786167319806495265,149115846,11.5,0.0,0.0,0.0,,,,,,Validated reconstruction
decode,1786167319806495265,1786167320657379419,850884154,12.0,0.0,0.0,0.0,,,,,,Validated reconstruction
decode,1786167320657379419,1786167320806495265,149115846,12.0,0.0,0.0,0.0,,,,,,Validated reconstruction
decode,1786167320806495265,1786167321657379419,850884154,12.0,0.0,0.0,0.0,,,,,,Validated reconstruction
decode,1786167321657379419,1786167321806495265,149115846,12.0,0.0,0.5,0.0,,,,,,Validated reconstruction
decode,1786167321806495265,1786167322657379419,850884154,12.0,0.0,0.5,0.5,,,,,,Validated reconstruction
decode,1786167322657379419,1786167322806495265,149115846,12.0,0.0,1.0,0.5,,,,,,Validated reconstruction
decode,1786167322806495265,1786167323657379419,850884154,12.0,0.0,1.0,1.0,,,,,,Validated reconstruction
decode,1786167323657379419,1786167323806495265,149115846,12.0,0.0,1.0,1.0,,,,,,Validated reconstruction
decode,1786167323806495265,1786167324657379419,850884154,12.0,0.0,1.0,0.0,,,,,,Validated reconstruction
decode,1786167324657379419,1786167324806495265,149115846,12.0,0.0,1.0,0.0,,,,,,Validated reconstruction
decode,1786167324806495265,1786167325657379419,850884154,12.0,0.0,1.0,0.0,,,,,,Validated reconstruction
decode,1786167325657379419,1786167325806495265,149115846,13.0,0.0,1.0,0.0,,,,,,Validated reconstruction
decode,1786167325806495265,1786167326657379419,850884154,13.0,0.0,1.0,0.0,,,,,,Validated reconstruction
decode,1786167326657379419,1786167326806495265,149115846,13.0,0.0,1.0,0.0,,,,,,Validated reconstruction
decode,1786167326806495265,1786167327657379419,850884154,13.0,0.0,1.0,0.0,,,,,,Validated reconstruction
decode,1786167327657379419,1786167327806495265,149115846,14.0,0.0,1.0,0.0,,,,,,Validated reconstruction
decode,1786167327806495265,1786167328657379419,850884154,14.0,0.0,1.0,0.0,,,,,,Validated reconstruction
decode,1786167328657379419,1786167328806495265,149115846,14.0,0.0,1.0,0.0,,,,,,Validated reconstruction
decode,1786167328806495265,1786167329657379419,850884154,14.0,0.0,1.0,0.0,,,,,,Validated reconstruction
decode,1786167329657379419,1786167329806495265,149115846,14.0,0.0,1.0,0.0,,,,,,Validated reconstruction
decode,1786167329806495265,1786167330657379419,850884154,14.0,0.0,1.0,0.0,,,,,,Validated reconstruction
decode,1786167330657379419,1786167330806495265,149115846,14.0,0.0,1.0,0.0,,,,,,Validated reconstruction
decode,1786167330806495265,1786167331657379419,850884154,14.0,0.0,1.0,0.0,,,,,,Validated reconstruction
decode,1786167331657379419,1786167331806495265,149115846,14.0,0.0,1.0,0.0,,,,,,Validated reconstruction
decode,1786167331806495265,1786167332657379419,850884154,14.0,0.0,1.0,0.0,,,,,,Validated reconstruction
decode,1786167332657379419,1786167332806495265,149115846,14.0,0.0,1.0,0.0,,,,,,Validated reconstruction
decode,1786167332806495265,1786167333657379419,850884154,14.5,0.0,1.0,0.0,,,,,,Validated reconstruction
decode,1786167333657379419,1786167333806495265,149115846,14.5,0.0,1.5,0.0,,,,,,Validated reconstruction
decode,1786167333806495265,1786167334657379419,850884154,15.0,0.0,1.5,0.0,,,,,,Validated reconstruction
decode,1786167334657379419,1786167334806495265,149115846,15.0,0.0,2.0,0.0,,,,,,Validated reconstruction
decode,1786167334806495265,1786167335657379419,850884154,15.0,0.0,2.0,0.0,,,,,,Validated reconstruction
decode,1786167335657379419,1786167335806495265,149115846,15.0,0.0,2.0,0.0,,,,,,Validated reconstruction
decode,1786167335806495265,1786167336657379419,850884154,15.0,0.0,2.0,0.0,,,,,,Validated reconstruction
decode,1786167336657379419,1786167336806495265,149115846,15.0,0.0,2.0,0.0,,,,,,Validated reconstruction
decode,1786167336806495265,1786167337657379419,850884154,15.0,0.0,2.0,0.0,,,,,,Validated reconstruction
decode,1786167337657379419,1786167337806495265,149115846,15.0,0.0,2.0,0.0,,,,,,Validated reconstruction
decode,1786167337806495265,1786167338657379419,850884154,15.0,0.0,2.0,0.0,,,,,,Validated reconstruction
decode,1786167338657379419,1786167338806495265,149115846,15.0,0.0,2.0,0.0,,,,,,Validated reconstruction
decode,1786167338806495265,1786167339657379419,850884154,8.0,0.0,2.0,0.0,,,,,,Validated reconstruction
decode,1786167339657379419,1786167339806495265,149115846,8.0,0.0,2.0,0.0,,,,,,Validated reconstruction
decode,1786167339806495265,1786167340657379419,850884154,9.0,0.0,2.0,0.0,,,,,,Validated reconstruction
decode,1786167340657379419,1786167340806495265,149115846,9.0,0.0,2.0,0.0,,,,,,Validated reconstruction
decode,1786167340806495265,1786167341657379419,850884154,8.0,0.0,2.0,0.0,,,,,,Validated reconstruction
decode,1786167341657379419,1786167341806495265,149115846,8.0,0.0,2.0,0.0,,,,,,Validated reconstruction
decode,1786167341806495265,1786167342657379419,850884154,8.0,0.0,2.0,0.0,,,,,,Validated reconstruction
decode,1786167342657379419,1786167342806495265,149115846,8.0,0.0,2.0,0.0,,,,,,Validated reconstruction
decode,1786167342806495265,1786167343657379419,850884154,8.0,0.0,2.0,0.0,,,,,,Validated reconstruction
decode,1786167343657379419,1786167343806495265,149115846,8.0,0.0,2.0,0.0,,,,,,Validated reconstruction
decode,1786167343806495265,1786167344657379419,850884154,8.0,0.0,2.0,0.0,,,,,,Validated reconstruction
decode,1786167344657379419,1786167344806495265,149115846,8.0,0.0,2.0,0.0,,,,,,Validated reconstruction
decode,1786167344806495265,1786167345657379419,850884154,8.0,0.0,2.0,0.0,,,,,,Validated reconstruction
decode,1786167345657379419,1786167345806495265,149115846,8.0,0.0,2.0,0.0,,,,,,Validated reconstruction
decode,1786167345806495265,1786167346657379419,850884154,8.0,0.0,2.0,0.0,,,,,,Validated reconstruction
decode,1786167346657379419,1786167346806495265,149115846,8.0,0.0,2.0,0.0,,,,,,Validated reconstruction
decode,1786167346806495265,1786167347657379419,850884154,8.0,0.0,2.0,0.0,,,,,,Validated reconstruction
decode,1786167347657379419,1786167347806495265,149115846,8.0,0.0,2.0,0.0,,,,,,Validated reconstruction
decode,1786167347806495265,1786167348657379419,850884154,8.0,0.0,2.0,0.0,,,,,,Validated reconstruction
decode,1786167348657379419,1786167348806495265,149115846,8.0,0.0,0.0,0.0,,,,,,Validated reconstruction
decode,1786167348806495265,1786167349657379419,850884154,8.0,0.0,0.0,0.0,,,,,,Validated reconstruction
decode,1786167349657379419,1786167349806495265,149115846,8.0,0.0,0.0,0.0,,,,,,Validated reconstruction
decode,1786167349806495265,1786167350657379419,850884154,8.0,0.0,0.0,0.0,,,,,,Validated reconstruction
decode,1786167350657379419,1786167350806495265,149115846,8.0,0.0,0.0,0.0,,,,,,Validated reconstruction
decode,1786167350806495265,1786167351657379419,850884154,8.0,0.0,0.0,0.0,,,,,,Validated reconstruction
decode,1786167351657379419,1786167351806495265,149115846,8.0,0.0,0.0,0.0,,,,,,Validated reconstruction
decode,1786167351806495265,1786167352657379419,850884154,8.0,0.0,0.0,0.0,,,,,,Validated reconstruction
decode,1786167352657379419,1786167352806495265,149115846,8.0,0.0,0.0,0.0,,,,,,Validated reconstruction
decode,1786167352806495265,1786167353657379419,850884154,8.0,0.0,0.0,0.0,,,,,,Validated reconstruction
decode,1786167353657379419,1786167353806495265,149115846,8.0,0.0,0.0,0.0,,,,,,Validated reconstruction
decode,1786167353806495265,1786167354657379419,850884154,9.0,0.0,0.0,0.0,,,,,,Validated reconstruction
decode,1786167354657379419,1786167354806495265,149115846,3.0,0.0,0.0,0.0,,,,,,Validated reconstruction
decode,1786167354806495265,1786167355657379419,850884154,4.0,0.0,0.0,0.0,,,,,,Validated reconstruction
decode,1786167355657379419,1786167355806495265,149115846,4.0,0.0,0.0,0.0,,,,,,Validated reconstruction
decode,1786167355806495265,1786167356657379419,850884154,4.0,0.0,0.0,0.0,,,,,,Validated reconstruction
decode,1786167356657379419,1786167356806495265,149115846,4.0,0.0,1.0,0.0,,,,,,Validated reconstruction
decode,1786167356806495265,1786167357657379419,850884154,4.0,0.0,1.0,0.0,,,,,,Validated reconstruction
decode,1786167357657379419,1786167357806495265,149115846,4.0,0.0,1.0,0.0,,,,,,Validated reconstruction
decode,1786167357806495265,1786167358657379419,850884154,5.0,0.0,1.0,0.0,,,,,,Validated reconstruction
decode,1786167358657379419,1786167358806495265,149115846,5.0,0.0,1.0,0.0,,,,,,Validated reconstruction
decode,1786167358806495265,1786167359657379419,850884154,5.0,0.0,1.0,0.0,,,,,,Validated reconstruction
decode,1786167359657379419,1786167359806495265,149115846,5.0,0.0,1.0,0.0,,,,,,Validated reconstruction
decode,1786167359806495265,1786167360657379419,850884154,2.0,0.0,1.0,0.0,,,,,,Validated reconstruction
decode,1786167360657379419,1786167360806495265,149115846,2.5,0.0,1.0,0.0,,,,,,Validated reconstruction
decode,1786167360806495265,1786167361657379419,850884154,2.5,0.0,1.0,0.0,,,,,,Validated reconstruction
decode,1786167361657379419,1786167361806495265,149115846,2.5,0.0,1.0,0.0,,,,,,Validated reconstruction
decode,1786167361806495265,1786167362657379419,850884154,2.5,0.0,1.0,0.0,,,,,,Validated reconstruction
decode,1786167362657379419,1786167362806495265,149115846,2.0,0.0,1.0,0.0,,,,,,Validated reconstruction
decode,1786167362806495265,1786167363657379419,850884154,2.0,0.0,1.0,0.0,,,,,,Validated reconstruction
decode,1786167363657379419,1786167363806495265,149115846,2.0,0.0,0.5,0.0,,,,,,Validated reconstruction
decode,1786167363806495265,1786167364657379419,850884154,3.0,0.0,0.5,0.0,,,,,,Validated reconstruction
decode,1786167364657379419,1786167364806495265,149115846,3.0,0.0,0.0,0.0,,,,,,Validated reconstruction
decode,1786167364806495265,1786167365657379419,850884154,3.0,0.0,1.0,0.0,,,,,,Validated reconstruction
decode,1786167365657379419,1786167365806495265,149115846,3.0,0.0,1.0,0.0,,,,,,Validated reconstruction
decode,1786167365806495265,1786167366657379419,850884154,3.0,0.0,1.0,0.0,,,,,,Validated reconstruction
decode,1786167366657379419,1786167366806495265,149115846,3.0,0.0,1.0,0.0,,,,,,Validated reconstruction
decode,1786167366806495265,1786167367657379419,850884154,3.0,0.0,1.0,0.0,,,,,,Validated reconstruction
decode,1786167367657379419,1786167367806495265,149115846,3.0,0.0,1.0,0.0,,,,,,Validated reconstruction
decode,1786167367806495265,1786167368657379419,850884154,3.0,0.0,1.0,0.0,,,,,,Validated reconstruction
decode,1786167368657379419,1786167368806495265,149115846,3.0,0.0,1.0,0.0,,,,,,Validated reconstruction
decode,1786167368806495265,1786167369657379419,850884154,3.0,0.0,1.0,0.0,,,,,,Validated reconstruction
decode,1786167369657379419,1786167369806495265,149115846,3.0,0.0,1.0,0.0,,,,,,Validated reconstruction
decode,1786167369806495265,1786167370657379419,850884154,3.0,0.0,1.0,0.0,,,,,,Validated reconstruction
decode,1786167370657379419,1786167370806495265,149115846,3.0,0.0,1.0,0.0,,,,,,Validated reconstruction
decode,1786167370806495265,1786167371657379419,850884154,3.0,0.0,1.0,0.0,,,,,,Validated reconstruction
decode,1786167371657379419,1786167371806495265,149115846,3.0,0.0,1.0,0.0,,,,,,Validated reconstruction
decode,1786167371806495265,1786167372657379419,850884154,3.0,0.0,1.0,0.0,,,,,,Validated reconstruction
decode,1786167372657379419,1786167372806495265,149115846,3.0,0.0,1.0,0.0,,,,,,Validated reconstruction
decode,1786167372806495265,1786167373657379419,850884154,3.0,0.0,1.0,0.0,,,,,,Validated reconstruction
decode,1786167373657379419,1786167373806495265,149115846,1.0,0.0,1.0,0.0,,,,,,Validated reconstruction
decode,1786167373806495265,1786167374657379419,850884154,1.0,0.0,1.0,0.0,,,,,,Validated reconstruction
decode,1786167374657379419,1786167374806495265,149115846,1.6666666666666665,0.0,1.0,0.0,,,,,,Validated reconstruction
decode,1786167374806495265,1786167375657379419,850884154,1.6666666666666665,0.0,1.0,0.0,,,,,,Validated reconstruction
decode,1786167375657379419,1786167375806495265,149115846,1.0,0.0,1.0,0.0,,,,,,Validated reconstruction
decode,1786167375806495265,1786167376657379419,850884154,1.0,0.0,1.0,0.0,,,,,,Validated reconstruction
decode,1786167376657379419,1786167376806495265,149115846,1.0,0.0,1.0,0.0,,,,,,Validated reconstruction
decode,1786167376806495265,1786167377657379419,850884154,1.0,0.0,1.0,0.0,,,,,,Validated reconstruction
decode,1786167377657379419,1786167377806495265,149115846,1.0,0.0,1.0,0.0,,,,,,Validated reconstruction
decode,1786167377806495265,1786167378657379419,850884154,1.0,0.0,1.0,0.0,,,,,,Validated reconstruction
decode,1786167378657379419,1786167378806495265,149115846,1.0,0.0,1.0,0.0,,,,,,Validated reconstruction
decode,1786167378806495265,1786167379657379419,850884154,1.0,0.0,1.0,0.0,,,,,,Validated reconstruction
decode,1786167379657379419,1786167379806495265,149115846,1.0,0.0,1.0,0.0,,,,,,Validated reconstruction
decode,1786167379806495265,1786167380657379419,850884154,1.0,0.0,1.0,0.0,,,,,,Validated reconstruction
decode,1786167380657379419,1786167380806495265,149115846,1.0,0.0,1.0,0.0,,,,,,Validated reconstruction
decode,1786167380806495265,1786167381657379419,850884154,2.0,0.0,0.5,0.0,,,,,,Validated reconstruction
decode,1786167381657379419,1786167381806495265,149115846,3.0,0.0,0.5,0.0,,,,,,Validated reconstruction
decode,1786167381806495265,1786167382657379419,850884154,3.0,0.0,0.0,0.0,,,,,,Validated reconstruction
decode,1786167382657379419,1786167382806495265,149115846,3.0,0.0,0.0,0.0,,,,,,Validated reconstruction
decode,1786167382806495265,1786167383657379419,850884154,1.0,0.0,0.0,0.0,,,,,,Validated reconstruction
decode,1786167383657379419,1786167383806495265,149115846,1.0,0.0,0.0,0.0,,,,,,Validated reconstruction
decode,1786167383806495265,1786167384657379419,850884154,1.0,0.0,0.0,0.0,,,,,,Validated reconstruction
decode,1786167384657379419,1786167384806495265,149115846,1.0,0.0,0.0,0.0,,,,,,Validated reconstruction
decode,1786167384806495265,1786167385657379419,850884154,1.0,0.0,0.0,0.0,,,,,,Validated reconstruction
decode,1786167385657379419,1786167385806495265,149115846,1.0,0.0,0.0,0.0,,,,,,Validated reconstruction
decode,1786167385806495265,1786167386657379419,850884154,1.0,0.0,0.0,0.0,,,,,,Validated reconstruction
decode,1786167386657379419,1786167386806495265,149115846,2.0,0.0,0.0,0.0,,,,,,Validated reconstruction
decode,1786167386806495265,1786167387657379419,850884154,2.0,0.0,0.0,0.0,,,,,,Validated reconstruction
decode,1786167387657379419,1786167387806495265,149115846,2.0,0.0,0.0,0.0,,,,,,Validated reconstruction
decode,1786167387806495265,1786167388657379419,850884154,2.0,0.0,0.0,0.0,,,,,,Validated reconstruction
decode,1786167388657379419,1786167388806495265,149115846,2.0,0.0,0.0,0.0,,,,,,Validated reconstruction
decode,1786167388806495265,1786167389657379419,850884154,2.0,0.0,0.0,0.0,,,,,,Validated reconstruction
decode,1786167389657379419,1786167389806495265,149115846,2.0,0.0,0.0,0.0,,,,,,Validated reconstruction
decode,1786167389806495265,1786167390657379419,850884154,2.0,0.0,0.0,0.0,,,,,,Validated reconstruction
decode,1786167390657379419,1786167390806495265,149115846,2.0,0.0,0.0,0.0,,,,,,Validated reconstruction
decode,1786167390806495265,1786167391657379419,850884154,2.0,0.0,0.0,0.0,,,,,,Validated reconstruction
decode,1786167391657379419,1786167391806495265,149115846,2.0,0.0,0.0,0.0,,,,,,Validated reconstruction
decode,1786167391806495265,1786167392657379419,850884154,2.0,0.0,0.0,0.0,,,,,,Validated reconstruction
decode,1786167392657379419,1786167392806495265,149115846,2.0,0.0,0.0,0.0,,,,,,Validated reconstruction
decode,1786167392806495265,1786167393657379419,850884154,2.5,0.0,0.0,0.0,,,,,,Validated reconstruction
decode,1786167393657379419,1786167393806495265,149115846,3.0,0.0,0.0,0.0,,,,,,Validated reconstruction
decode,1786167393806495265,1786167394657379419,850884154,4.5,0.0,1.0,0.0,,,,,,Validated reconstruction
decode,1786167394657379419,1786167394806495265,149115846,2.0,0.0,1.0,0.0,,,,,,Validated reconstruction
decode,1786167394806495265,1786167395657379419,850884154,2.0,0.0,1.0,0.0,,,,,,Validated reconstruction
decode,1786167395657379419,1786167395806495265,149115846,2.0,0.0,1.0,0.0,,,,,,Validated reconstruction
decode,1786167395806495265,1786167396657379419,850884154,2.0,0.0,1.0,0.0,,,,,,Validated reconstruction
decode,1786167396657379419,1786167396806495265,149115846,2.0,0.0,1.0,0.0,,,,,,Validated reconstruction
decode,1786167396806495265,1786167397657379419,850884154,1.5,0.0,1.0,0.0,,,,,,Validated reconstruction
decode,1786167397657379419,1786167397806495265,149115846,1.5,0.0,1.0,0.0,,,,,,Validated reconstruction
decode,1786167397806495265,1786167398657379419,850884154,1.0,0.0,1.0,0.0,,,,,,Validated reconstruction
decode,1786167398657379419,1786167398806495265,149115846,1.0,0.0,1.0,0.0,,,,,,Validated reconstruction
decode,1786167398806495265,1786167399657379419,850884154,1.0,0.0,1.0,0.0,,,,,,Validated reconstruction
decode,1786167399657379419,1786167399806495265,149115846,1.0,0.0,1.0,0.0,,,,,,Validated reconstruction
decode,1786167399806495265,1786167400657379419,850884154,2.0,0.0,1.0,0.0,,,,,,Validated reconstruction
decode,1786167400657379419,1786167400806495265,149115846,2.5,0.0,1.0,0.0,,,,,,Validated reconstruction
decode,1786167400806495265,1786167401657379419,850884154,2.5,0.0,0.0,0.0,,,,,,Validated reconstruction
decode,1786167401657379419,1786167401806495265,149115846,2.0,0.0,0.0,0.0,,,,,,Validated reconstruction
decode,1786167401806495265,1786167402657379419,850884154,2.0,0.0,0.0,0.0,,,,,,Validated reconstruction
decode,1786167402657379419,1786167402806495265,149115846,2.0,0.0,0.0,0.0,,,,,,Validated reconstruction
decode,1786167402806495265,1786167403657379419,850884154,2.0,0.0,0.0,0.0,,,,,,Validated reconstruction
decode,1786167403657379419,1786167403806495265,149115846,2.0,0.0,0.0,0.0,,,,,,Validated reconstruction
decode,1786167403806495265,1786167404657379419,850884154,2.0,0.0,0.0,0.0,,,,,,Validated reconstruction
decode,1786167404657379419,1786167404806495265,149115846,2.0,0.0,0.0,0.0,,,,,,Validated reconstruction
decode,1786167404806495265,1786167405657379419,850884154,2.0,0.0,0.0,0.0,,,,,,Validated reconstruction
decode,1786167405657379419,1786167405806495265,149115846,2.0,0.0,0.0,0.0,,,,,,Validated reconstruction
decode,1786167405806495265,1786167406657379419,850884154,3.0,0.0,0.0,0.0,,,,,,Validated reconstruction
decode,1786167406657379419,1786167406806495265,149115846,4.0,0.0,0.0,0.0,,,,,,Validated reconstruction
decode,1786167406806495265,1786167407657379419,850884154,1.0,0.0,0.0,0.0,,,,,,Validated reconstruction
decode,1786167407657379419,1786167407806495265,149115846,1.3333333333333333,0.0,0.0,0.0,,,,,,Validated reconstruction
decode,1786167407806495265,1786167408657379419,850884154,1.3333333333333333,0.0,0.0,0.0,,,,,,Validated reconstruction
decode,1786167408657379419,1786167408806495265,149115846,2.0,0.0,0.0,0.0,,,,,,Validated reconstruction
decode,1786167408806495265,1786167409657379419,850884154,2.5,0.0,0.0,0.0,,,,,,Validated reconstruction
decode,1786167409657379419,1786167409806495265,149115846,3.0,0.0,0.0,0.0,,,,,,Validated reconstruction
decode,1786167409806495265,1786167410657379419,850884154,3.0,0.0,0.0,0.0,,,,,,Validated reconstruction
decode,1786167410657379419,1786167410806495265,149115846,3.5,0.0,0.0,0.0,,,,,,Validated reconstruction
decode,1786167410806495265,1786167411657379419,850884154,3.0,0.0,0.0,0.0,,,,,,Validated reconstruction
decode,1786167411657379419,1786167411806495265,149115846,3.0,0.0,0.0,0.0,,,,,,Validated reconstruction
decode,1786167411806495265,1786167412657379419,850884154,3.0,0.0,0.0,0.0,,,,,,Validated reconstruction
decode,1786167412657379419,1786167412806495265,149115846,3.0,0.0,0.0,0.0,,,,,,Validated reconstruction
decode,1786167412806495265,1786167413657379419,850884154,3.0,0.0,0.0,0.0,,,,,,Validated reconstruction
decode,1786167413657379419,1786167413806495265,149115846,3.0,0.0,0.0,0.0,,,,,,Validated reconstruction
decode,1786167413806495265,1786167414657379419,850884154,3.5,0.0,0.0,0.0,,,,,,Validated reconstruction
decode,1786167414657379419,1786167414806495265,149115846,4.5,0.0,0.0,0.0,,,,,,Validated reconstruction
decode,1786167414806495265,1786167415657379419,850884154,5.0,0.0,0.0,0.0,,,,,,Validated reconstruction
decode,1786167415657379419,1786167415806495265,149115846,5.0,0.0,0.0,0.0,,,,,,Validated reconstruction
decode,1786167415806495265,1786167416657379419,850884154,5.0,0.0,0.0,0.0,,,,,,Validated reconstruction
decode,1786167416657379419,1786167416806495265,149115846,5.0,0.0,0.0,0.0,,,,,,Validated reconstruction
decode,1786167416806495265,1786167417657379419,850884154,5.0,0.0,0.0,0.0,,,,,,Validated reconstruction
decode,1786167417657379419,1786167417806495265,149115846,5.0,0.0,0.0,0.0,,,,,,Validated reconstruction
decode,1786167417806495265,1786167418657379419,850884154,5.0,0.0,0.0,0.0,,,,,,Validated reconstruction
decode,1786167418657379419,1786167418806495265,149115846,5.0,0.0,0.0,0.0,,,,,,Validated reconstruction
decode,1786167418806495265,1786167419657379419,850884154,5.0,0.0,0.0,0.0,,,,,,Validated reconstruction
decode,1786167419657379419,1786167419806495265,149115846,5.0,0.0,0.0,0.0,,,,,,Validated reconstruction
decode,1786167419806495265,1786167420657379419,850884154,5.0,0.0,0.0,0.0,,,,,,Validated reconstruction
decode,1786167420657379419,1786167420806495265,149115846,5.0,0.0,0.0,0.0,,,,,,Validated reconstruction
decode,1786167420806495265,1786167421657379419,850884154,5.0,0.0,0.0,0.0,,,,,,Validated reconstruction
decode,1786167421657379419,1786167421806495265,149115846,5.0,0.0,0.0,0.0,,,,,,Validated reconstruction
decode,1786167421806495265,1786167422657379419,850884154,5.0,0.0,0.0,0.0,,,,,,Validated reconstruction
decode,1786167422657379419,1786167422806495265,149115846,5.5,0.0,0.0,0.0,,,,,,Validated reconstruction
decode,1786167422806495265,1786167423657379419,850884154,4.5,0.0,0.0,0.0,,,,,,Validated reconstruction
decode,1786167423657379419,1786167423806495265,149115846,5.0,0.0,0.0,0.0,,,,,,Validated reconstruction
decode,1786167423806495265,1786167424657379419,850884154,5.0,0.0,0.0,0.0,,,,,,Validated reconstruction
decode,1786167424657379419,1786167424806495265,149115846,5.0,0.0,0.0,0.0,,,,,,Validated reconstruction
decode,1786167424806495265,1786167425657379419,850884154,5.0,0.0,0.0,0.0,,,,,,Validated reconstruction
decode,1786167425657379419,1786167425806495265,149115846,5.0,0.0,0.0,0.0,,,,,,Validated reconstruction
decode,1786167425806495265,1786167426657379419,850884154,5.0,0.0,0.0,0.0,,,,,,Validated reconstruction
decode,1786167426657379419,1786167426806495265,149115846,5.0,0.0,0.0,0.0,,,,,,Validated reconstruction
decode,1786167426806495265,1786167427657379419,850884154,5.0,0.0,0.0,0.0,,,,,,Validated reconstruction
decode,1786167427657379419,1786167427806495265,149115846,5.0,0.0,0.0,0.0,,,,,,Validated reconstruction
decode,1786167427806495265,1786167428657379419,850884154,5.0,0.0,0.0,0.0,,,,,,Validated reconstruction
decode,1786167428657379419,1786167428806495265,149115846,5.0,0.0,0.0,0.0,,,,,,Validated reconstruction
decode,1786167428806495265,1786167429657379419,850884154,5.5,0.0,0.0,0.0,,,,,,Validated reconstruction
decode,1786167429657379419,1786167429806495265,149115846,5.5,0.0,0.0,0.0,,,,,,Validated reconstruction
decode,1786167429806495265,1786167430657379419,850884154,6.5,0.0,0.0,0.0,,,,,,Validated reconstruction
decode,1786167430657379419,1786167430806495265,149115846,6.5,0.0,0.0,0.0,,,,,,Validated reconstruction
decode,1786167430806495265,1786167431657379419,850884154,7.0,0.0,0.0,0.0,,,,,,Validated reconstruction
decode,1786167431657379419,1786167431806495265,149115846,7.0,0.0,0.0,0.0,,,,,,Validated reconstruction
decode,1786167431806495265,1786167432657379419,850884154,5.0,0.0,0.0,0.0,,,,,,Validated reconstruction
decode,1786167432657379419,1786167432806495265,149115846,5.0,0.0,0.0,0.0,,,,,,Validated reconstruction
decode,1786167432806495265,1786167433657379419,850884154,5.0,0.0,0.0,0.0,,,,,,Validated reconstruction
decode,1786167433657379419,1786167433806495265,149115846,5.0,0.0,0.0,0.0,,,,,,Validated reconstruction
decode,1786167433806495265,1786167434657379419,850884154,5.0,0.0,0.0,0.0,,,,,,Validated reconstruction
decode,1786167434657379419,1786167434806495265,149115846,5.0,0.0,0.0,0.0,,,,,,Validated reconstruction
decode,1786167434806495265,1786167435657379419,850884154,5.0,0.0,0.0,0.0,,,,,,Validated reconstruction
decode,1786167435657379419,1786167435806495265,149115846,5.0,0.0,0.0,0.0,,,,,,Validated reconstruction
decode,1786167435806495265,1786167436657379419,850884154,5.0,0.0,0.0,0.0,,,,,,Validated reconstruction
decode,1786167436657379419,1786167436806495265,149115846,5.0,0.0,0.0,0.0,,,,,,Validated reconstruction
decode,1786167436806495265,1786167437657379419,850884154,5.0,0.0,0.0,0.0,,,,,,Validated reconstruction
decode,1786167437657379419,1786167437806495265,149115846,5.0,0.0,0.0,0.0,,,,,,Validated reconstruction
decode,1786167437806495265,1786167438657379419,850884154,5.0,0.0,0.0,0.0,,,,,,Validated reconstruction
decode,1786167438657379419,1786167438806495265,149115846,5.5,0.0,0.0,0.0,,,,,,Validated reconstruction
decode,1786167438806495265,1786167439657379419,850884154,5.5,0.0,0.0,0.0,,,,,,Validated reconstruction
decode,1786167439657379419,1786167439806495265,149115846,6.0,0.0,0.0,0.0,,,,,,Validated reconstruction
decode,1786167439806495265,1786167440657379419,850884154,6.0,0.0,0.0,0.0,,,,,,Validated reconstruction
decode,1786167440657379419,1786167440806495265,149115846,6.0,0.0,0.0,0.0,,,,,,Validated reconstruction
decode,1786167440806495265,1786167441657379419,850884154,6.0,0.0,0.0,0.0,,,,,,Validated reconstruction
decode,1786167441657379419,1786167441806495265,149115846,6.0,0.0,0.0,0.0,,,,,,Validated reconstruction
decode,1786167441806495265,1786167442657379419,850884154,6.0,0.0,0.0,0.0,,,,,,Validated reconstruction
decode,1786167442657379419,1786167442806495265,149115846,6.0,0.0,0.0,0.0,,,,,,Validated reconstruction
decode,1786167442806495265,1786167443657379419,850884154,6.0,0.0,0.0,0.0,,,,,,Validated reconstruction
decode,1786167443657379419,1786167443806495265,149115846,6.0,0.0,0.0,0.0,,,,,,Validated reconstruction
decode,1786167443806495265,1786167444657379419,850884154,6.0,0.0,0.0,0.0,,,,,,Validated reconstruction
decode,1786167444657379419,1786167444806495265,149115846,6.0,0.0,0.0,0.0,,,,,,Validated reconstruction
decode,1786167444806495265,1786167445657379419,850884154,6.0,0.0,0.0,0.0,,,,,,Validated reconstruction
decode,1786167445657379419,1786167445806495265,149115846,7.0,0.0,0.0,0.0,,,,,,Validated reconstruction
decode,1786167445806495265,1786167446657379419,850884154,7.0,0.0,0.0,0.0,,,,,,Validated reconstruction
decode,1786167446657379419,1786167446806495265,149115846,7.0,0.0,0.0,0.0,,,,,,Validated reconstruction
decode,1786167446806495265,1786167447657379419,850884154,7.0,0.0,0.0,0.0,,,,,,Validated reconstruction
decode,1786167447657379419,1786167447806495265,149115846,7.0,0.0,0.0,0.0,,,,,,Validated reconstruction
decode,1786167447806495265,1786167448657379419,850884154,8.0,0.0,0.0,0.0,,,,,,Validated reconstruction
decode,1786167448657379419,1786167448806495265,149115846,8.0,0.0,0.0,0.0,,,,,,Validated reconstruction
decode,1786167448806495265,1786167449657379419,850884154,7.5,0.0,0.0,0.0,,,,,,Validated reconstruction
decode,1786167449657379419,1786167449806495265,149115846,7.5,0.0,0.0,0.0,,,,,,Validated reconstruction
decode,1786167449806495265,1786167450657379419,850884154,7.0,0.0,0.0,0.0,,,,,,Validated reconstruction
decode,1786167450657379419,1786167450806495265,149115846,7.0,0.0,0.0,0.0,,,,,,Validated reconstruction
decode,1786167450806495265,1786167451657379419,850884154,7.0,0.0,0.0,0.0,,,,,,Validated reconstruction
decode,1786167451657379419,1786167451806495265,149115846,7.0,0.0,0.0,0.0,,,,,,Validated reconstruction
decode,1786167451806495265,1786167452657379419,850884154,7.0,0.0,0.0,0.0,,,,,,Validated reconstruction
decode,1786167452657379419,1786167452806495265,149115846,7.0,0.0,0.0,0.0,,,,,,Validated reconstruction
decode,1786167452806495265,1786167453657379419,850884154,7.0,0.0,0.0,0.0,,,,,,Validated reconstruction
decode,1786167453657379419,1786167453806495265,149115846,8.0,0.0,0.0,0.0,,,,,,Validated reconstruction
decode,1786167453806495265,1786167454657379419,850884154,8.0,0.0,0.0,0.0,,,,,,Validated reconstruction
decode,1786167454657379419,1786167454806495265,149115846,8.0,0.0,0.0,0.0,,,,,,Validated reconstruction
decode,1786167454806495265,1786167455657379419,850884154,8.0,0.0,0.0,0.0,,,,,,Validated reconstruction
decode,1786167455657379419,1786167455806495265,149115846,8.0,0.0,0.0,0.0,,,,,,Validated reconstruction
decode,1786167455806495265,1786167456657379419,850884154,8.0,0.0,0.0,0.0,,,,,,Validated reconstruction
decode,1786167456657379419,1786167456806495265,149115846,0.0,0.0,0.0,0.0,,,,,,Validated reconstruction
decode,1786167456806495265,1786167457657379419,850884154,0.0,0.0,0.0,0.0,,,,,,Validated reconstruction
decode,1786167457657379419,1786167457806495265,149115846,0.0,0.0,0.0,0.0,,,,,,Validated reconstruction
decode,1786167457806495265,1786167458657379419,850884154,1.0,0.0,0.0,0.0,,,,,,Validated reconstruction
decode,1786167458657379419,1786167458806495265,149115846,1.5,0.0,0.0,0.0,,,,,,Validated reconstruction
decode,1786167458806495265,1786167459657379419,850884154,2.5,0.0,0.0,0.0,,,,,,Validated reconstruction
decode,1786167459657379419,1786167459806495265,149115846,3.0,0.0,0.0,0.0,,,,,,Validated reconstruction
decode,1786167459806495265,1786167460657379419,850884154,3.0,0.0,0.0,0.0,,,,,,Validated reconstruction
decode,1786167460657379419,1786167460806495265,149115846,3.0,0.0,0.0,0.0,,,,,,Validated reconstruction
decode,1786167460806495265,1786167461657379419,850884154,3.0,0.0,0.0,0.0,,,,,,Validated reconstruction
decode,1786167461657379419,1786167461806495265,149115846,3.0,0.0,0.0,0.0,,,,,,Validated reconstruction
decode,1786167461806495265,1786167462657379419,850884154,3.0,0.0,0.0,0.0,,,,,,Validated reconstruction
decode,1786167462657379419,1786167462806495265,149115846,3.0,0.0,0.0,0.0,,,,,,Validated reconstruction
decode,1786167462806495265,1786167463657379419,850884154,3.0,0.0,0.0,0.0,,,,,,Validated reconstruction
decode,1786167463657379419,1786167463806495265,149115846,3.0,0.0,0.0,0.0,,,,,,Validated reconstruction
decode,1786167463806495265,1786167464657379419,850884154,3.0,0.0,0.0,0.0,,,,,,Validated reconstruction
decode,1786167464657379419,1786167464806495265,149115846,3.0,0.0,0.0,0.0,,,,,,Validated reconstruction
decode,1786167464806495265,1786167465657379419,850884154,3.0,0.0,0.0,0.0,,,,,,Validated reconstruction
decode,1786167465657379419,1786167465806495265,149115846,3.0,0.0,0.0,0.0,,,,,,Validated reconstruction
decode,1786167465806495265,1786167466657379419,850884154,3.0,0.0,0.0,0.0,,,,,,Validated reconstruction
decode,1786167466657379419,1786167466806495265,149115846,3.0,0.0,0.0,0.0,,,,,,Validated reconstruction
decode,1786167466806495265,1786167467657379419,850884154,3.0,0.0,0.0,0.0,,,,,,Validated reconstruction
decode,1786167467657379419,1786167467806495265,149115846,3.0,0.0,0.0,0.0,,,,,,Validated reconstruction
decode,1786167467806495265,1786167468657379419,850884154,4.0,0.0,0.0,0.0,,,,,,Validated reconstruction
decode,1786167468657379419,1786167468806495265,149115846,4.0,0.0,0.0,0.0,,,,,,Validated reconstruction
decode,1786167468806495265,1786167469657379419,850884154,4.0,0.0,0.0,0.0,,,,,,Validated reconstruction
decode,1786167469657379419,1786167469806495265,149115846,4.0,0.0,0.0,0.0,,,,,,Validated reconstruction
decode,1786167469806495265,1786167470657379419,850884154,4.0,0.0,0.0,0.0,,,,,,Validated reconstruction
decode,1786167470657379419,1786167470806495265,149115846,4.0,0.0,0.0,0.0,,,,,,Validated reconstruction
decode,1786167470806495265,1786167471657379419,850884154,4.0,0.0,0.0,0.0,,,,,,Validated reconstruction
decode,1786167471657379419,1786167471806495265,149115846,3.5,0.0,0.0,0.0,,,,,,Validated reconstruction
decode,1786167471806495265,1786167472657379419,850884154,3.5,0.0,0.0,0.0,,,,,,Validated reconstruction
decode,1786167472657379419,1786167472806495265,149115846,3.0,0.0,0.0,0.0,,,,,,Validated reconstruction
decode,1786167472806495265,1786167473657379419,850884154,3.0,0.0,0.0,0.0,,,,,,Validated reconstruction
decode,1786167473657379419,1786167473806495265,149115846,3.0,0.0,0.0,0.0,,,,,,Validated reconstruction
decode,1786167473806495265,1786167474657379419,850884154,3.0,0.0,0.0,0.0,,,,,,Validated reconstruction
decode,1786167474657379419,1786167474806495265,149115846,4.0,0.0,0.0,0.0,,,,,,Validated reconstruction
decode,1786167474806495265,1786167475657379419,850884154,4.0,0.0,0.0,0.0,,,,,,Validated reconstruction
decode,1786167475657379419,1786167475806495265,149115846,3.0,0.0,0.0,0.0,,,,,,Validated reconstruction
decode,1786167475806495265,1786167476657379419,850884154,4.0,0.0,0.0,0.0,,,,,,Validated reconstruction
decode,1786167476657379419,1786167476806495265,149115846,4.0,0.0,0.0,0.0,,,,,,Validated reconstruction
decode,1786167476806495265,1786167477657379419,850884154,4.0,0.0,0.0,0.0,,,,,,Validated reconstruction
decode,1786167477657379419,1786167477806495265,149115846,4.0,0.0,0.0,0.0,,,,,,Validated reconstruction
decode,1786167477806495265,1786167478657379419,850884154,4.0,0.0,0.0,0.0,,,,,,Validated reconstruction
decode,1786167479657379419,1786167479806495265,149115846,5.0,0.0,0.0,0.0,,,,,,Validated reconstruction
decode,1786167479806495265,1786167480657379419,850884154,5.0,0.0,0.0,0.0,,,,,,Validated reconstruction
decode,1786167480657379419,1786167480806495265,149115846,5.0,0.0,0.0,0.0,,,,,,Validated reconstruction
decode,1786167480806495265,1786167481657379419,850884154,5.0,0.0,0.0,0.0,,,,,,Validated reconstruction
decode,1786167481657379419,1786167481806495265,149115846,5.0,0.0,0.0,0.0,,,,,,Validated reconstruction
decode,1786167481806495265,1786167482657379419,850884154,5.0,0.0,0.0,0.0,,,,,,Validated reconstruction
decode,1786167482657379419,1786167482806495265,149115846,5.0,0.0,0.0,0.0,,,,,,Validated reconstruction
decode,1786167482806495265,1786167483657379419,850884154,5.0,0.0,0.0,0.0,,,,,,Validated reconstruction
decode,1786167483657379419,1786167483806495265,149115846,5.0,0.0,0.0,0.0,,,,,,Validated reconstruction
decode,1786167483806495265,1786167484657379419,850884154,5.0,0.0,0.0,0.0,,,,,,Validated reconstruction
decode,1786167484657379419,1786167484806495265,149115846,5.0,0.0,0.0,0.0,,,,,,Validated reconstruction
decode,1786167484806495265,1786167485657379419,850884154,5.0,0.0,0.0,0.0,,,,,,Validated reconstruction
decode,1786167485657379419,1786167485806495265,149115846,5.0,0.0,0.0,0.0,,,,,,Validated reconstruction
decode,1786167485806495265,1786167486657379419,850884154,5.0,0.0,0.0,0.0,,,,,,Validated reconstruction
decode,1786167486657379419,1786167486806495265,149115846,4.0,0.0,0.0,0.0,,,,,,Validated reconstruction
decode,1786167486806495265,1786167487657379419,850884154,0.0,0.0,0.0,0.0,,,,,,Validated reconstruction
decode,1786167487657379419,1786167487806495265,149115846,0.0,0.0,0.0,0.0,,,,,,Validated reconstruction
decode,1786167487806495265,1786167488657379419,850884154,0.0,0.0,0.0,0.0,,,,,,Validated reconstruction
decode,1786167488657379419,1786167488806495265,149115846,0.0,0.0,0.0,0.0,,,,,,Validated reconstruction
decode,1786167488806495265,1786167489657379419,850884154,1.0,0.0,0.0,0.0,,,,,,Validated reconstruction
decode,1786167489657379419,1786167489806495265,149115846,2.0,0.0,0.0,0.0,,,,,,Validated reconstruction
decode,1786167489806495265,1786167490657379419,850884154,2.0,0.0,0.0,0.0,,,,,,Validated reconstruction
decode,1786167490657379419,1786167490806495265,149115846,2.0,0.0,0.0,0.0,,,,,,Validated reconstruction
decode,1786167490806495265,1786167491657379419,850884154,2.0,0.0,0.0,0.0,,,,,,Validated reconstruction
decode,1786167491657379419,1786167491806495265,149115846,2.0,0.0,0.0,0.0,,,,,,Validated reconstruction
decode,1786167491806495265,1786167492657379419,850884154,2.0,0.0,0.0,0.0,,,,,,Validated reconstruction
decode,1786167492657379419,1786167492806495265,149115846,2.0,0.0,0.0,0.0,,,,,,Validated reconstruction
decode,1786167492806495265,1786167493657379419,850884154,1.5,0.0,0.0,0.0,,,,,,Validated reconstruction
decode,1786167493657379419,1786167493806495265,149115846,1.5,0.0,0.0,0.0,,,,,,Validated reconstruction
decode,1786167493806495265,1786167494657379419,850884154,1.0,0.0,0.0,0.0,,,,,,Validated reconstruction
decode,1786167494657379419,1786167494806495265,149115846,1.0,0.0,0.0,0.0,,,,,,Validated reconstruction
decode,1786167494806495265,1786167495657379419,850884154,1.0,0.0,0.0,0.0,,,,,,Validated reconstruction
decode,1786167495657379419,1786167495806495265,149115846,1.0,0.0,0.0,0.0,,,,,,Validated reconstruction
decode,1786167495806495265,1786167496657379419,850884154,1.0,0.0,0.0,0.0,,,,,,Validated reconstruction
decode,1786167496657379419,1786167496806495265,149115846,1.0,0.0,0.0,0.0,,,,,,Validated reconstruction
decode,1786167496806495265,1786167497657379419,850884154,1.0,0.0,0.0,0.0,,,,,,Validated reconstruction
decode,1786167497657379419,1786167497806495265,149115846,1.0,0.0,0.0,0.0,,,,,,Validated reconstruction
decode,1786167497806495265,1786167498657379419,850884154,2.0,0.0,0.0,0.0,,,,,,Validated reconstruction
decode,1786167498657379419,1786167498806495265,149115846,2.0,0.0,0.0,0.0,,,,,,Validated reconstruction
decode,1786167498806495265,1786167499657379419,850884154,2.0,0.0,0.0,0.0,,,,,,Validated reconstruction
decode,1786167499657379419,1786167499806495265,149115846,1.0,0.0,0.0,0.0,,,,,,Validated reconstruction
decode,1786167499806495265,1786167500657379419,850884154,1.0,0.0,0.0,0.0,,,,,,Validated reconstruction
decode,1786167500657379419,1786167500806495265,149115846,1.0,0.0,0.0,0.0,,,,,,Validated reconstruction
decode,1786167500806495265,1786167501657379419,850884154,1.0,0.0,0.0,0.0,,,,,,Validated reconstruction
decode,1786167501657379419,1786167501806495265,149115846,1.0,0.0,0.0,0.0,,,,,,Validated reconstruction
decode,1786167501806495265,1786167502657379419,850884154,1.0,0.0,0.0,0.0,,,,,,Validated reconstruction
decode,1786167502657379419,1786167502806495265,149115846,1.0,0.0,0.0,0.0,,,,,,Validated reconstruction
decode,1786167502806495265,1786167503657379419,850884154,1.5,0.0,0.0,0.0,,,,,,Validated reconstruction
decode,1786167503657379419,1786167503806495265,149115846,1.5,0.0,0.0,0.0,,,,,,Validated reconstruction
decode,1786167503806495265,1786167504657379419,850884154,2.0,0.0,0.0,0.0,,,,,,Validated reconstruction
decode,1786167504657379419,1786167504806495265,149115846,2.0,0.0,0.0,0.0,,,,,,Validated reconstruction
decode,1786167504806495265,1786167505657379419,850884154,2.0,0.0,0.0,0.0,,,,,,Validated reconstruction
decode,1786167505657379419,1786167505806495265,149115846,2.0,0.0,0.0,0.0,,,,,,Validated reconstruction
decode,1786167505806495265,1786167506657379419,850884154,0.0,0.0,0.0,0.0,,,,,,Validated reconstruction
decode,1786167506657379419,1786167506806495265,149115846,0.0,0.0,0.0,0.0,,,,,,Validated reconstruction
decode,1786167506806495265,1786167507657379419,850884154,0.0,0.0,0.0,0.0,,,,,,Validated reconstruction
decode,1786167507657379419,1786167507806495265,149115846,0.0,0.0,0.0,0.0,,,,,,Validated reconstruction
decode,1786167507806495265,1786167508657379419,850884154,1.0,0.0,0.0,0.0,,,,,,Validated reconstruction
decode,1786167508657379419,1786167508806495265,149115846,1.0,0.0,0.0,0.0,,,,,,Validated reconstruction
decode,1786167508806495265,1786167509657379419,850884154,1.0,0.0,0.0,0.0,,,,,,Validated reconstruction
decode,1786167509657379419,1786167509806495265,149115846,1.0,0.0,0.0,0.0,,,,,,Validated reconstruction
decode,1786167509806495265,1786167510657379419,850884154,0.0,0.0,0.0,0.0,,,,,,Validated reconstruction
decode,1786167510657379419,1786167510806495265,149115846,0.0,0.0,0.0,0.0,,,,,,Validated reconstruction
decode,1786167510806495265,1786167511657379419,850884154,1.0,0.0,0.0,0.0,,,,,,Validated reconstruction
decode,1786167511657379419,1786167511806495265,149115846,1.0,0.0,0.0,0.0,,,,,,Validated reconstruction
decode,1786167511806495265,1786167512657379419,850884154,1.0,0.0,0.0,0.0,,,,,,Validated reconstruction
decode,1786167512657379419,1786167512806495265,149115846,1.0,0.0,0.0,0.0,,,,,,Validated reconstruction
decode,1786167512806495265,1786167513657379419,850884154,1.5,0.0,0.0,0.0,,,,,,Validated reconstruction
decode,1786167513657379419,1786167513806495265,149115846,1.5,0.0,0.0,0.0,,,,,,Validated reconstruction
decode,1786167513806495265,1786167514657379419,850884154,2.0,0.0,0.0,0.0,,,,,,Validated reconstruction
decode,1786167514657379419,1786167514806495265,149115846,2.0,0.0,0.0,0.0,,,,,,Validated reconstruction
decode,1786167514806495265,1786167515657379419,850884154,2.0,0.0,0.0,0.0,,,,,,Validated reconstruction
decode,1786167515657379419,1786167515806495265,149115846,2.0,0.0,0.0,0.0,,,,,,Validated reconstruction
decode,1786167515806495265,1786167516657379419,850884154,2.0,0.0,0.0,0.0,,,,,,Validated reconstruction
decode,1786167516657379419,1786167516806495265,149115846,2.0,0.0,0.0,0.0,,,,,,Validated reconstruction
decode,1786167516806495265,1786167517657379419,850884154,2.0,0.0,0.0,0.0,,,,,,Validated reconstruction
decode,1786167517657379419,1786167517806495265,149115846,2.5,0.0,0.0,0.0,,,,,,Validated reconstruction
decode,1786167517806495265,1786167518657379419,850884154,2.5,0.0,0.0,0.0,,,,,,Validated reconstruction
decode,1786167518657379419,1786167518806495265,149115846,2.0,0.0,0.0,0.0,,,,,,Validated reconstruction
decode,1786167518806495265,1786167519657379419,850884154,2.0,0.0,0.0,0.0,,,,,,Validated reconstruction
decode,1786167519657379419,1786167519806495265,149115846,2.0,0.0,0.0,0.0,,,,,,Validated reconstruction
decode,1786167519806495265,1786167520657379419,850884154,2.0,0.0,0.0,0.0,,,,,,Validated reconstruction
decode,1786167520657379419,1786167520806495265,149115846,2.0,0.0,0.0,0.0,,,,,,Validated reconstruction
decode,1786167520806495265,1786167521657379419,850884154,2.0,0.0,0.0,0.0,,,,,,Validated reconstruction
decode,1786167521657379419,1786167521806495265,149115846,2.0,0.0,0.0,0.0,,,,,,Validated reconstruction
decode,1786167521806495265,1786167522657379419,850884154,2.0,0.0,1.0,0.0,,,,,,Validated reconstruction
decode,1786167522657379419,1786167522806495265,149115846,2.0,0.0,1.0,0.0,,,,,,Validated reconstruction
decode,1786167522806495265,1786167523657379419,850884154,2.0,0.0,1.0,0.0,,,,,,Validated reconstruction
decode,1786167523657379419,1786167523806495265,149115846,2.0,0.0,1.0,0.0,,,,,,Validated reconstruction
decode,1786167523806495265,1786167524657379419,850884154,2.0,0.0,1.0,0.0,,,,,,Validated reconstruction
decode,1786167524657379419,1786167524806495265,149115846,2.0,0.0,1.0,0.0,,,,,,Validated reconstruction
decode,1786167524806495265,1786167525657379419,850884154,2.0,0.0,1.0,0.0,,,,,,Validated reconstruction
decode,1786167525657379419,1786167525806495265,149115846,2.0,0.0,1.0,0.0,,,,,,Validated reconstruction
decode,1786167525806495265,1786167526657379419,850884154,2.0,0.0,1.0,0.0,,,,,,Validated reconstruction
decode,1786167526657379419,1786167526806495265,149115846,2.0,0.0,1.0,0.0,,,,,,Validated reconstruction
decode,1786167526806495265,1786167527657379419,850884154,2.0,0.0,1.0,0.0,,,,,,Validated reconstruction
decode,1786167527657379419,1786167527806495265,149115846,2.0,0.0,1.0,0.0,,,,,,Validated reconstruction
decode,1786167527806495265,1786167528657379419,850884154,1.0,0.0,1.0,0.0,,,,,,Validated reconstruction
decode,1786167528657379419,1786167528806495265,149115846,1.0,0.0,1.0,0.0,,,,,,Validated reconstruction
decode,1786167528806495265,1786167529657379419,850884154,1.0,0.0,0.0,0.0,,,,,,Validated reconstruction
decode,1786167529657379419,1786167529806495265,149115846,1.0,0.0,0.0,0.0,,,,,,Validated reconstruction
decode,1786167529806495265,1786167530657379419,850884154,1.5,0.0,0.0,0.0,,,,,,Validated reconstruction
decode,1786167530657379419,1786167530806495265,149115846,1.5,0.0,0.0,0.0,,,,,,Validated reconstruction
decode,1786167530806495265,1786167531657379419,850884154,1.0,0.0,0.0,0.0,,,,,,Validated reconstruction
decode,1786167531657379419,1786167531806495265,149115846,1.0,0.0,0.0,0.0,,,,,,Validated reconstruction
decode,1786167531806495265,1786167532657379419,850884154,0.0,0.0,0.0,0.0,,,,,,Validated reconstruction
decode,1786167532657379419,1786167532806495265,149115846,0.0,0.0,0.0,0.0,,,,,,Validated reconstruction
decode,1786167532806495265,1786167533657379419,850884154,0.0,0.0,0.0,0.0,,,,,,Validated reconstruction
decode,1786167533657379419,1786167533806495265,149115846,0.0,0.0,0.0,0.0,,,,,,Validated reconstruction
decode,1786167533806495265,1786167534657379419,850884154,1.0,0.0,0.0,0.0,,,,,,Validated reconstruction
decode,1786167534657379419,1786167534806495265,149115846,1.0,0.0,0.0,0.0,,,,,,Validated reconstruction
decode,1786167534806495265,1786167535657379419,850884154,1.0,0.0,0.0,0.0,,,,,,Validated reconstruction
decode,1786167535657379419,1786167535806495265,149115846,1.0,0.0,0.0,0.0,,,,,,Validated reconstruction
decode,1786167535806495265,1786167536657379419,850884154,1.0,0.0,0.0,0.0,,,,,,Validated reconstruction
decode,1786167536657379419,1786167536806495265,149115846,1.0,0.0,0.0,0.0,,,,,,Validated reconstruction
decode,1786167536806495265,1786167537657379419,850884154,1.0,0.0,0.0,0.0,,,,,,Validated reconstruction
decode,1786167537657379419,1786167537806495265,149115846,1.0,0.0,0.0,0.0,,,,,,Validated reconstruction
decode,1786167537806495265,1786167538657379419,850884154,0.0,0.0,0.0,0.0,,,,,,Validated reconstruction
decode,1786167538657379419,1786167538806495265,149115846,0.0,0.0,0.0,0.0,,,,,,Validated reconstruction
decode,1786167538806495265,1786167539657379419,850884154,0.0,0.0,0.0,0.0,,,,,,Validated reconstruction
decode,1786167539657379419,1786167539806495265,149115846,0.0,0.0,0.0,0.0,,,,,,Validated reconstruction
decode,1786167539806495265,1786167540657379419,850884154,0.0,0.0,0.0,0.0,,,,,,Validated reconstruction
decode,1786167540657379419,1786167540806495265,149115846,0.0,0.0,0.0,0.0,,,,,,Validated reconstruction
decode,1786167540806495265,1786167541657379419,850884154,0.0,0.0,0.0,0.0,,,,,,Validated reconstruction
decode,1786167541657379419,1786167541806495265,149115846,0.0,0.0,0.0,0.0,,,,,,Validated reconstruction
decode,1786167541806495265,1786167542657379419,850884154,0.0,0.0,0.0,0.0,,,,,,Validated reconstruction
decode,1786167542657379419,1786167542806495265,149115846,0.0,0.0,0.0,0.0,,,,,,Validated reconstruction
decode,1786167542806495265,1786167543657379419,850884154,0.0,0.0,0.0,0.0,,,,,,Validated reconstruction
decode,1786167543657379419,1786167543806495265,149115846,0.0,0.0,0.0,0.0,,,,,,Validated reconstruction
decode,1786167543806495265,1786167544657379419,850884154,0.0,0.0,0.0,0.0,,,,,,Validated reconstruction
decode,1786167544657379419,1786167544806495265,149115846,0.0,0.0,0.0,0.0,,,,,,Validated reconstruction
decode,1786167544806495265,1786167545657379419,850884154,0.0,0.0,0.0,0.0,,,,,,Validated reconstruction
decode,1786167545657379419,1786167545806495265,149115846,1.0,0.0,0.0,0.0,,,,,,Validated reconstruction
decode,1786167545806495265,1786167546657379419,850884154,1.0,0.0,0.0,0.0,,,,,,Validated reconstruction
decode,1786167546657379419,1786167546806495265,149115846,0.0,0.0,0.0,0.0,,,,,,Validated reconstruction
decode,1786167546806495265,1786167547657379419,850884154,0.0,0.0,0.0,0.0,,,,,,Validated reconstruction
decode,1786167547657379419,1786167547806495265,149115846,0.0,0.0,0.0,0.0,,,,,,Validated reconstruction
decode,1786167547806495265,1786167548657379419,850884154,0.0,0.0,0.0,0.0,,,,,,Validated reconstruction
decode,1786167548657379419,1786167548806495265,149115846,0.0,0.0,0.0,0.0,,,,,,Validated reconstruction
decode,1786167548806495265,1786167549657379419,850884154,0.0,0.0,0.0,0.0,,,,,,Validated reconstruction
decode,1786167549657379419,1786167549806495265,149115846,0.0,0.0,0.0,0.0,,,,,,Validated reconstruction
decode,1786167549806495265,1786167550657379419,850884154,0.0,0.0,0.0,0.0,,,,,,Validated reconstruction
decode,1786167550657379419,1786167550806495265,149115846,0.0,0.0,0.0,0.0,,,,,,Validated reconstruction
decode,1786167550806495265,1786167551657379419,850884154,0.0,0.0,0.0,0.0,,,,,,Validated reconstruction
decode,1786167551657379419,1786167551806495265,149115846,0.0,0.0,0.0,0.0,,,,,,Validated reconstruction
decode,1786167551806495265,1786167552657379419,850884154,0.0,0.0,0.0,0.0,,,,,,Validated reconstruction
decode,1786167552657379419,1786167552806495265,149115846,0.0,0.0,0.0,0.0,,,,,,Validated reconstruction
decode,1786167552806495265,1786167553657379419,850884154,0.0,0.0,0.0,0.0,,,,,,Validated reconstruction
decode,1786167553657379419,1786167553806495265,149115846,0.0,0.0,0.0,0.0,,,,,,Validated reconstruction
decode,1786167553806495265,1786167554657379419,850884154,1.0,0.0,0.0,1.0,,,,,,Validated reconstruction
decode,1786167554657379419,1786167554806495265,149115846,1.0,0.0,0.0,1.0,,,,,,Validated reconstruction
decode,1786167554806495265,1786167555657379419,850884154,1.0,0.0,0.0,1.0,,,,,,Validated reconstruction
decode,1786167555657379419,1786167555806495265,149115846,1.0,0.0,0.0,1.0,,,,,,Validated reconstruction
decode,1786167555806495265,1786167556657379419,850884154,1.0,0.0,0.0,1.0,,,,,,Validated reconstruction
decode,1786167556657379419,1786167556806495265,149115846,1.0,0.0,0.0,1.0,,,,,,Validated reconstruction
decode,1786167556806495265,1786167557657379419,850884154,1.0,0.0,0.0,1.0,,,,,,Validated reconstruction
decode,1786167557657379419,1786167557806495265,149115846,1.0,0.0,0.0,1.0,,,,,,Validated reconstruction
decode,1786167557806495265,1786167558657379419,850884154,1.0,0.0,0.0,1.0,,,,,,Validated reconstruction
decode,1786167558657379419,1786167558806495265,149115846,1.0,0.0,0.0,1.0,,,,,,Validated reconstruction
decode,1786167558806495265,1786167559657379419,850884154,0.5,0.0,0.0,0.5,,,,,,Validated reconstruction
decode,1786167559657379419,1786167559806495265,149115846,0.5,0.0,0.0,0.5,,,,,,Validated reconstruction
decode,1786167559806495265,1786167560657379419,850884154,0.0,0.0,0.0,0.0,,,,,,Validated reconstruction
decode,1786167560657379419,1786167560806495265,149115846,0.0,0.0,0.0,0.0,,,,,,Validated reconstruction
decode,1786167560806495265,1786167561657379419,850884154,0.0,0.0,0.0,0.0,,,,,,Validated reconstruction
decode,1786167561657379419,1786167561806495265,149115846,0.0,0.0,0.0,0.0,,,,,,Validated reconstruction
decode,1786167561806495265,1786167562657379419,850884154,0.0,0.0,0.0,0.0,,,,,,Validated reconstruction
decode,1786167562657379419,1786167562806495265,149115846,0.0,0.0,0.0,0.0,,,,,,Validated reconstruction
decode,1786167562806495265,1786167563657379419,850884154,1.0,0.0,0.0,0.0,,,,,,Validated reconstruction
decode,1786167563657379419,1786167563806495265,149115846,1.0,0.0,0.0,0.0,,,,,,Validated reconstruction
decode,1786167563806495265,1786167564657379419,850884154,0.0,0.0,0.0,0.0,,,,,,Validated reconstruction
decode,1786167564657379419,1786167564806495265,149115846,0.0,0.0,0.0,0.0,,,,,,Validated reconstruction
decode,1786167564806495265,1786167565657379419,850884154,0.0,0.0,0.0,0.0,,,,,,Validated reconstruction
decode,1786167565657379419,1786167565806495265,149115846,0.0,0.0,0.0,0.0,,,,,,Validated reconstruction
decode,1786167565806495265,1786167566657379419,850884154,0.0,0.0,0.0,0.0,,,,,,Validated reconstruction
decode,1786167566657379419,1786167566806495265,149115846,0.0,0.0,0.0,0.0,,,,,,Validated reconstruction
decode,1786167566806495265,1786167567657379419,850884154,0.0,0.0,0.0,0.0,,,,,,Validated reconstruction
decode,1786167567657379419,1786167567806495265,149115846,0.0,0.0,0.0,0.0,,,,,,Validated reconstruction
decode,1786167567806495265,1786167568657379419,850884154,0.0,0.0,0.0,0.0,,,,,,Validated reconstruction
decode,1786167568657379419,1786167568806495265,149115846,0.0,0.0,0.0,0.0,,,,,,Validated reconstruction
decode,1786167568806495265,1786167569657379419,850884154,0.0,0.0,0.0,0.0,,,,,,Validated reconstruction
decode,1786167569657379419,1786167569806495265,149115846,0.0,0.0,0.0,0.0,,,,,,Validated reconstruction
decode,1786167569806495265,1786167570657379419,850884154,0.0,0.0,0.0,0.0,,,,,,Validated reconstruction
decode,1786167570657379419,1786167570806495265,149115846,0.0,0.0,0.0,0.0,,,,,,Validated reconstruction
decode,1786167570806495265,1786167571657379419,850884154,0.0,0.0,0.0,0.0,,,,,,Validated reconstruction
decode,1786167571657379419,1786167571806495265,149115846,0.0,0.0,0.0,0.0,,,,,,Validated reconstruction
decode,1786167571806495265,1786167572657379419,850884154,0.0,0.0,0.0,0.0,,,,,,Validated reconstruction
decode,1786167572657379419,1786167572806495265,149115846,0.0,0.0,0.0,0.0,,,,,,Validated reconstruction
decode,1786167572806495265,1786167573657379419,850884154,0.0,0.0,0.0,0.0,,,,,,Validated reconstruction
decode,1786167573657379419,1786167573806495265,149115846,0.0,0.0,0.0,0.0,,,,,,Validated reconstruction
decode,1786167573806495265,1786167574657379419,850884154,0.0,0.0,0.0,0.0,,,,,,Validated reconstruction
decode,1786167574657379419,1786167574806495265,149115846,0.0,0.0,0.0,0.0,,,,,,Validated reconstruction
decode,1786167574806495265,1786167575657379419,850884154,0.0,0.0,0.0,0.0,,,,,,Validated reconstruction
decode,1786167575657379419,1786167575806495265,149115846,0.0,0.0,0.0,0.0,,,,,,Validated reconstruction
decode,1786167575806495265,1786167576657379419,850884154,0.0,0.0,0.0,0.0,,,,,,Validated reconstruction
decode,1786167576657379419,1786167576806495265,149115846,0.0,0.0,0.0,0.0,,,,,,Validated reconstruction
decode,1786167576806495265,1786167577657379419,850884154,0.0,0.0,0.0,0.0,,,,,,Validated reconstruction
decode,1786167577657379419,1786167577806495265,149115846,0.0,0.0,0.0,0.0,,,,,,Validated reconstruction
decode,1786167577806495265,1786167578657379419,850884154,0.0,0.0,0.0,0.0,,,,,,Validated reconstruction
decode,1786167578657379419,1786167578806495265,149115846,0.0,0.0,0.0,0.0,,,,,,Validated reconstruction
decode,1786167578806495265,1786167579657379419,850884154,0.0,0.0,0.0,0.0,,,,,,Validated reconstruction
decode,1786167579657379419,1786167579806495265,149115846,0.0,0.0,0.0,0.0,,,,,,Validated reconstruction
decode,1786167579806495265,1786167580657379419,850884154,0.0,0.0,0.0,0.0,,,,,,Validated reconstruction
decode,1786167580657379419,1786167580806495265,149115846,0.0,0.0,0.0,0.0,,,,,,Validated reconstruction
decode,1786167580806495265,1786167581657379419,850884154,0.0,0.0,0.0,0.0,,,,,,Validated reconstruction
decode,1786167581657379419,1786167581806495265,149115846,0.0,0.0,0.0,0.0,,,,,,Validated reconstruction
decode,1786167581806495265,1786167582657379419,850884154,0.0,0.0,0.0,0.0,,,,,,Validated reconstruction
decode,1786167582657379419,1786167582806495265,149115846,0.0,0.0,0.0,0.0,,,,,,Validated reconstruction
decode,1786167582806495265,1786167583657379419,850884154,0.0,0.0,0.0,0.0,,,,,,Validated reconstruction
decode,1786167583657379419,1786167583806495265,149115846,0.0,0.0,0.0,0.0,,,,,,Validated reconstruction
decode,1786167583806495265,1786167584657379419,850884154,0.0,0.0,0.0,0.0,,,,,,Validated reconstruction
decode,1786167584657379419,1786167584806495265,149115846,0.0,0.0,0.0,0.0,,,,,,Validated reconstruction
decode,1786167584806495265,1786167585657379419,850884154,0.0,0.0,0.0,0.0,,,,,,Validated reconstruction
decode,1786167585657379419,1786167585806495265,149115846,0.0,0.0,0.0,0.0,,,,,,Validated reconstruction
decode,1786167585806495265,1786167586657379419,850884154,0.0,0.0,0.0,0.0,,,,,,Validated reconstruction
decode,1786167586657379419,1786167586806495265,149115846,0.0,0.0,0.0,0.0,,,,,,Validated reconstruction
decode,1786167586806495265,1786167587657379419,850884154,0.0,0.0,0.0,0.0,,,,,,Validated reconstruction
decode,1786167587657379419,1786167587806495265,149115846,0.0,0.0,0.0,0.0,,,,,,Validated reconstruction
decode,1786167587806495265,1786167588657379419,850884154,0.0,0.0,0.0,0.0,,,,,,Validated reconstruction
decode,1786167588657379419,1786167588806495265,149115846,0.0,0.0,0.0,0.0,,,,,,Validated reconstruction
decode,1786167588806495265,1786167589657379419,850884154,0.0,0.0,0.0,0.0,,,,,,Validated reconstruction
decode,1786167589657379419,1786167589806495265,149115846,0.0,0.0,0.0,0.0,,,,,,Validated reconstruction
decode,1786167589806495265,1786167590657379419,850884154,0.0,0.0,0.0,0.0,,,,,,Validated reconstruction
decode,1786167590657379419,1786167590806495265,149115846,0.0,0.0,0.0,0.0,,,,,,Validated reconstruction
decode,1786167590806495265,1786167591657379419,850884154,0.0,0.0,0.0,0.0,,,,,,Validated reconstruction
decode,1786167591657379419,1786167591806495265,149115846,0.0,0.0,0.0,0.0,,,,,,Validated reconstruction
decode,1786167591806495265,1786167592657379419,850884154,0.0,0.0,0.0,0.0,,,,,,Validated reconstruction
decode,1786167592657379419,1786167592806495265,149115846,0.0,0.0,0.0,0.0,,,,,,Validated reconstruction
decode,1786167592806495265,1786167593657379419,850884154,0.0,0.0,0.0,0.0,,,,,,Validated reconstruction
decode,1786167593657379419,1786167593806495265,149115846,0.0,0.0,0.0,0.0,,,,,,Validated reconstruction
decode,1786167593806495265,1786167594657379419,850884154,0.0,0.0,0.0,0.0,,,,,,Validated reconstruction
decode,1786167594657379419,1786167594806495265,149115846,0.0,0.0,0.0,0.0,,,,,,Validated reconstruction
decode,1786167594806495265,1786167595657379419,850884154,0.0,0.0,0.0,0.0,,,,,,Validated reconstruction
decode,1786167595657379419,1786167595806495265,149115846,1.0,0.0,0.0,0.0,,,,,,Validated reconstruction
decode,1786167595806495265,1786167596657379419,850884154,1.0,0.0,0.0,0.0,,,,,,Validated reconstruction
decode,1786167596657379419,1786167596806495265,149115846,1.0,0.0,0.0,0.0,,,,,,Validated reconstruction
decode,1786167596806495265,1786167597657379419,850884154,1.0,0.0,0.0,0.0,,,,,,Validated reconstruction
decode,1786167597657379419,1786167597806495265,149115846,0.5,0.0,0.0,0.0,,,,,,Validated reconstruction
decode,1786167597806495265,1786167598657379419,850884154,1.5,0.0,0.0,0.0,,,,,,Validated reconstruction
decode,1786167598657379419,1786167598806495265,149115846,1.0,0.0,0.0,0.0,,,,,,Validated reconstruction
decode,1786167599806495265,1786167600657379419,850884154,1.0,0.0,0.0,0.0,,,,,,Validated reconstruction
decode,1786167600657379419,1786167600806495265,149115846,1.0,0.0,0.0,0.0,,,,,,Validated reconstruction
decode,1786167600806495265,1786167601657379419,850884154,1.0,0.0,0.0,0.0,,,,,,Validated reconstruction
decode,1786167601657379419,1786167601806495265,149115846,1.0,0.0,0.0,0.0,,,,,,Validated reconstruction
decode,1786167601806495265,1786167602657379419,850884154,1.0,0.0,0.0,0.0,,,,,,Validated reconstruction
decode,1786167602657379419,1786167602806495265,149115846,1.0,0.0,0.0,0.0,,,,,,Validated reconstruction
decode,1786167602806495265,1786167603657379419,850884154,0.0,0.0,0.0,0.0,,,,,,Validated reconstruction
decode,1786167603657379419,1786167603806495265,149115846,0.0,0.0,0.0,0.0,,,,,,Validated reconstruction
decode,1786167603806495265,1786167604657379419,850884154,0.0,0.0,0.0,0.0,,,,,,Validated reconstruction
decode,1786167604657379419,1786167604806495265,149115846,0.0,0.0,0.0,0.0,,,,,,Validated reconstruction
decode,1786167604806495265,1786167605657379419,850884154,0.0,0.0,0.0,0.0,,,,,,Validated reconstruction
decode,1786167605657379419,1786167605806495265,149115846,1.0,0.0,0.0,0.0,,,,,,Validated reconstruction
decode,1786167605806495265,1786167606657379419,850884154,1.0,0.0,0.0,0.0,,,,,,Validated reconstruction
decode,1786167606657379419,1786167606806495265,149115846,1.0,0.0,0.0,0.0,,,,,,Validated reconstruction
decode,1786167606806495265,1786167607657379419,850884154,1.0,0.0,0.0,0.0,,,,,,Validated reconstruction
decode,1786167607657379419,1786167607806495265,149115846,0.0,0.0,0.0,0.0,,,,,,Validated reconstruction
decode,1786167607806495265,1786167608657379419,850884154,1.0,0.0,0.0,0.0,,,,,,Validated reconstruction
decode,1786167608657379419,1786167608806495265,149115846,1.5,0.0,0.0,0.0,,,,,,Validated reconstruction
decode,1786167608806495265,1786167609657379419,850884154,1.5,0.0,0.0,0.0,,,,,,Validated reconstruction
decode,1786167609657379419,1786167609806495265,149115846,1.0,0.0,0.0,0.0,,,,,,Validated reconstruction
decode,1786167609806495265,1786167610657379419,850884154,1.0,0.0,0.0,0.0,,,,,,Validated reconstruction
decode,1786167610657379419,1786167610806495265,149115846,1.0,0.0,0.0,0.0,,,,,,Validated reconstruction
decode,1786167610806495265,1786167611657379419,850884154,1.0,0.0,0.0,0.0,,,,,,Validated reconstruction
decode,1786167611657379419,1786167611806495265,149115846,1.0,0.0,0.0,0.0,,,,,,Validated reconstruction
decode,1786167611806495265,1786167612657379419,850884154,1.0,0.0,0.0,0.0,,,,,,Validated reconstruction
decode,1786167612657379419,1786167612806495265,149115846,1.0,0.0,0.0,0.0,,,,,,Validated reconstruction
decode,1786167612806495265,1786167613657379419,850884154,1.0,0.0,0.0,0.0,,,,,,Validated reconstruction
decode,1786167613657379419,1786167613806495265,149115846,1.0,0.0,0.0,0.0,,,,,,Validated reconstruction
decode,1786167613806495265,1786167614657379419,850884154,1.0,0.0,0.0,0.0,,,,,,Validated reconstruction
decode,1786167614657379419,1786167614806495265,149115846,1.0,0.0,0.0,0.0,,,,,,Validated reconstruction
decode,1786167614806495265,1786167615657379419,850884154,1.0,0.0,0.0,0.0,,,,,,Validated reconstruction
decode,1786167615657379419,1786167615806495265,149115846,1.0,0.0,0.0,0.0,,,,,,Validated reconstruction
decode,1786167615806495265,1786167616657379419,850884154,1.0,0.0,0.0,0.0,,,,,,Validated reconstruction
decode,1786167616657379419,1786167616806495265,149115846,1.0,0.0,0.0,0.0,,,,,,Validated reconstruction
decode,1786167616806495265,1786167617657379419,850884154,1.0,0.0,0.0,0.0,,,,,,Validated reconstruction
decode,1786167617657379419,1786167617806495265,149115846,1.0,0.0,0.0,0.0,,,,,,Validated reconstruction
decode,1786167617806495265,1786167618657379419,850884154,1.0,0.0,0.0,0.0,,,,,,Validated reconstruction
decode,1786167618657379419,1786167618806495265,149115846,1.0,0.0,0.0,0.0,,,,,,Validated reconstruction
decode,1786167618806495265,1786167619657379419,850884154,1.0,0.0,0.0,0.0,,,,,,Validated reconstruction
decode,1786167619657379419,1786167619806495265,149115846,1.0,0.0,0.0,0.0,,,,,,Validated reconstruction
decode,1786167619806495265,1786167620657379419,850884154,1.0,0.0,0.0,0.0,,,,,,Validated reconstruction
decode,1786167620657379419,1786167620806495265,149115846,1.0,0.0,0.0,0.0,,,,,,Validated reconstruction
decode,1786167620806495265,1786167621657379419,850884154,0.5,0.0,0.0,0.0,,,,,,Validated reconstruction
decode,1786167621657379419,1786167621806495265,149115846,1.0,0.0,0.0,0.0,,,,,,Validated reconstruction
decode,1786167621806495265,1786167622657379419,850884154,0.5,0.0,0.0,0.0,,,,,,Validated reconstruction
decode,1786167622657379419,1786167622806495265,149115846,0.0,0.0,0.0,0.0,,,,,,Validated reconstruction
decode,1786167622806495265,1786167623657379419,850884154,0.0,0.0,0.0,0.0,,,,,,Validated reconstruction
decode,1786167623657379419,1786167623806495265,149115846,0.5,0.0,0.0,0.0,,,,,,Validated reconstruction
decode,1786167623806495265,1786167624657379419,850884154,0.5,0.0,0.0,0.0,,,,,,Validated reconstruction
decode,1786167624657379419,1786167624806495265,149115846,1.0,0.0,0.0,0.0,,,,,,Validated reconstruction
decode,1786167624806495265,1786167625657379419,850884154,1.0,0.0,0.0,0.0,,,,,,Validated reconstruction
decode,1786167625657379419,1786167625806495265,149115846,1.0,0.0,0.0,0.0,,,,,,Validated reconstruction
decode,1786167625806495265,1786167626657379419,850884154,1.0,0.0,0.0,0.0,,,,,,Validated reconstruction
decode,1786167626657379419,1786167626806495265,149115846,1.0,0.0,0.0,0.0,,,,,,Validated reconstruction
decode,1786167626806495265,1786167627657379419,850884154,2.0,0.0,0.0,0.0,,,,,,Validated reconstruction
decode,1786167627657379419,1786167627806495265,149115846,2.0,0.0,0.0,0.0,,,,,,Validated reconstruction
decode,1786167627806495265,1786167628657379419,850884154,1.0,0.0,0.0,0.0,,,,,,Validated reconstruction
decode,1786167628657379419,1786167628806495265,149115846,1.0,0.0,0.0,0.0,,,,,,Validated reconstruction
decode,1786167628806495265,1786167629657379419,850884154,1.0,0.0,0.0,0.0,,,,,,Validated reconstruction
decode,1786167629657379419,1786167629806495265,149115846,1.0,0.0,0.0,0.0,,,,,,Validated reconstruction
decode,1786167629806495265,1786167630657379419,850884154,1.0,0.0,0.0,0.0,,,,,,Validated reconstruction
decode,1786167630657379419,1786167630806495265,149115846,1.0,0.0,0.0,0.0,,,,,,Validated reconstruction
decode,1786167630806495265,1786167631657379419,850884154,1.0,0.0,0.0,0.0,,,,,,Validated reconstruction
decode,1786167631657379419,1786167631806495265,149115846,1.0,0.0,0.0,0.0,,,,,,Validated reconstruction
decode,1786167631806495265,1786167632657379419,850884154,1.0,0.0,0.0,0.0,,,,,,Validated reconstruction
decode,1786167632657379419,1786167632806495265,149115846,1.0,0.0,0.0,0.0,,,,,,Validated reconstruction
decode,1786167632806495265,1786167633657379419,850884154,1.0,0.0,0.0,0.0,,,,,,Validated reconstruction
decode,1786167633657379419,1786167633806495265,149115846,1.0,0.0,0.0,0.0,,,,,,Validated reconstruction
decode,1786167633806495265,1786167634657379419,850884154,1.0,0.0,0.0,0.0,,,,,,Validated reconstruction
decode,1786167634657379419,1786167634806495265,149115846,1.0,0.0,0.0,0.0,,,,,,Validated reconstruction
decode,1786167634806495265,1786167635657379419,850884154,1.0,0.0,0.0,0.0,,,,,,Validated reconstruction
decode,1786167635657379419,1786167635806495265,149115846,1.0,0.0,0.0,0.0,,,,,,Validated reconstruction
decode,1786167635806495265,1786167636657379419,850884154,1.0,0.0,0.0,0.0,,,,,,Validated reconstruction
decode,1786167636657379419,1786167636806495265,149115846,1.0,0.0,0.0,0.0,,,,,,Validated reconstruction
decode,1786167636806495265,1786167637657379419,850884154,1.0,0.0,0.0,0.0,,,,,,Validated reconstruction
decode,1786167637657379419,1786167637806495265,149115846,1.0,0.0,0.0,0.0,,,,,,Validated reconstruction
decode,1786167637806495265,1786167638657379419,850884154,1.0,0.0,0.0,0.0,,,,,,Validated reconstruction
decode,1786167638657379419,1786167638806495265,149115846,1.0,0.0,0.0,0.0,,,,,,Validated reconstruction
decode,1786167638806495265,1786167639657379419,850884154,1.0,0.0,0.0,0.0,,,,,,Validated reconstruction
decode,1786167639657379419,1786167639806495265,149115846,1.0,0.0,0.0,0.0,,,,,,Validated reconstruction
decode,1786167639806495265,1786167640657379419,850884154,1.0,0.0,0.0,0.0,,,,,,Validated reconstruction
decode,1786167640657379419,1786167640806495265,149115846,0.5,0.0,0.0,0.0,,,,,,Validated reconstruction
decode,1786167640806495265,1786167641657379419,850884154,0.5,0.0,0.0,0.0,,,,,,Validated reconstruction
decode,1786167641657379419,1786167641806495265,149115846,0.0,0.0,0.0,0.0,,,,,,Validated reconstruction
decode,1786167641806495265,1786167642657379419,850884154,0.6666666666666666,0.0,0.0,0.0,,,,,,Validated reconstruction
decode,1786167642657379419,1786167642806495265,149115846,0.6666666666666666,0.0,0.0,0.0,,,,,,Validated reconstruction
decode,1786167642806495265,1786167643657379419,850884154,1.0,0.0,0.0,0.0,,,,,,Validated reconstruction
decode,1786167643657379419,1786167643806495265,149115846,1.0,0.0,0.0,0.0,,,,,,Validated reconstruction
decode,1786167643806495265,1786167644657379419,850884154,0.0,0.0,0.0,0.0,,,,,,Validated reconstruction
decode,1786167644657379419,1786167644806495265,149115846,0.5,0.0,0.0,0.0,,,,,,Validated reconstruction
decode,1786167644806495265,1786167645657379419,850884154,0.5,0.0,0.0,0.0,,,,,,Validated reconstruction
decode,1786167645657379419,1786167645806495265,149115846,1.0,0.0,0.0,0.0,,,,,,Validated reconstruction
decode,1786167645806495265,1786167646657379419,850884154,1.0,0.0,0.0,0.0,,,,,,Validated reconstruction
decode,1786167646657379419,1786167646806495265,149115846,1.0,0.0,0.0,0.0,,,,,,Validated reconstruction
decode,1786167646806495265,1786167647657379419,850884154,1.5,0.0,0.0,0.0,,,,,,Validated reconstruction
decode,1786167647657379419,1786167647806495265,149115846,1.5,0.0,0.0,0.0,,,,,,Validated reconstruction
decode,1786167647806495265,1786167648657379419,850884154,2.0,0.0,0.0,0.0,,,,,,Validated reconstruction
decode,1786167648657379419,1786167648806495265,149115846,2.0,0.0,0.0,0.0,,,,,,Validated reconstruction
decode,1786167648806495265,1786167649657379419,850884154,2.0,0.0,0.0,0.0,,,,,,Validated reconstruction
decode,1786167649657379419,1786167649806495265,149115846,2.0,0.0,0.0,0.0,,,,,,Validated reconstruction
decode,1786167649806495265,1786167650657379419,850884154,2.0,0.0,0.0,0.0,,,,,,Validated reconstruction
decode,1786167650657379419,1786167650806495265,149115846,2.0,0.0,0.0,0.0,,,,,,Validated reconstruction
decode,1786167650806495265,1786167651657379419,850884154,1.0,0.0,0.0,0.0,,,,,,Validated reconstruction
decode,1786167651657379419,1786167651806495265,149115846,1.0,0.0,0.0,0.0,,,,,,Validated reconstruction
decode,1786167651806495265,1786167652657379419,850884154,1.0,0.0,0.0,0.0,,,,,,Validated reconstruction
decode,1786167653657379419,1786167653806495265,149115846,1.0,0.0,0.0,0.0,,,,,,Validated reconstruction
decode,1786167653806495265,1786167654657379419,850884154,1.0,0.0,0.0,0.0,,,,,,Validated reconstruction
decode,1786167654657379419,1786167654806495265,149115846,1.0,0.0,0.0,0.0,,,,,,Validated reconstruction
decode,1786167654806495265,1786167655657379419,850884154,2.0,0.0,0.0,0.0,,,,,,Validated reconstruction
decode,1786167655657379419,1786167655806495265,149115846,2.0,0.0,0.0,0.0,,,,,,Validated reconstruction
decode,1786167655806495265,1786167656657379419,850884154,2.0,0.0,0.0,0.0,,,,,,Validated reconstruction
decode,1786167656657379419,1786167656806495265,149115846,2.0,0.0,0.0,0.0,,,,,,Validated reconstruction
decode,1786167656806495265,1786167657657379419,850884154,2.0,0.0,0.0,0.0,,,,,,Validated reconstruction
decode,1786167657657379419,1786167657806495265,149115846,2.0,0.0,0.0,0.0,,,,,,Validated reconstruction
decode,1786167657806495265,1786167658657379419,850884154,2.0,0.0,0.0,0.0,,,,,,Validated reconstruction
decode,1786167658657379419,1786167658806495265,149115846,2.0,0.0,0.0,0.0,,,,,,Validated reconstruction
decode,1786167658806495265,1786167659657379419,850884154,2.0,0.0,0.0,0.0,,,,,,Validated reconstruction
decode,1786167659657379419,1786167659806495265,149115846,2.0,0.0,0.0,0.0,,,,,,Validated reconstruction
decode,1786167659806495265,1786167660657379419,850884154,2.0,0.0,0.0,0.0,,,,,,Validated reconstruction
decode,1786167660657379419,1786167660806495265,149115846,2.0,0.0,0.0,0.0,,,,,,Validated reconstruction
decode,1786167660806495265,1786167661657379419,850884154,2.0,0.0,0.0,0.0,,,,,,Validated reconstruction
decode,1786167661657379419,1786167661806495265,149115846,2.0,0.0,0.0,0.0,,,,,,Validated reconstruction
decode,1786167661806495265,1786167662657379419,850884154,2.0,0.0,0.0,0.0,,,,,,Validated reconstruction
decode,1786167662657379419,1786167662806495265,149115846,2.0,0.0,0.0,0.0,,,,,,Validated reconstruction
decode,1786167662806495265,1786167663657379419,850884154,2.0,0.0,0.0,0.0,,,,,,Validated reconstruction
decode,1786167663657379419,1786167663806495265,149115846,2.0,0.0,0.0,0.0,,,,,,Validated reconstruction
decode,1786167663806495265,1786167664657379419,850884154,2.0,0.0,0.0,0.0,,,,,,Validated reconstruction
decode,1786167664657379419,1786167664806495265,149115846,2.0,0.0,0.0,0.0,,,,,,Validated reconstruction
decode,1786167664806495265,1786167665657379419,850884154,2.0,0.0,0.0,0.0,,,,,,Validated reconstruction
decode,1786167665657379419,1786167665806495265,149115846,2.0,0.0,0.0,0.0,,,,,,Validated reconstruction
decode,1786167665806495265,1786167666657379419,850884154,1.0,0.0,0.0,0.0,,,,,,Validated reconstruction
decode,1786167666657379419,1786167666806495265,149115846,1.0,0.0,0.0,0.0,,,,,,Validated reconstruction
decode,1786167666806495265,1786167667657379419,850884154,1.0,0.0,0.0,0.0,,,,,,Validated reconstruction
decode,1786167667657379419,1786167667806495265,149115846,1.0,0.0,0.0,0.0,,,,,,Validated reconstruction
decode,1786167667806495265,1786167668657379419,850884154,1.0,0.0,0.0,0.0,,,,,,Validated reconstruction
decode,1786167668657379419,1786167668806495265,149115846,1.0,0.0,0.0,0.0,,,,,,Validated reconstruction
decode,1786167668806495265,1786167669657379419,850884154,1.0,0.0,0.0,0.0,,,,,,Validated reconstruction
decode,1786167669657379419,1786167669806495265,149115846,1.0,0.0,0.0,0.0,,,,,,Validated reconstruction
decode,1786167669806495265,1786167670657379419,850884154,1.0,0.0,0.0,0.0,,,,,,Validated reconstruction
decode,1786167670657379419,1786167670806495265,149115846,1.0,0.0,0.0,0.0,,,,,,Validated reconstruction
decode,1786167670806495265,1786167671657379419,850884154,1.0,0.0,0.0,0.0,,,,,,Validated reconstruction
decode,1786167671657379419,1786167671806495265,149115846,1.0,0.0,0.0,0.0,,,,,,Validated reconstruction
decode,1786167671806495265,1786167672657379419,850884154,1.0,0.0,0.0,0.0,,,,,,Validated reconstruction
decode,1786167672657379419,1786167672806495265,149115846,1.0,0.0,0.0,0.0,,,,,,Validated reconstruction
decode,1786167672806495265,1786167673657379419,850884154,1.0,0.0,0.0,0.0,,,,,,Validated reconstruction
decode,1786167673657379419,1786167673806495265,149115846,1.0,0.0,0.0,0.0,,,,,,Validated reconstruction
decode,1786167673806495265,1786167674657379419,850884154,1.0,0.0,0.0,0.0,,,,,,Validated reconstruction
decode,1786167674657379419,1786167674806495265,149115846,1.0,0.0,0.0,0.0,,,,,,Validated reconstruction
decode,1786167674806495265,1786167675657379419,850884154,1.0,0.0,0.0,0.0,,,,,,Validated reconstruction
decode,1786167675657379419,1786167675806495265,149115846,1.0,0.0,0.0,0.0,,,,,,Validated reconstruction
decode,1786167675806495265,1786167676657379419,850884154,1.0,0.0,0.0,0.0,,,,,,Validated reconstruction
decode,1786167676657379419,1786167676806495265,149115846,1.0,0.0,0.0,0.0,,,,,,Validated reconstruction
decode,1786167676806495265,1786167677657379419,850884154,1.0,0.0,0.0,0.0,,,,,,Validated reconstruction
decode,1786167677657379419,1786167677806495265,149115846,1.0,0.0,0.0,0.0,,,,,,Validated reconstruction
decode,1786167677806495265,1786167678657379419,850884154,1.0,0.0,0.0,0.0,,,,,,Validated reconstruction
decode,1786167678657379419,1786167678806495265,149115846,1.0,0.0,0.0,0.0,,,,,,Validated reconstruction
decode,1786167678806495265,1786167679657379419,850884154,1.0,0.0,0.0,0.0,,,,,,Validated reconstruction
decode,1786167679657379419,1786167679806495265,149115846,1.0,0.0,0.0,0.0,,,,,,Validated reconstruction
decode,1786167679806495265,1786167680657379419,850884154,1.0,0.0,0.0,0.0,,,,,,Validated reconstruction
decode,1786167680657379419,1786167680806495265,149115846,1.0,0.0,0.0,0.0,,,,,,Validated reconstruction
decode,1786167681806495265,1786167682657379419,850884154,0.0,0.0,0.0,0.0,,,,,,Validated reconstruction
decode,1786167682657379419,1786167682806495265,149115846,0.0,0.0,0.0,0.0,,,,,,Validated reconstruction
decode,1786167682806495265,1786167683657379419,850884154,1.0,0.0,0.0,0.0,,,,,,Validated reconstruction
decode,1786167683657379419,1786167683806495265,149115846,1.0,0.0,0.0,0.0,,,,,,Validated reconstruction
decode,1786167683806495265,1786167684657379419,850884154,0.0,0.0,0.0,0.0,,,,,,Validated reconstruction
decode,1786167684657379419,1786167684806495265,149115846,0.0,0.0,0.0,0.0,,,,,,Validated reconstruction
decode,1786167684806495265,1786167685657379419,850884154,0.0,0.0,0.0,0.0,,,,,,Validated reconstruction
decode,1786167685657379419,1786167685806495265,149115846,0.0,0.0,0.0,0.0,,,,,,Validated reconstruction
decode,1786167685806495265,1786167686657379419,850884154,0.0,0.0,0.0,0.0,,,,,,Validated reconstruction
decode,1786167686657379419,1786167686806495265,149115846,0.0,0.0,0.0,0.0,,,,,,Validated reconstruction
decode,1786167686806495265,1786167687657379419,850884154,0.0,0.0,0.0,0.0,,,,,,Validated reconstruction
decode,1786167687657379419,1786167687806495265,149115846,0.0,0.0,0.0,0.0,,,,,,Validated reconstruction
decode,1786167687806495265,1786167688657379419,850884154,1.0,0.0,0.0,0.0,,,,,,Validated reconstruction
decode,1786167688657379419,1786167688806495265,149115846,1.0,0.0,0.0,0.0,,,,,,Validated reconstruction
decode,1786167688806495265,1786167689657379419,850884154,0.0,0.0,0.0,0.0,,,,,,Validated reconstruction
decode,1786167689657379419,1786167689806495265,149115846,0.0,0.0,0.0,0.0,,,,,,Validated reconstruction
decode,1786167689806495265,1786167690657379419,850884154,0.0,0.0,0.0,0.0,,,,,,Validated reconstruction
decode,1786167690657379419,1786167690806495265,149115846,0.0,0.0,0.0,0.0,,,,,,Validated reconstruction
decode,1786167690806495265,1786167691657379419,850884154,0.0,0.0,0.0,0.0,,,,,,Validated reconstruction
decode,1786167691657379419,1786167691806495265,149115846,0.0,0.0,0.0,0.0,,,,,,Validated reconstruction
decode,1786167691806495265,1786167692657379419,850884154,0.0,0.0,0.0,0.0,,,,,,Validated reconstruction
decode,1786167692657379419,1786167692806495265,149115846,0.0,0.0,0.0,0.0,,,,,,Validated reconstruction
decode,1786167692806495265,1786167693657379419,850884154,1.0,0.0,0.0,0.0,,,,,,Validated reconstruction
decode,1786167693657379419,1786167693806495265,149115846,1.0,0.0,0.0,0.0,,,,,,Validated reconstruction
decode,1786167693806495265,1786167694657379419,850884154,1.0,0.0,0.0,0.0,,,,,,Validated reconstruction
decode,1786167694657379419,1786167694806495265,149115846,1.0,0.0,0.0,0.0,,,,,,Validated reconstruction
decode,1786167694806495265,1786167695657379419,850884154,1.0,0.0,0.0,0.0,,,,,,Validated reconstruction
decode,1786167695657379419,1786167695806495265,149115846,1.0,0.0,0.0,0.0,,,,,,Validated reconstruction
decode,1786167695806495265,1786167696657379419,850884154,1.0,0.0,0.0,0.0,,,,,,Validated reconstruction
decode,1786167696657379419,1786167696806495265,149115846,1.0,0.0,0.0,0.0,,,,,,Validated reconstruction
decode,1786167696806495265,1786167697657379419,850884154,1.0,0.0,0.0,0.0,,,,,,Validated reconstruction
decode,1786167697657379419,1786167697806495265,149115846,1.0,0.0,0.0,0.0,,,,,,Validated reconstruction
decode,1786167697806495265,1786167698657379419,850884154,0.5,0.0,0.0,0.0,,,,,,Validated reconstruction
decode,1786167698657379419,1786167698806495265,149115846,0.5,0.0,0.0,0.0,,,,,,Validated reconstruction
decode,1786167698806495265,1786167699657379419,850884154,0.0,0.0,0.0,0.0,,,,,,Validated reconstruction
decode,1786167699657379419,1786167699806495265,149115846,0.0,0.0,0.0,0.0,,,,,,Validated reconstruction
decode,1786167699806495265,1786167700657379419,850884154,0.0,0.0,0.0,0.0,,,,,,Validated reconstruction
decode,1786167700657379419,1786167700806495265,149115846,0.0,0.0,0.0,0.0,,,,,,Validated reconstruction
decode,1786167700806495265,1786167701657379419,850884154,0.0,0.0,0.0,0.0,,,,,,Validated reconstruction
decode,1786167701657379419,1786167701806495265,149115846,0.0,0.0,0.0,0.0,,,,,,Validated reconstruction
decode,1786167701806495265,1786167702657379419,850884154,0.5,0.0,0.0,0.0,,,,,,Validated reconstruction
decode,1786167702657379419,1786167702806495265,149115846,0.5,0.0,0.0,0.0,,,,,,Validated reconstruction
decode,1786167702806495265,1786167703657379419,850884154,0.0,0.0,0.0,0.0,,,,,,Validated reconstruction
decode,1786167703657379419,1786167703806495265,149115846,0.0,0.0,0.0,0.0,,,,,,Validated reconstruction
decode,1786167703806495265,1786167704657379419,850884154,0.0,0.0,0.0,0.0,,,,,,Validated reconstruction
decode,1786167704657379419,1786167704806495265,149115846,0.0,0.0,0.0,0.0,,,,,,Validated reconstruction
decode,1786167704806495265,1786167705657379419,850884154,0.0,0.0,0.0,0.0,,,,,,Validated reconstruction
decode,1786167705657379419,1786167705806495265,149115846,0.0,0.0,0.0,0.0,,,,,,Validated reconstruction
decode,1786167705806495265,1786167706657379419,850884154,0.0,0.0,0.0,0.0,,,,,,Validated reconstruction
decode,1786167706657379419,1786167706806495265,149115846,1.0,0.0,0.0,0.0,,,,,,Validated reconstruction
decode,1786167706806495265,1786167707657379419,850884154,1.0,0.0,0.0,0.0,,,,,,Validated reconstruction
decode,1786167707657379419,1786167707806495265,149115846,1.0,0.0,0.0,0.0,,,,,,Validated reconstruction
decode,1786167707806495265,1786167708657379419,850884154,1.0,0.0,0.0,0.0,,,,,,Validated reconstruction
decode,1786167708657379419,1786167708806495265,149115846,0.5,0.0,0.0,0.0,,,,,,Validated reconstruction
decode,1786167708806495265,1786167709657379419,850884154,0.5,0.0,0.0,0.0,,,,,,Validated reconstruction
decode,1786167709657379419,1786167709806495265,149115846,0.0,0.0,0.0,0.0,,,,,,Validated reconstruction
decode,1786167709806495265,1786167710657379419,850884154,0.0,0.0,0.0,0.0,,,,,,Validated reconstruction
decode,1786167710657379419,1786167710806495265,149115846,0.0,0.0,0.0,0.0,,,,,,Validated reconstruction
decode,1786167710806495265,1786167711657379419,850884154,0.0,0.0,0.0,0.0,,,,,,Validated reconstruction
decode,1786167711657379419,1786167711806495265,149115846,0.0,0.0,0.0,0.0,,,,,,Validated reconstruction
decode,1786167711806495265,1786167712657379419,850884154,0.0,0.0,0.0,0.0,,,,,,Validated reconstruction
decode,1786167712657379419,1786167712806495265,149115846,0.0,0.0,0.0,0.0,,,,,,Validated reconstruction
decode,1786167712806495265,1786167713657379419,850884154,1.0,0.0,0.0,0.0,,,,,,Validated reconstruction
decode,1786167713657379419,1786167713806495265,149115846,1.0,0.0,0.0,0.0,,,,,,Validated reconstruction
decode,1786167713806495265,1786167714657379419,850884154,0.5,0.0,0.0,0.0,,,,,,Validated reconstruction
decode,1786167714657379419,1786167714806495265,149115846,0.5,0.0,0.0,0.0,,,,,,Validated reconstruction
decode,1786167714806495265,1786167715657379419,850884154,0.0,0.0,0.0,0.0,,,,,,Validated reconstruction
decode,1786167715657379419,1786167715806495265,149115846,0.0,0.0,0.0,0.0,,,,,,Validated reconstruction
decode,1786167715806495265,1786167716657379419,850884154,0.0,0.0,0.0,0.0,,,,,,Validated reconstruction
decode,1786167716657379419,1786167716806495265,149115846,0.0,0.0,0.0,0.0,,,,,,Validated reconstruction
decode,1786167716806495265,1786167717657379419,850884154,0.0,0.0,0.0,0.0,,,,,,Validated reconstruction
decode,1786167717657379419,1786167717806495265,149115846,0.0,0.0,0.0,0.0,,,,,,Validated reconstruction
decode,1786167717806495265,1786167718657379419,850884154,0.0,0.0,0.0,0.0,,,,,,Validated reconstruction
decode,1786167718657379419,1786167718806495265,149115846,0.0,0.0,0.0,0.0,,,,,,Validated reconstruction
decode,1786167718806495265,1786167719657379419,850884154,0.0,0.0,0.0,0.0,,,,,,Validated reconstruction
decode,1786167719657379419,1786167719806495265,149115846,0.0,0.0,0.0,0.0,,,,,,Validated reconstruction
decode,1786167719806495265,1786167720657379419,850884154,0.0,0.0,0.0,0.0,,,,,,Validated reconstruction
decode,1786167720657379419,1786167720806495265,149115846,0.0,0.0,0.0,0.0,,,,,,Validated reconstruction
decode,1786167720806495265,1786167721657379419,850884154,0.0,0.0,0.0,0.0,,,,,,Validated reconstruction
decode,1786167721657379419,1786167721806495265,149115846,0.0,0.0,0.0,0.0,,,,,,Validated reconstruction
decode,1786167721806495265,1786167722657379419,850884154,0.0,0.0,0.0,0.0,,,,,,Validated reconstruction
decode,1786167722657379419,1786167722806495265,149115846,0.0,0.0,0.0,0.0,,,,,,Validated reconstruction
decode,1786167722806495265,1786167723657379419,850884154,0.0,0.0,0.0,0.0,,,,,,Validated reconstruction
decode,1786167723657379419,1786167723806495265,149115846,0.0,0.0,0.0,0.0,,,,,,Validated reconstruction
decode,1786167723806495265,1786167724657379419,850884154,1.0,0.0,0.0,0.0,,,,,,Validated reconstruction
decode,1786167724657379419,1786167724806495265,149115846,1.0,0.0,0.0,0.0,,,,,,Validated reconstruction
decode,1786167724806495265,1786167725657379419,850884154,1.0,0.0,0.0,0.0,,,,,,Validated reconstruction
decode,1786167725657379419,1786167725806495265,149115846,1.0,0.0,0.0,0.0,,,,,,Validated reconstruction
decode,1786167725806495265,1786167726657379419,850884154,0.0,0.0,0.0,0.0,,,,,,Validated reconstruction
decode,1786167726657379419,1786167726806495265,149115846,0.0,0.0,0.0,0.0,,,,,,Validated reconstruction
decode,1786167726806495265,1786167727657379419,850884154,0.0,0.0,0.0,0.0,,,,,,Validated reconstruction
decode,1786167727657379419,1786167727806495265,149115846,0.0,0.0,0.0,0.0,,,,,,Validated reconstruction
decode,1786167727806495265,1786167728657379419,850884154,0.0,0.0,0.0,0.0,,,,,,Validated reconstruction
decode,1786167728657379419,1786167728806495265,149115846,0.0,0.0,0.0,0.0,,,,,,Validated reconstruction
decode,1786167728806495265,1786167729657379419,850884154,0.0,0.0,0.0,0.0,,,,,,Validated reconstruction
decode,1786167729657379419,1786167729806495265,149115846,0.0,0.0,0.0,0.0,,,,,,Validated reconstruction
decode,1786167729806495265,1786167730657379419,850884154,0.0,0.0,0.0,0.0,,,,,,Validated reconstruction
decode,1786167730657379419,1786167730806495265,149115846,0.0,0.0,0.0,0.0,,,,,,Validated reconstruction
decode,1786167730806495265,1786167731657379419,850884154,0.0,0.0,0.0,0.0,,,,,,Validated reconstruction
decode,1786167731657379419,1786167731806495265,149115846,0.0,0.0,0.0,0.0,,,,,,Validated reconstruction
decode,1786167731806495265,1786167732657379419,850884154,0.0,0.0,0.0,0.0,,,,,,Validated reconstruction
decode,1786167732657379419,1786167732806495265,149115846,0.0,0.0,0.0,0.0,,,,,,Validated reconstruction
decode,1786167732806495265,1786167733657379419,850884154,0.0,0.0,0.0,0.0,,,,,,Validated reconstruction
decode,1786167733657379419,1786167733806495265,149115846,0.0,0.0,0.0,0.0,,,,,,Validated reconstruction
decode,1786167733806495265,1786167734657379419,850884154,0.0,0.0,0.0,0.0,,,,,,Validated reconstruction
decode,1786167734657379419,1786167734806495265,149115846,0.0,0.0,0.0,0.0,,,,,,Validated reconstruction
decode,1786167734806495265,1786167735657379419,850884154,0.0,0.0,0.0,0.0,,,,,,Validated reconstruction
decode,1786167735657379419,1786167735806495265,149115846,0.0,0.0,0.0,0.0,,,,,,Validated reconstruction
decode,1786167735806495265,1786167736657379419,850884154,0.0,0.0,0.0,0.0,,,,,,Validated reconstruction
decode,1786167736657379419,1786167736806495265,149115846,0.0,0.0,0.0,0.0,,,,,,Validated reconstruction
decode,1786167736806495265,1786167737657379419,850884154,1.0,0.0,0.0,0.0,,,,,,Validated reconstruction
decode,1786167737657379419,1786167737806495265,149115846,1.0,0.0,0.0,0.0,,,,,,Validated reconstruction
decode,1786167737806495265,1786167738657379419,850884154,1.0,0.0,0.0,0.0,,,,,,Validated reconstruction
decode,1786167738657379419,1786167738806495265,149115846,1.0,0.0,0.0,0.0,,,,,,Validated reconstruction
decode,1786167738806495265,1786167739657379419,850884154,1.0,0.0,0.0,0.0,,,,,,Validated reconstruction
decode,1786167739657379419,1786167739806495265,149115846,1.0,0.0,0.0,0.0,,,,,,Validated reconstruction
decode,1786167739806495265,1786167740657379419,850884154,1.0,0.0,0.0,0.0,,,,,,Validated reconstruction
decode,1786167740657379419,1786167740806495265,149115846,1.0,0.0,0.0,0.0,,,,,,Validated reconstruction
decode,1786167740806495265,1786167741657379419,850884154,1.0,0.0,0.0,0.0,,,,,,Validated reconstruction
decode,1786167741657379419,1786167741806495265,149115846,1.0,0.0,0.0,0.0,,,,,,Validated reconstruction
decode,1786167741806495265,1786167742657379419,850884154,1.0,0.0,0.0,0.0,,,,,,Validated reconstruction
decode,1786167742657379419,1786167742806495265,149115846,1.0,0.0,0.0,0.0,,,,,,Validated reconstruction
decode,1786167742806495265,1786167743657379419,850884154,1.0,0.0,0.0,0.0,,,,,,Validated reconstruction
decode,1786167743657379419,1786167743806495265,149115846,1.0,0.0,0.0,0.0,,,,,,Validated reconstruction
decode,1786167743806495265,1786167744657379419,850884154,1.0,0.0,0.0,0.0,,,,,,Validated reconstruction
decode,1786167744657379419,1786167744806495265,149115846,1.0,0.0,0.0,0.0,,,,,,Validated reconstruction
decode,1786167744806495265,1786167745657379419,850884154,0.0,0.0,0.0,0.0,,,,,,Validated reconstruction
decode,1786167745657379419,1786167745806495265,149115846,0.0,0.0,0.0,0.0,,,,,,Validated reconstruction
decode,1786167745806495265,1786167746657379419,850884154,0.0,0.0,0.0,0.0,,,,,,Validated reconstruction
decode,1786167746657379419,1786167746806495265,149115846,0.0,0.0,0.0,0.0,,,,,,Validated reconstruction
decode,1786167746806495265,1786167747657379419,850884154,0.0,0.0,0.0,0.0,,,,,,Validated reconstruction
decode,1786167747657379419,1786167747806495265,149115846,1.0,0.0,0.0,0.0,,,,,,Validated reconstruction
decode,1786167747806495265,1786167748657379419,850884154,1.0,0.0,0.0,0.0,,,,,,Validated reconstruction
decode,1786167748657379419,1786167748806495265,149115846,1.0,0.0,0.0,0.0,,,,,,Validated reconstruction
decode,1786167748806495265,1786167749657379419,850884154,1.0,0.0,0.0,0.0,,,,,,Validated reconstruction
decode,1786167749657379419,1786167749806495265,149115846,1.0,0.0,0.0,0.0,,,,,,Validated reconstruction
decode,1786167749806495265,1786167750657379419,850884154,1.0,0.0,0.0,0.0,,,,,,Validated reconstruction
decode,1786167750657379419,1786167750806495265,149115846,1.0,0.0,0.0,0.0,,,,,,Validated reconstruction
decode,1786167750806495265,1786167751657379419,850884154,2.0,0.0,0.0,0.0,,,,,,Validated reconstruction
decode,1786167751657379419,1786167751806495265,149115846,2.0,0.0,0.0,0.0,,,,,,Validated reconstruction
decode,1786167751806495265,1786167752657379419,850884154,2.0,0.0,0.0,0.0,,,,,,Validated reconstruction
decode,1786167752657379419,1786167752806495265,149115846,2.0,0.0,0.0,0.0,,,,,,Validated reconstruction
decode,1786167752806495265,1786167753657379419,850884154,2.0,0.0,0.0,0.0,,,,,,Validated reconstruction
decode,1786167753657379419,1786167753806495265,149115846,1.0,0.0,0.0,0.0,,,,,,Validated reconstruction
decode,1786167753806495265,1786167754657379419,850884154,1.0,0.0,0.0,0.0,,,,,,Validated reconstruction
decode,1786167754657379419,1786167754806495265,149115846,1.0,0.0,0.0,0.0,,,,,,Validated reconstruction
decode,1786167754806495265,1786167755657379419,850884154,0.5,0.0,0.0,0.0,,,,,,Validated reconstruction
decode,1786167755657379419,1786167755806495265,149115846,1.0,0.0,0.0,0.0,,,,,,Validated reconstruction
decode,1786167755806495265,1786167756657379419,850884154,0.5,0.0,0.0,0.0,,,,,,Validated reconstruction
decode,1786167756657379419,1786167756806495265,149115846,1.0,0.0,0.0,0.0,,,,,,Validated reconstruction
decode,1786167756806495265,1786167757657379419,850884154,1.0,0.0,0.0,0.0,,,,,,Validated reconstruction
decode,1786167757657379419,1786167757806495265,149115846,1.0,0.0,0.0,0.0,,,,,,Validated reconstruction
decode,1786167757806495265,1786167758657379419,850884154,1.5,0.0,0.0,0.0,,,,,,Validated reconstruction
decode,1786167758657379419,1786167758806495265,149115846,1.5,0.0,0.0,0.0,,,,,,Validated reconstruction
decode,1786167758806495265,1786167759657379419,850884154,2.0,0.0,0.0,0.0,,,,,,Validated reconstruction
decode,1786167759657379419,1786167759806495265,149115846,1.0,0.0,0.0,0.0,,,,,,Validated reconstruction
decode,1786167759806495265,1786167760657379419,850884154,0.0,0.0,0.0,0.0,,,,,,Validated reconstruction
decode,1786167760657379419,1786167760806495265,149115846,0.0,0.0,0.0,0.0,,,,,,Validated reconstruction
decode,1786167760806495265,1786167761657379419,850884154,0.0,0.0,0.0,0.0,,,,,,Validated reconstruction
decode,1786167761657379419,1786167761806495265,149115846,0.0,0.0,0.0,0.0,,,,,,Validated reconstruction
decode,1786167761806495265,1786167762657379419,850884154,0.0,0.0,0.0,0.0,,,,,,Validated reconstruction
decode,1786167762657379419,1786167762806495265,149115846,0.0,0.0,0.0,0.0,,,,,,Validated reconstruction
decode,1786167762806495265,1786167763657379419,850884154,0.0,0.0,0.0,0.0,,,,,,Validated reconstruction
decode,1786167763657379419,1786167763806495265,149115846,0.0,0.0,0.0,0.0,,,,,,Validated reconstruction
decode,1786167763806495265,1786167764657379419,850884154,0.0,0.0,0.0,0.0,,,,,,Validated reconstruction
decode,1786167764657379419,1786167764806495265,149115846,0.0,0.0,0.0,0.0,,,,,,Validated reconstruction
decode,1786167764806495265,1786167765657379419,850884154,0.0,0.0,0.0,0.0,,,,,,Validated reconstruction
decode,1786167765657379419,1786167765806495265,149115846,0.0,0.0,0.0,0.0,,,,,,Validated reconstruction
decode,1786167765806495265,1786167766657379419,850884154,0.0,0.0,0.0,0.0,,,,,,Validated reconstruction
decode,1786167766657379419,1786167766806495265,149115846,0.0,0.0,0.0,0.0,,,,,,Validated reconstruction
decode,1786167766806495265,1786167767657379419,850884154,0.0,0.0,0.0,0.0,,,,,,Validated reconstruction
decode,1786167767657379419,1786167767806495265,149115846,0.0,0.0,0.0,0.0,,,,,,Validated reconstruction
decode,1786167767806495265,1786167768657379419,850884154,0.0,0.0,0.0,0.0,,,,,,Validated reconstruction
decode,1786167768657379419,1786167768806495265,149115846,0.0,0.0,0.0,0.0,,,,,,Validated reconstruction
decode,1786167768806495265,1786167769657379419,850884154,0.0,0.0,0.0,0.0,,,,,,Validated reconstruction
decode,1786167769657379419,1786167769806495265,149115846,0.0,0.0,0.0,0.0,,,,,,Validated reconstruction
decode,1786167769806495265,1786167770657379419,850884154,0.0,0.0,0.0,0.0,,,,,,Validated reconstruction
decode,1786167770657379419,1786167770806495265,149115846,0.0,0.0,0.0,0.0,,,,,,Validated reconstruction
decode,1786167770806495265,1786167771657379419,850884154,0.0,0.0,0.0,0.0,,,,,,Validated reconstruction
decode,1786167771657379419,1786167771806495265,149115846,0.0,0.0,0.0,0.0,,,,,,Validated reconstruction
decode,1786167771806495265,1786167772657379419,850884154,0.0,0.0,0.0,0.0,,,,,,Validated reconstruction
decode,1786167772657379419,1786167772806495265,149115846,0.0,0.0,0.0,0.0,,,,,,Validated reconstruction
decode,1786167772806495265,1786167773657379419,850884154,0.0,0.0,0.0,0.0,,,,,,Validated reconstruction
decode,1786167773657379419,1786167773806495265,149115846,0.0,0.0,0.0,0.0,,,,,,Validated reconstruction
decode,1786167773806495265,1786167774657379419,850884154,0.0,0.0,0.0,0.0,,,,,,Validated reconstruction
decode,1786167774657379419,1786167774806495265,149115846,0.0,0.0,0.0,0.0,,,,,,Validated reconstruction
decode,1786167774806495265,1786167775657379419,850884154,0.0,0.0,0.0,0.0,,,,,,Validated reconstruction
decode,1786167775657379419,1786167775806495265,149115846,0.0,0.0,0.0,0.0,,,,,,Validated reconstruction
decode,1786167775806495265,1786167776657379419,850884154,0.0,0.0,0.0,0.0,,,,,,Validated reconstruction
decode,1786167776657379419,1786167776806495265,149115846,0.0,0.0,0.0,0.0,,,,,,Validated reconstruction
decode,1786167776806495265,1786167777657379419,850884154,0.0,0.0,0.0,0.0,,,,,,Validated reconstruction
decode,1786167777657379419,1786167777806495265,149115846,0.0,0.0,0.0,0.0,,,,,,Validated reconstruction
decode,1786167777806495265,1786167778657379419,850884154,0.0,0.0,0.0,0.0,,,,,,Validated reconstruction
decode,1786167778657379419,1786167778806495265,149115846,0.0,0.0,0.0,0.0,,,,,,Validated reconstruction
decode,1786167778806495265,1786167779657379419,850884154,0.0,0.0,0.0,0.0,,,,,,Validated reconstruction
decode,1786167779657379419,1786167779806495265,149115846,0.0,0.0,0.0,0.0,,,,,,Validated reconstruction
decode,1786167779806495265,1786167780657379419,850884154,0.0,0.0,0.0,0.0,,,,,,Validated reconstruction
decode,1786167780657379419,1786167780806495265,149115846,0.0,0.0,0.0,0.0,,,,,,Validated reconstruction
decode,1786167780806495265,1786167781657379419,850884154,0.0,0.0,0.0,0.0,,,,,,Validated reconstruction
decode,1786167781657379419,1786167781806495265,149115846,0.0,0.0,0.0,0.0,,,,,,Validated reconstruction
decode,1786167781806495265,1786167782657379419,850884154,0.0,0.0,0.0,0.0,,,,,,Validated reconstruction
decode,1786167782657379419,1786167782806495265,149115846,0.0,0.0,0.0,0.0,,,,,,Validated reconstruction
decode,1786167782806495265,1786167783657379419,850884154,0.0,0.0,0.0,0.0,,,,,,Validated reconstruction
decode,1786167783657379419,1786167783806495265,149115846,0.0,0.0,0.0,0.0,,,,,,Validated reconstruction
decode,1786167783806495265,1786167784657379419,850884154,1.0,0.0,0.0,1.0,,,,,,Validated reconstruction
decode,1786167784657379419,1786167784806495265,149115846,1.0,0.0,0.0,1.0,,,,,,Validated reconstruction
decode,1786167784806495265,1786167785657379419,850884154,1.5,0.0,0.0,0.5,,,,,,Validated reconstruction
decode,1786167785657379419,1786167785806495265,149115846,1.5,0.0,0.0,0.5,,,,,,Validated reconstruction
decode,1786167785806495265,1786167786657379419,850884154,2.0,0.0,0.0,0.0,,,,,,Validated reconstruction
decode,1786167786657379419,1786167786806495265,149115846,2.0,0.0,0.0,0.0,,,,,,Validated reconstruction
decode,1786167786806495265,1786167787657379419,850884154,2.0,0.0,0.0,0.0,,,,,,Validated reconstruction
decode,1786167787657379419,1786167787806495265,149115846,2.0,0.0,0.0,0.0,,,,,,Validated reconstruction
decode,1786167787806495265,1786167788657379419,850884154,2.0,0.0,0.0,0.0,,,,,,Validated reconstruction
decode,1786167788657379419,1786167788806495265,149115846,2.0,0.0,0.0,0.0,,,,,,Validated reconstruction
decode,1786167788806495265,1786167789657379419,850884154,1.0,0.0,0.0,0.0,,,,,,Validated reconstruction
decode,1786167789657379419,1786167789806495265,149115846,1.0,0.0,0.0,0.0,,,,,,Validated reconstruction
decode,1786167789806495265,1786167790657379419,850884154,1.0,0.0,0.0,0.0,,,,,,Validated reconstruction
decode,1786167790657379419,1786167790806495265,149115846,1.0,0.0,0.0,0.0,,,,,,Validated reconstruction
decode,1786167790806495265,1786167791657379419,850884154,0.0,0.0,0.0,0.0,,,,,,Validated reconstruction
decode,1786167791657379419,1786167791806495265,149115846,0.0,0.0,0.0,0.0,,,,,,Validated reconstruction
decode,1786167791806495265,1786167792657379419,850884154,0.0,0.0,0.0,0.0,,,,,,Validated reconstruction
decode,1786167792657379419,1786167792806495265,149115846,1.0,0.0,0.0,0.0,,,,,,Validated reconstruction
decode,1786167792806495265,1786167793657379419,850884154,1.0,0.0,0.0,0.0,,,,,,Validated reconstruction
decode,1786167793657379419,1786167793806495265,149115846,1.0,0.0,0.0,0.0,,,,,,Validated reconstruction
decode,1786167793806495265,1786167794657379419,850884154,2.0,0.0,0.0,0.0,,,,,,Validated reconstruction
decode,1786167794657379419,1786167794806495265,149115846,2.0,0.0,0.0,0.0,,,,,,Validated reconstruction
decode,1786167794806495265,1786167795657379419,850884154,3.0,0.0,0.0,0.0,,,,,,Validated reconstruction
decode,1786167795657379419,1786167795806495265,149115846,3.0,0.0,0.0,0.0,,,,,,Validated reconstruction
decode,1786167795806495265,1786167796657379419,850884154,2.0,0.0,0.0,0.0,,,,,,Validated reconstruction
decode,1786167796657379419,1786167796806495265,149115846,2.0,0.0,0.0,0.0,,,,,,Validated reconstruction
decode,1786167796806495265,1786167797657379419,850884154,1.0,0.0,0.0,0.0,,,,,,Validated reconstruction
decode,1786167797657379419,1786167797806495265,149115846,0.0,0.0,0.0,0.0,,,,,,Validated reconstruction
decode,1786167797806495265,1786167798657379419,850884154,1.0,0.0,0.0,0.0,,,,,,Validated reconstruction
decode,1786167798657379419,1786167798806495265,149115846,1.0,0.0,0.0,0.0,,,,,,Validated reconstruction
decode,1786167798806495265,1786167799657379419,850884154,1.0,0.0,0.0,0.0,,,,,,Validated reconstruction
decode,1786167799657379419,1786167799806495265,149115846,2.5,0.0,0.0,0.0,,,,,,Validated reconstruction
decode,1786167799806495265,1786167800657379419,850884154,2.5,0.0,0.0,0.0,,,,,,Validated reconstruction
decode,1786167800657379419,1786167800806495265,149115846,3.0,0.0,0.0,0.0,,,,,,Validated reconstruction
decode,1786167800806495265,1786167801657379419,850884154,3.0,0.0,0.0,0.0,,,,,,Validated reconstruction
decode,1786167801657379419,1786167801806495265,149115846,3.0,0.0,0.0,0.0,,,,,,Validated reconstruction
decode,1786167801806495265,1786167802657379419,850884154,3.0,0.0,0.0,0.0,,,,,,Validated reconstruction
decode,1786167802657379419,1786167802806495265,149115846,3.0,0.0,0.0,0.0,,,,,,Validated reconstruction
decode,1786167802806495265,1786167803657379419,850884154,3.0,0.0,0.0,0.0,,,,,,Validated reconstruction
decode,1786167803657379419,1786167803806495265,149115846,3.0,0.0,0.0,0.0,,,,,,Validated reconstruction
decode,1786167803806495265,1786167804657379419,850884154,3.0,0.0,0.0,0.0,,,,,,Validated reconstruction
decode,1786167804657379419,1786167804806495265,149115846,3.0,0.0,0.0,0.0,,,,,,Validated reconstruction
decode,1786167804806495265,1786167805657379419,850884154,2.0,0.0,0.0,0.0,,,,,,Validated reconstruction
decode,1786167805657379419,1786167805806495265,149115846,2.0,0.0,0.0,0.0,,,,,,Validated reconstruction
decode,1786167805806495265,1786167806657379419,850884154,2.0,0.0,0.0,0.0,,,,,,Validated reconstruction
decode,1786167806657379419,1786167806806495265,149115846,1.0,0.0,0.0,0.0,,,,,,Validated reconstruction
decode,1786167806806495265,1786167807657379419,850884154,1.0,0.0,0.0,0.0,,,,,,Validated reconstruction
decode,1786167807657379419,1786167807806495265,149115846,1.0,0.0,0.0,0.0,,,,,,Validated reconstruction
decode,1786167807806495265,1786167808657379419,850884154,1.0,0.0,0.0,0.0,,,,,,Validated reconstruction
decode,1786167808657379419,1786167808806495265,149115846,1.0,0.0,0.0,0.0,,,,,,Validated reconstruction
decode,1786167808806495265,1786167809657379419,850884154,1.0,0.0,0.0,0.0,,,,,,Validated reconstruction
decode,1786167809657379419,1786167809806495265,149115846,1.0,0.0,0.0,0.0,,,,,,Validated reconstruction
decode,1786167809806495265,1786167810657379419,850884154,1.0,0.0,0.0,0.0,,,,,,Validated reconstruction
decode,1786167810657379419,1786167810806495265,149115846,3.0,0.0,0.0,0.0,,,,,,Validated reconstruction
decode,1786167810806495265,1786167811657379419,850884154,3.0,0.0,0.0,0.0,,,,,,Validated reconstruction
decode,1786167811657379419,1786167811806495265,149115846,3.0,0.0,0.0,0.0,,,,,,Validated reconstruction
decode,1786167811806495265,1786167812657379419,850884154,3.0,0.0,0.0,0.0,,,,,,Validated reconstruction
decode,1786167812657379419,1786167812806495265,149115846,3.0,0.0,0.0,0.0,,,,,,Validated reconstruction
decode,1786167812806495265,1786167813657379419,850884154,3.0,0.0,0.0,0.0,,,,,,Validated reconstruction
decode,1786167813657379419,1786167813806495265,149115846,3.0,0.0,0.0,0.0,,,,,,Validated reconstruction
decode,1786167813806495265,1786167814657379419,850884154,3.0,0.0,0.0,0.0,,,,,,Validated reconstruction
decode,1786167814657379419,1786167814806495265,149115846,3.0,0.0,0.0,0.0,,,,,,Validated reconstruction
decode,1786167814806495265,1786167815657379419,850884154,3.0,0.0,0.0,0.0,,,,,,Validated reconstruction
decode,1786167815657379419,1786167815806495265,149115846,3.0,0.0,0.0,0.0,,,,,,Validated reconstruction
decode,1786167815806495265,1786167816657379419,850884154,3.0,0.0,0.0,0.0,,,,,,Validated reconstruction
decode,1786167816657379419,1786167816806495265,149115846,3.0,0.0,0.0,0.0,,,,,,Validated reconstruction
decode,1786167816806495265,1786167817657379419,850884154,3.0,0.0,0.0,0.0,,,,,,Validated reconstruction
decode,1786167817657379419,1786167817806495265,149115846,3.0,0.0,0.0,0.0,,,,,,Validated reconstruction
decode,1786167817806495265,1786167818657379419,850884154,3.0,0.0,0.0,0.0,,,,,,Validated reconstruction
decode,1786167818657379419,1786167818806495265,149115846,3.0,0.0,0.0,0.0,,,,,,Validated reconstruction
decode,1786167818806495265,1786167819657379419,850884154,3.0,0.0,0.0,0.0,,,,,,Validated reconstruction
decode,1786167819657379419,1786167819806495265,149115846,3.0,0.0,0.0,0.0,,,,,,Validated reconstruction
decode,1786167819806495265,1786167820657379419,850884154,3.5,0.0,0.0,0.0,,,,,,Validated reconstruction
decode,1786167820657379419,1786167820806495265,149115846,3.5,0.0,0.0,0.0,,,,,,Validated reconstruction
decode,1786167820806495265,1786167821657379419,850884154,4.0,0.0,0.0,0.0,,,,,,Validated reconstruction
decode,1786167821657379419,1786167821806495265,149115846,4.0,0.0,0.0,0.0,,,,,,Validated reconstruction
decode,1786167821806495265,1786167822657379419,850884154,4.0,0.0,0.0,0.0,,,,,,Validated reconstruction
decode,1786167822657379419,1786167822806495265,149115846,4.0,0.0,0.0,0.0,,,,,,Validated reconstruction
decode,1786167822806495265,1786167823657379419,850884154,4.0,0.0,0.0,0.0,,,,,,Validated reconstruction
decode,1786167823657379419,1786167823806495265,149115846,4.0,0.0,0.0,0.0,,,,,,Validated reconstruction
decode,1786167823806495265,1786167824657379419,850884154,4.0,0.0,0.0,0.0,,,,,,Validated reconstruction
decode,1786167824657379419,1786167824806495265,149115846,4.0,0.0,0.0,0.0,,,,,,Validated reconstruction
decode,1786167825806495265,1786167826657379419,850884154,4.0,0.0,0.0,0.0,,,,,,Validated reconstruction
decode,1786167826657379419,1786167826806495265,149115846,4.0,0.0,0.0,0.0,,,,,,Validated reconstruction
decode,1786167826806495265,1786167827657379419,850884154,4.0,0.0,0.0,0.0,,,,,,Validated reconstruction
decode,1786167827657379419,1786167827806495265,149115846,4.0,0.0,0.0,0.0,,,,,,Validated reconstruction
decode,1786167827806495265,1786167828657379419,850884154,4.0,0.0,0.0,0.0,,,,,,Validated reconstruction
decode,1786167828657379419,1786167828806495265,149115846,4.0,0.0,0.0,0.0,,,,,,Validated reconstruction
decode,1786167828806495265,1786167829657379419,850884154,4.0,0.0,0.0,0.0,,,,,,Validated reconstruction
decode,1786167829657379419,1786167829806495265,149115846,4.0,0.0,0.0,0.0,,,,,,Validated reconstruction
decode,1786167829806495265,1786167830657379419,850884154,4.0,0.0,0.0,0.0,,,,,,Validated reconstruction
decode,1786167830657379419,1786167830806495265,149115846,4.0,0.0,0.0,0.0,,,,,,Validated reconstruction
decode,1786167830806495265,1786167831657379419,850884154,4.0,0.0,0.0,0.0,,,,,,Validated reconstruction
decode,1786167831657379419,1786167831806495265,149115846,4.0,0.0,0.0,0.0,,,,,,Validated reconstruction
decode,1786167831806495265,1786167832657379419,850884154,4.0,0.0,0.0,0.0,,,,,,Validated reconstruction
decode,1786167832657379419,1786167832806495265,149115846,4.0,0.0,0.0,0.0,,,,,,Validated reconstruction
decode,1786167832806495265,1786167833657379419,850884154,4.0,0.0,0.0,0.0,,,,,,Validated reconstruction
decode,1786167833657379419,1786167833806495265,149115846,4.0,0.0,0.0,0.0,,,,,,Validated reconstruction
decode,1786167833806495265,1786167834657379419,850884154,4.0,0.0,0.0,0.0,,,,,,Validated reconstruction
decode,1786167834657379419,1786167834806495265,149115846,4.0,0.0,0.0,0.0,,,,,,Validated reconstruction
decode,1786167834806495265,1786167835657379419,850884154,4.0,0.0,0.0,0.0,,,,,,Validated reconstruction
decode,1786167835657379419,1786167835806495265,149115846,4.0,0.0,0.0,0.0,,,,,,Validated reconstruction
decode,1786167835806495265,1786167836657379419,850884154,4.0,0.0,0.0,0.0,,,,,,Validated reconstruction
decode,1786167836657379419,1786167836806495265,149115846,4.0,0.0,0.0,0.0,,,,,,Validated reconstruction
decode,1786167836806495265,1786167837657379419,850884154,4.0,0.0,0.0,0.0,,,,,,Validated reconstruction
decode,1786167837657379419,1786167837806495265,149115846,4.0,0.0,0.0,0.0,,,,,,Validated reconstruction
decode,1786167837806495265,1786167838657379419,850884154,4.0,0.0,0.0,0.0,,,,,,Validated reconstruction
decode,1786167838657379419,1786167838806495265,149115846,4.0,0.0,0.0,0.0,,,,,,Validated reconstruction
decode,1786167838806495265,1786167839657379419,850884154,4.0,0.0,0.0,0.0,,,,,,Validated reconstruction
decode,1786167839657379419,1786167839806495265,149115846,4.0,0.0,0.0,0.0,,,,,,Validated reconstruction
decode,1786167839806495265,1786167840657379419,850884154,4.0,0.0,0.0,0.0,,,,,,Validated reconstruction
decode,1786167840657379419,1786167840806495265,149115846,4.0,0.0,0.0,0.0,,,,,,Validated reconstruction
decode,1786167840806495265,1786167841657379419,850884154,4.0,0.0,0.0,0.0,,,,,,Validated reconstruction
decode,1786167841657379419,1786167841806495265,149115846,4.0,0.0,0.0,0.0,,,,,,Validated reconstruction
decode,1786167841806495265,1786167842657379419,850884154,4.0,0.0,0.0,0.0,,,,,,Validated reconstruction
decode,1786167842657379419,1786167842806495265,149115846,4.0,0.0,0.0,0.0,,,,,,Validated reconstruction
decode,1786167842806495265,1786167843657379419,850884154,4.0,0.0,0.0,0.0,,,,,,Validated reconstruction
decode,1786167843657379419,1786167843806495265,149115846,4.0,0.0,0.0,0.0,,,,,,Validated reconstruction
decode,1786167843806495265,1786167844657379419,850884154,5.0,0.0,0.0,0.0,,,,,,Validated reconstruction
decode,1786167844657379419,1786167844806495265,149115846,5.0,0.0,0.0,0.0,,,,,,Validated reconstruction
decode,1786167844806495265,1786167845657379419,850884154,3.0,0.0,0.0,0.0,,,,,,Validated reconstruction
decode,1786167845657379419,1786167845806495265,149115846,3.0,0.0,0.0,0.0,,,,,,Validated reconstruction
decode,1786167845806495265,1786167846657379419,850884154,3.0,0.0,0.0,0.0,,,,,,Validated reconstruction
decode,1786167846657379419,1786167846806495265,149115846,3.5,0.0,0.5,0.0,,,,,,Validated reconstruction
decode,1786167846806495265,1786167847657379419,850884154,3.5,0.0,0.5,0.0,,,,,,Validated reconstruction
decode,1786167847657379419,1786167847806495265,149115846,4.0,0.0,1.0,0.0,,,,,,Validated reconstruction
decode,1786167847806495265,1786167848657379419,850884154,4.0,0.0,1.0,0.0,,,,,,Validated reconstruction
decode,1786167848657379419,1786167848806495265,149115846,4.0,0.0,1.0,0.0,,,,,,Validated reconstruction
decode,1786167848806495265,1786167849657379419,850884154,4.0,0.0,1.0,0.0,,,,,,Validated reconstruction
decode,1786167849657379419,1786167849806495265,149115846,4.0,0.0,1.0,0.0,,,,,,Validated reconstruction
decode,1786167849806495265,1786167850657379419,850884154,4.0,0.0,1.0,0.0,,,,,,Validated reconstruction
decode,1786167850657379419,1786167850806495265,149115846,4.0,0.0,1.0,0.0,,,,,,Validated reconstruction
decode,1786167850806495265,1786167851657379419,850884154,4.0,0.0,1.0,0.0,,,,,,Validated reconstruction
decode,1786167851657379419,1786167851806495265,149115846,4.0,0.0,1.0,0.0,,,,,,Validated reconstruction
decode,1786167851806495265,1786167852657379419,850884154,4.0,0.0,1.0,0.0,,,,,,Validated reconstruction
decode,1786167852657379419,1786167852806495265,149115846,4.0,0.0,1.0,0.0,,,,,,Validated reconstruction
decode,1786167852806495265,1786167853657379419,850884154,4.0,0.0,1.0,0.0,,,,,,Validated reconstruction
decode,1786167853657379419,1786167853806495265,149115846,4.0,0.0,1.0,0.0,,,,,,Validated reconstruction
decode,1786167853806495265,1786167854657379419,850884154,4.0,0.0,1.0,0.0,,,,,,Validated reconstruction
decode,1786167854657379419,1786167854806495265,149115846,4.0,0.0,1.0,0.0,,,,,,Validated reconstruction
decode,1786167854806495265,1786167855657379419,850884154,4.0,0.0,1.0,0.0,,,,,,Validated reconstruction
decode,1786167855657379419,1786167855806495265,149115846,4.0,0.0,1.0,0.0,,,,,,Validated reconstruction
decode,1786167855806495265,1786167856657379419,850884154,4.0,0.0,1.0,0.0,,,,,,Validated reconstruction
decode,1786167856657379419,1786167856806495265,149115846,4.0,0.0,1.0,0.0,,,,,,Validated reconstruction
decode,1786167856806495265,1786167857657379419,850884154,4.0,0.0,1.0,0.0,,,,,,Validated reconstruction
decode,1786167857657379419,1786167857806495265,149115846,4.0,0.0,2.0,0.0,,,,,,Validated reconstruction
decode,1786167857806495265,1786167858657379419,850884154,4.0,0.0,2.0,0.0,,,,,,Validated reconstruction
decode,1786167858657379419,1786167858806495265,149115846,4.0,0.0,2.0,0.0,,,,,,Validated reconstruction
decode,1786167858806495265,1786167859657379419,850884154,4.0,0.0,2.0,0.0,,,,,,Validated reconstruction
decode,1786167859657379419,1786167859806495265,149115846,4.0,0.0,2.0,0.0,,,,,,Validated reconstruction
decode,1786167859806495265,1786167860657379419,850884154,4.0,0.0,2.0,0.0,,,,,,Validated reconstruction
decode,1786167860657379419,1786167860806495265,149115846,4.0,0.0,2.0,0.0,,,,,,Validated reconstruction
decode,1786167860806495265,1786167861657379419,850884154,4.0,0.0,2.0,0.0,,,,,,Validated reconstruction
decode,1786167861657379419,1786167861806495265,149115846,4.0,0.0,2.0,0.0,,,,,,Validated reconstruction
decode,1786167861806495265,1786167862657379419,850884154,4.0,0.0,2.0,0.0,,,,,,Validated reconstruction
decode,1786167862657379419,1786167862806495265,149115846,4.0,0.0,2.0,0.0,,,,,,Validated reconstruction
decode,1786167862806495265,1786167863657379419,850884154,4.0,0.0,2.0,0.0,,,,,,Validated reconstruction
decode,1786167863657379419,1786167863806495265,149115846,4.0,0.0,2.0,0.0,,,,,,Validated reconstruction
decode,1786167863806495265,1786167864657379419,850884154,4.0,0.0,2.0,0.0,,,,,,Validated reconstruction
decode,1786167864657379419,1786167864806495265,149115846,4.0,0.0,2.0,0.0,,,,,,Validated reconstruction
decode,1786167864806495265,1786167865657379419,850884154,4.0,0.0,2.0,0.0,,,,,,Validated reconstruction
decode,1786167865657379419,1786167865806495265,149115846,5.0,0.0,0.0,0.0,,,,,,Validated reconstruction
decode,1786167865806495265,1786167866657379419,850884154,5.0,0.0,0.0,0.0,,,,,,Validated reconstruction
decode,1786167866657379419,1786167866806495265,149115846,5.0,0.0,0.0,0.0,,,,,,Validated reconstruction
decode,1786167866806495265,1786167867657379419,850884154,5.0,0.0,0.0,0.0,,,,,,Validated reconstruction
decode,1786167867657379419,1786167867806495265,149115846,5.0,0.0,0.0,0.0,,,,,,Validated reconstruction
decode,1786167867806495265,1786167868657379419,850884154,5.0,0.0,0.0,0.0,,,,,,Validated reconstruction
decode,1786167868657379419,1786167868806495265,149115846,5.0,0.0,0.0,0.0,,,,,,Validated reconstruction
decode,1786167868806495265,1786167869657379419,850884154,5.0,0.0,0.0,0.0,,,,,,Validated reconstruction
decode,1786167869657379419,1786167869806495265,149115846,5.0,0.0,0.0,0.0,,,,,,Validated reconstruction
decode,1786167869806495265,1786167870657379419,850884154,6.0,0.0,0.0,0.0,,,,,,Validated reconstruction
decode,1786167870657379419,1786167870806495265,149115846,6.0,0.0,0.0,0.0,,,,,,Validated reconstruction
decode,1786167870806495265,1786167871657379419,850884154,6.0,0.0,0.0,0.0,,,,,,Validated reconstruction
decode,1786167871657379419,1786167871806495265,149115846,6.0,0.0,0.0,0.0,,,,,,Validated reconstruction
decode,1786167871806495265,1786167872657379419,850884154,6.0,0.0,0.0,0.0,,,,,,Validated reconstruction
decode,1786167872657379419,1786167872806495265,149115846,6.0,0.0,0.0,0.0,,,,,,Validated reconstruction
decode,1786167872806495265,1786167873657379419,850884154,6.0,0.0,0.0,0.0,,,,,,Validated reconstruction
decode,1786167873657379419,1786167873806495265,149115846,6.0,0.0,0.0,0.0,,,,,,Validated reconstruction
decode,1786167873806495265,1786167874657379419,850884154,6.0,0.0,0.0,0.0,,,,,,Validated reconstruction
decode,1786167874657379419,1786167874806495265,149115846,5.5,0.0,0.0,0.0,,,,,,Validated reconstruction
decode,1786167874806495265,1786167875657379419,850884154,5.5,0.0,0.0,0.0,,,,,,Validated reconstruction
decode,1786167875657379419,1786167875806495265,149115846,5.0,0.0,0.0,0.0,,,,,,Validated reconstruction
decode,1786167875806495265,1786167876657379419,850884154,5.0,0.0,0.0,0.0,,,,,,Validated reconstruction
decode,1786167876657379419,1786167876806495265,149115846,5.0,0.0,0.0,0.0,,,,,,Validated reconstruction
decode,1786167876806495265,1786167877657379419,850884154,5.0,0.0,0.0,0.0,,,,,,Validated reconstruction
decode,1786167877657379419,1786167877806495265,149115846,5.0,0.0,0.0,0.0,,,,,,Validated reconstruction
decode,1786167877806495265,1786167878657379419,850884154,5.0,0.0,0.0,0.0,,,,,,Validated reconstruction
decode,1786167878657379419,1786167878806495265,149115846,5.0,0.0,0.0,0.0,,,,,,Validated reconstruction
decode,1786167878806495265,1786167879657379419,850884154,5.0,0.0,0.0,0.0,,,,,,Validated reconstruction
decode,1786167879657379419,1786167879806495265,149115846,5.0,0.0,0.0,0.0,,,,,,Validated reconstruction
decode,1786167879806495265,1786167880657379419,850884154,4.0,0.0,0.0,0.0,,,,,,Validated reconstruction
decode,1786167880657379419,1786167880806495265,149115846,4.0,0.0,0.0,0.0,,,,,,Validated reconstruction
decode,1786167880806495265,1786167881657379419,850884154,5.0,0.0,0.0,0.0,,,,,,Validated reconstruction
decode,1786167881657379419,1786167881806495265,149115846,5.0,0.0,0.0,0.0,,,,,,Validated reconstruction
decode,1786167881806495265,1786167882657379419,850884154,5.0,0.0,0.0,0.0,,,,,,Validated reconstruction
decode,1786167882657379419,1786167882806495265,149115846,6.0,0.0,0.0,0.0,,,,,,Validated reconstruction
decode,1786167882806495265,1786167883657379419,850884154,6.0,0.0,0.0,0.0,,,,,,Validated reconstruction
decode,1786167883657379419,1786167883806495265,149115846,6.0,0.0,0.0,0.0,,,,,,Validated reconstruction
decode,1786167883806495265,1786167884657379419,850884154,6.0,0.0,0.0,0.0,,,,,,Validated reconstruction
decode,1786167884657379419,1786167884806495265,149115846,6.0,0.0,0.0,0.0,,,,,,Validated reconstruction
decode,1786167884806495265,1786167885657379419,850884154,5.5,0.0,0.0,0.0,,,,,,Validated reconstruction
decode,1786167885657379419,1786167885806495265,149115846,5.5,0.0,0.0,0.0,,,,,,Validated reconstruction
decode,1786167885806495265,1786167886657379419,850884154,5.0,0.0,0.0,0.0,,,,,,Validated reconstruction
decode,1786167886657379419,1786167886806495265,149115846,5.0,0.0,0.0,0.0,,,,,,Validated reconstruction
decode,1786167886806495265,1786167887657379419,850884154,5.0,0.0,0.0,0.0,,,,,,Validated reconstruction
decode,1786167887657379419,1786167887806495265,149115846,5.0,0.0,0.0,0.0,,,,,,Validated reconstruction
decode,1786167887806495265,1786167888657379419,850884154,6.0,0.0,0.0,0.0,,,,,,Validated reconstruction
decode,1786167888657379419,1786167888806495265,149115846,6.0,0.0,0.0,0.0,,,,,,Validated reconstruction
decode,1786167888806495265,1786167889657379419,850884154,6.0,0.0,0.0,0.0,,,,,,Validated reconstruction
decode,1786167889657379419,1786167889806495265,149115846,6.0,0.0,0.0,0.0,,,,,,Validated reconstruction
decode,1786167889806495265,1786167890657379419,850884154,6.0,0.0,0.0,0.0,,,,,,Validated reconstruction
decode,1786167890657379419,1786167890806495265,149115846,6.0,0.0,0.0,0.0,,,,,,Validated reconstruction
decode,1786167890806495265,1786167891657379419,850884154,6.0,0.0,0.0,0.0,,,,,,Validated reconstruction
decode,1786167891657379419,1786167891806495265,149115846,6.0,0.0,0.0,0.0,,,,,,Validated reconstruction
decode,1786167891806495265,1786167892657379419,850884154,6.0,0.0,0.0,0.0,,,,,,Validated reconstruction
decode,1786167892657379419,1786167892806495265,149115846,6.0,0.0,0.0,0.0,,,,,,Validated reconstruction
decode,1786167892806495265,1786167893657379419,850884154,6.0,0.0,0.0,0.0,,,,,,Validated reconstruction
decode,1786167893657379419,1786167893806495265,149115846,6.5,0.0,0.0,0.0,,,,,,Validated reconstruction
decode,1786167893806495265,1786167894657379419,850884154,6.5,0.0,0.0,0.0,,,,,,Validated reconstruction
decode,1786167894657379419,1786167894806495265,149115846,7.0,0.0,0.0,0.0,,,,,,Validated reconstruction
decode,1786167894806495265,1786167895657379419,850884154,7.0,0.0,0.0,0.0,,,,,,Validated reconstruction
decode,1786167895657379419,1786167895806495265,149115846,7.5,0.0,0.0,0.0,,,,,,Validated reconstruction
decode,1786167895806495265,1786167896657379419,850884154,7.5,0.0,0.0,0.0,,,,,,Validated reconstruction
decode,1786167896657379419,1786167896806495265,149115846,8.0,0.0,0.0,0.0,,,,,,Validated reconstruction
decode,1786167896806495265,1786167897657379419,850884154,8.0,0.0,0.0,0.0,,,,,,Validated reconstruction
decode,1786167897657379419,1786167897806495265,149115846,8.0,0.0,0.0,0.0,,,,,,Validated reconstruction
decode,1786167897806495265,1786167898657379419,850884154,8.0,0.0,0.0,0.0,,,,,,Validated reconstruction
decode,1786167898657379419,1786167898806495265,149115846,8.0,0.0,0.0,0.0,,,,,,Validated reconstruction
decode,1786167898806495265,1786167899657379419,850884154,8.0,0.0,0.0,0.0,,,,,,Validated reconstruction
decode,1786167899657379419,1786167899806495265,149115846,8.0,0.0,0.0,0.0,,,,,,Validated reconstruction
decode,1786167899806495265,1786167900657379419,850884154,8.0,0.0,0.0,0.0,,,,,,Validated reconstruction
decode,1786167900657379419,1786167900806495265,149115846,8.0,0.0,0.0,0.0,,,,,,Validated reconstruction
decode,1786167900806495265,1786167901657379419,850884154,9.0,0.0,0.0,0.0,,,,,,Validated reconstruction
decode,1786167901657379419,1786167901806495265,149115846,9.0,0.0,0.0,0.0,,,,,,Validated reconstruction
decode,1786167901806495265,1786167902657379419,850884154,9.0,0.0,0.0,0.0,,,,,,Validated reconstruction
decode,1786167902657379419,1786167902806495265,149115846,9.0,0.0,0.0,0.0,,,,,,Validated reconstruction
decode,1786167902806495265,1786167903657379419,850884154,9.0,0.0,0.0,0.0,,,,,,Validated reconstruction
decode,1786167903657379419,1786167903806495265,149115846,9.0,0.0,0.0,0.0,,,,,,Validated reconstruction
decode,1786167903806495265,1786167904657379419,850884154,10.0,0.0,0.0,0.0,,,,,,Validated reconstruction
decode,1786167904657379419,1786167904806495265,149115846,10.0,0.0,0.0,0.0,,,,,,Validated reconstruction
decode,1786167904806495265,1786167905657379419,850884154,11.0,0.0,0.0,0.0,,,,,,Validated reconstruction
decode,1786167905657379419,1786167905806495265,149115846,11.0,0.0,0.0,0.0,,,,,,Validated reconstruction
decode,1786167905806495265,1786167906657379419,850884154,11.0,0.0,0.0,0.0,,,,,,Validated reconstruction
decode,1786167906657379419,1786167906806495265,149115846,11.0,0.0,0.0,0.0,,,,,,Validated reconstruction
decode,1786167906806495265,1786167907657379419,850884154,11.0,0.0,0.0,0.0,,,,,,Validated reconstruction
decode,1786167907657379419,1786167907806495265,149115846,11.0,0.0,0.0,0.0,,,,,,Validated reconstruction
decode,1786167907806495265,1786167908657379419,850884154,11.0,0.0,0.0,0.0,,,,,,Validated reconstruction
decode,1786167908657379419,1786167908806495265,149115846,11.0,0.0,0.0,0.0,,,,,,Validated reconstruction
decode,1786167908806495265,1786167909657379419,850884154,11.0,0.0,0.0,0.0,,,,,,Validated reconstruction
decode,1786167909657379419,1786167909806495265,149115846,11.0,0.0,0.0,0.0,,,,,,Validated reconstruction
decode,1786167909806495265,1786167910657379419,850884154,11.0,0.0,0.0,0.0,,,,,,Validated reconstruction
decode,1786167910657379419,1786167910806495265,149115846,11.0,0.0,0.0,0.0,,,,,,Validated reconstruction
decode,1786167910806495265,1786167911657379419,850884154,11.0,0.0,0.0,0.0,,,,,,Validated reconstruction
decode,1786167911657379419,1786167911806495265,149115846,11.0,0.0,0.0,0.0,,,,,,Validated reconstruction
decode,1786167911806495265,1786167912657379419,850884154,8.0,0.0,0.0,0.0,,,,,,Validated reconstruction
decode,1786167912657379419,1786167912806495265,149115846,8.0,0.0,0.0,0.0,,,,,,Validated reconstruction
decode,1786167912806495265,1786167913657379419,850884154,9.0,0.0,0.0,0.0,,,,,,Validated reconstruction
decode,1786167913657379419,1786167913806495265,149115846,9.0,0.0,0.0,0.0,,,,,,Validated reconstruction
decode,1786167913806495265,1786167914657379419,850884154,9.0,0.0,0.0,0.0,,,,,,Validated reconstruction
decode,1786167914657379419,1786167914806495265,149115846,9.0,0.0,0.0,0.0,,,,,,Validated reconstruction
decode,1786167914806495265,1786167915657379419,850884154,8.0,0.0,0.0,0.0,,,,,,Validated reconstruction
decode,1786167915657379419,1786167915806495265,149115846,8.0,0.0,0.0,0.0,,,,,,Validated reconstruction
decode,1786167915806495265,1786167916657379419,850884154,8.0,0.0,0.0,0.0,,,,,,Validated reconstruction
decode,1786167916657379419,1786167916806495265,149115846,8.0,0.0,0.0,0.0,,,,,,Validated reconstruction
decode,1786167916806495265,1786167917657379419,850884154,8.0,0.0,0.0,0.0,,,,,,Validated reconstruction
decode,1786167917657379419,1786167917806495265,149115846,8.0,0.0,0.0,0.0,,,,,,Validated reconstruction
decode,1786167917806495265,1786167918657379419,850884154,8.0,0.0,0.0,0.0,,,,,,Validated reconstruction
decode,1786167918657379419,1786167918806495265,149115846,8.0,0.0,0.0,0.0,,,,,,Validated reconstruction
decode,1786167918806495265,1786167919657379419,850884154,8.0,0.0,0.0,0.0,,,,,,Validated reconstruction
decode,1786167919657379419,1786167919806495265,149115846,8.0,0.0,0.0,0.0,,,,,,Validated reconstruction
decode,1786167919806495265,1786167920657379419,850884154,8.0,0.0,0.0,0.0,,,,,,Validated reconstruction
decode,1786167920657379419,1786167920806495265,149115846,8.0,0.0,0.0,0.0,,,,,,Validated reconstruction
decode,1786167920806495265,1786167921657379419,850884154,8.0,0.0,1.0,0.0,,,,,,Validated reconstruction
decode,1786167921657379419,1786167921806495265,149115846,8.0,0.0,1.0,0.0,,,,,,Validated reconstruction
decode,1786167921806495265,1786167922657379419,850884154,8.0,0.0,1.0,0.0,,,,,,Validated reconstruction
decode,1786167922657379419,1786167922806495265,149115846,9.0,0.0,1.0,0.0,,,,,,Validated reconstruction
decode,1786167922806495265,1786167923657379419,850884154,9.0,0.0,1.0,0.0,,,,,,Validated reconstruction
decode,1786167923657379419,1786167923806495265,149115846,9.0,0.0,1.0,0.0,,,,,,Validated reconstruction
decode,1786167923806495265,1786167924657379419,850884154,9.0,0.0,1.0,0.0,,,,,,Validated reconstruction
decode,1786167924657379419,1786167924806495265,149115846,9.0,0.0,1.0,0.0,,,,,,Validated reconstruction
decode,1786167924806495265,1786167925657379419,850884154,9.0,0.0,1.0,0.0,,,,,,Validated reconstruction
decode,1786167925657379419,1786167925806495265,149115846,9.0,0.0,1.0,0.0,,,,,,Validated reconstruction
decode,1786167925806495265,1786167926657379419,850884154,9.0,0.0,1.0,0.0,,,,,,Validated reconstruction
decode,1786167926657379419,1786167926806495265,149115846,9.0,0.0,1.0,0.0,,,,,,Validated reconstruction
decode,1786167926806495265,1786167927657379419,850884154,9.0,0.0,1.0,0.0,,,,,,Validated reconstruction
decode,1786167927657379419,1786167927806495265,149115846,9.0,0.0,1.0,0.0,,,,,,Validated reconstruction
decode,1786167927806495265,1786167928657379419,850884154,9.0,0.0,1.0,0.0,,,,,,Validated reconstruction
decode,1786167928657379419,1786167928806495265,149115846,9.0,0.0,1.0,0.0,,,,,,Validated reconstruction
decode,1786167928806495265,1786167929657379419,850884154,10.0,0.0,1.0,0.0,,,,,,Validated reconstruction
decode,1786167929657379419,1786167929806495265,149115846,10.0,0.0,1.0,0.0,,,,,,Validated reconstruction
decode,1786167929806495265,1786167930657379419,850884154,10.0,0.0,1.0,0.0,,,,,,Validated reconstruction
decode,1786167930657379419,1786167930806495265,149115846,10.0,0.0,1.0,0.0,,,,,,Validated reconstruction
decode,1786167930806495265,1786167931657379419,850884154,10.0,0.0,1.0,0.0,,,,,,Validated reconstruction
decode,1786167931657379419,1786167931806495265,149115846,10.0,0.0,1.0,0.0,,,,,,Validated reconstruction
decode,1786167931806495265,1786167932657379419,850884154,10.0,0.0,1.0,0.0,,,,,,Validated reconstruction
decode,1786167932657379419,1786167932806495265,149115846,10.0,0.0,1.0,0.0,,,,,,Validated reconstruction
decode,1786167932806495265,1786167933657379419,850884154,10.0,0.0,1.0,0.0,,,,,,Validated reconstruction
decode,1786167933657379419,1786167933806495265,149115846,10.0,0.0,1.0,0.0,,,,,,Validated reconstruction
decode,1786167933806495265,1786167934657379419,850884154,10.0,0.0,1.0,0.0,,,,,,Validated reconstruction
decode,1786167934657379419,1786167934806495265,149115846,10.0,0.0,1.0,0.0,,,,,,Validated reconstruction
decode,1786167934806495265,1786167935657379419,850884154,10.0,0.0,1.0,0.0,,,,,,Validated reconstruction
decode,1786167935657379419,1786167935806495265,149115846,10.0,0.0,1.0,0.0,,,,,,Validated reconstruction
decode,1786167935806495265,1786167936657379419,850884154,9.0,0.0,1.0,0.0,,,,,,Validated reconstruction
decode,1786167936657379419,1786167936806495265,149115846,9.0,0.0,1.0,0.0,,,,,,Validated reconstruction
decode,1786167936806495265,1786167937657379419,850884154,9.0,0.0,1.0,0.0,,,,,,Validated reconstruction
decode,1786167937657379419,1786167937806495265,149115846,9.0,0.0,1.0,1.0,,,,,,Validated reconstruction
decode,1786167937806495265,1786167938657379419,850884154,9.0,0.0,1.0,1.0,,,,,,Validated reconstruction
decode,1786167938657379419,1786167938806495265,149115846,9.0,0.0,1.0,1.0,,,,,,Validated reconstruction
decode,1786167938806495265,1786167939657379419,850884154,9.0,0.0,0.5,1.0,,,,,,Validated reconstruction
decode,1786167939657379419,1786167939806495265,149115846,10.0,0.0,0.5,0.0,,,,,,Validated reconstruction
decode,1786167939806495265,1786167940657379419,850884154,11.0,0.0,0.0,0.0,,,,,,Validated reconstruction
decode,1786167940657379419,1786167940806495265,149115846,11.0,0.0,0.0,0.0,,,,,,Validated reconstruction
decode,1786167940806495265,1786167941657379419,850884154,11.0,0.0,0.0,0.0,,,,,,Validated reconstruction
decode,1786167941657379419,1786167941806495265,149115846,11.0,0.0,0.0,0.0,,,,,,Validated reconstruction
decode,1786167941806495265,1786167942657379419,850884154,11.0,0.0,0.0,0.0,,,,,,Validated reconstruction
decode,1786167942657379419,1786167942806495265,149115846,11.0,0.0,0.0,0.0,,,,,,Validated reconstruction
decode,1786167942806495265,1786167943657379419,850884154,11.0,0.0,0.0,0.0,,,,,,Validated reconstruction
decode,1786167943657379419,1786167943806495265,149115846,11.0,0.0,0.0,0.0,,,,,,Validated reconstruction
decode,1786167943806495265,1786167944657379419,850884154,11.0,0.0,0.0,0.0,,,,,,Validated reconstruction
decode,1786167944657379419,1786167944806495265,149115846,10.5,0.0,0.0,0.0,,,,,,Validated reconstruction
decode,1786167944806495265,1786167945657379419,850884154,10.5,0.0,0.0,0.0,,,,,,Validated reconstruction
decode,1786167945657379419,1786167945806495265,149115846,2.0,0.0,0.0,0.0,,,,,,Validated reconstruction
decode,1786167945806495265,1786167946657379419,850884154,2.0,0.0,0.0,0.0,,,,,,Validated reconstruction
decode,1786167946657379419,1786167946806495265,149115846,2.0,0.0,0.0,0.0,,,,,,Validated reconstruction
decode,1786167946806495265,1786167947657379419,850884154,2.0,0.0,0.0,0.0,,,,,,Validated reconstruction
decode,1786167947657379419,1786167947806495265,149115846,2.0,0.0,0.0,0.0,,,,,,Validated reconstruction
decode,1786167947806495265,1786167948657379419,850884154,2.0,0.0,0.0,0.0,,,,,,Validated reconstruction
decode,1786167948657379419,1786167948806495265,149115846,2.0,0.0,0.0,0.0,,,,,,Validated reconstruction
decode,1786167948806495265,1786167949657379419,850884154,2.0,0.0,0.0,0.0,,,,,,Validated reconstruction
decode,1786167949657379419,1786167949806495265,149115846,2.3333333333333335,0.0,0.0,0.0,,,,,,Validated reconstruction
decode,1786167949806495265,1786167950657379419,850884154,2.3333333333333335,0.0,0.0,0.0,,,,,,Validated reconstruction
decode,1786167950657379419,1786167950806495265,149115846,3.0,0.0,0.0,0.0,,,,,,Validated reconstruction
decode,1786167950806495265,1786167951657379419,850884154,3.0,0.0,0.0,0.0,,,,,,Validated reconstruction
decode,1786167951657379419,1786167951806495265,149115846,2.0,0.0,0.0,0.0,,,,,,Validated reconstruction
decode,1786167951806495265,1786167952657379419,850884154,2.0,0.0,0.0,0.0,,,,,,Validated reconstruction
decode,1786167952657379419,1786167952806495265,149115846,2.5,0.0,0.0,0.0,,,,,,Validated reconstruction
decode,1786167952806495265,1786167953657379419,850884154,2.5,0.0,0.0,0.0,,,,,,Validated reconstruction
decode,1786167953657379419,1786167953806495265,149115846,3.0,0.0,0.0,0.0,,,,,,Validated reconstruction
decode,1786167953806495265,1786167954657379419,850884154,3.0,0.0,0.0,0.0,,,,,,Validated reconstruction
decode,1786167954657379419,1786167954806495265,149115846,3.0,0.0,0.0,0.0,,,,,,Validated reconstruction
decode,1786167954806495265,1786167955657379419,850884154,1.0,0.0,0.0,0.0,,,,,,Validated reconstruction
decode,1786167955657379419,1786167955806495265,149115846,0.0,0.0,0.0,0.0,,,,,,Validated reconstruction
decode,1786167955806495265,1786167956657379419,850884154,0.0,0.0,0.0,0.0,,,,,,Validated reconstruction
decode,1786167957657379419,1786167957806495265,149115846,0.0,0.0,0.0,0.0,,,,,,Validated reconstruction
decode,1786167957806495265,1786167958657379419,850884154,0.0,0.0,0.0,0.0,,,,,,Validated reconstruction
decode,1786167958657379419,1786167958806495265,149115846,0.0,0.0,0.0,0.0,,,,,,Validated reconstruction
decode,1786167958806495265,1786167959657379419,850884154,0.0,0.0,0.0,0.0,,,,,,Validated reconstruction
decode,1786167959657379419,1786167959806495265,149115846,0.0,0.0,0.0,0.0,,,,,,Validated reconstruction
decode,1786167959806495265,1786167960657379419,850884154,0.0,0.0,0.0,0.0,,,,,,Validated reconstruction
decode,1786167960657379419,1786167960806495265,149115846,0.0,0.0,0.0,0.0,,,,,,Validated reconstruction
decode,1786167960806495265,1786167961657379419,850884154,0.0,0.0,0.0,0.0,,,,,,Validated reconstruction
decode,1786167961657379419,1786167961806495265,149115846,0.0,0.0,0.0,0.0,,,,,,Validated reconstruction
decode,1786167961806495265,1786167962657379419,850884154,0.0,0.0,0.0,0.0,,,,,,Validated reconstruction
decode,1786167962657379419,1786167962806495265,149115846,0.0,0.0,0.0,0.0,,,,,,Validated reconstruction
decode,1786167962806495265,1786167963657379419,850884154,0.0,0.0,0.0,0.0,,,,,,Validated reconstruction
decode,1786167963657379419,1786167963806495265,149115846,0.0,0.0,0.0,0.0,,,,,,Validated reconstruction
decode,1786167963806495265,1786167964657379419,850884154,0.0,0.0,0.0,0.0,,,,,,Validated reconstruction
decode,1786167964657379419,1786167964806495265,149115846,0.0,0.0,0.0,0.0,,,,,,Validated reconstruction
decode,1786167964806495265,1786167965657379419,850884154,0.0,0.0,0.0,0.0,,,,,,Validated reconstruction
decode,1786167965657379419,1786167965806495265,149115846,0.0,0.0,0.0,0.0,,,,,,Validated reconstruction
decode,1786167965806495265,1786167966657379419,850884154,0.0,0.0,0.0,0.0,,,,,,Validated reconstruction
decode,1786167966657379419,1786167966806495265,149115846,0.0,0.0,0.0,0.0,,,,,,Validated reconstruction
decode,1786167966806495265,1786167967657379419,850884154,0.0,0.0,0.0,0.0,,,,,,Validated reconstruction
decode,1786167967657379419,1786167967806495265,149115846,0.0,0.0,0.0,0.0,,,,,,Validated reconstruction
decode,1786167967806495265,1786167968657379419,850884154,0.0,0.0,0.0,0.0,,,,,,Validated reconstruction
decode,1786167968657379419,1786167968806495265,149115846,0.0,0.0,0.0,0.0,,,,,,Validated reconstruction
decode,1786167968806495265,1786167969657379419,850884154,0.0,0.0,0.0,0.0,,,,,,Validated reconstruction
decode,1786167969657379419,1786167969806495265,149115846,0.0,0.0,0.0,0.0,,,,,,Validated reconstruction
decode,1786167969806495265,1786167970657379419,850884154,0.0,0.0,0.0,0.0,,,,,,Validated reconstruction
decode,1786167970657379419,1786167970806495265,149115846,0.5,0.0,0.0,0.0,,,,,,Validated reconstruction
decode,1786167970806495265,1786167971657379419,850884154,0.5,0.0,0.0,0.0,,,,,,Validated reconstruction
decode,1786167971657379419,1786167971806495265,149115846,2.0,0.0,0.0,0.0,,,,,,Validated reconstruction
decode,1786167971806495265,1786167972657379419,850884154,2.0,0.0,0.0,0.0,,,,,,Validated reconstruction
decode,1786167972657379419,1786167972806495265,149115846,2.0,0.0,0.0,0.0,,,,,,Validated reconstruction
decode,1786167972806495265,1786167973657379419,850884154,2.0,0.0,0.0,0.0,,,,,,Validated reconstruction
decode,1786167973657379419,1786167973806495265,149115846,2.0,0.0,0.0,0.0,,,,,,Validated reconstruction
decode,1786167973806495265,1786167974657379419,850884154,2.0,0.0,0.0,0.0,,,,,,Validated reconstruction
decode,1786167974657379419,1786167974806495265,149115846,1.3333333333333333,0.0,0.0,0.0,,,,,,Validated reconstruction
decode,1786167974806495265,1786167975657379419,850884154,1.3333333333333333,0.0,0.0,0.0,,,,,,Validated reconstruction
decode,1786167976657379419,1786167976806495265,149115846,1.0,0.0,0.0,0.0,,,,,,Validated reconstruction
decode,1786167976806495265,1786167977657379419,850884154,2.0,0.0,0.0,0.0,,,,,,Validated reconstruction
decode,1786167977657379419,1786167977806495265,149115846,2.0,0.0,0.0,0.0,,,,,,Validated reconstruction
decode,1786167977806495265,1786167978657379419,850884154,2.0,0.0,0.0,0.0,,,,,,Validated reconstruction
decode,1786167978657379419,1786167978806495265,149115846,2.0,0.0,0.0,0.0,,,,,,Validated reconstruction
decode,1786167978806495265,1786167979657379419,850884154,2.0,0.0,0.0,0.0,,,,,,Validated reconstruction
decode,1786167979657379419,1786167979806495265,149115846,2.0,0.0,0.0,0.0,,,,,,Validated reconstruction
decode,1786167979806495265,1786167980657379419,850884154,2.0,0.0,0.0,0.0,,,,,,Validated reconstruction
decode,1786167980657379419,1786167980806495265,149115846,2.0,0.0,0.0,0.0,,,,,,Validated reconstruction
decode,1786167980806495265,1786167981657379419,850884154,1.0,0.0,0.0,0.0,,,,,,Validated reconstruction
decode,1786167981657379419,1786167981806495265,149115846,1.0,0.0,0.0,0.0,,,,,,Validated reconstruction
decode,1786167981806495265,1786167982657379419,850884154,1.0,0.0,0.0,0.0,,,,,,Validated reconstruction
decode,1786167982657379419,1786167982806495265,149115846,1.0,0.0,0.0,0.0,,,,,,Validated reconstruction
decode,1786167982806495265,1786167983657379419,850884154,1.5,0.0,0.0,0.0,,,,,,Validated reconstruction
decode,1786167983657379419,1786167983806495265,149115846,1.5,0.0,0.0,0.0,,,,,,Validated reconstruction
decode,1786167983806495265,1786167984657379419,850884154,2.0,0.0,0.0,0.0,,,,,,Validated reconstruction
decode,1786167984657379419,1786167984806495265,149115846,2.0,0.0,0.0,0.0,,,,,,Validated reconstruction
decode,1786167984806495265,1786167985657379419,850884154,2.0,0.0,0.0,0.0,,,,,,Validated reconstruction
decode,1786167985657379419,1786167985806495265,149115846,2.0,0.0,0.0,0.0,,,,,,Validated reconstruction
decode,1786167985806495265,1786167986657379419,850884154,1.0,0.0,0.0,0.0,,,,,,Validated reconstruction
decode,1786167986657379419,1786167986806495265,149115846,1.0,0.0,0.0,0.0,,,,,,Validated reconstruction
decode,1786167986806495265,1786167987657379419,850884154,1.0,0.0,0.0,0.0,,,,,,Validated reconstruction
decode,1786167987657379419,1786167987806495265,149115846,1.5,0.0,0.0,0.0,,,,,,Validated reconstruction
decode,1786167987806495265,1786167988657379419,850884154,1.5,0.0,0.0,0.0,,,,,,Validated reconstruction
decode,1786167988657379419,1786167988806495265,149115846,2.0,0.0,0.0,0.0,,,,,,Validated reconstruction
decode,1786167988806495265,1786167989657379419,850884154,2.0,0.0,0.0,0.0,,,,,,Validated reconstruction
decode,1786167989657379419,1786167989806495265,149115846,2.0,0.0,0.0,0.0,,,,,,Validated reconstruction
decode,1786167989806495265,1786167990657379419,850884154,2.0,0.0,0.0,0.0,,,,,,Validated reconstruction
decode,1786167990657379419,1786167990806495265,149115846,2.0,0.0,0.0,0.0,,,,,,Validated reconstruction
decode,1786167990806495265,1786167991657379419,850884154,2.0,0.0,0.0,0.0,,,,,,Validated reconstruction
decode,1786167991657379419,1786167991806495265,149115846,2.0,0.0,0.0,0.0,,,,,,Validated reconstruction
decode,1786167991806495265,1786167992657379419,850884154,2.0,0.0,0.0,0.0,,,,,,Validated reconstruction
decode,1786167992657379419,1786167992806495265,149115846,2.0,0.0,0.0,0.0,,,,,,Validated reconstruction
decode,1786167992806495265,1786167993657379419,850884154,2.0,0.0,0.0,0.0,,,,,,Validated reconstruction
decode,1786167993657379419,1786167993806495265,149115846,2.0,0.0,0.0,0.0,,,,,,Validated reconstruction
decode,1786167993806495265,1786167994657379419,850884154,2.0,0.0,0.0,0.0,,,,,,Validated reconstruction
decode,1786167994657379419,1786167994806495265,149115846,3.0,0.0,0.0,0.0,,,,,,Validated reconstruction
decode,1786167994806495265,1786167995657379419,850884154,3.0,0.0,0.0,0.0,,,,,,Validated reconstruction
decode,1786167995657379419,1786167995806495265,149115846,3.0,0.0,0.0,0.0,,,,,,Validated reconstruction
decode,1786167995806495265,1786167996657379419,850884154,3.0,0.0,0.0,0.0,,,,,,Validated reconstruction
decode,1786167996657379419,1786167996806495265,149115846,3.0,0.0,0.0,0.0,,,,,,Validated reconstruction
decode,1786167996806495265,1786167997657379419,850884154,3.0,0.0,0.0,0.0,,,,,,Validated reconstruction
decode,1786167997657379419,1786167997806495265,149115846,3.0,0.0,0.0,0.0,,,,,,Validated reconstruction
decode,1786167997806495265,1786167998657379419,850884154,3.0,0.0,0.0,0.0,,,,,,Validated reconstruction
decode,1786167998657379419,1786167998806495265,149115846,3.0,0.0,0.0,0.0,,,,,,Validated reconstruction
decode,1786167998806495265,1786167999657379419,850884154,3.0,0.0,0.0,0.0,,,,,,Validated reconstruction
decode,1786167999657379419,1786167999806495265,149115846,3.0,0.0,0.0,0.0,,,,,,Validated reconstruction
decode,1786167999806495265,1786168000657379419,850884154,3.0,0.0,0.0,0.0,,,,,,Validated reconstruction
decode,1786168000657379419,1786168000806495265,149115846,3.0,0.0,0.0,0.0,,,,,,Validated reconstruction
decode,1786168000806495265,1786168001657379419,850884154,3.0,0.0,0.0,0.0,,,,,,Validated reconstruction
decode,1786168001657379419,1786168001806495265,149115846,3.0,0.0,0.0,0.0,,,,,,Validated reconstruction
decode,1786168001806495265,1786168002657379419,850884154,4.0,0.0,0.0,0.0,,,,,,Validated reconstruction
decode,1786168002657379419,1786168002806495265,149115846,4.0,0.0,0.0,0.0,,,,,,Validated reconstruction
decode,1786168002806495265,1786168003657379419,850884154,4.0,0.0,0.0,0.0,,,,,,Validated reconstruction
decode,1786168003657379419,1786168003806495265,149115846,4.0,0.0,0.0,0.0,,,,,,Validated reconstruction
decode,1786168003806495265,1786168004657379419,850884154,3.0,0.0,0.0,0.0,,,,,,Validated reconstruction
decode,1786168004657379419,1786168004806495265,149115846,3.0,0.0,0.0,0.0,,,,,,Validated reconstruction
decode,1786168004806495265,1786168005657379419,850884154,3.0,0.0,0.0,0.0,,,,,,Validated reconstruction
decode,1786168005657379419,1786168005806495265,149115846,3.0,0.0,0.0,0.0,,,,,,Validated reconstruction
decode,1786168005806495265,1786168006657379419,850884154,3.0,0.0,0.0,0.0,,,,,,Validated reconstruction
decode,1786168006657379419,1786168006806495265,149115846,3.0,0.0,0.0,0.0,,,,,,Validated reconstruction
decode,1786168006806495265,1786168007657379419,850884154,4.0,0.0,0.0,0.0,,,,,,Validated reconstruction
decode,1786168007657379419,1786168007806495265,149115846,4.0,0.0,0.0,0.0,,,,,,Validated reconstruction
decode,1786168007806495265,1786168008657379419,850884154,4.0,0.0,0.0,0.0,,,,,,Validated reconstruction
decode,1786168008657379419,1786168008806495265,149115846,4.0,0.0,0.0,0.0,,,,,,Validated reconstruction
decode,1786168008806495265,1786168009657379419,850884154,4.0,0.0,0.0,0.0,,,,,,Validated reconstruction
decode,1786168009657379419,1786168009806495265,149115846,4.0,0.0,0.0,0.0,,,,,,Validated reconstruction
decode,1786168009806495265,1786168010657379419,850884154,4.0,0.0,0.0,0.0,,,,,,Validated reconstruction
decode,1786168010657379419,1786168010806495265,149115846,4.0,0.0,0.0,0.0,,,,,,Validated reconstruction
decode,1786168010806495265,1786168011657379419,850884154,4.0,0.0,0.0,0.0,,,,,,Validated reconstruction
decode,1786168011657379419,1786168011806495265,149115846,4.0,0.0,0.0,0.0,,,,,,Validated reconstruction
decode,1786168011806495265,1786168012657379419,850884154,3.0,0.0,0.0,0.0,,,,,,Validated reconstruction
decode,1786168012657379419,1786168012806495265,149115846,3.0,0.0,0.0,0.0,,,,,,Validated reconstruction
decode,1786168012806495265,1786168013657379419,850884154,3.0,0.0,0.0,0.0,,,,,,Validated reconstruction
decode,1786168013657379419,1786168013806495265,149115846,3.0,0.0,0.0,0.0,,,,,,Validated reconstruction
decode,1786168013806495265,1786168014657379419,850884154,3.0,0.0,0.0,0.0,,,,,,Validated reconstruction
decode,1786168014657379419,1786168014806495265,149115846,3.0,0.0,0.0,0.0,,,,,,Validated reconstruction
decode,1786168014806495265,1786168015657379419,850884154,3.0,0.0,0.0,0.0,,,,,,Validated reconstruction
decode,1786168015657379419,1786168015806495265,149115846,1.5,0.0,0.0,0.0,,,,,,Validated reconstruction
decode,1786168015806495265,1786168016657379419,850884154,2.5,0.0,0.0,0.0,,,,,,Validated reconstruction
decode,1786168016657379419,1786168016806495265,149115846,1.0,0.0,0.0,0.0,,,,,,Validated reconstruction
decode,1786168016806495265,1786168017657379419,850884154,1.0,0.0,0.0,0.0,,,,,,Validated reconstruction
decode,1786168017657379419,1786168017806495265,149115846,1.0,0.0,0.0,0.0,,,,,,Validated reconstruction
decode,1786168017806495265,1786168018657379419,850884154,1.0,0.0,0.0,0.0,,,,,,Validated reconstruction
decode,1786168018657379419,1786168018806495265,149115846,1.0,0.0,0.0,0.0,,,,,,Validated reconstruction
decode,1786168018806495265,1786168019657379419,850884154,1.0,0.0,0.0,0.0,,,,,,Validated reconstruction
decode,1786168019657379419,1786168019806495265,149115846,1.0,0.0,0.0,0.0,,,,,,Validated reconstruction
decode,1786168019806495265,1786168020657379419,850884154,2.0,0.0,0.0,0.0,,,,,,Validated reconstruction
decode,1786168020657379419,1786168020806495265,149115846,2.0,0.0,0.0,0.0,,,,,,Validated reconstruction
decode,1786168020806495265,1786168021657379419,850884154,2.0,0.0,0.0,0.0,,,,,,Validated reconstruction
decode,1786168021657379419,1786168021806495265,149115846,2.0,0.0,0.0,0.0,,,,,,Validated reconstruction
decode,1786168021806495265,1786168022657379419,850884154,2.0,0.0,0.0,0.0,,,,,,Validated reconstruction
decode,1786168022657379419,1786168022806495265,149115846,2.0,0.0,0.0,0.0,,,,,,Validated reconstruction
decode,1786168022806495265,1786168023657379419,850884154,2.0,0.0,0.0,0.0,,,,,,Validated reconstruction
decode,1786168023657379419,1786168023806495265,149115846,2.0,0.0,0.0,0.0,,,,,,Validated reconstruction
decode,1786168023806495265,1786168024657379419,850884154,2.0,0.0,0.0,0.0,,,,,,Validated reconstruction
decode,1786168024657379419,1786168024806495265,149115846,2.0,0.0,0.0,0.0,,,,,,Validated reconstruction
decode,1786168024806495265,1786168025657379419,850884154,2.0,0.0,0.0,0.0,,,,,,Validated reconstruction
decode,1786168025657379419,1786168025806495265,149115846,3.0,0.0,0.0,0.0,,,,,,Validated reconstruction
decode,1786168025806495265,1786168026657379419,850884154,3.0,0.0,0.0,0.0,,,,,,Validated reconstruction
decode,1786168026657379419,1786168026806495265,149115846,3.0,0.0,0.0,0.0,,,,,,Validated reconstruction
decode,1786168026806495265,1786168027657379419,850884154,3.0,0.0,0.0,0.0,,,,,,Validated reconstruction
decode,1786168027657379419,1786168027806495265,149115846,3.0,0.0,0.0,0.0,,,,,,Validated reconstruction
decode,1786168027806495265,1786168028657379419,850884154,3.0,0.0,0.0,0.0,,,,,,Validated reconstruction
decode,1786168028657379419,1786168028806495265,149115846,3.0,0.0,0.0,0.0,,,,,,Validated reconstruction
decode,1786168028806495265,1786168029657379419,850884154,3.0,0.0,0.0,0.0,,,,,,Validated reconstruction
decode,1786168029657379419,1786168029806495265,149115846,3.0,0.0,0.0,0.0,,,,,,Validated reconstruction
decode,1786168029806495265,1786168030657379419,850884154,3.0,0.0,0.0,0.0,,,,,,Validated reconstruction
decode,1786168030657379419,1786168030806495265,149115846,2.0,0.0,0.0,0.0,,,,,,Validated reconstruction
decode,1786168030806495265,1786168031657379419,850884154,2.0,0.0,0.0,0.0,,,,,,Validated reconstruction
decode,1786168031657379419,1786168031806495265,149115846,2.0,0.0,0.0,0.0,,,,,,Validated reconstruction
decode,1786168031806495265,1786168032657379419,850884154,0.0,0.0,0.0,0.0,,,,,,Validated reconstruction
decode,1786168032657379419,1786168032806495265,149115846,0.0,0.0,0.0,0.0,,,,,,Validated reconstruction
decode,1786168032806495265,1786168033657379419,850884154,0.0,0.0,0.0,0.0,,,,,,Validated reconstruction
decode,1786168033657379419,1786168033806495265,149115846,0.0,0.0,0.0,0.0,,,,,,Validated reconstruction
decode,1786168033806495265,1786168034657379419,850884154,1.0,0.0,0.0,0.0,,,,,,Validated reconstruction
decode,1786168035657379419,1786168035806495265,149115846,2.0,0.0,0.0,0.0,,,,,,Validated reconstruction
decode,1786168035806495265,1786168036657379419,850884154,1.0,0.0,0.0,0.0,,,,,,Validated reconstruction
decode,1786168036657379419,1786168036806495265,149115846,1.0,0.0,0.0,0.0,,,,,,Validated reconstruction
decode,1786168036806495265,1786168037657379419,850884154,1.0,0.0,0.0,0.0,,,,,,Validated reconstruction
decode,1786168037657379419,1786168037806495265,149115846,1.0,0.0,0.0,0.0,,,,,,Validated reconstruction
decode,1786168037806495265,1786168038657379419,850884154,1.0,0.0,0.0,0.0,,,,,,Validated reconstruction
decode,1786168038657379419,1786168038806495265,149115846,2.0,0.0,0.0,0.0,,,,,,Validated reconstruction
decode,1786168038806495265,1786168039657379419,850884154,2.0,0.0,0.0,0.0,,,,,,Validated reconstruction
decode,1786168039657379419,1786168039806495265,149115846,2.0,0.0,0.0,0.0,,,,,,Validated reconstruction
decode,1786168039806495265,1786168040657379419,850884154,2.0,0.0,0.0,0.0,,,,,,Validated reconstruction
decode,1786168040657379419,1786168040806495265,149115846,2.0,0.0,0.0,0.0,,,,,,Validated reconstruction
decode,1786168040806495265,1786168041657379419,850884154,2.0,0.0,0.0,0.0,,,,,,Validated reconstruction
decode,1786168041657379419,1786168041806495265,149115846,2.0,0.0,0.0,0.0,,,,,,Validated reconstruction
decode,1786168041806495265,1786168042657379419,850884154,2.0,0.0,0.0,0.0,,,,,,Validated reconstruction
decode,1786168042657379419,1786168042806495265,149115846,2.0,0.0,0.0,0.0,,,,,,Validated reconstruction
decode,1786168042806495265,1786168043657379419,850884154,2.0,0.0,0.0,0.0,,,,,,Validated reconstruction
decode,1786168043657379419,1786168043806495265,149115846,2.0,0.0,0.0,0.0,,,,,,Validated reconstruction
decode,1786168043806495265,1786168044657379419,850884154,2.0,0.0,0.0,0.0,,,,,,Validated reconstruction
decode,1786168044657379419,1786168044806495265,149115846,2.0,0.0,0.0,0.0,,,,,,Validated reconstruction
decode,1786168044806495265,1786168045657379419,850884154,2.0,0.0,0.0,0.0,,,,,,Validated reconstruction
decode,1786168045657379419,1786168045806495265,149115846,2.0,0.0,0.0,0.0,,,,,,Validated reconstruction
decode,1786168045806495265,1786168046657379419,850884154,2.0,0.0,0.0,0.0,,,,,,Validated reconstruction
decode,1786168046657379419,1786168046806495265,149115846,2.0,0.0,0.0,0.0,,,,,,Validated reconstruction
decode,1786168046806495265,1786168047657379419,850884154,2.0,0.0,0.0,0.0,,,,,,Validated reconstruction
decode,1786168047657379419,1786168047806495265,149115846,4.0,0.0,0.0,0.0,,,,,,Validated reconstruction
decode,1786168047806495265,1786168048657379419,850884154,4.0,0.0,0.0,0.0,,,,,,Validated reconstruction
decode,1786168048657379419,1786168048806495265,149115846,3.0,0.0,0.0,0.0,,,,,,Validated reconstruction
decode,1786168048806495265,1786168049657379419,850884154,3.0,0.0,0.0,0.0,,,,,,Validated reconstruction
decode,1786168049657379419,1786168049806495265,149115846,3.0,0.0,0.0,0.0,,,,,,Validated reconstruction
decode,1786168049806495265,1786168050657379419,850884154,3.5,0.0,0.0,0.0,,,,,,Validated reconstruction
decode,1786168050657379419,1786168050806495265,149115846,3.5,0.0,0.0,0.0,,,,,,Validated reconstruction
decode,1786168050806495265,1786168051657379419,850884154,4.0,0.0,0.0,0.0,,,,,,Validated reconstruction
decode,1786168051657379419,1786168051806495265,149115846,4.0,0.0,0.0,0.0,,,,,,Validated reconstruction
decode,1786168051806495265,1786168052657379419,850884154,4.0,0.0,0.0,0.0,,,,,,Validated reconstruction
decode,1786168052657379419,1786168052806495265,149115846,4.0,0.0,0.0,0.0,,,,,,Validated reconstruction
decode,1786168052806495265,1786168053657379419,850884154,3.0,0.0,0.0,0.0,,,,,,Validated reconstruction
decode,1786168053657379419,1786168053806495265,149115846,3.0,0.0,0.0,0.0,,,,,,Validated reconstruction
decode,1786168053806495265,1786168054657379419,850884154,3.0,0.0,0.0,0.0,,,,,,Validated reconstruction
decode,1786168054657379419,1786168054806495265,149115846,3.0,0.0,0.0,0.0,,,,,,Validated reconstruction
decode,1786168054806495265,1786168055657379419,850884154,4.0,0.0,0.0,0.0,,,,,,Validated reconstruction
decode,1786168055657379419,1786168055806495265,149115846,4.0,0.0,0.0,0.0,,,,,,Validated reconstruction
decode,1786168055806495265,1786168056657379419,850884154,4.0,0.0,0.0,0.0,,,,,,Validated reconstruction
decode,1786168056657379419,1786168056806495265,149115846,4.0,0.0,0.0,0.0,,,,,,Validated reconstruction
decode,1786168056806495265,1786168057657379419,850884154,4.0,0.0,0.0,0.0,,,,,,Validated reconstruction
decode,1786168057657379419,1786168057806495265,149115846,5.0,0.0,0.0,0.0,,,,,,Validated reconstruction
decode,1786168057806495265,1786168058657379419,850884154,5.0,0.0,0.0,0.0,,,,,,Validated reconstruction
decode,1786168058657379419,1786168058806495265,149115846,5.0,0.0,0.0,0.0,,,,,,Validated reconstruction
decode,1786168058806495265,1786168059657379419,850884154,4.0,0.0,0.0,0.0,,,,,,Validated reconstruction
decode,1786168059657379419,1786168059806495265,149115846,4.0,0.0,0.0,0.0,,,,,,Validated reconstruction
decode,1786168059806495265,1786168060657379419,850884154,4.0,0.0,0.0,0.0,,,,,,Validated reconstruction
decode,1786168060657379419,1786168060806495265,149115846,4.0,0.0,0.0,0.0,,,,,,Validated reconstruction
decode,1786168060806495265,1786168061657379419,850884154,4.5,0.0,0.0,0.0,,,,,,Validated reconstruction
decode,1786168061657379419,1786168061806495265,149115846,4.5,0.0,0.0,0.0,,,,,,Validated reconstruction
decode,1786168061806495265,1786168062657379419,850884154,5.0,0.0,0.0,0.0,,,,,,Validated reconstruction
decode,1786168062657379419,1786168062806495265,149115846,5.0,0.0,0.0,0.0,,,,,,Validated reconstruction
decode,1786168062806495265,1786168063657379419,850884154,5.0,0.0,0.0,0.0,,,,,,Validated reconstruction
decode,1786168063657379419,1786168063806495265,149115846,1.0,0.0,0.0,0.0,,,,,,Validated reconstruction
decode,1786168063806495265,1786168064657379419,850884154,1.0,0.0,0.0,0.0,,,,,,Validated reconstruction
decode,1786168064657379419,1786168064806495265,149115846,1.0,0.0,0.0,0.0,,,,,,Validated reconstruction
decode,1786168064806495265,1786168065657379419,850884154,1.0,0.0,0.0,0.0,,,,,,Validated reconstruction
decode,1786168065657379419,1786168065806495265,149115846,1.0,0.0,0.0,0.0,,,,,,Validated reconstruction
decode,1786168065806495265,1786168066657379419,850884154,1.0,0.0,0.0,0.0,,,,,,Validated reconstruction
decode,1786168066657379419,1786168066806495265,149115846,1.0,0.0,0.0,0.0,,,,,,Validated reconstruction
decode,1786168066806495265,1786168067657379419,850884154,1.0,0.0,0.0,0.0,,,,,,Validated reconstruction
decode,1786168067657379419,1786168067806495265,149115846,1.0,0.0,0.0,0.0,,,,,,Validated reconstruction
decode,1786168067806495265,1786168068657379419,850884154,1.0,0.0,0.0,0.0,,,,,,Validated reconstruction
decode,1786168068657379419,1786168068806495265,149115846,1.0,0.0,0.0,0.0,,,,,,Validated reconstruction
decode,1786168068806495265,1786168069657379419,850884154,1.0,0.0,0.0,0.0,,,,,,Validated reconstruction
decode,1786168069657379419,1786168069806495265,149115846,1.0,0.0,0.0,0.0,,,,,,Validated reconstruction
decode,1786168069806495265,1786168070657379419,850884154,1.0,0.0,0.0,0.0,,,,,,Validated reconstruction
decode,1786168070657379419,1786168070806495265,149115846,1.0,0.0,0.0,0.0,,,,,,Validated reconstruction
decode,1786168070806495265,1786168071657379419,850884154,1.0,0.0,0.0,0.0,,,,,,Validated reconstruction
decode,1786168071657379419,1786168071806495265,149115846,1.0,0.0,0.0,0.0,,,,,,Validated reconstruction
decode,1786168071806495265,1786168072657379419,850884154,1.0,0.0,0.0,0.0,,,,,,Validated reconstruction
decode,1786168072657379419,1786168072806495265,149115846,1.0,0.0,0.0,0.0,,,,,,Validated reconstruction
decode,1786168072806495265,1786168073657379419,850884154,1.0,0.0,0.0,0.0,,,,,,Validated reconstruction
decode,1786168073657379419,1786168073806495265,149115846,1.0,0.0,0.0,0.0,,,,,,Validated reconstruction
decode,1786168073806495265,1786168074657379419,850884154,1.0,0.0,0.0,0.0,,,,,,Validated reconstruction
decode,1786168074657379419,1786168074806495265,149115846,1.0,0.0,0.0,0.0,,,,,,Validated reconstruction
decode,1786168074806495265,1786168075657379419,850884154,1.0,0.0,0.0,0.0,,,,,,Validated reconstruction
decode,1786168075657379419,1786168075806495265,149115846,1.0,0.0,0.0,0.0,,,,,,Validated reconstruction
decode,1786168075806495265,1786168076657379419,850884154,2.0,0.0,0.0,0.0,,,,,,Validated reconstruction
decode,1786168076657379419,1786168076806495265,149115846,2.0,0.0,0.0,0.0,,,,,,Validated reconstruction
decode,1786168076806495265,1786168077657379419,850884154,2.0,0.0,0.0,0.0,,,,,,Validated reconstruction
decode,1786168078657379419,1786168078806495265,149115846,2.5,0.0,0.0,0.0,,,,,,Validated reconstruction
decode,1786168078806495265,1786168079657379419,850884154,2.5,0.0,0.0,0.0,,,,,,Validated reconstruction
decode,1786168079657379419,1786168079806495265,149115846,2.0,0.0,0.0,0.0,,,,,,Validated reconstruction
decode,1786168079806495265,1786168080657379419,850884154,2.0,0.0,0.0,0.0,,,,,,Validated reconstruction
decode,1786168080657379419,1786168080806495265,149115846,2.0,0.0,0.0,0.0,,,,,,Validated reconstruction
decode,1786168080806495265,1786168081657379419,850884154,2.0,0.0,0.0,0.0,,,,,,Validated reconstruction
decode,1786168081657379419,1786168081806495265,149115846,2.5,0.0,0.0,0.0,,,,,,Validated reconstruction
decode,1786168081806495265,1786168082657379419,850884154,2.5,0.0,0.0,0.0,,,,,,Validated reconstruction
decode,1786168082657379419,1786168082806495265,149115846,3.0,0.0,0.0,0.0,,,,,,Validated reconstruction
decode,1786168082806495265,1786168083657379419,850884154,3.0,0.0,0.0,0.0,,,,,,Validated reconstruction
decode,1786168083657379419,1786168083806495265,149115846,2.5,0.0,0.0,0.0,,,,,,Validated reconstruction
decode,1786168083806495265,1786168084657379419,850884154,2.5,0.0,0.0,0.0,,,,,,Validated reconstruction
decode,1786168084657379419,1786168084806495265,149115846,2.5,0.0,0.0,0.0,,,,,,Validated reconstruction
decode,1786168084806495265,1786168085657379419,850884154,2.5,0.0,0.0,0.0,,,,,,Validated reconstruction
decode,1786168085657379419,1786168085806495265,149115846,3.0,0.0,0.0,0.0,,,,,,Validated reconstruction
decode,1786168085806495265,1786168086657379419,850884154,3.0,0.0,0.0,0.0,,,,,,Validated reconstruction
decode,1786168086657379419,1786168086806495265,149115846,3.0,0.0,0.0,0.0,,,,,,Validated reconstruction
decode,1786168086806495265,1786168087657379419,850884154,3.0,0.0,0.0,0.0,,,,,,Validated reconstruction
decode,1786168087657379419,1786168087806495265,149115846,4.0,0.0,0.0,0.0,,,,,,Validated reconstruction
decode,1786168087806495265,1786168088657379419,850884154,4.0,0.0,0.0,0.0,,,,,,Validated reconstruction
decode,1786168088657379419,1786168088806495265,149115846,4.0,0.0,0.0,0.0,,,,,,Validated reconstruction
decode,1786168088806495265,1786168089657379419,850884154,4.0,0.0,0.0,0.0,,,,,,Validated reconstruction
decode,1786168089657379419,1786168089806495265,149115846,4.0,0.0,0.0,0.0,,,,,,Validated reconstruction
decode,1786168089806495265,1786168090657379419,850884154,4.0,0.0,0.0,0.0,,,,,,Validated reconstruction
decode,1786168090657379419,1786168090806495265,149115846,4.0,0.0,0.0,0.0,,,,,,Validated reconstruction
decode,1786168090806495265,1786168091657379419,850884154,4.0,0.0,0.0,0.0,,,,,,Validated reconstruction
decode,1786168091657379419,1786168091806495265,149115846,4.0,0.0,0.0,0.0,,,,,,Validated reconstruction
decode,1786168091806495265,1786168092657379419,850884154,4.0,0.0,0.0,0.0,,,,,,Validated reconstruction
decode,1786168092657379419,1786168092806495265,149115846,4.0,0.0,0.0,0.0,,,,,,Validated reconstruction
decode,1786168092806495265,1786168093657379419,850884154,4.0,0.0,0.0,0.0,,,,,,Validated reconstruction
decode,1786168093657379419,1786168093806495265,149115846,4.0,0.0,0.0,0.0,,,,,,Validated reconstruction
decode,1786168093806495265,1786168094657379419,850884154,4.0,0.0,0.0,0.0,,,,,,Validated reconstruction
decode,1786168094657379419,1786168094806495265,149115846,4.0,0.0,0.0,0.0,,,,,,Validated reconstruction
decode,1786168094806495265,1786168095657379419,850884154,4.0,0.0,0.0,0.0,,,,,,Validated reconstruction
decode,1786168095657379419,1786168095806495265,149115846,4.0,0.0,0.0,0.0,,,,,,Validated reconstruction
decode,1786168095806495265,1786168096657379419,850884154,4.0,0.0,0.0,0.0,,,,,,Validated reconstruction
decode,1786168096657379419,1786168096806495265,149115846,4.0,0.0,0.0,0.0,,,,,,Validated reconstruction
decode,1786168096806495265,1786168097657379419,850884154,4.0,0.0,0.0,0.0,,,,,,Validated reconstruction
decode,1786168097657379419,1786168097806495265,149115846,4.0,0.0,0.0,0.0,,,,,,Validated reconstruction
decode,1786168097806495265,1786168098657379419,850884154,4.0,0.0,0.0,0.0,,,,,,Validated reconstruction
decode,1786168098657379419,1786168098806495265,149115846,4.0,0.0,0.0,0.0,,,,,,Validated reconstruction
decode,1786168098806495265,1786168099657379419,850884154,4.0,0.0,0.0,0.0,,,,,,Validated reconstruction
decode,1786168099657379419,1786168099806495265,149115846,4.0,0.0,0.0,0.0,,,,,,Validated reconstruction
decode,1786168099806495265,1786168100657379419,850884154,4.0,0.0,0.0,0.0,,,,,,Validated reconstruction
decode,1786168100657379419,1786168100806495265,149115846,4.0,0.0,0.0,0.0,,,,,,Validated reconstruction
decode,1786168100806495265,1786168101657379419,850884154,4.0,0.0,0.0,0.0,,,,,,Validated reconstruction
decode,1786168101657379419,1786168101806495265,149115846,4.0,0.0,0.0,0.0,,,,,,Validated reconstruction
decode,1786168101806495265,1786168102657379419,850884154,4.0,0.0,0.0,0.0,,,,,,Validated reconstruction
decode,1786168102657379419,1786168102806495265,149115846,4.0,0.0,0.0,0.0,,,,,,Validated reconstruction
decode,1786168102806495265,1786168103657379419,850884154,4.0,0.0,0.0,0.0,,,,,,Validated reconstruction
decode,1786168103657379419,1786168103806495265,149115846,4.0,0.0,0.0,0.0,,,,,,Validated reconstruction
decode,1786168103806495265,1786168104657379419,850884154,4.0,0.0,0.0,0.0,,,,,,Validated reconstruction
decode,1786168104657379419,1786168104806495265,149115846,4.0,0.0,0.0,0.0,,,,,,Validated reconstruction
decode,1786168104806495265,1786168105657379419,850884154,4.0,0.0,0.0,0.0,,,,,,Validated reconstruction
decode,1786168105657379419,1786168105806495265,149115846,4.0,0.0,0.0,0.0,,,,,,Validated reconstruction
decode,1786168105806495265,1786168106657379419,850884154,4.0,0.0,0.0,0.0,,,,,,Validated reconstruction
decode,1786168106657379419,1786168106806495265,149115846,4.0,0.0,0.0,0.0,,,,,,Validated reconstruction
decode,1786168106806495265,1786168107657379419,850884154,2.0,0.0,0.0,0.0,,,,,,Validated reconstruction
decode,1786168108657379419,1786168108806495265,149115846,2.0,0.0,0.0,0.0,,,,,,Validated reconstruction
decode,1786168108806495265,1786168109657379419,850884154,2.0,0.0,0.0,0.0,,,,,,Validated reconstruction
decode,1786168109657379419,1786168109806495265,149115846,2.0,0.0,0.0,0.0,,,,,,Validated reconstruction
decode,1786168109806495265,1786168110657379419,850884154,2.0,0.0,0.0,0.0,,,,,,Validated reconstruction
decode,1786168110657379419,1786168110806495265,149115846,3.0,0.0,0.0,0.0,,,,,,Validated reconstruction
decode,1786168110806495265,1786168111657379419,850884154,3.0,0.0,0.0,0.0,,,,,,Validated reconstruction
decode,1786168111657379419,1786168111806495265,149115846,3.0,0.0,0.0,0.0,,,,,,Validated reconstruction
decode,1786168111806495265,1786168112657379419,850884154,3.0,0.0,0.0,0.0,,,,,,Validated reconstruction
decode,1786168112657379419,1786168112806495265,149115846,3.0,0.0,0.0,0.0,,,,,,Validated reconstruction
decode,1786168112806495265,1786168113657379419,850884154,3.0,0.0,0.0,0.0,,,,,,Validated reconstruction
decode,1786168113657379419,1786168113806495265,149115846,3.0,0.0,0.0,0.0,,,,,,Validated reconstruction
decode,1786168113806495265,1786168114657379419,850884154,3.0,0.0,0.0,0.0,,,,,,Validated reconstruction
decode,1786168114657379419,1786168114806495265,149115846,4.0,0.0,0.0,0.0,,,,,,Validated reconstruction
decode,1786168114806495265,1786168115657379419,850884154,4.0,0.0,0.0,0.0,,,,,,Validated reconstruction
decode,1786168115657379419,1786168115806495265,149115846,4.0,0.0,0.0,0.0,,,,,,Validated reconstruction
decode,1786168115806495265,1786168116657379419,850884154,4.5,0.0,0.0,0.0,,,,,,Validated reconstruction
decode,1786168116657379419,1786168116806495265,149115846,4.5,0.0,0.0,0.0,,,,,,Validated reconstruction
decode,1786168116806495265,1786168117657379419,850884154,5.0,0.0,0.0,0.0,,,,,,Validated reconstruction
decode,1786168117657379419,1786168117806495265,149115846,5.0,0.0,0.0,0.0,,,,,,Validated reconstruction
decode,1786168117806495265,1786168118657379419,850884154,5.0,0.0,0.0,0.0,,,,,,Validated reconstruction
decode,1786168118657379419,1786168118806495265,149115846,5.0,0.0,0.0,0.0,,,,,,Validated reconstruction
decode,1786168118806495265,1786168119657379419,850884154,5.0,0.0,0.0,0.0,,,,,,Validated reconstruction
decode,1786168119657379419,1786168119806495265,149115846,5.0,0.0,0.0,0.0,,,,,,Validated reconstruction
decode,1786168119806495265,1786168120657379419,850884154,5.0,0.0,0.0,0.0,,,,,,Validated reconstruction
decode,1786168120657379419,1786168120806495265,149115846,5.0,0.0,0.0,0.0,,,,,,Validated reconstruction
decode,1786168120806495265,1786168121657379419,850884154,5.0,0.0,0.0,0.0,,,,,,Validated reconstruction
decode,1786168121657379419,1786168121806495265,149115846,5.0,0.0,0.0,0.0,,,,,,Validated reconstruction
decode,1786168121806495265,1786168122657379419,850884154,5.0,0.0,0.0,0.0,,,,,,Validated reconstruction
decode,1786168122657379419,1786168122806495265,149115846,5.0,0.0,0.0,0.0,,,,,,Validated reconstruction
decode,1786168122806495265,1786168123657379419,850884154,5.0,0.0,0.0,0.0,,,,,,Validated reconstruction
decode,1786168123657379419,1786168123806495265,149115846,5.0,0.0,0.0,0.0,,,,,,Validated reconstruction
decode,1786168123806495265,1786168124657379419,850884154,5.0,0.0,0.0,0.0,,,,,,Validated reconstruction
decode,1786168124657379419,1786168124806495265,149115846,5.0,0.0,0.0,0.0,,,,,,Validated reconstruction
decode,1786168124806495265,1786168125657379419,850884154,5.0,0.0,0.0,0.0,,,,,,Validated reconstruction
decode,1786168125657379419,1786168125806495265,149115846,5.5,0.0,0.0,0.0,,,,,,Validated reconstruction
decode,1786168125806495265,1786168126657379419,850884154,5.5,0.0,0.0,0.0,,,,,,Validated reconstruction
decode,1786168126657379419,1786168126806495265,149115846,6.0,0.0,0.0,0.0,,,,,,Validated reconstruction
decode,1786168126806495265,1786168127657379419,850884154,6.0,0.0,0.0,0.0,,,,,,Validated reconstruction
decode,1786168127657379419,1786168127806495265,149115846,6.0,0.0,0.0,0.0,,,,,,Validated reconstruction
decode,1786168127806495265,1786168128657379419,850884154,6.0,0.0,0.0,0.0,,,,,,Validated reconstruction
decode,1786168128657379419,1786168128806495265,149115846,6.0,0.0,0.0,0.0,,,,,,Validated reconstruction
decode,1786168128806495265,1786168129657379419,850884154,7.0,0.0,0.0,0.0,,,,,,Validated reconstruction
decode,1786168129657379419,1786168129806495265,149115846,7.0,0.0,0.0,0.0,,,,,,Validated reconstruction
decode,1786168129806495265,1786168130657379419,850884154,7.0,0.0,0.0,0.0,,,,,,Validated reconstruction
decode,1786168130657379419,1786168130806495265,149115846,7.0,0.0,0.0,0.0,,,,,,Validated reconstruction
decode,1786168130806495265,1786168131657379419,850884154,7.0,0.0,0.0,0.0,,,,,,Validated reconstruction
decode,1786168131657379419,1786168131806495265,149115846,7.0,0.0,0.0,0.0,,,,,,Validated reconstruction
decode,1786168131806495265,1786168132657379419,850884154,7.0,0.0,0.0,0.0,,,,,,Validated reconstruction
decode,1786168132657379419,1786168132806495265,149115846,7.0,0.0,0.0,0.0,,,,,,Validated reconstruction
decode,1786168132806495265,1786168133657379419,850884154,7.0,0.0,0.0,0.0,,,,,,Validated reconstruction
decode,1786168133657379419,1786168133806495265,149115846,7.5,0.0,0.0,0.0,,,,,,Validated reconstruction
decode,1786168133806495265,1786168134657379419,850884154,7.5,0.0,0.0,0.0,,,,,,Validated reconstruction
decode,1786168134657379419,1786168134806495265,149115846,8.0,0.0,0.0,0.0,,,,,,Validated reconstruction
decode,1786168134806495265,1786168135657379419,850884154,8.0,0.0,0.0,0.0,,,,,,Validated reconstruction
decode,1786168135657379419,1786168135806495265,149115846,8.0,0.0,0.0,0.0,,,,,,Validated reconstruction
decode,1786168135806495265,1786168136657379419,850884154,8.0,0.0,0.0,0.0,,,,,,Validated reconstruction
decode,1786168136657379419,1786168136806495265,149115846,8.0,0.0,0.0,0.0,,,,,,Validated reconstruction
decode,1786168136806495265,1786168137657379419,850884154,8.0,0.0,0.0,0.0,,,,,,Validated reconstruction
decode,1786168137657379419,1786168137806495265,149115846,9.0,0.0,0.0,0.0,,,,,,Validated reconstruction
decode,1786168137806495265,1786168138657379419,850884154,9.0,0.0,0.0,0.0,,,,,,Validated reconstruction
decode,1786168138657379419,1786168138806495265,149115846,9.0,0.0,0.0,0.0,,,,,,Validated reconstruction
decode,1786168138806495265,1786168139657379419,850884154,9.0,0.0,0.0,0.0,,,,,,Validated reconstruction
decode,1786168139657379419,1786168139806495265,149115846,9.0,0.0,0.0,0.0,,,,,,Validated reconstruction
decode,1786168139806495265,1786168140657379419,850884154,10.0,0.0,0.0,0.0,,,,,,Validated reconstruction
decode,1786168140657379419,1786168140806495265,149115846,10.0,0.0,0.0,0.0,,,,,,Validated reconstruction
decode,1786168140806495265,1786168141657379419,850884154,10.0,0.0,0.0,0.0,,,,,,Validated reconstruction
decode,1786168141657379419,1786168141806495265,149115846,10.0,0.0,0.0,0.0,,,,,,Validated reconstruction
decode,1786168141806495265,1786168142657379419,850884154,10.0,0.0,0.0,0.0,,,,,,Validated reconstruction
decode,1786168142657379419,1786168142806495265,149115846,10.0,0.0,0.0,0.0,,,,,,Validated reconstruction
decode,1786168142806495265,1786168143657379419,850884154,10.0,0.0,0.0,0.0,,,,,,Validated reconstruction
decode,1786168143657379419,1786168143806495265,149115846,10.0,0.0,0.0,0.0,,,,,,Validated reconstruction
decode,1786168143806495265,1786168144657379419,850884154,10.0,0.0,0.0,0.0,,,,,,Validated reconstruction
decode,1786168144657379419,1786168144806495265,149115846,10.0,0.0,0.0,0.0,,,,,,Validated reconstruction
decode,1786168144806495265,1786168145657379419,850884154,11.0,0.0,0.0,0.0,,,,,,Validated reconstruction
decode,1786168145657379419,1786168145806495265,149115846,11.0,0.0,0.0,0.0,,,,,,Validated reconstruction
decode,1786168145806495265,1786168146657379419,850884154,11.0,0.0,0.0,0.0,,,,,,Validated reconstruction
decode,1786168146657379419,1786168146806495265,149115846,11.0,0.0,0.0,0.0,,,,,,Validated reconstruction
decode,1786168146806495265,1786168147657379419,850884154,11.0,0.0,0.0,0.0,,,,,,Validated reconstruction
decode,1786168147657379419,1786168147806495265,149115846,11.0,0.0,0.0,0.0,,,,,,Validated reconstruction
decode,1786168147806495265,1786168148657379419,850884154,11.0,0.0,0.0,0.0,,,,,,Validated reconstruction
decode,1786168148657379419,1786168148806495265,149115846,11.0,0.0,0.0,0.0,,,,,,Validated reconstruction
decode,1786168148806495265,1786168149657379419,850884154,12.0,0.0,0.0,0.0,,,,,,Validated reconstruction
decode,1786168149657379419,1786168149806495265,149115846,12.0,0.0,0.0,0.0,,,,,,Validated reconstruction
decode,1786168149806495265,1786168150657379419,850884154,12.0,0.0,0.0,0.0,,,,,,Validated reconstruction
decode,1786168151657379419,1786168151806495265,149115846,9.666666666666666,0.0,0.0,0.0,,,,,,Validated reconstruction
decode,1786168151806495265,1786168152657379419,850884154,10.166666666666666,0.0,0.0,0.0,,,,,,Validated reconstruction
decode,1786168152657379419,1786168152806495265,149115846,5.5,0.0,0.0,0.0,,,,,,Validated reconstruction
decode,1786168152806495265,1786168153657379419,850884154,6.0,0.0,0.0,0.0,,,,,,Validated reconstruction
decode,1786168153657379419,1786168153806495265,149115846,6.0,0.0,0.0,0.0,,,,,,Validated reconstruction
decode,1786168153806495265,1786168154657379419,850884154,6.0,0.0,0.0,0.0,,,,,,Validated reconstruction
decode,1786168154657379419,1786168154806495265,149115846,6.0,0.0,0.0,0.0,,,,,,Validated reconstruction
decode,1786168154806495265,1786168155657379419,850884154,6.0,0.0,0.0,0.0,,,,,,Validated reconstruction
decode,1786168155657379419,1786168155806495265,149115846,7.5,0.0,0.0,0.0,,,,,,Validated reconstruction
decode,1786168155806495265,1786168156657379419,850884154,7.5,0.0,0.0,0.0,,,,,,Validated reconstruction
decode,1786168156657379419,1786168156806495265,149115846,8.0,0.0,0.0,0.0,,,,,,Validated reconstruction
decode,1786168156806495265,1786168157657379419,850884154,8.0,0.0,0.0,0.0,,,,,,Validated reconstruction
decode,1786168157657379419,1786168157806495265,149115846,6.0,0.0,0.0,0.0,,,,,,Validated reconstruction
decode,1786168157806495265,1786168158657379419,850884154,6.0,0.0,0.0,0.0,,,,,,Validated reconstruction
decode,1786168158657379419,1786168158806495265,149115846,6.0,0.0,0.0,0.0,,,,,,Validated reconstruction
decode,1786168158806495265,1786168159657379419,850884154,6.0,0.0,0.0,0.0,,,,,,Validated reconstruction
decode,1786168159657379419,1786168159806495265,149115846,6.0,0.0,0.0,0.0,,,,,,Validated reconstruction
decode,1786168159806495265,1786168160657379419,850884154,6.0,0.0,0.0,0.0,,,,,,Validated reconstruction
decode,1786168160657379419,1786168160806495265,149115846,6.0,0.0,0.0,0.0,,,,,,Validated reconstruction
decode,1786168160806495265,1786168161657379419,850884154,6.0,0.0,0.0,0.0,,,,,,Validated reconstruction
decode,1786168161657379419,1786168161806495265,149115846,6.0,0.0,0.0,0.0,,,,,,Validated reconstruction
decode,1786168161806495265,1786168162657379419,850884154,6.0,0.0,0.0,0.0,,,,,,Validated reconstruction
decode,1786168162657379419,1786168162806495265,149115846,8.0,0.0,0.0,0.0,,,,,,Validated reconstruction
decode,1786168162806495265,1786168163657379419,850884154,8.0,0.0,0.0,0.0,,,,,,Validated reconstruction
decode,1786168163657379419,1786168163806495265,149115846,9.0,0.0,0.0,0.0,,,,,,Validated reconstruction
decode,1786168163806495265,1786168164657379419,850884154,9.0,0.0,0.0,0.0,,,,,,Validated reconstruction
decode,1786168164657379419,1786168164806495265,149115846,7.5,0.0,0.0,0.0,,,,,,Validated reconstruction
decode,1786168164806495265,1786168165657379419,850884154,7.5,0.0,0.0,0.0,,,,,,Validated reconstruction
decode,1786168166657379419,1786168166806495265,149115846,6.0,0.0,1.0,0.0,,,,,,Validated reconstruction
decode,1786168166806495265,1786168167657379419,850884154,6.0,0.0,1.0,0.0,,,,,,Validated reconstruction
decode,1786168167657379419,1786168167806495265,149115846,7.0,0.0,1.0,0.0,,,,,,Validated reconstruction
decode,1786168167806495265,1786168168657379419,850884154,7.0,0.0,1.0,0.0,,,,,,Validated reconstruction
decode,1786168168657379419,1786168168806495265,149115846,6.0,0.0,1.0,0.0,,,,,,Validated reconstruction
decode,1786168168806495265,1786168169657379419,850884154,6.0,0.0,1.0,0.0,,,,,,Validated reconstruction
decode,1786168169657379419,1786168169806495265,149115846,6.0,0.0,1.0,0.0,,,,,,Validated reconstruction
decode,1786168169806495265,1786168170657379419,850884154,6.0,0.0,1.0,0.0,,,,,,Validated reconstruction
decode,1786168170657379419,1786168170806495265,149115846,6.0,0.0,1.0,0.0,,,,,,Validated reconstruction
decode,1786168170806495265,1786168171657379419,850884154,6.0,0.0,1.0,0.0,,,,,,Validated reconstruction
decode,1786168171657379419,1786168171806495265,149115846,6.5,0.0,1.0,0.0,,,,,,Validated reconstruction
decode,1786168171806495265,1786168172657379419,850884154,6.5,0.0,1.0,0.0,,,,,,Validated reconstruction
decode,1786168172657379419,1786168172806495265,149115846,7.0,0.0,1.0,0.0,,,,,,Validated reconstruction
decode,1786168172806495265,1786168173657379419,850884154,7.0,0.0,1.0,0.0,,,,,,Validated reconstruction
decode,1786168173657379419,1786168173806495265,149115846,6.0,0.0,1.0,0.0,,,,,,Validated reconstruction
decode,1786168173806495265,1786168174657379419,850884154,6.0,0.0,1.0,0.0,,,,,,Validated reconstruction
decode,1786168174657379419,1786168174806495265,149115846,6.0,0.0,1.0,0.0,,,,,,Validated reconstruction
decode,1786168174806495265,1786168175657379419,850884154,6.0,0.0,1.0,0.0,,,,,,Validated reconstruction
decode,1786168175657379419,1786168175806495265,149115846,6.0,0.0,1.0,0.0,,,,,,Validated reconstruction
decode,1786168175806495265,1786168176657379419,850884154,7.0,0.0,1.0,0.0,,,,,,Validated reconstruction
decode,1786168176657379419,1786168176806495265,149115846,7.0,0.0,1.0,0.0,,,,,,Validated reconstruction
decode,1786168176806495265,1786168177657379419,850884154,7.0,0.0,1.0,0.0,,,,,,Validated reconstruction
decode,1786168177657379419,1786168177806495265,149115846,7.5,0.0,1.0,0.0,,,,,,Validated reconstruction
decode,1786168177806495265,1786168178657379419,850884154,7.5,0.0,1.0,0.0,,,,,,Validated reconstruction
decode,1786168178657379419,1786168178806495265,149115846,7.5,0.0,1.0,0.0,,,,,,Validated reconstruction
decode,1786168178806495265,1786168179657379419,850884154,7.5,0.0,1.0,0.0,,,,,,Validated reconstruction
decode,1786168179657379419,1786168179806495265,149115846,7.0,0.0,1.0,0.0,,,,,,Validated reconstruction
decode,1786168179806495265,1786168180657379419,850884154,7.0,0.0,1.0,0.0,,,,,,Validated reconstruction
decode,1786168180657379419,1786168180806495265,149115846,9.5,0.0,1.0,0.0,,,,,,Validated reconstruction
decode,1786168180806495265,1786168181657379419,850884154,9.5,0.0,1.0,0.0,,,,,,Validated reconstruction
decode,1786168181657379419,1786168181806495265,149115846,10.0,0.0,1.0,0.0,,,,,,Validated reconstruction
decode,1786168181806495265,1786168182657379419,850884154,10.0,0.0,1.0,0.0,,,,,,Validated reconstruction
decode,1786168182657379419,1786168182806495265,149115846,9.5,0.0,1.0,0.0,,,,,,Validated reconstruction
decode,1786168182806495265,1786168183657379419,850884154,9.5,0.0,1.0,0.0,,,,,,Validated reconstruction
decode,1786168183657379419,1786168183806495265,149115846,9.0,0.0,1.0,0.0,,,,,,Validated reconstruction
decode,1786168183806495265,1786168184657379419,850884154,9.0,0.0,1.0,0.0,,,,,,Validated reconstruction
decode,1786168184657379419,1786168184806495265,149115846,8.0,0.0,1.0,0.0,,,,,,Validated reconstruction
decode,1786168184806495265,1786168185657379419,850884154,8.0,0.0,1.0,0.0,,,,,,Validated reconstruction
decode,1786168185657379419,1786168185806495265,149115846,8.0,0.0,1.0,0.0,,,,,,Validated reconstruction
decode,1786168185806495265,1786168186657379419,850884154,8.0,0.0,1.0,0.0,,,,,,Validated reconstruction
decode,1786168186657379419,1786168186806495265,149115846,7.0,0.0,1.0,0.0,,,,,,Validated reconstruction
decode,1786168186806495265,1786168187657379419,850884154,8.0,0.0,1.0,0.0,,,,,,Validated reconstruction
decode,1786168187657379419,1786168187806495265,149115846,8.0,0.0,1.0,0.0,,,,,,Validated reconstruction
decode,1786168187806495265,1786168188657379419,850884154,8.0,0.0,1.0,0.0,,,,,,Validated reconstruction
decode,1786168188657379419,1786168188806495265,149115846,8.0,0.0,1.0,0.0,,,,,,Validated reconstruction
decode,1786168188806495265,1786168189657379419,850884154,8.0,0.0,1.0,0.0,,,,,,Validated reconstruction
decode,1786168189657379419,1786168189806495265,149115846,9.0,0.0,1.0,0.0,,,,,,Validated reconstruction
decode,1786168189806495265,1786168190657379419,850884154,9.0,0.0,1.0,0.0,,,,,,Validated reconstruction
decode,1786168190657379419,1786168190806495265,149115846,8.5,0.0,1.0,0.0,,,,,,Validated reconstruction
decode,1786168190806495265,1786168191657379419,850884154,8.5,0.0,1.0,0.0,,,,,,Validated reconstruction
decode,1786168191657379419,1786168191806495265,149115846,8.0,0.0,1.0,0.0,,,,,,Validated reconstruction
decode,1786168191806495265,1786168192657379419,850884154,8.0,0.0,1.0,0.0,,,,,,Validated reconstruction
decode,1786168192657379419,1786168192806495265,149115846,8.5,0.0,1.0,0.0,,,,,,Validated reconstruction
decode,1786168192806495265,1786168193657379419,850884154,8.5,0.0,1.0,0.0,,,,,,Validated reconstruction
decode,1786168193657379419,1786168193806495265,149115846,9.0,0.0,1.0,0.0,,,,,,Validated reconstruction
decode,1786168193806495265,1786168194657379419,850884154,9.0,0.0,1.0,0.0,,,,,,Validated reconstruction
decode,1786168194657379419,1786168194806495265,149115846,8.0,0.0,1.0,0.0,,,,,,Validated reconstruction
decode,1786168194806495265,1786168195657379419,850884154,8.0,0.0,1.0,0.0,,,,,,Validated reconstruction
decode,1786168195657379419,1786168195806495265,149115846,8.0,0.0,1.0,0.0,,,,,,Validated reconstruction
decode,1786168195806495265,1786168196657379419,850884154,8.0,0.0,1.0,0.0,,,,,,Validated reconstruction
decode,1786168196657379419,1786168196806495265,149115846,8.0,0.0,1.0,0.0,,,,,,Validated reconstruction
decode,1786168196806495265,1786168197657379419,850884154,8.0,0.0,1.0,0.0,,,,,,Validated reconstruction
decode,1786168197657379419,1786168197806495265,149115846,8.0,0.0,1.0,0.0,,,,,,Validated reconstruction
decode,1786168197806495265,1786168198657379419,850884154,8.0,0.0,1.0,0.0,,,,,,Validated reconstruction
decode,1786168198657379419,1786168198806495265,149115846,8.0,0.0,1.0,0.0,,,,,,Validated reconstruction
decode,1786168198806495265,1786168199657379419,850884154,8.0,0.0,1.0,0.0,,,,,,Validated reconstruction
decode,1786168199657379419,1786168199806495265,149115846,8.0,0.0,1.0,0.0,,,,,,Validated reconstruction
decode,1786168199806495265,1786168200657379419,850884154,8.0,0.0,1.0,0.0,,,,,,Validated reconstruction
decode,1786168200657379419,1786168200806495265,149115846,8.0,0.0,1.0,0.0,,,,,,Validated reconstruction
decode,1786168200806495265,1786168201657379419,850884154,8.0,0.0,1.0,0.0,,,,,,Validated reconstruction
decode,1786168201657379419,1786168201806495265,149115846,8.0,0.0,1.0,0.0,,,,,,Validated reconstruction
decode,1786168201806495265,1786168202657379419,850884154,8.0,0.0,1.0,0.0,,,,,,Validated reconstruction
decode,1786168202657379419,1786168202806495265,149115846,8.0,0.0,1.0,0.0,,,,,,Validated reconstruction
decode,1786168202806495265,1786168203657379419,850884154,4.0,0.0,1.0,0.0,,,,,,Validated reconstruction
decode,1786168203657379419,1786168203806495265,149115846,4.0,0.0,1.0,0.0,,,,,,Validated reconstruction
decode,1786168203806495265,1786168204657379419,850884154,2.0,0.0,1.0,0.0,,,,,,Validated reconstruction
decode,1786168204657379419,1786168204806495265,149115846,2.0,0.0,1.0,0.0,,,,,,Validated reconstruction
decode,1786168204806495265,1786168205657379419,850884154,2.0,0.0,1.0,0.0,,,,,,Validated reconstruction
decode,1786168205657379419,1786168205806495265,149115846,2.0,0.0,1.0,0.0,,,,,,Validated reconstruction
decode,1786168205806495265,1786168206657379419,850884154,2.0,0.0,1.0,0.0,,,,,,Validated reconstruction
decode,1786168206657379419,1786168206806495265,149115846,2.0,0.0,1.0,0.0,,,,,,Validated reconstruction
decode,1786168206806495265,1786168207657379419,850884154,3.0,0.0,1.0,0.0,,,,,,Validated reconstruction
decode,1786168207657379419,1786168207806495265,149115846,3.0,0.0,1.0,0.0,,,,,,Validated reconstruction
decode,1786168207806495265,1786168208657379419,850884154,0.0,0.0,0.0,0.0,,,,,,Validated reconstruction
decode,1786168208657379419,1786168208806495265,149115846,0.0,0.0,0.0,0.0,,,,,,Validated reconstruction
decode,1786168208806495265,1786168209657379419,850884154,0.0,0.0,0.0,0.0,,,,,,Validated reconstruction
decode,1786168209657379419,1786168209806495265,149115846,0.0,0.0,0.0,0.0,,,,,,Validated reconstruction
decode,1786168209806495265,1786168210657379419,850884154,0.0,0.0,0.0,0.0,,,,,,Validated reconstruction
decode,1786168210657379419,1786168210806495265,149115846,0.0,0.0,0.0,0.0,,,,,,Validated reconstruction
decode,1786168210806495265,1786168211657379419,850884154,0.0,0.0,0.0,0.0,,,,,,Validated reconstruction
decode,1786168211657379419,1786168211806495265,149115846,0.0,0.0,0.0,0.0,,,,,,Validated reconstruction
decode,1786168211806495265,1786168212657379419,850884154,0.0,0.0,0.0,0.0,,,,,,Validated reconstruction
decode,1786168212657379419,1786168212806495265,149115846,3.5,0.0,0.0,0.0,,,,,,Validated reconstruction
decode,1786168212806495265,1786168213657379419,850884154,3.5,0.0,0.0,0.0,,,,,,Validated reconstruction
decode,1786168213657379419,1786168213806495265,149115846,5.0,0.0,0.0,0.0,,,,,,Validated reconstruction
decode,1786168213806495265,1786168214657379419,850884154,5.0,0.0,0.0,0.0,,,,,,Validated reconstruction
decode,1786168214657379419,1786168214806495265,149115846,5.0,0.0,0.0,0.0,,,,,,Validated reconstruction
decode,1786168214806495265,1786168215657379419,850884154,5.0,0.0,0.0,0.0,,,,,,Validated reconstruction
decode,1786168215657379419,1786168215806495265,149115846,5.0,0.0,0.0,0.0,,,,,,Validated reconstruction
decode,1786168215806495265,1786168216657379419,850884154,5.0,0.0,0.0,0.0,,,,,,Validated reconstruction
decode,1786168216657379419,1786168216806495265,149115846,4.0,0.0,0.0,0.0,,,,,,Validated reconstruction
decode,1786168216806495265,1786168217657379419,850884154,5.0,0.0,0.0,0.0,,,,,,Validated reconstruction
decode,1786168217657379419,1786168217806495265,149115846,5.0,0.0,0.0,0.0,,,,,,Validated reconstruction
decode,1786168217806495265,1786168218657379419,850884154,6.0,0.0,0.0,0.0,,,,,,Validated reconstruction
decode,1786168218657379419,1786168218806495265,149115846,6.0,0.0,0.0,0.0,,,,,,Validated reconstruction
decode,1786168218806495265,1786168219657379419,850884154,6.5,0.0,0.0,0.0,,,,,,Validated reconstruction
decode,1786168219657379419,1786168219806495265,149115846,4.5,0.0,0.0,0.0,,,,,,Validated reconstruction
decode,1786168219806495265,1786168220657379419,850884154,5.0,0.0,0.0,0.0,,,,,,Validated reconstruction
decode,1786168220657379419,1786168220806495265,149115846,3.0,0.0,0.0,0.0,,,,,,Validated reconstruction
decode,1786168220806495265,1786168221657379419,850884154,3.5,0.0,0.0,1.0,,,,,,Validated reconstruction
decode,1786168221657379419,1786168221806495265,149115846,3.5,0.0,0.0,1.0,,,,,,Validated reconstruction
decode,1786168221806495265,1786168222657379419,850884154,4.0,0.0,1.0,2.0,,,,,,Validated reconstruction
decode,1786168222657379419,1786168222806495265,149115846,4.0,0.0,1.0,2.0,,,,,,Validated reconstruction
decode,1786168222806495265,1786168223657379419,850884154,4.0,0.0,1.0,2.0,,,,,,Validated reconstruction
decode,1786168223657379419,1786168223806495265,149115846,5.0,0.0,1.0,2.0,,,,,,Validated reconstruction
decode,1786168223806495265,1786168224657379419,850884154,5.0,0.0,1.0,2.0,,,,,,Validated reconstruction
decode,1786168224657379419,1786168224806495265,149115846,5.0,0.0,1.0,2.0,,,,,,Validated reconstruction
decode,1786168224806495265,1786168225657379419,850884154,5.0,0.0,1.0,2.0,,,,,,Validated reconstruction
decode,1786168225657379419,1786168225806495265,149115846,5.0,0.0,1.0,2.0,,,,,,Validated reconstruction
decode,1786168225806495265,1786168226657379419,850884154,5.0,0.0,1.0,2.0,,,,,,Validated reconstruction
decode,1786168226657379419,1786168226806495265,149115846,5.0,0.0,1.0,2.0,,,,,,Validated reconstruction
decode,1786168226806495265,1786168227657379419,850884154,5.0,0.0,1.0,2.0,,,,,,Validated reconstruction
decode,1786168227657379419,1786168227806495265,149115846,5.0,0.0,1.0,2.0,,,,,,Validated reconstruction
decode,1786168227806495265,1786168228657379419,850884154,5.0,0.0,1.0,2.0,,,,,,Validated reconstruction
decode,1786168228657379419,1786168228806495265,149115846,5.0,0.0,1.0,2.0,,,,,,Validated reconstruction
decode,1786168228806495265,1786168229657379419,850884154,6.0,0.0,1.0,2.0,,,,,,Validated reconstruction
decode,1786168229657379419,1786168229806495265,149115846,6.0,0.0,1.0,2.0,,,,,,Validated reconstruction
decode,1786168229806495265,1786168230657379419,850884154,6.0,0.0,1.0,2.0,,,,,,Validated reconstruction
decode,1786168230657379419,1786168230806495265,149115846,6.0,0.0,1.0,2.0,,,,,,Validated reconstruction
decode,1786168230806495265,1786168231657379419,850884154,6.0,0.0,1.0,2.0,,,,,,Validated reconstruction
decode,1786168231657379419,1786168231806495265,149115846,6.0,0.0,1.0,2.0,,,,,,Validated reconstruction
decode,1786168231806495265,1786168232657379419,850884154,6.0,0.0,1.0,2.0,,,,,,Validated reconstruction
decode,1786168232657379419,1786168232806495265,149115846,6.0,0.0,1.0,2.0,,,,,,Validated reconstruction
decode,1786168232806495265,1786168233657379419,850884154,6.0,0.0,1.0,2.0,,,,,,Validated reconstruction
decode,1786168233657379419,1786168233806495265,149115846,6.0,0.0,1.0,2.0,,,,,,Validated reconstruction
decode,1786168233806495265,1786168234657379419,850884154,6.5,0.0,1.0,1.0,,,,,,Validated reconstruction
decode,1786168234657379419,1786168234806495265,149115846,6.5,0.0,1.0,1.0,,,,,,Validated reconstruction
decode,1786168234806495265,1786168235657379419,850884154,7.0,0.0,1.0,0.0,,,,,,Validated reconstruction
decode,1786168235657379419,1786168235806495265,149115846,7.0,0.0,1.0,0.0,,,,,,Validated reconstruction
decode,1786168235806495265,1786168236657379419,850884154,6.0,0.0,1.0,0.0,,,,,,Validated reconstruction
decode,1786168236657379419,1786168236806495265,149115846,6.0,0.0,1.0,1.3333333333333333,,,,,,Validated reconstruction
decode,1786168236806495265,1786168237657379419,850884154,6.0,0.0,1.0,1.3333333333333333,,,,,,Validated reconstruction
decode,1786168237657379419,1786168237806495265,149115846,6.0,0.0,1.0,2.0,,,,,,Validated reconstruction
decode,1786168237806495265,1786168238657379419,850884154,6.0,0.0,1.0,2.0,,,,,,Validated reconstruction
decode,1786168238657379419,1786168238806495265,149115846,7.0,0.0,1.0,1.0,,,,,,Validated reconstruction
decode,1786168238806495265,1786168239657379419,850884154,7.0,0.0,1.0,1.0,,,,,,Validated reconstruction
decode,1786168239657379419,1786168239806495265,149115846,6.0,0.0,1.0,1.0,,,,,,Validated reconstruction
decode,1786168239806495265,1786168240657379419,850884154,6.0,0.0,1.0,1.0,,,,,,Validated reconstruction
decode,1786168240657379419,1786168240806495265,149115846,6.0,0.0,1.0,1.0,,,,,,Validated reconstruction
decode,1786168240806495265,1786168241657379419,850884154,6.0,0.0,1.0,1.0,,,,,,Validated reconstruction
decode,1786168241657379419,1786168241806495265,149115846,6.5,0.0,1.0,1.0,,,,,,Validated reconstruction
decode,1786168241806495265,1786168242657379419,850884154,6.5,0.0,1.0,1.0,,,,,,Validated reconstruction
decode,1786168242657379419,1786168242806495265,149115846,7.0,0.0,1.0,1.0,,,,,,Validated reconstruction
decode,1786168242806495265,1786168243657379419,850884154,7.0,0.0,1.0,1.0,,,,,,Validated reconstruction
decode,1786168243657379419,1786168243806495265,149115846,10.5,0.0,1.0,0.0,,,,,,Validated reconstruction
decode,1786168243806495265,1786168244657379419,850884154,10.5,0.0,1.0,0.0,,,,,,Validated reconstruction
decode,1786168244657379419,1786168244806495265,149115846,11.5,0.0,1.0,0.0,,,,,,Validated reconstruction
decode,1786168244806495265,1786168245657379419,850884154,11.5,0.0,1.0,0.0,,,,,,Validated reconstruction
decode,1786168245657379419,1786168245806495265,149115846,12.0,0.0,1.0,0.0,,,,,,Validated reconstruction
decode,1786168245806495265,1786168246657379419,850884154,12.0,0.0,1.0,0.0,,,,,,Validated reconstruction
decode,1786168246657379419,1786168246806495265,149115846,11.0,0.0,1.0,0.0,,,,,,Validated reconstruction
decode,1786168246806495265,1786168247657379419,850884154,11.0,0.0,1.0,0.0,,,,,,Validated reconstruction
decode,1786168247657379419,1786168247806495265,149115846,11.0,0.0,1.0,0.0,,,,,,Validated reconstruction
decode,1786168247806495265,1786168248657379419,850884154,11.0,0.0,1.0,0.0,,,,,,Validated reconstruction
decode,1786168248657379419,1786168248806495265,149115846,11.0,0.0,1.0,0.0,,,,,,Validated reconstruction
decode,1786168248806495265,1786168249657379419,850884154,11.0,0.0,1.0,0.0,,,,,,Validated reconstruction
decode,1786168249657379419,1786168249806495265,149115846,12.0,0.0,1.0,0.0,,,,,,Validated reconstruction
decode,1786168249806495265,1786168250657379419,850884154,12.0,0.0,1.0,0.0,,,,,,Validated reconstruction
decode,1786168250657379419,1786168250806495265,149115846,11.0,0.0,1.0,0.0,,,,,,Validated reconstruction
decode,1786168250806495265,1786168251657379419,850884154,11.0,0.0,1.0,0.0,,,,,,Validated reconstruction
decode,1786168251657379419,1786168251806495265,149115846,11.0,0.0,1.0,0.0,,,,,,Validated reconstruction
decode,1786168251806495265,1786168252657379419,850884154,11.0,0.0,1.0,0.0,,,,,,Validated reconstruction
decode,1786168252657379419,1786168252806495265,149115846,12.0,0.0,1.0,0.6666666666666666,,,,,,Validated reconstruction
decode,1786168252806495265,1786168253657379419,850884154,12.0,0.0,1.0,0.6666666666666666,,,,,,Validated reconstruction
decode,1786168253657379419,1786168253806495265,149115846,13.0,0.0,1.0,1.0,,,,,,Validated reconstruction
decode,1786168253806495265,1786168254657379419,850884154,13.0,0.0,1.0,1.0,,,,,,Validated reconstruction
decode,1786168254657379419,1786168254806495265,149115846,13.0,0.0,1.0,0.0,,,,,,Validated reconstruction
decode,1786168254806495265,1786168255657379419,850884154,13.0,0.0,1.0,0.0,,,,,,Validated reconstruction
decode,1786168255657379419,1786168255806495265,149115846,12.0,0.0,1.0,0.0,,,,,,Validated reconstruction
decode,1786168255806495265,1786168256657379419,850884154,12.0,0.0,1.0,0.0,,,,,,Validated reconstruction
decode,1786168256657379419,1786168256806495265,149115846,12.0,0.0,1.0,1.0,,,,,,Validated reconstruction
decode,1786168256806495265,1786168257657379419,850884154,12.0,0.0,1.0,1.0,,,,,,Validated reconstruction
decode,1786168257657379419,1786168257806495265,149115846,12.0,0.0,1.0,1.0,,,,,,Validated reconstruction
decode,1786168257806495265,1786168258657379419,850884154,12.0,0.0,1.0,1.0,,,,,,Validated reconstruction
decode,1786168258657379419,1786168258806495265,149115846,13.5,0.0,1.0,1.0,,,,,,Validated reconstruction
decode,1786168258806495265,1786168259657379419,850884154,14.0,0.0,1.0,1.0,,,,,,Validated reconstruction
decode,1786168259657379419,1786168259806495265,149115846,15.5,0.0,1.0,0.0,,,,,,Validated reconstruction
decode,1786168259806495265,1786168260657379419,850884154,16.0,0.0,1.0,0.0,,,,,,Validated reconstruction
decode,1786168260657379419,1786168260806495265,149115846,15.5,0.0,1.0,0.0,,,,,,Validated reconstruction
decode,1786168260806495265,1786168261657379419,850884154,15.5,0.0,1.0,0.0,,,,,,Validated reconstruction
decode,1786168261657379419,1786168261806495265,149115846,15.0,0.0,1.0,0.0,,,,,,Validated reconstruction
decode,1786168261806495265,1786168262657379419,850884154,15.0,0.0,1.0,0.0,,,,,,Validated reconstruction
decode,1786168262657379419,1786168262806495265,149115846,14.0,0.0,1.0,0.0,,,,,,Validated reconstruction
decode,1786168262806495265,1786168263657379419,850884154,14.0,0.0,1.0,0.0,,,,,,Validated reconstruction
decode,1786168263657379419,1786168263806495265,149115846,14.0,0.0,1.0,0.0,,,,,,Validated reconstruction
decode,1786168263806495265,1786168264657379419,850884154,14.0,0.0,1.5,0.0,,,,,,Validated reconstruction
decode,1786168264657379419,1786168264806495265,149115846,14.0,0.0,1.5,0.0,,,,,,Validated reconstruction
decode,1786168264806495265,1786168265657379419,850884154,15.0,0.0,2.0,0.0,,,,,,Validated reconstruction
decode,1786168265657379419,1786168265806495265,149115846,15.0,0.0,2.0,0.0,,,,,,Validated reconstruction
decode,1786168265806495265,1786168266657379419,850884154,15.0,0.0,2.0,0.0,,,,,,Validated reconstruction
decode,1786168266657379419,1786168266806495265,149115846,15.0,0.0,2.6666666666666665,0.0,,,,,,Validated reconstruction
decode,1786168266806495265,1786168267657379419,850884154,15.0,0.0,2.6666666666666665,0.0,,,,,,Validated reconstruction
decode,1786168267657379419,1786168267806495265,149115846,15.0,0.0,3.0,0.0,,,,,,Validated reconstruction
decode,1786168267806495265,1786168268657379419,850884154,15.0,0.0,3.0,0.0,,,,,,Validated reconstruction
decode,1786168268657379419,1786168268806495265,149115846,15.0,0.0,3.0,0.0,,,,,,Validated reconstruction
decode,1786168268806495265,1786168269657379419,850884154,15.0,0.0,3.0,0.0,,,,,,Validated reconstruction
decode,1786168269657379419,1786168269806495265,149115846,15.0,0.0,3.0,0.0,,,,,,Validated reconstruction
decode,1786168269806495265,1786168270657379419,850884154,15.0,0.0,3.0,0.0,,,,,,Validated reconstruction
decode,1786168270657379419,1786168270806495265,149115846,16.0,0.0,3.0,0.0,,,,,,Validated reconstruction
decode,1786168270806495265,1786168271657379419,850884154,16.0,0.0,3.0,0.0,,,,,,Validated reconstruction
decode,1786168271657379419,1786168271806495265,149115846,16.0,0.0,3.0,0.0,,,,,,Validated reconstruction
decode,1786168271806495265,1786168272657379419,850884154,16.0,0.0,3.0,0.0,,,,,,Validated reconstruction
decode,1786168272657379419,1786168272806495265,149115846,16.0,0.0,3.0,0.0,,,,,,Validated reconstruction
decode,1786168272806495265,1786168273657379419,850884154,16.0,0.0,3.0,0.0,,,,,,Validated reconstruction
decode,1786168273657379419,1786168273806495265,149115846,15.0,0.0,3.0,0.0,,,,,,Validated reconstruction
decode,1786168273806495265,1786168274657379419,850884154,15.0,0.0,4.0,0.0,,,,,,Validated reconstruction
decode,1786168274657379419,1786168274806495265,149115846,15.0,0.0,4.0,0.0,,,,,,Validated reconstruction
decode,1786168274806495265,1786168275657379419,850884154,15.0,0.0,4.0,0.0,,,,,,Validated reconstruction
decode,1786168275657379419,1786168275806495265,149115846,15.0,0.0,4.0,0.0,,,,,,Validated reconstruction
decode,1786168275806495265,1786168276657379419,850884154,16.0,0.0,4.0,0.0,,,,,,Validated reconstruction
decode,1786168276657379419,1786168276806495265,149115846,16.5,0.0,4.0,0.0,,,,,,Validated reconstruction
decode,1786168276806495265,1786168277657379419,850884154,16.5,0.0,4.0,0.0,,,,,,Validated reconstruction
decode,1786168277657379419,1786168277806495265,149115846,16.0,0.0,4.0,0.0,,,,,,Validated reconstruction
decode,1786168277806495265,1786168278657379419,850884154,16.0,0.0,5.0,0.0,,,,,,Validated reconstruction
decode,1786168278657379419,1786168278806495265,149115846,16.0,0.0,5.0,0.0,,,,,,Validated reconstruction
decode,1786168279806495265,1786168280657379419,850884154,16.0,0.0,5.0,0.0,,,,,,Validated reconstruction
decode,1786168280657379419,1786168280806495265,149115846,16.0,0.0,5.0,1.0,,,,,,Validated reconstruction
decode,1786168280806495265,1786168281657379419,850884154,16.0,0.0,5.0,1.0,,,,,,Validated reconstruction
decode,1786168281657379419,1786168281806495265,149115846,17.0,0.0,5.0,0.0,,,,,,Validated reconstruction
decode,1786168281806495265,1786168282657379419,850884154,17.0,0.0,5.0,0.0,,,,,,Validated reconstruction
decode,1786168282657379419,1786168282806495265,149115846,17.0,0.0,5.0,0.0,,,,,,Validated reconstruction
decode,1786168282806495265,1786168283657379419,850884154,17.0,0.0,5.0,0.0,,,,,,Validated reconstruction
decode,1786168283657379419,1786168283806495265,149115846,16.0,0.0,5.0,0.0,,,,,,Validated reconstruction
decode,1786168283806495265,1786168284657379419,850884154,16.0,0.0,5.0,0.0,,,,,,Validated reconstruction
decode,1786168284657379419,1786168284806495265,149115846,16.0,0.0,5.0,0.0,,,,,,Validated reconstruction
decode,1786168284806495265,1786168285657379419,850884154,16.0,0.0,5.0,0.0,,,,,,Validated reconstruction
decode,1786168285657379419,1786168285806495265,149115846,16.0,0.0,5.0,0.0,,,,,,Validated reconstruction
decode,1786168285806495265,1786168286657379419,850884154,16.0,0.0,5.0,0.0,,,,,,Validated reconstruction
decode,1786168286657379419,1786168286806495265,149115846,16.0,0.0,5.0,0.0,,,,,,Validated reconstruction
decode,1786168286806495265,1786168287657379419,850884154,16.0,0.0,5.0,0.0,,,,,,Validated reconstruction
decode,1786168287657379419,1786168287806495265,149115846,16.0,0.0,5.0,0.0,,,,,,Validated reconstruction
decode,1786168287806495265,1786168288657379419,850884154,16.0,0.0,5.0,0.0,,,,,,Validated reconstruction
decode,1786168288657379419,1786168288806495265,149115846,16.0,0.0,4.5,0.0,,,,,,Validated reconstruction
decode,1786168288806495265,1786168289657379419,850884154,9.0,0.0,4.5,0.0,,,,,,Validated reconstruction
decode,1786168289657379419,1786168289806495265,149115846,9.0,0.0,4.0,0.0,,,,,,Validated reconstruction
decode,1786168289806495265,1786168290657379419,850884154,9.0,0.0,4.0,0.0,,,,,,Validated reconstruction
decode,1786168290657379419,1786168290806495265,149115846,9.0,0.0,4.0,0.0,,,,,,Validated reconstruction
decode,1786168290806495265,1786168291657379419,850884154,10.0,0.0,4.0,0.0,,,,,,Validated reconstruction
decode,1786168291657379419,1786168291806495265,149115846,10.0,0.0,4.0,0.0,,,,,,Validated reconstruction
decode,1786168291806495265,1786168292657379419,850884154,11.0,0.0,0.0,2.0,,,,,,Validated reconstruction
decode,1786168292657379419,1786168292806495265,149115846,11.0,0.0,0.0,2.0,,,,,,Validated reconstruction
decode,1786168292806495265,1786168293657379419,850884154,11.0,0.0,0.0,2.0,,,,,,Validated reconstruction
decode,1786168293657379419,1786168293806495265,149115846,11.0,0.0,0.0,2.0,,,,,,Validated reconstruction
decode,1786168293806495265,1786168294657379419,850884154,11.0,0.0,0.0,2.0,,,,,,Validated reconstruction
decode,1786168294657379419,1786168294806495265,149115846,11.0,0.0,0.0,2.0,,,,,,Validated reconstruction
decode,1786168294806495265,1786168295657379419,850884154,9.0,0.0,0.0,2.0,,,,,,Validated reconstruction
decode,1786168295657379419,1786168295806495265,149115846,9.0,0.0,0.0,2.5,,,,,,Validated reconstruction
decode,1786168295806495265,1786168296657379419,850884154,9.0,0.0,0.0,2.5,,,,,,Validated reconstruction
decode,1786168296657379419,1786168296806495265,149115846,5.0,0.0,0.0,3.0,,,,,,Validated reconstruction
decode,1786168296806495265,1786168297657379419,850884154,5.0,0.0,0.0,3.0,,,,,,Validated reconstruction
decode,1786168297657379419,1786168297806495265,149115846,5.0,0.0,0.0,3.0,,,,,,Validated reconstruction
decode,1786168297806495265,1786168298657379419,850884154,5.0,0.0,0.0,3.0,,,,,,Validated reconstruction
decode,1786168298657379419,1786168298806495265,149115846,6.0,0.0,0.0,3.0,,,,,,Validated reconstruction
decode,1786168298806495265,1786168299657379419,850884154,7.0,0.0,0.0,2.333333333333333,,,,,,Validated reconstruction
decode,1786168299657379419,1786168299806495265,149115846,7.0,0.0,0.0,2.333333333333333,,,,,,Validated reconstruction
decode,1786168299806495265,1786168300657379419,850884154,7.0,0.0,0.0,1.0,,,,,,Validated reconstruction
decode,1786168300657379419,1786168300806495265,149115846,7.0,0.0,0.0,0.0,,,,,,Validated reconstruction
decode,1786168300806495265,1786168301657379419,850884154,7.0,0.0,0.0,0.0,,,,,,Validated reconstruction
decode,1786168301657379419,1786168301806495265,149115846,7.0,0.0,0.0,1.0,,,,,,Validated reconstruction
decode,1786168301806495265,1786168302657379419,850884154,7.0,0.0,0.0,1.0,,,,,,Validated reconstruction
decode,1786168302657379419,1786168302806495265,149115846,7.0,0.0,0.0,1.0,,,,,,Validated reconstruction
decode,1786168302806495265,1786168303657379419,850884154,7.0,0.0,0.0,1.0,,,,,,Validated reconstruction
decode,1786168303657379419,1786168303806495265,149115846,7.0,0.0,0.0,1.0,,,,,,Validated reconstruction
decode,1786168303806495265,1786168304657379419,850884154,7.0,0.0,0.0,1.0,,,,,,Validated reconstruction
decode,1786168304657379419,1786168304806495265,149115846,6.5,0.0,0.0,0.5,,,,,,Validated reconstruction
decode,1786168304806495265,1786168305657379419,850884154,7.5,0.0,0.0,0.5,,,,,,Validated reconstruction
decode,1786168305657379419,1786168305806495265,149115846,7.0,0.0,0.0,0.0,,,,,,Validated reconstruction
decode,1786168305806495265,1786168306657379419,850884154,8.5,0.0,0.0,0.0,,,,,,Validated reconstruction
decode,1786168306657379419,1786168306806495265,149115846,8.5,0.0,0.0,0.0,,,,,,Validated reconstruction
decode,1786168306806495265,1786168307657379419,850884154,9.0,0.0,0.0,0.0,,,,,,Validated reconstruction
decode,1786168307657379419,1786168307806495265,149115846,10.0,0.0,0.0,0.0,,,,,,Validated reconstruction
decode,1786168307806495265,1786168308657379419,850884154,10.0,0.0,0.0,0.0,,,,,,Validated reconstruction
decode,1786168308657379419,1786168308806495265,149115846,10.0,0.0,0.0,1.0,,,,,,Validated reconstruction
decode,1786168308806495265,1786168309657379419,850884154,10.0,0.0,0.0,1.0,,,,,,Validated reconstruction
decode,1786168309657379419,1786168309806495265,149115846,10.0,0.0,0.0,1.0,,,,,,Validated reconstruction
decode,1786168309806495265,1786168310657379419,850884154,10.0,0.0,0.0,1.0,,,,,,Validated reconstruction
decode,1786168310657379419,1786168310806495265,149115846,11.0,0.0,0.0,0.0,,,,,,Validated reconstruction
decode,1786168310806495265,1786168311657379419,850884154,11.0,0.0,0.0,1.0,,,,,,Validated reconstruction
decode,1786168311657379419,1786168311806495265,149115846,12.0,0.0,0.0,2.0,,,,,,Validated reconstruction
decode,1786168311806495265,1786168312657379419,850884154,13.5,0.0,0.0,1.0,,,,,,Validated reconstruction
decode,1786168312657379419,1786168312806495265,149115846,13.5,0.0,0.0,0.5,,,,,,Validated reconstruction
decode,1786168312806495265,1786168313657379419,850884154,13.0,0.0,0.0,0.5,,,,,,Validated reconstruction
decode,1786168313657379419,1786168313806495265,149115846,13.0,0.0,0.0,0.0,,,,,,Validated reconstruction
decode,1786168313806495265,1786168314657379419,850884154,13.0,0.0,0.0,0.0,,,,,,Validated reconstruction
decode,1786168314657379419,1786168314806495265,149115846,12.0,0.0,0.0,0.0,,,,,,Validated reconstruction
decode,1786168314806495265,1786168315657379419,850884154,12.0,0.0,0.0,0.0,,,,,,Validated reconstruction
decode,1786168315657379419,1786168315806495265,149115846,12.0,0.0,0.0,0.0,,,,,,Validated reconstruction
decode,1786168315806495265,1786168316657379419,850884154,12.0,0.0,0.0,1.0,,,,,,Validated reconstruction
decode,1786168316657379419,1786168316806495265,149115846,12.0,0.0,0.0,1.0,,,,,,Validated reconstruction
decode,1786168316806495265,1786168317657379419,850884154,12.0,0.0,0.0,1.0,,,,,,Validated reconstruction
decode,1786168317657379419,1786168317806495265,149115846,12.5,0.0,0.0,1.0,,,,,,Validated reconstruction
decode,1786168317806495265,1786168318657379419,850884154,12.5,0.0,0.0,1.0,,,,,,Validated reconstruction
decode,1786168318657379419,1786168318806495265,149115846,13.0,0.0,0.0,1.0,,,,,,Validated reconstruction
decode,1786168318806495265,1786168319657379419,850884154,15.0,0.0,0.0,0.0,,,,,,Validated reconstruction
decode,1786168319657379419,1786168319806495265,149115846,15.0,0.0,0.0,0.0,,,,,,Validated reconstruction
decode,1786168319806495265,1786168320657379419,850884154,14.5,0.0,0.0,0.0,,,,,,Validated reconstruction
decode,1786168320657379419,1786168320806495265,149115846,14.5,0.0,0.0,0.0,,,,,,Validated reconstruction
decode,1786168320806495265,1786168321657379419,850884154,14.0,0.0,0.0,0.0,,,,,,Validated reconstruction
decode,1786168321657379419,1786168321806495265,149115846,14.0,0.0,0.0,0.0,,,,,,Validated reconstruction
decode,1786168321806495265,1786168322657379419,850884154,14.0,0.0,0.0,0.0,,,,,,Validated reconstruction
decode,1786168322657379419,1786168322806495265,149115846,14.0,0.0,0.0,0.0,,,,,,Validated reconstruction
decode,1786168322806495265,1786168323657379419,850884154,14.0,0.0,0.0,0.0,,,,,,Validated reconstruction
decode,1786168323657379419,1786168323806495265,149115846,14.0,0.0,0.0,0.0,,,,,,Validated reconstruction
decode,1786168323806495265,1786168324657379419,850884154,14.0,0.0,0.0,0.0,,,,,,Validated reconstruction
decode,1786168324657379419,1786168324806495265,149115846,14.0,0.0,0.0,0.0,,,,,,Validated reconstruction
decode,1786168324806495265,1786168325657379419,850884154,14.0,0.0,0.0,0.0,,,,,,Validated reconstruction
decode,1786168325657379419,1786168325806495265,149115846,14.0,0.0,0.0,0.0,,,,,,Validated reconstruction
decode,1786168325806495265,1786168326657379419,850884154,14.0,0.0,0.0,0.0,,,,,,Validated reconstruction
decode,1786168326657379419,1786168326806495265,149115846,15.0,0.0,0.0,0.0,,,,,,Validated reconstruction
decode,1786168326806495265,1786168327657379419,850884154,15.0,0.0,0.0,0.0,,,,,,Validated reconstruction
decode,1786168327657379419,1786168327806495265,149115846,15.5,0.0,0.0,0.0,,,,,,Validated reconstruction
decode,1786168327806495265,1786168328657379419,850884154,15.5,0.0,0.0,0.0,,,,,,Validated reconstruction
decode,1786168328657379419,1786168328806495265,149115846,16.0,0.0,0.0,0.0,,,,,,Validated reconstruction
decode,1786168328806495265,1786168329657379419,850884154,16.0,0.0,0.0,0.0,,,,,,Validated reconstruction
decode,1786168329657379419,1786168329806495265,149115846,15.0,0.0,0.0,0.0,,,,,,Validated reconstruction
decode,1786168329806495265,1786168330657379419,850884154,16.0,0.0,0.0,0.0,,,,,,Validated reconstruction
decode,1786168330657379419,1786168330806495265,149115846,17.0,0.0,0.0,0.0,,,,,,Validated reconstruction
decode,1786168330806495265,1786168331657379419,850884154,17.0,0.0,0.0,0.0,,,,,,Validated reconstruction
decode,1786168331657379419,1786168331806495265,149115846,16.0,0.0,0.0,0.0,,,,,,Validated reconstruction
decode,1786168331806495265,1786168332657379419,850884154,16.0,0.0,0.0,0.0,,,,,,Validated reconstruction
decode,1786168332657379419,1786168332806495265,149115846,16.0,0.0,0.0,0.0,,,,,,Validated reconstruction
decode,1786168332806495265,1786168333657379419,850884154,16.0,0.0,0.0,0.0,,,,,,Validated reconstruction
decode,1786168333657379419,1786168333806495265,149115846,16.0,0.0,0.0,0.0,,,,,,Validated reconstruction
decode,1786168333806495265,1786168334657379419,850884154,17.0,0.0,0.0,0.0,,,,,,Validated reconstruction
decode,1786168334657379419,1786168334806495265,149115846,17.0,0.0,0.0,0.0,,,,,,Validated reconstruction
decode,1786168334806495265,1786168335657379419,850884154,17.0,0.0,0.0,0.0,,,,,,Validated reconstruction
decode,1786168335657379419,1786168335806495265,149115846,17.0,0.0,0.0,1.0,,,,,,Validated reconstruction
decode,1786168335806495265,1786168336657379419,850884154,17.0,0.0,0.0,1.0,,,,,,Validated reconstruction
decode,1786168336657379419,1786168336806495265,149115846,17.0,0.0,0.0,1.0,,,,,,Validated reconstruction
decode,1786168336806495265,1786168337657379419,850884154,16.0,0.0,0.0,1.0,,,,,,Validated reconstruction
decode,1786168337657379419,1786168337806495265,149115846,17.0,0.0,0.0,0.0,,,,,,Validated reconstruction
decode,1786168337806495265,1786168338657379419,850884154,17.0,0.0,0.0,0.0,,,,,,Validated reconstruction
decode,1786168338657379419,1786168338806495265,149115846,17.0,0.0,0.0,0.0,,,,,,Validated reconstruction
decode,1786168338806495265,1786168339657379419,850884154,17.0,0.0,0.0,1.0,,,,,,Validated reconstruction
decode,1786168339657379419,1786168339806495265,149115846,17.0,0.0,0.0,1.0,,,,,,Validated reconstruction
decode,1786168339806495265,1786168340657379419,850884154,17.0,0.0,0.0,1.0,,,,,,Validated reconstruction
decode,1786168340657379419,1786168340806495265,149115846,17.0,0.0,0.0,1.0,,,,,,Validated reconstruction
decode,1786168341806495265,1786168342657379419,850884154,17.0,0.0,0.0,1.0,,,,,,Validated reconstruction
decode,1786168342657379419,1786168342806495265,149115846,16.0,0.0,0.0,1.0,,,,,,Validated reconstruction
decode,1786168342806495265,1786168343657379419,850884154,13.0,0.0,0.0,1.0,,,,,,Validated reconstruction
decode,1786168343657379419,1786168343806495265,149115846,13.0,0.0,0.0,2.0,,,,,,Validated reconstruction
decode,1786168343806495265,1786168344657379419,850884154,10.0,0.0,0.0,1.0,,,,,,Validated reconstruction
decode,1786168344657379419,1786168344806495265,149115846,10.0,0.0,0.0,1.0,,,,,,Validated reconstruction
decode,1786168344806495265,1786168345657379419,850884154,10.0,0.0,0.0,1.0,,,,,,Validated reconstruction
decode,1786168345657379419,1786168345806495265,149115846,11.0,0.0,0.0,0.0,,,,,,Validated reconstruction
decode,1786168345806495265,1786168346657379419,850884154,11.0,0.0,0.0,0.0,,,,,,Validated reconstruction
decode,1786168346657379419,1786168346806495265,149115846,11.0,0.0,0.0,0.0,,,,,,Validated reconstruction
decode,1786168346806495265,1786168347657379419,850884154,11.0,0.0,0.0,0.0,,,,,,Validated reconstruction
decode,1786168347657379419,1786168347806495265,149115846,11.0,0.0,1.0,0.0,,,,,,Validated reconstruction
decode,1786168347806495265,1786168348657379419,850884154,11.0,0.0,1.0,0.0,,,,,,Validated reconstruction
decode,1786168348657379419,1786168348806495265,149115846,11.0,0.0,1.0,0.0,,,,,,Validated reconstruction
decode,1786168348806495265,1786168349657379419,850884154,12.0,0.0,1.0,0.0,,,,,,Validated reconstruction
decode,1786168349657379419,1786168349806495265,149115846,12.0,0.0,0.0,0.0,,,,,,Validated reconstruction
decode,1786168349806495265,1786168350657379419,850884154,10.5,0.0,0.0,0.0,,,,,,Validated reconstruction
decode,1786168350657379419,1786168350806495265,149115846,10.5,0.0,0.0,0.0,,,,,,Validated reconstruction
decode,1786168350806495265,1786168351657379419,850884154,10.0,0.0,0.0,0.0,,,,,,Validated reconstruction
decode,1786168351657379419,1786168351806495265,149115846,10.0,0.0,0.0,0.0,,,,,,Validated reconstruction
decode,1786168351806495265,1786168352657379419,850884154,11.0,0.0,0.0,0.0,,,,,,Validated reconstruction
decode,1786168352657379419,1786168352806495265,149115846,11.0,0.0,1.0,0.0,,,,,,Validated reconstruction
decode,1786168352806495265,1786168353657379419,850884154,11.0,0.0,1.0,0.0,,,,,,Validated reconstruction
decode,1786168353657379419,1786168353806495265,149115846,10.0,0.0,0.0,0.0,,,,,,Validated reconstruction
decode,1786168353806495265,1786168354657379419,850884154,10.0,0.0,0.0,0.0,,,,,,Validated reconstruction
decode,1786168354657379419,1786168354806495265,149115846,10.0,0.0,0.0,0.0,,,,,,Validated reconstruction
decode,1786168354806495265,1786168355657379419,850884154,8.0,0.0,0.0,0.0,,,,,,Validated reconstruction
decode,1786168355657379419,1786168355806495265,149115846,8.0,0.0,0.0,0.0,,,,,,Validated reconstruction
decode,1786168355806495265,1786168356657379419,850884154,8.0,0.0,0.0,0.0,,,,,,Validated reconstruction
decode,1786168356657379419,1786168356806495265,149115846,8.0,0.0,0.0,1.0,,,,,,Validated reconstruction
decode,1786168356806495265,1786168357657379419,850884154,8.0,0.0,0.0,1.0,,,,,,Validated reconstruction
decode,1786168357657379419,1786168357806495265,149115846,8.5,0.0,0.0,0.5,,,,,,Validated reconstruction
decode,1786168357806495265,1786168358657379419,850884154,10.0,0.0,0.0,0.5,,,,,,Validated reconstruction
decode,1786168358657379419,1786168358806495265,149115846,10.5,0.0,0.0,0.0,,,,,,Validated reconstruction
decode,1786168358806495265,1786168359657379419,850884154,11.0,0.0,0.0,0.0,,,,,,Validated reconstruction
decode,1786168359657379419,1786168359806495265,149115846,11.0,0.0,0.0,0.0,,,,,,Validated reconstruction
decode,1786168359806495265,1786168360657379419,850884154,11.0,0.0,0.0,0.0,,,,,,Validated reconstruction
decode,1786168360657379419,1786168360806495265,149115846,11.0,0.0,0.0,0.0,,,,,,Validated reconstruction
decode,1786168360806495265,1786168361657379419,850884154,11.0,0.0,0.0,0.0,,,,,,Validated reconstruction
decode,1786168361657379419,1786168361806495265,149115846,10.0,0.0,0.0,0.0,,,,,,Validated reconstruction
decode,1786168361806495265,1786168362657379419,850884154,10.0,0.0,0.0,0.0,,,,,,Validated reconstruction
decode,1786168363806495265,1786168364657379419,850884154,10.333333333333332,0.0,0.0,0.0,,,,,,Validated reconstruction
decode,1786168364657379419,1786168364806495265,149115846,10.333333333333332,0.0,0.0,0.0,,,,,,Validated reconstruction
decode,1786168364806495265,1786168365657379419,850884154,11.0,0.0,0.0,0.0,,,,,,Validated reconstruction
decode,1786168365657379419,1786168365806495265,149115846,11.0,0.0,0.0,0.0,,,,,,Validated reconstruction
decode,1786168365806495265,1786168366657379419,850884154,12.0,0.0,0.0,0.0,,,,,,Validated reconstruction
decode,1786168366657379419,1786168366806495265,149115846,12.0,0.0,0.0,0.0,,,,,,Validated reconstruction
decode,1786168366806495265,1786168367657379419,850884154,12.0,0.0,0.0,0.0,,,,,,Validated reconstruction
decode,1786168367657379419,1786168367806495265,149115846,12.0,0.0,0.0,1.0,,,,,,Validated reconstruction
decode,1786168367806495265,1786168368657379419,850884154,12.0,0.0,0.0,1.0,,,,,,Validated reconstruction
decode,1786168368657379419,1786168368806495265,149115846,12.0,0.0,0.0,1.0,,,,,,Validated reconstruction
decode,1786168368806495265,1786168369657379419,850884154,12.0,0.0,0.0,1.0,,,,,,Validated reconstruction
decode,1786168369657379419,1786168369806495265,149115846,13.0,0.0,0.0,0.0,,,,,,Validated reconstruction
decode,1786168369806495265,1786168370657379419,850884154,13.0,0.0,0.0,0.0,,,,,,Validated reconstruction
decode,1786168370657379419,1786168370806495265,149115846,13.0,0.0,0.0,0.0,,,,,,Validated reconstruction
decode,1786168370806495265,1786168371657379419,850884154,13.0,0.0,0.0,0.0,,,,,,Validated reconstruction
decode,1786168371657379419,1786168371806495265,149115846,12.5,0.0,0.0,0.0,,,,,,Validated reconstruction
decode,1786168371806495265,1786168372657379419,850884154,12.5,0.0,0.0,0.0,,,,,,Validated reconstruction
decode,1786168372657379419,1786168372806495265,149115846,12.0,0.0,0.0,0.0,,,,,,Validated reconstruction
decode,1786168372806495265,1786168373657379419,850884154,12.0,0.0,0.0,0.0,,,,,,Validated reconstruction
decode,1786168373657379419,1786168373806495265,149115846,12.0,0.0,0.0,0.0,,,,,,Validated reconstruction
decode,1786168373806495265,1786168374657379419,850884154,12.0,0.0,0.0,0.0,,,,,,Validated reconstruction
decode,1786168374657379419,1786168374806495265,149115846,12.0,0.0,0.0,0.0,,,,,,Validated reconstruction
decode,1786168374806495265,1786168375657379419,850884154,12.0,0.0,0.0,0.0,,,,,,Validated reconstruction
decode,1786168375657379419,1786168375806495265,149115846,12.0,0.0,0.0,0.0,,,,,,Validated reconstruction
decode,1786168375806495265,1786168376657379419,850884154,13.0,0.0,0.0,0.0,,,,,,Validated reconstruction
decode,1786168376657379419,1786168376806495265,149115846,13.0,0.0,0.0,0.5,,,,,,Validated reconstruction
decode,1786168376806495265,1786168377657379419,850884154,13.0,0.0,0.0,0.5,,,,,,Validated reconstruction
decode,1786168377657379419,1786168377806495265,149115846,13.0,0.0,0.0,1.0,,,,,,Validated reconstruction
decode,1786168377806495265,1786168378657379419,850884154,13.0,0.0,0.0,1.0,,,,,,Validated reconstruction
decode,1786168378657379419,1786168378806495265,149115846,14.0,0.0,0.0,0.0,,,,,,Validated reconstruction
decode,1786168378806495265,1786168379657379419,850884154,15.0,0.0,0.0,0.0,,,,,,Validated reconstruction
decode,1786168379657379419,1786168379806495265,149115846,15.0,0.0,0.0,0.0,,,,,,Validated reconstruction
decode,1786168379806495265,1786168380657379419,850884154,15.0,0.0,0.0,0.0,,,,,,Validated reconstruction
decode,1786168380657379419,1786168380806495265,149115846,14.5,0.0,0.0,0.0,,,,,,Validated reconstruction
decode,1786168380806495265,1786168381657379419,850884154,14.5,0.0,0.0,0.0,,,,,,Validated reconstruction
decode,1786168381657379419,1786168381806495265,149115846,15.0,0.0,0.0,0.0,,,,,,Validated reconstruction
decode,1786168381806495265,1786168382657379419,850884154,15.0,0.0,0.0,1.0,,,,,,Validated reconstruction
decode,1786168382657379419,1786168382806495265,149115846,15.0,0.0,0.0,1.0,,,,,,Validated reconstruction
decode,1786168382806495265,1786168383657379419,850884154,15.0,0.0,0.0,1.0,,,,,,Validated reconstruction
decode,1786168383657379419,1786168383806495265,149115846,15.0,0.0,0.0,1.0,,,,,,Validated reconstruction
decode,1786168383806495265,1786168384657379419,850884154,16.0,0.0,0.0,1.0,,,,,,Validated reconstruction
decode,1786168384657379419,1786168384806495265,149115846,16.0,0.0,0.0,1.0,,,,,,Validated reconstruction
decode,1786168384806495265,1786168385657379419,850884154,16.0,0.0,0.0,1.0,,,,,,Validated reconstruction
decode,1786168385657379419,1786168385806495265,149115846,16.0,0.0,0.0,1.0,,,,,,Validated reconstruction
decode,1786168385806495265,1786168386657379419,850884154,15.5,0.0,0.0,1.0,,,,,,Validated reconstruction
decode,1786168386657379419,1786168386806495265,149115846,7.5,0.0,0.0,1.0,,,,,,Validated reconstruction
decode,1786168386806495265,1786168387657379419,850884154,7.0,0.0,0.0,1.0,,,,,,Validated reconstruction
decode,1786168387657379419,1786168387806495265,149115846,7.0,0.0,0.0,1.0,,,,,,Validated reconstruction
decode,1786168387806495265,1786168388657379419,850884154,7.0,0.0,0.0,1.0,,,,,,Validated reconstruction
decode,1786168388657379419,1786168388806495265,149115846,7.0,0.0,0.0,1.0,,,,,,Validated reconstruction
decode,1786168388806495265,1786168389657379419,850884154,7.0,0.0,0.0,1.0,,,,,,Validated reconstruction
decode,1786168389657379419,1786168389806495265,149115846,7.0,0.0,0.0,1.0,,,,,,Validated reconstruction
decode,1786168389806495265,1786168390657379419,850884154,7.0,0.0,0.0,1.0,,,,,,Validated reconstruction
decode,1786168390657379419,1786168390806495265,149115846,7.0,0.0,0.0,1.0,,,,,,Validated reconstruction
decode,1786168390806495265,1786168391657379419,850884154,7.0,0.0,0.0,1.0,,,,,,Validated reconstruction
decode,1786168391657379419,1786168391806495265,149115846,7.0,0.0,0.0,1.0,,,,,,Validated reconstruction
decode,1786168391806495265,1786168392657379419,850884154,7.0,0.0,0.0,1.0,,,,,,Validated reconstruction
decode,1786168392657379419,1786168392806495265,149115846,7.0,0.0,0.0,1.0,,,,,,Validated reconstruction
decode,1786168392806495265,1786168393657379419,850884154,7.0,0.0,0.0,1.0,,,,,,Validated reconstruction
decode,1786168393657379419,1786168393806495265,149115846,7.666666666666667,0.0,0.6666666666666666,1.3333333333333333,,,,,,Validated reconstruction
decode,1786168393806495265,1786168394657379419,850884154,2.666666666666667,0.0,0.6666666666666666,0.3333333333333333,,,,,,Validated reconstruction
decode,1786168394657379419,1786168394806495265,149115846,2.0,0.0,0.0,1.0,,,,,,Validated reconstruction
decode,1786168394806495265,1786168395657379419,850884154,2.0,0.0,0.0,1.0,,,,,,Validated reconstruction
decode,1786168396657379419,1786168396806495265,149115846,4.0,0.0,0.0,0.0,,,,,,Validated reconstruction
decode,1786168396806495265,1786168397657379419,850884154,4.5,0.0,0.0,0.5,,,,,,Validated reconstruction
decode,1786168397657379419,1786168397806495265,149115846,5.0,0.0,0.0,0.5,,,,,,Validated reconstruction
decode,1786168397806495265,1786168398657379419,850884154,5.5,0.0,0.0,1.0,,,,,,Validated reconstruction
decode,1786168398657379419,1786168398806495265,149115846,6.0,0.0,0.0,1.0,,,,,,Validated reconstruction
decode,1786168398806495265,1786168399657379419,850884154,6.0,0.0,0.0,1.0,,,,,,Validated reconstruction
decode,1786168399657379419,1786168399806495265,149115846,6.0,0.0,0.0,1.0,,,,,,Validated reconstruction
decode,1786168399806495265,1786168400657379419,850884154,6.0,0.0,0.0,1.0,,,,,,Validated reconstruction
decode,1786168400657379419,1786168400806495265,149115846,6.0,0.0,0.0,1.0,,,,,,Validated reconstruction
decode,1786168400806495265,1786168401657379419,850884154,6.5,0.0,0.0,0.5,,,,,,Validated reconstruction
decode,1786168401657379419,1786168401806495265,149115846,6.5,0.0,0.0,0.5,,,,,,Validated reconstruction
decode,1786168401806495265,1786168402657379419,850884154,7.5,0.0,0.0,0.0,,,,,,Validated reconstruction
decode,1786168402657379419,1786168402806495265,149115846,7.5,0.0,0.0,0.0,,,,,,Validated reconstruction
decode,1786168402806495265,1786168403657379419,850884154,8.0,0.0,0.0,0.0,,,,,,Validated reconstruction
decode,1786168403657379419,1786168403806495265,149115846,6.5,0.0,0.0,0.0,,,,,,Validated reconstruction
decode,1786168403806495265,1786168404657379419,850884154,6.5,0.0,0.0,0.0,,,,,,Validated reconstruction
decode,1786168404657379419,1786168404806495265,149115846,6.0,0.0,0.0,0.0,,,,,,Validated reconstruction
decode,1786168404806495265,1786168405657379419,850884154,6.0,0.0,0.0,0.0,,,,,,Validated reconstruction
decode,1786168405657379419,1786168405806495265,149115846,6.0,0.0,0.0,1.0,,,,,,Validated reconstruction
decode,1786168405806495265,1786168406657379419,850884154,6.0,0.0,0.0,1.0,,,,,,Validated reconstruction
decode,1786168406657379419,1786168406806495265,149115846,7.0,0.0,0.0,1.0,,,,,,Validated reconstruction
decode,1786168406806495265,1786168407657379419,850884154,8.0,0.0,0.0,1.0,,,,,,Validated reconstruction
decode,1786168407657379419,1786168407806495265,149115846,10.0,0.0,0.0,0.0,,,,,,Validated reconstruction
decode,1786168407806495265,1786168408657379419,850884154,10.0,0.0,0.0,0.0,,,,,,Validated reconstruction
decode,1786168408657379419,1786168408806495265,149115846,10.0,0.0,0.0,0.0,,,,,,Validated reconstruction
decode,1786168408806495265,1786168409657379419,850884154,10.0,0.0,0.0,0.0,,,,,,Validated reconstruction
decode,1786168409657379419,1786168409806495265,149115846,10.0,0.0,0.0,0.0,,,,,,Validated reconstruction
decode,1786168409806495265,1786168410657379419,850884154,10.5,0.0,0.0,0.0,,,,,,Validated reconstruction
decode,1786168410657379419,1786168410806495265,149115846,9.5,0.0,0.0,0.0,,,,,,Validated reconstruction
decode,1786168410806495265,1786168411657379419,850884154,10.0,0.0,0.0,0.0,,,,,,Validated reconstruction
decode,1786168411657379419,1786168411806495265,149115846,11.0,0.0,0.0,0.0,,,,,,Validated reconstruction
decode,1786168411806495265,1786168412657379419,850884154,11.0,0.0,0.0,0.0,,,,,,Validated reconstruction
decode,1786168412657379419,1786168412806495265,149115846,12.0,0.0,0.0,0.0,,,,,,Validated reconstruction
decode,1786168412806495265,1786168413657379419,850884154,11.0,0.0,0.0,0.0,,,,,,Validated reconstruction
decode,1786168413657379419,1786168413806495265,149115846,11.0,0.0,0.0,0.0,,,,,,Validated reconstruction
decode,1786168413806495265,1786168414657379419,850884154,11.0,0.0,0.0,1.0,,,,,,Validated reconstruction
decode,1786168414657379419,1786168414806495265,149115846,11.0,0.0,0.0,1.0,,,,,,Validated reconstruction
decode,1786168414806495265,1786168415657379419,850884154,12.0,0.0,0.0,0.0,,,,,,Validated reconstruction
decode,1786168415657379419,1786168415806495265,149115846,7.0,0.0,0.0,0.0,,,,,,Validated reconstruction
decode,1786168415806495265,1786168416657379419,850884154,7.0,0.0,0.0,0.0,,,,,,Validated reconstruction
decode,1786168416657379419,1786168416806495265,149115846,7.0,0.0,0.0,0.0,,,,,,Validated reconstruction
decode,1786168416806495265,1786168417657379419,850884154,7.0,0.0,0.0,0.0,,,,,,Validated reconstruction
decode,1786168417657379419,1786168417806495265,149115846,7.5,0.0,0.0,0.0,,,,,,Validated reconstruction
decode,1786168417806495265,1786168418657379419,850884154,6.5,0.0,0.0,0.0,,,,,,Validated reconstruction
decode,1786168418657379419,1786168418806495265,149115846,9.0,0.0,0.0,0.0,,,,,,Validated reconstruction
decode,1786168418806495265,1786168419657379419,850884154,9.0,0.0,0.0,0.0,,,,,,Validated reconstruction
decode,1786168419657379419,1786168419806495265,149115846,9.0,0.0,0.0,0.0,,,,,,Validated reconstruction
decode,1786168419806495265,1786168420657379419,850884154,9.0,0.0,0.0,0.0,,,,,,Validated reconstruction
decode,1786168420657379419,1786168420806495265,149115846,9.0,0.0,0.0,0.0,,,,,,Validated reconstruction
decode,1786168420806495265,1786168421657379419,850884154,9.0,0.0,0.0,0.0,,,,,,Validated reconstruction
decode,1786168421657379419,1786168421806495265,149115846,9.0,0.0,0.0,0.0,,,,,,Validated reconstruction
decode,1786168421806495265,1786168422657379419,850884154,9.0,0.0,0.0,0.0,,,,,,Validated reconstruction
decode,1786168422657379419,1786168422806495265,149115846,9.0,0.0,0.0,0.0,,,,,,Validated reconstruction
decode,1786168422806495265,1786168423657379419,850884154,9.0,0.0,0.0,0.0,,,,,,Validated reconstruction
decode,1786168423657379419,1786168423806495265,149115846,9.5,0.0,0.0,0.0,,,,,,Validated reconstruction
decode,1786168423806495265,1786168424657379419,850884154,9.5,0.0,0.0,0.0,,,,,,Validated reconstruction
decode,1786168424657379419,1786168424806495265,149115846,9.0,0.0,0.0,0.0,,,,,,Validated reconstruction
decode,1786168424806495265,1786168425657379419,850884154,9.0,0.0,0.0,0.0,,,,,,Validated reconstruction
decode,1786168425657379419,1786168425806495265,149115846,9.0,0.0,0.0,0.0,,,,,,Validated reconstruction
decode,1786168425806495265,1786168426657379419,850884154,9.0,0.0,0.0,0.0,,,,,,Validated reconstruction
decode,1786168426657379419,1786168426806495265,149115846,9.0,0.0,0.0,0.0,,,,,,Validated reconstruction
decode,1786168426806495265,1786168427657379419,850884154,10.0,0.0,0.0,0.0,,,,,,Validated reconstruction
decode,1786168427657379419,1786168427806495265,149115846,7.0,0.0,0.0,0.0,,,,,,Validated reconstruction
decode,1786168427806495265,1786168428657379419,850884154,7.0,0.0,0.0,0.0,,,,,,Validated reconstruction
decode,1786168428657379419,1786168428806495265,149115846,7.0,0.0,0.0,0.0,,,,,,Validated reconstruction
decode,1786168428806495265,1786168429657379419,850884154,7.0,0.0,0.0,0.0,,,,,,Validated reconstruction
decode,1786168429657379419,1786168429806495265,149115846,8.5,0.0,0.0,0.0,,,,,,Validated reconstruction
decode,1786168429806495265,1786168430657379419,850884154,8.5,0.0,0.0,0.0,,,,,,Validated reconstruction
decode,1786168430657379419,1786168430806495265,149115846,9.0,0.0,0.0,0.0,,,,,,Validated reconstruction
decode,1786168430806495265,1786168431657379419,850884154,9.0,0.0,0.0,0.0,,,,,,Validated reconstruction
decode,1786168431657379419,1786168431806495265,149115846,9.0,0.0,0.0,0.0,,,,,,Validated reconstruction
decode,1786168431806495265,1786168432657379419,850884154,9.0,0.0,0.0,0.0,,,,,,Validated reconstruction
decode,1786168432657379419,1786168432806495265,149115846,9.0,0.0,0.0,0.0,,,,,,Validated reconstruction
decode,1786168432806495265,1786168433657379419,850884154,8.0,0.0,0.0,0.0,,,,,,Validated reconstruction
decode,1786168433657379419,1786168433806495265,149115846,8.0,0.0,0.0,0.0,,,,,,Validated reconstruction
decode,1786168433806495265,1786168434657379419,850884154,8.0,0.0,0.0,0.0,,,,,,Validated reconstruction
decode,1786168434657379419,1786168434806495265,149115846,8.0,0.0,0.0,0.0,,,,,,Validated reconstruction
decode,1786168434806495265,1786168435657379419,850884154,8.0,0.0,0.0,0.0,,,,,,Validated reconstruction
decode,1786168435657379419,1786168435806495265,149115846,8.5,0.0,0.0,0.0,,,,,,Validated reconstruction
decode,1786168435806495265,1786168436657379419,850884154,8.5,0.0,0.0,0.0,,,,,,Validated reconstruction
decode,1786168436657379419,1786168436806495265,149115846,9.0,0.0,0.0,0.0,,,,,,Validated reconstruction
decode,1786168436806495265,1786168437657379419,850884154,9.0,0.0,0.0,0.0,,,,,,Validated reconstruction
decode,1786168437657379419,1786168437806495265,149115846,9.0,0.0,0.0,0.0,,,,,,Validated reconstruction
decode,1786168437806495265,1786168438657379419,850884154,10.0,0.0,0.0,0.0,,,,,,Validated reconstruction
decode,1786168438657379419,1786168438806495265,149115846,10.0,0.0,0.0,0.0,,,,,,Validated reconstruction
decode,1786168438806495265,1786168439657379419,850884154,10.0,0.0,0.0,0.0,,,,,,Validated reconstruction
decode,1786168439657379419,1786168439806495265,149115846,10.0,0.0,0.0,0.0,,,,,,Validated reconstruction
decode,1786168439806495265,1786168440657379419,850884154,10.0,0.0,0.0,0.0,,,,,,Validated reconstruction
decode,1786168440657379419,1786168440806495265,149115846,10.0,0.0,0.0,0.0,,,,,,Validated reconstruction
decode,1786168440806495265,1786168441657379419,850884154,10.0,0.0,0.0,0.0,,,,,,Validated reconstruction
decode,1786168441657379419,1786168441806495265,149115846,11.0,0.0,0.0,0.0,,,,,,Validated reconstruction
decode,1786168441806495265,1786168442657379419,850884154,11.0,0.0,0.0,0.0,,,,,,Validated reconstruction
decode,1786168442657379419,1786168442806495265,149115846,11.0,0.0,0.0,0.0,,,,,,Validated reconstruction
decode,1786168442806495265,1786168443657379419,850884154,11.0,0.0,0.0,0.0,,,,,,Validated reconstruction
decode,1786168443657379419,1786168443806495265,149115846,12.0,0.0,0.0,0.0,,,,,,Validated reconstruction
decode,1786168443806495265,1786168444657379419,850884154,12.0,0.0,0.0,0.0,,,,,,Validated reconstruction
decode,1786168444657379419,1786168444806495265,149115846,11.0,0.0,0.0,0.0,,,,,,Validated reconstruction
decode,1786168444806495265,1786168445657379419,850884154,7.5,0.0,0.0,0.0,,,,,,Validated reconstruction
decode,1786168445657379419,1786168445806495265,149115846,7.5,0.0,0.0,0.0,,,,,,Validated reconstruction
decode,1786168445806495265,1786168446657379419,850884154,4.0,0.0,0.0,0.0,,,,,,Validated reconstruction
decode,1786168446657379419,1786168446806495265,149115846,4.0,0.0,0.0,0.0,,,,,,Validated reconstruction
decode,1786168446806495265,1786168447657379419,850884154,4.0,0.0,0.0,0.0,,,,,,Validated reconstruction
decode,1786168447657379419,1786168447806495265,149115846,5.0,0.0,0.0,0.0,,,,,,Validated reconstruction
decode,1786168447806495265,1786168448657379419,850884154,6.0,0.0,0.0,0.0,,,,,,Validated reconstruction
decode,1786168448657379419,1786168448806495265,149115846,6.0,0.0,0.0,0.0,,,,,,Validated reconstruction
decode,1786168448806495265,1786168449657379419,850884154,5.0,0.0,0.0,0.0,,,,,,Validated reconstruction
decode,1786168449657379419,1786168449806495265,149115846,5.0,0.0,0.0,0.0,,,,,,Validated reconstruction
decode,1786168449806495265,1786168450657379419,850884154,5.0,0.0,0.0,0.0,,,,,,Validated reconstruction
decode,1786168450657379419,1786168450806495265,149115846,5.0,0.0,0.0,0.0,,,,,,Validated reconstruction
decode,1786168450806495265,1786168451657379419,850884154,5.0,0.0,0.0,0.0,,,,,,Validated reconstruction
decode,1786168451657379419,1786168451806495265,149115846,5.0,0.0,0.0,0.0,,,,,,Validated reconstruction
decode,1786168451806495265,1786168452657379419,850884154,5.5,0.0,0.0,0.0,,,,,,Validated reconstruction
decode,1786168452657379419,1786168452806495265,149115846,5.5,0.0,0.0,0.0,,,,,,Validated reconstruction
decode,1786168452806495265,1786168453657379419,850884154,6.0,0.0,0.0,0.0,,,,,,Validated reconstruction
decode,1786168453657379419,1786168453806495265,149115846,6.0,0.0,0.0,0.0,,,,,,Validated reconstruction
decode,1786168453806495265,1786168454657379419,850884154,6.0,0.0,0.0,0.0,,,,,,Validated reconstruction
decode,1786168454657379419,1786168454806495265,149115846,6.0,0.0,0.0,0.0,,,,,,Validated reconstruction
decode,1786168454806495265,1786168455657379419,850884154,6.0,0.0,0.0,0.0,,,,,,Validated reconstruction
decode,1786168455657379419,1786168455806495265,149115846,6.0,0.0,0.0,0.0,,,,,,Validated reconstruction
decode,1786168455806495265,1786168456657379419,850884154,6.0,0.0,0.0,0.0,,,,,,Validated reconstruction
decode,1786168456657379419,1786168456806495265,149115846,6.0,0.0,0.0,0.0,,,,,,Validated reconstruction
decode,1786168456806495265,1786168457657379419,850884154,6.0,0.0,0.0,0.0,,,,,,Validated reconstruction
decode,1786168457657379419,1786168457806495265,149115846,6.0,0.0,0.0,0.0,,,,,,Validated reconstruction
decode,1786168457806495265,1786168458657379419,850884154,6.0,0.0,0.0,0.0,,,,,,Validated reconstruction
decode,1786168458657379419,1786168458806495265,149115846,6.0,0.0,0.0,0.0,,,,,,Validated reconstruction
decode,1786168458806495265,1786168459657379419,850884154,7.0,0.0,0.0,0.0,,,,,,Validated reconstruction
decode,1786168459657379419,1786168459806495265,149115846,7.0,0.0,0.0,0.0,,,,,,Validated reconstruction
decode,1786168459806495265,1786168460657379419,850884154,7.0,0.0,0.0,0.0,,,,,,Validated reconstruction
decode,1786168460657379419,1786168460806495265,149115846,7.0,0.0,0.0,0.0,,,,,,Validated reconstruction
decode,1786168460806495265,1786168461657379419,850884154,7.0,0.0,0.0,0.0,,,,,,Validated reconstruction
decode,1786168461657379419,1786168461806495265,149115846,7.0,0.0,0.0,0.0,,,,,,Validated reconstruction
decode,1786168461806495265,1786168462657379419,850884154,8.0,0.0,0.0,0.0,,,,,,Validated reconstruction
decode,1786168462657379419,1786168462806495265,149115846,8.0,0.0,0.0,0.0,,,,,,Validated reconstruction
decode,1786168462806495265,1786168463657379419,850884154,8.0,0.0,0.0,0.0,,,,,,Validated reconstruction
decode,1786168463657379419,1786168463806495265,149115846,8.0,0.0,0.0,0.0,,,,,,Validated reconstruction
decode,1786168463806495265,1786168464657379419,850884154,8.0,0.0,1.0,0.0,,,,,,Validated reconstruction
decode,1786168464657379419,1786168464806495265,149115846,8.0,0.0,1.0,0.0,,,,,,Validated reconstruction
decode,1786168464806495265,1786168465657379419,850884154,8.0,0.0,1.0,0.0,,,,,,Validated reconstruction
decode,1786168465657379419,1786168465806495265,149115846,8.0,0.0,1.0,0.0,,,,,,Validated reconstruction
decode,1786168465806495265,1786168466657379419,850884154,8.0,0.0,0.0,0.0,,,,,,Validated reconstruction
decode,1786168466657379419,1786168466806495265,149115846,8.5,0.0,0.0,0.0,,,,,,Validated reconstruction
decode,1786168466806495265,1786168467657379419,850884154,8.5,0.0,0.0,0.0,,,,,,Validated reconstruction
decode,1786168467657379419,1786168467806495265,149115846,9.0,0.0,0.0,0.0,,,,,,Validated reconstruction
decode,1786168467806495265,1786168468657379419,850884154,9.0,0.0,0.0,0.0,,,,,,Validated reconstruction
decode,1786168468657379419,1786168468806495265,149115846,9.0,0.0,0.0,0.0,,,,,,Validated reconstruction
decode,1786168468806495265,1786168469657379419,850884154,9.0,0.0,0.0,0.0,,,,,,Validated reconstruction
decode,1786168469657379419,1786168469806495265,149115846,6.0,0.0,0.0,0.0,,,,,,Validated reconstruction
decode,1786168469806495265,1786168470657379419,850884154,6.0,0.0,0.0,0.0,,,,,,Validated reconstruction
decode,1786168470657379419,1786168470806495265,149115846,4.0,0.0,0.0,0.0,,,,,,Validated reconstruction
decode,1786168470806495265,1786168471657379419,850884154,4.0,0.0,0.0,0.0,,,,,,Validated reconstruction
decode,1786168471657379419,1786168471806495265,149115846,3.0,0.0,0.0,0.0,,,,,,Validated reconstruction
decode,1786168471806495265,1786168472657379419,850884154,3.0,0.0,0.0,0.0,,,,,,Validated reconstruction
decode,1786168472657379419,1786168472806495265,149115846,3.0,0.0,0.0,0.0,,,,,,Validated reconstruction
decode,1786168472806495265,1786168473657379419,850884154,4.0,0.0,0.0,0.0,,,,,,Validated reconstruction
decode,1786168473657379419,1786168473806495265,149115846,4.0,0.0,0.0,0.0,,,,,,Validated reconstruction
decode,1786168473806495265,1786168474657379419,850884154,4.0,0.0,0.0,0.0,,,,,,Validated reconstruction
decode,1786168474657379419,1786168474806495265,149115846,4.0,0.0,0.0,0.0,,,,,,Validated reconstruction
decode,1786168474806495265,1786168475657379419,850884154,4.0,0.0,0.0,1.0,,,,,,Validated reconstruction
decode,1786168475657379419,1786168475806495265,149115846,4.0,0.0,0.0,1.0,,,,,,Validated reconstruction
decode,1786168475806495265,1786168476657379419,850884154,4.0,0.0,0.0,1.0,,,,,,Validated reconstruction
decode,1786168476657379419,1786168476806495265,149115846,4.0,0.0,0.0,1.0,,,,,,Validated reconstruction
decode,1786168476806495265,1786168477657379419,850884154,4.0,0.0,0.0,1.0,,,,,,Validated reconstruction
decode,1786168477657379419,1786168477806495265,149115846,4.0,0.0,0.0,1.0,,,,,,Validated reconstruction
decode,1786168477806495265,1786168478657379419,850884154,4.0,0.0,0.0,1.0,,,,,,Validated reconstruction
decode,1786168478657379419,1786168478806495265,149115846,4.0,0.0,0.0,1.0,,,,,,Validated reconstruction
decode,1786168478806495265,1786168479657379419,850884154,4.0,0.0,0.0,1.0,,,,,,Validated reconstruction
decode,1786168479657379419,1786168479806495265,149115846,4.0,0.0,0.0,1.0,,,,,,Validated reconstruction
decode,1786168479806495265,1786168480657379419,850884154,4.5,0.0,0.0,1.0,,,,,,Validated reconstruction
decode,1786168480657379419,1786168480806495265,149115846,5.0,0.0,0.0,1.0,,,,,,Validated reconstruction
decode,1786168480806495265,1786168481657379419,850884154,5.5,0.0,0.0,1.0,,,,,,Validated reconstruction
decode,1786168481657379419,1786168481806495265,149115846,6.0,0.0,0.0,1.0,,,,,,Validated reconstruction
decode,1786168481806495265,1786168482657379419,850884154,6.0,0.0,0.0,1.0,,,,,,Validated reconstruction
decode,1786168482657379419,1786168482806495265,149115846,6.0,0.0,0.0,1.0,,,,,,Validated reconstruction
decode,1786168482806495265,1786168483657379419,850884154,6.0,0.0,0.0,1.0,,,,,,Validated reconstruction
decode,1786168483657379419,1786168483806495265,149115846,6.0,0.0,0.0,1.0,,,,,,Validated reconstruction
decode,1786168483806495265,1786168484657379419,850884154,6.0,0.0,0.0,1.0,,,,,,Validated reconstruction
decode,1786168484657379419,1786168484806495265,149115846,7.0,0.0,0.0,1.0,,,,,,Validated reconstruction
decode,1786168484806495265,1786168485657379419,850884154,7.0,0.0,0.0,1.0,,,,,,Validated reconstruction
decode,1786168485657379419,1786168485806495265,149115846,7.0,0.0,0.0,1.0,,,,,,Validated reconstruction
decode,1786168485806495265,1786168486657379419,850884154,7.0,0.0,0.0,1.0,,,,,,Validated reconstruction
decode,1786168486657379419,1786168486806495265,149115846,7.0,0.0,0.0,1.0,,,,,,Validated reconstruction
decode,1786168486806495265,1786168487657379419,850884154,7.0,0.0,0.0,1.0,,,,,,Validated reconstruction
decode,1786168487657379419,1786168487806495265,149115846,7.0,0.0,0.0,1.0,,,,,,Validated reconstruction
decode,1786168487806495265,1786168488657379419,850884154,8.0,0.0,0.0,1.0,,,,,,Validated reconstruction
decode,1786168488657379419,1786168488806495265,149115846,8.0,0.0,0.0,1.0,,,,,,Validated reconstruction
decode,1786168488806495265,1786168489657379419,850884154,8.0,0.0,0.0,1.0,,,,,,Validated reconstruction
decode,1786168489657379419,1786168489806495265,149115846,8.0,0.0,0.0,1.0,,,,,,Validated reconstruction
decode,1786168489806495265,1786168490657379419,850884154,8.0,0.0,0.0,1.0,,,,,,Validated reconstruction
decode,1786168490657379419,1786168490806495265,149115846,8.0,0.0,0.0,1.0,,,,,,Validated reconstruction
decode,1786168490806495265,1786168491657379419,850884154,8.0,0.0,0.0,1.0,,,,,,Validated reconstruction
decode,1786168491657379419,1786168491806495265,149115846,8.0,0.0,0.0,1.0,,,,,,Validated reconstruction
decode,1786168491806495265,1786168492657379419,850884154,8.0,0.0,0.0,1.0,,,,,,Validated reconstruction
decode,1786168492657379419,1786168492806495265,149115846,9.0,0.0,0.0,1.0,,,,,,Validated reconstruction
decode,1786168492806495265,1786168493657379419,850884154,9.0,0.0,0.0,1.0,,,,,,Validated reconstruction
decode,1786168493657379419,1786168493806495265,149115846,10.0,0.0,0.0,1.0,,,,,,Validated reconstruction
decode,1786168493806495265,1786168494657379419,850884154,10.0,0.0,0.0,1.0,,,,,,Validated reconstruction
decode,1786168494657379419,1786168494806495265,149115846,10.0,0.0,0.0,1.0,,,,,,Validated reconstruction
decode,1786168494806495265,1786168495657379419,850884154,10.0,0.0,0.0,1.0,,,,,,Validated reconstruction
decode,1786168495657379419,1786168495806495265,149115846,10.0,0.0,0.0,1.0,,,,,,Validated reconstruction
decode,1786168495806495265,1786168496657379419,850884154,10.0,0.0,0.0,1.0,,,,,,Validated reconstruction
decode,1786168496657379419,1786168496806495265,149115846,10.0,0.0,0.0,1.0,,,,,,Validated reconstruction
decode,1786168496806495265,1786168497657379419,850884154,11.0,0.0,0.0,1.0,,,,,,Validated reconstruction
decode,1786168497657379419,1786168497806495265,149115846,11.0,0.0,0.0,1.0,,,,,,Validated reconstruction
decode,1786168497806495265,1786168498657379419,850884154,11.0,0.0,0.0,1.0,,,,,,Validated reconstruction
decode,1786168498657379419,1786168498806495265,149115846,11.0,0.0,0.0,1.0,,,,,,Validated reconstruction
decode,1786168498806495265,1786168499657379419,850884154,11.0,0.0,0.0,1.0,,,,,,Validated reconstruction
decode,1786168499657379419,1786168499806495265,149115846,11.0,0.0,0.0,1.0,,,,,,Validated reconstruction
decode,1786168499806495265,1786168500657379419,850884154,11.0,0.0,0.0,1.0,,,,,,Validated reconstruction
decode,1786168500657379419,1786168500806495265,149115846,12.0,0.0,0.0,1.0,,,,,,Validated reconstruction
decode,1786168500806495265,1786168501657379419,850884154,12.0,0.0,0.0,1.0,,,,,,Validated reconstruction
decode,1786168501657379419,1786168501806495265,149115846,9.5,0.0,0.0,1.0,,,,,,Validated reconstruction
decode,1786168501806495265,1786168502657379419,850884154,9.5,0.0,0.0,1.0,,,,,,Validated reconstruction
decode,1786168502657379419,1786168502806495265,149115846,7.0,0.0,0.0,1.0,,,,,,Validated reconstruction
decode,1786168502806495265,1786168503657379419,850884154,7.0,0.0,0.0,1.0,,,,,,Validated reconstruction
decode,1786168503657379419,1786168503806495265,149115846,7.0,0.0,0.0,1.0,,,,,,Validated reconstruction
decode,1786168503806495265,1786168504657379419,850884154,7.0,0.0,0.0,1.0,,,,,,Validated reconstruction
decode,1786168505657379419,1786168505806495265,149115846,8.5,0.0,0.0,1.0,,,,,,Validated reconstruction
decode,1786168505806495265,1786168506657379419,850884154,8.5,0.0,0.0,1.0,,,,,,Validated reconstruction
decode,1786168506657379419,1786168506806495265,149115846,9.0,0.0,0.0,1.0,,,,,,Validated reconstruction
decode,1786168506806495265,1786168507657379419,850884154,9.0,0.0,0.0,1.0,,,,,,Validated reconstruction
decode,1786168507657379419,1786168507806495265,149115846,9.0,0.0,0.0,1.0,,,,,,Validated reconstruction
decode,1786168507806495265,1786168508657379419,850884154,9.0,0.0,0.0,1.0,,,,,,Validated reconstruction
decode,1786168508657379419,1786168508806495265,149115846,8.0,0.0,0.0,1.0,,,,,,Validated reconstruction
decode,1786168508806495265,1786168509657379419,850884154,8.0,0.0,0.0,1.0,,,,,,Validated reconstruction
decode,1786168509657379419,1786168509806495265,149115846,9.0,0.0,0.0,1.0,,,,,,Validated reconstruction
decode,1786168509806495265,1786168510657379419,850884154,9.0,0.0,0.0,1.0,,,,,,Validated reconstruction
decode,1786168510657379419,1786168510806495265,149115846,9.0,0.0,0.0,1.0,,,,,,Validated reconstruction
decode,1786168510806495265,1786168511657379419,850884154,9.0,0.0,0.0,1.0,,,,,,Validated reconstruction
decode,1786168511657379419,1786168511806495265,149115846,9.0,0.0,0.0,1.0,,,,,,Validated reconstruction
decode,1786168511806495265,1786168512657379419,850884154,9.0,0.0,0.0,1.0,,,,,,Validated reconstruction
decode,1786168512657379419,1786168512806495265,149115846,8.0,0.0,0.0,1.0,,,,,,Validated reconstruction
decode,1786168512806495265,1786168513657379419,850884154,2.5,0.0,0.0,0.0,,,,,,Validated reconstruction
decode,1786168513657379419,1786168513806495265,149115846,2.5,0.0,0.0,0.0,,,,,,Validated reconstruction
decode,1786168513806495265,1786168514657379419,850884154,2.0,0.0,0.0,0.0,,,,,,Validated reconstruction
decode,1786168514657379419,1786168514806495265,149115846,2.0,0.0,0.0,0.0,,,,,,Validated reconstruction
decode,1786168514806495265,1786168515657379419,850884154,2.0,0.0,0.0,0.0,,,,,,Validated reconstruction
decode,1786168515657379419,1786168515806495265,149115846,2.0,0.0,0.0,0.0,,,,,,Validated reconstruction
decode,1786168515806495265,1786168516657379419,850884154,2.0,0.0,0.0,0.0,,,,,,Validated reconstruction
decode,1786168516657379419,1786168516806495265,149115846,2.0,0.0,0.0,0.0,,,,,,Validated reconstruction
decode,1786168516806495265,1786168517657379419,850884154,2.0,0.0,0.0,0.0,,,,,,Validated reconstruction
decode,1786168517657379419,1786168517806495265,149115846,2.0,0.0,0.0,0.0,,,,,,Validated reconstruction
decode,1786168517806495265,1786168518657379419,850884154,2.0,0.0,0.0,0.0,,,,,,Validated reconstruction
decode,1786168518657379419,1786168518806495265,149115846,2.0,0.0,0.0,0.0,,,,,,Validated reconstruction
decode,1786168518806495265,1786168519657379419,850884154,2.0,0.0,0.0,0.0,,,,,,Validated reconstruction
decode,1786168519657379419,1786168519806495265,149115846,2.0,0.0,0.0,0.0,,,,,,Validated reconstruction
decode,1786168519806495265,1786168520657379419,850884154,2.0,0.0,0.0,0.0,,,,,,Validated reconstruction
decode,1786168520657379419,1786168520806495265,149115846,2.0,0.0,0.0,0.0,,,,,,Validated reconstruction
decode,1786168520806495265,1786168521657379419,850884154,2.0,0.0,0.0,0.0,,,,,,Validated reconstruction
decode,1786168521657379419,1786168521806495265,149115846,2.5,0.0,0.0,0.0,,,,,,Validated reconstruction
decode,1786168521806495265,1786168522657379419,850884154,2.5,0.0,0.0,0.0,,,,,,Validated reconstruction
decode,1786168522657379419,1786168522806495265,149115846,3.0,0.0,0.0,0.0,,,,,,Validated reconstruction
decode,1786168522806495265,1786168523657379419,850884154,3.0,0.0,0.0,0.0,,,,,,Validated reconstruction
decode,1786168523657379419,1786168523806495265,149115846,4.0,0.0,0.0,0.0,,,,,,Validated reconstruction
decode,1786168523806495265,1786168524657379419,850884154,5.0,0.0,0.0,0.0,,,,,,Validated reconstruction
decode,1786168524657379419,1786168524806495265,149115846,5.0,0.0,0.0,0.0,,,,,,Validated reconstruction
decode,1786168524806495265,1786168525657379419,850884154,6.0,0.0,0.0,0.0,,,,,,Validated reconstruction
decode,1786168525657379419,1786168525806495265,149115846,6.0,0.0,0.0,0.0,,,,,,Validated reconstruction
decode,1786168525806495265,1786168526657379419,850884154,6.0,0.0,0.0,0.0,,,,,,Validated reconstruction
decode,1786168526657379419,1786168526806495265,149115846,6.0,0.0,0.0,0.0,,,,,,Validated reconstruction
decode,1786168526806495265,1786168527657379419,850884154,6.0,0.0,0.0,0.0,,,,,,Validated reconstruction
decode,1786168527657379419,1786168527806495265,149115846,6.0,0.0,0.0,0.0,,,,,,Validated reconstruction
decode,1786168527806495265,1786168528657379419,850884154,6.0,0.0,0.0,0.0,,,,,,Validated reconstruction
decode,1786168528657379419,1786168528806495265,149115846,6.0,0.0,0.0,0.0,,,,,,Validated reconstruction
decode,1786168528806495265,1786168529657379419,850884154,6.0,0.0,0.0,0.0,,,,,,Validated reconstruction
decode,1786168529657379419,1786168529806495265,149115846,6.0,0.0,0.0,0.0,,,,,,Validated reconstruction
decode,1786168529806495265,1786168530657379419,850884154,6.0,0.0,0.0,0.0,,,,,,Validated reconstruction
decode,1786168530657379419,1786168530806495265,149115846,6.0,0.0,0.0,0.0,,,,,,Validated reconstruction
decode,1786168530806495265,1786168531657379419,850884154,6.0,0.0,0.0,0.0,,,,,,Validated reconstruction
decode,1786168531657379419,1786168531806495265,149115846,7.0,0.0,0.0,0.0,,,,,,Validated reconstruction
decode,1786168531806495265,1786168532657379419,850884154,7.0,0.0,0.0,0.0,,,,,,Validated reconstruction
decode,1786168532657379419,1786168532806495265,149115846,7.0,0.0,0.0,0.0,,,,,,Validated reconstruction
decode,1786168532806495265,1786168533657379419,850884154,7.0,0.0,0.0,0.0,,,,,,Validated reconstruction
decode,1786168533657379419,1786168533806495265,149115846,8.0,0.0,0.0,0.0,,,,,,Validated reconstruction
decode,1786168533806495265,1786168534657379419,850884154,8.0,0.0,0.0,0.0,,,,,,Validated reconstruction
decode,1786168534657379419,1786168534806495265,149115846,8.0,0.0,0.0,1.0,,,,,,Validated reconstruction
decode,1786168534806495265,1786168535657379419,850884154,8.0,0.0,0.0,1.0,,,,,,Validated reconstruction
decode,1786168535657379419,1786168535806495265,149115846,8.0,0.0,0.0,0.5,,,,,,Validated reconstruction
decode,1786168535806495265,1786168536657379419,850884154,8.0,0.0,0.0,0.5,,,,,,Validated reconstruction
decode,1786168536657379419,1786168536806495265,149115846,8.0,0.0,0.0,0.0,,,,,,Validated reconstruction
decode,1786168536806495265,1786168537657379419,850884154,8.0,0.0,0.0,0.0,,,,,,Validated reconstruction
decode,1786168537657379419,1786168537806495265,149115846,8.0,0.0,0.0,0.0,,,,,,Validated reconstruction
decode,1786168537806495265,1786168538657379419,850884154,8.0,0.0,0.0,0.0,,,,,,Validated reconstruction
decode,1786168538657379419,1786168538806495265,149115846,3.0,0.0,0.0,0.0,,,,,,Validated reconstruction
decode,1786168538806495265,1786168539657379419,850884154,3.0,0.0,0.0,0.0,,,,,,Validated reconstruction
decode,1786168539657379419,1786168539806495265,149115846,3.0,0.0,0.0,0.0,,,,,,Validated reconstruction
decode,1786168539806495265,1786168540657379419,850884154,3.0,0.0,0.0,0.0,,,,,,Validated reconstruction
decode,1786168540657379419,1786168540806495265,149115846,3.5,0.0,0.0,0.0,,,,,,Validated reconstruction
decode,1786168540806495265,1786168541657379419,850884154,3.5,0.0,0.0,0.0,,,,,,Validated reconstruction
decode,1786168541657379419,1786168541806495265,149115846,4.0,0.0,0.0,0.0,,,,,,Validated reconstruction
decode,1786168541806495265,1786168542657379419,850884154,4.0,0.0,0.0,0.0,,,,,,Validated reconstruction
decode,1786168542657379419,1786168542806495265,149115846,4.0,0.0,0.0,0.0,,,,,,Validated reconstruction
decode,1786168542806495265,1786168543657379419,850884154,4.0,0.0,0.0,0.0,,,,,,Validated reconstruction
decode,1786168543657379419,1786168543806495265,149115846,3.5,0.0,0.0,0.0,,,,,,Validated reconstruction
decode,1786168544806495265,1786168545657379419,850884154,3.0,0.0,0.0,0.0,,,,,,Validated reconstruction
decode,1786168545657379419,1786168545806495265,149115846,3.0,0.0,0.0,0.0,,,,,,Validated reconstruction
decode,1786168545806495265,1786168546657379419,850884154,3.0,0.0,0.0,0.0,,,,,,Validated reconstruction
decode,1786168546657379419,1786168546806495265,149115846,3.0,0.0,0.0,0.0,,,,,,Validated reconstruction
decode,1786168546806495265,1786168547657379419,850884154,3.0,0.0,0.0,0.0,,,,,,Validated reconstruction
decode,1786168547657379419,1786168547806495265,149115846,3.0,0.0,0.0,0.0,,,,,,Validated reconstruction
decode,1786168547806495265,1786168548657379419,850884154,3.0,0.0,0.0,0.0,,,,,,Validated reconstruction
decode,1786168548657379419,1786168548806495265,149115846,3.0,0.0,0.0,0.0,,,,,,Validated reconstruction
decode,1786168548806495265,1786168549657379419,850884154,3.0,0.0,0.0,0.0,,,,,,Validated reconstruction
decode,1786168549657379419,1786168549806495265,149115846,3.0,0.0,0.0,0.0,,,,,,Validated reconstruction
decode,1786168549806495265,1786168550657379419,850884154,3.0,0.0,0.0,0.0,,,,,,Validated reconstruction
decode,1786168550657379419,1786168550806495265,149115846,3.0,0.0,0.0,0.0,,,,,,Validated reconstruction
decode,1786168550806495265,1786168551657379419,850884154,3.0,0.0,0.0,0.0,,,,,,Validated reconstruction
decode,1786168551657379419,1786168551806495265,149115846,3.0,0.0,0.0,0.0,,,,,,Validated reconstruction
decode,1786168551806495265,1786168552657379419,850884154,4.0,0.0,0.0,0.0,,,,,,Validated reconstruction
decode,1786168552657379419,1786168552806495265,149115846,4.0,0.0,0.0,0.0,,,,,,Validated reconstruction
decode,1786168552806495265,1786168553657379419,850884154,4.0,0.0,0.0,0.0,,,,,,Validated reconstruction
decode,1786168553657379419,1786168553806495265,149115846,5.0,0.0,0.0,0.0,,,,,,Validated reconstruction
decode,1786168553806495265,1786168554657379419,850884154,5.0,0.0,0.0,0.0,,,,,,Validated reconstruction
decode,1786168554657379419,1786168554806495265,149115846,5.0,0.0,0.0,0.0,,,,,,Validated reconstruction
decode,1786168554806495265,1786168555657379419,850884154,5.0,0.0,0.0,0.0,,,,,,Validated reconstruction
decode,1786168555657379419,1786168555806495265,149115846,4.0,0.0,0.0,0.0,,,,,,Validated reconstruction
decode,1786168555806495265,1786168556657379419,850884154,4.0,0.0,0.0,0.0,,,,,,Validated reconstruction
decode,1786168556657379419,1786168556806495265,149115846,4.0,0.0,0.0,0.0,,,,,,Validated reconstruction
decode,1786168556806495265,1786168557657379419,850884154,4.0,0.0,0.0,0.0,,,,,,Validated reconstruction
decode,1786168557657379419,1786168557806495265,149115846,4.0,0.0,0.0,0.0,,,,,,Validated reconstruction
decode,1786168557806495265,1786168558657379419,850884154,4.0,0.0,0.0,0.0,,,,,,Validated reconstruction
decode,1786168558657379419,1786168558806495265,149115846,4.0,0.0,0.0,0.0,,,,,,Validated reconstruction
decode,1786168558806495265,1786168559657379419,850884154,4.0,0.0,0.0,0.0,,,,,,Validated reconstruction
decode,1786168559657379419,1786168559806495265,149115846,4.0,0.0,0.0,0.0,,,,,,Validated reconstruction
decode,1786168559806495265,1786168560657379419,850884154,4.0,0.0,0.0,0.0,,,,,,Validated reconstruction
decode,1786168560657379419,1786168560806495265,149115846,4.0,0.0,0.0,0.0,,,,,,Validated reconstruction
decode,1786168560806495265,1786168561657379419,850884154,4.0,0.0,0.0,0.0,,,,,,Validated reconstruction
decode,1786168561657379419,1786168561806495265,149115846,4.0,0.0,0.0,0.0,,,,,,Validated reconstruction
decode,1786168561806495265,1786168562657379419,850884154,4.0,0.0,0.0,0.0,,,,,,Validated reconstruction
decode,1786168562657379419,1786168562806495265,149115846,4.0,0.0,0.0,0.0,,,,,,Validated reconstruction
decode,1786168562806495265,1786168563657379419,850884154,4.0,0.0,0.0,0.0,,,,,,Validated reconstruction
decode,1786168563657379419,1786168563806495265,149115846,4.0,0.0,0.0,0.0,,,,,,Validated reconstruction
decode,1786168563806495265,1786168564657379419,850884154,4.0,0.0,0.0,0.0,,,,,,Validated reconstruction
decode,1786168564657379419,1786168564806495265,149115846,4.0,0.0,0.0,0.0,,,,,,Validated reconstruction
decode,1786168564806495265,1786168565657379419,850884154,4.0,0.0,0.0,0.0,,,,,,Validated reconstruction
decode,1786168565657379419,1786168565806495265,149115846,4.0,0.0,0.0,0.0,,,,,,Validated reconstruction
decode,1786168565806495265,1786168566657379419,850884154,4.0,0.0,0.0,1.0,,,,,,Validated reconstruction
decode,1786168566657379419,1786168566806495265,149115846,4.0,0.0,0.0,1.0,,,,,,Validated reconstruction
decode,1786168566806495265,1786168567657379419,850884154,4.0,0.0,0.0,1.0,,,,,,Validated reconstruction
decode,1786168567657379419,1786168567806495265,149115846,4.0,0.0,0.0,1.0,,,,,,Validated reconstruction
decode,1786168567806495265,1786168568657379419,850884154,4.5,0.0,0.0,0.5,,,,,,Validated reconstruction
decode,1786168568657379419,1786168568806495265,149115846,5.166666666666667,0.0,0.0,0.5,,,,,,Validated reconstruction
decode,1786168568806495265,1786168569657379419,850884154,5.666666666666667,0.0,0.0,0.0,,,,,,Validated reconstruction
decode,1786168569657379419,1786168569806495265,149115846,6.0,0.0,0.0,0.0,,,,,,Validated reconstruction
decode,1786168569806495265,1786168570657379419,850884154,6.0,0.0,0.0,0.0,,,,,,Validated reconstruction
decode,1786168570657379419,1786168570806495265,149115846,6.0,0.0,0.0,0.0,,,,,,Validated reconstruction
decode,1786168570806495265,1786168571657379419,850884154,5.0,0.0,0.0,0.0,,,,,,Validated reconstruction
decode,1786168571657379419,1786168571806495265,149115846,5.0,0.0,0.0,0.0,,,,,,Validated reconstruction
decode,1786168571806495265,1786168572657379419,850884154,5.0,0.0,0.0,0.0,,,,,,Validated reconstruction
decode,1786168572657379419,1786168572806495265,149115846,5.0,0.0,0.0,0.0,,,,,,Validated reconstruction
decode,1786168572806495265,1786168573657379419,850884154,6.0,0.0,0.0,1.0,,,,,,Validated reconstruction
decode,1786168573657379419,1786168573806495265,149115846,6.0,0.0,0.0,2.0,,,,,,Validated reconstruction
decode,1786168573806495265,1786168574657379419,850884154,6.0,0.0,0.0,2.0,,,,,,Validated reconstruction
decode,1786168574657379419,1786168574806495265,149115846,6.0,0.0,0.0,2.0,,,,,,Validated reconstruction
decode,1786168574806495265,1786168575657379419,850884154,6.0,0.0,0.0,2.0,,,,,,Validated reconstruction
decode,1786168575657379419,1786168575806495265,149115846,6.0,0.0,0.0,2.0,,,,,,Validated reconstruction
decode,1786168575806495265,1786168576657379419,850884154,6.0,0.0,0.0,2.0,,,,,,Validated reconstruction
decode,1786168576657379419,1786168576806495265,149115846,6.0,0.0,0.0,2.0,,,,,,Validated reconstruction
decode,1786168576806495265,1786168577657379419,850884154,7.0,0.0,0.0,1.0,,,,,,Validated reconstruction
decode,1786168577657379419,1786168577806495265,149115846,7.0,0.0,0.0,1.0,,,,,,Validated reconstruction
decode,1786168577806495265,1786168578657379419,850884154,7.0,0.0,0.0,1.0,,,,,,Validated reconstruction
decode,1786168578657379419,1786168578806495265,149115846,7.0,0.0,0.0,1.0,,,,,,Validated reconstruction
decode,1786168578806495265,1786168579657379419,850884154,7.0,0.0,0.0,1.0,,,,,,Validated reconstruction
decode,1786168579657379419,1786168579806495265,149115846,7.0,0.0,0.0,1.0,,,,,,Validated reconstruction
decode,1786168579806495265,1786168580657379419,850884154,7.0,0.0,0.0,1.0,,,,,,Validated reconstruction
decode,1786168580657379419,1786168580806495265,149115846,7.0,0.0,0.0,1.0,,,,,,Validated reconstruction
decode,1786168580806495265,1786168581657379419,850884154,7.0,0.0,0.0,1.0,,,,,,Validated reconstruction
decode,1786168581657379419,1786168581806495265,149115846,7.0,0.0,0.0,1.0,,,,,,Validated reconstruction
decode,1786168581806495265,1786168582657379419,850884154,7.0,0.0,0.0,1.0,,,,,,Validated reconstruction
decode,1786168582657379419,1786168582806495265,149115846,7.0,0.0,0.0,1.0,,,,,,Validated reconstruction
decode,1786168582806495265,1786168583657379419,850884154,7.0,0.0,0.0,1.0,,,,,,Validated reconstruction
decode,1786168583657379419,1786168583806495265,149115846,7.0,0.0,0.0,1.0,,,,,,Validated reconstruction
decode,1786168583806495265,1786168584657379419,850884154,7.0,0.0,1.0,1.0,,,,,,Validated reconstruction
decode,1786168584657379419,1786168584806495265,149115846,7.0,0.0,1.0,1.0,,,,,,Validated reconstruction
decode,1786168584806495265,1786168585657379419,850884154,7.0,0.0,1.0,1.0,,,,,,Validated reconstruction
decode,1786168585657379419,1786168585806495265,149115846,7.0,0.0,1.0,1.0,,,,,,Validated reconstruction
decode,1786168585806495265,1786168586657379419,850884154,7.0,0.0,1.0,1.0,,,,,,Validated reconstruction
decode,1786168586657379419,1786168586806495265,149115846,7.0,0.0,1.0,0.5,,,,,,Validated reconstruction
decode,1786168586806495265,1786168587657379419,850884154,7.0,0.0,1.0,0.5,,,,,,Validated reconstruction
decode,1786168587657379419,1786168587806495265,149115846,7.5,0.0,1.0,0.0,,,,,,Validated reconstruction
decode,1786168587806495265,1786168588657379419,850884154,8.5,0.0,1.0,0.0,,,,,,Validated reconstruction
decode,1786168588657379419,1786168588806495265,149115846,9.0,0.0,1.0,0.0,,,,,,Validated reconstruction
decode,1786168588806495265,1786168589657379419,850884154,9.0,0.0,1.0,0.0,,,,,,Validated reconstruction
decode,1786168589657379419,1786168589806495265,149115846,9.0,0.0,1.0,0.0,,,,,,Validated reconstruction
decode,1786168589806495265,1786168590657379419,850884154,9.0,0.0,1.0,0.0,,,,,,Validated reconstruction
decode,1786168590657379419,1786168590806495265,149115846,9.0,0.0,1.0,1.0,,,,,,Validated reconstruction
decode,1786168590806495265,1786168591657379419,850884154,9.0,0.0,1.0,1.0,,,,,,Validated reconstruction
decode,1786168591657379419,1786168591806495265,149115846,9.0,0.0,1.0,1.0,,,,,,Validated reconstruction
decode,1786168591806495265,1786168592657379419,850884154,9.0,0.0,2.0,1.0,,,,,,Validated reconstruction
decode,1786168592657379419,1786168592806495265,149115846,9.0,0.0,2.0,1.0,,,,,,Validated reconstruction
decode,1786168592806495265,1786168593657379419,850884154,9.0,0.0,2.0,1.0,,,,,,Validated reconstruction
decode,1786168593657379419,1786168593806495265,149115846,9.0,0.0,2.0,1.0,,,,,,Validated reconstruction
decode,1786168593806495265,1786168594657379419,850884154,9.0,0.0,2.0,1.0,,,,,,Validated reconstruction
decode,1786168594657379419,1786168594806495265,149115846,11.0,0.0,2.0,1.0,,,,,,Validated reconstruction
decode,1786168594806495265,1786168595657379419,850884154,11.0,0.0,2.0,1.0,,,,,,Validated reconstruction
decode,1786168595657379419,1786168595806495265,149115846,11.0,0.0,2.0,1.0,,,,,,Validated reconstruction
decode,1786168595806495265,1786168596657379419,850884154,11.0,0.0,2.0,1.0,,,,,,Validated reconstruction
decode,1786168596657379419,1786168596806495265,149115846,11.0,0.0,2.0,1.0,,,,,,Validated reconstruction
decode,1786168596806495265,1786168597657379419,850884154,11.0,0.0,2.0,1.0,,,,,,Validated reconstruction
decode,1786168597657379419,1786168597806495265,149115846,11.0,0.0,2.0,1.0,,,,,,Validated reconstruction
decode,1786168597806495265,1786168598657379419,850884154,11.0,0.0,2.0,1.0,,,,,,Validated reconstruction
decode,1786168598657379419,1786168598806495265,149115846,11.0,0.0,2.0,1.0,,,,,,Validated reconstruction
decode,1786168598806495265,1786168599657379419,850884154,11.0,0.0,2.0,1.0,,,,,,Validated reconstruction
decode,1786168599657379419,1786168599806495265,149115846,10.5,0.0,2.0,1.0,,,,,,Validated reconstruction
decode,1786168599806495265,1786168600657379419,850884154,10.5,0.0,2.0,1.0,,,,,,Validated reconstruction
decode,1786168600657379419,1786168600806495265,149115846,9.0,0.0,2.0,1.0,,,,,,Validated reconstruction
decode,1786168600806495265,1786168601657379419,850884154,9.0,0.0,2.0,1.5,,,,,,Validated reconstruction
decode,1786168601657379419,1786168601806495265,149115846,8.0,0.0,2.0,1.5,,,,,,Validated reconstruction
decode,1786168601806495265,1786168602657379419,850884154,8.0,0.0,2.0,2.5,,,,,,Validated reconstruction
decode,1786168602657379419,1786168602806495265,149115846,8.0,0.0,2.0,2.5,,,,,,Validated reconstruction
decode,1786168602806495265,1786168603657379419,850884154,8.0,0.0,2.0,3.0,,,,,,Validated reconstruction
decode,1786168603657379419,1786168603806495265,149115846,8.0,0.0,2.0,3.0,,,,,,Validated reconstruction
decode,1786168603806495265,1786168604657379419,850884154,8.0,0.0,2.0,3.0,,,,,,Validated reconstruction
decode,1786168604657379419,1786168604806495265,149115846,8.0,0.0,2.0,3.0,,,,,,Validated reconstruction
decode,1786168604806495265,1786168605657379419,850884154,8.0,0.0,2.0,3.0,,,,,,Validated reconstruction
decode,1786168605657379419,1786168605806495265,149115846,8.0,0.0,2.0,3.0,,,,,,Validated reconstruction
decode,1786168605806495265,1786168606657379419,850884154,8.0,0.0,2.0,3.0,,,,,,Validated reconstruction
decode,1786168606657379419,1786168606806495265,149115846,8.0,0.0,2.0,3.0,,,,,,Validated reconstruction
decode,1786168606806495265,1786168607657379419,850884154,8.0,0.0,2.0,3.0,,,,,,Validated reconstruction
decode,1786168607657379419,1786168607806495265,149115846,8.0,0.0,2.0,3.0,,,,,,Validated reconstruction
decode,1786168607806495265,1786168608657379419,850884154,8.0,0.0,2.0,3.0,,,,,,Validated reconstruction
decode,1786168608657379419,1786168608806495265,149115846,8.0,0.0,2.0,3.0,,,,,,Validated reconstruction
decode,1786168608806495265,1786168609657379419,850884154,8.0,0.0,2.0,3.0,,,,,,Validated reconstruction
decode,1786168609657379419,1786168609806495265,149115846,8.0,0.0,2.0,3.0,,,,,,Validated reconstruction
decode,1786168609806495265,1786168610657379419,850884154,8.0,0.0,2.0,3.0,,,,,,Validated reconstruction
decode,1786168610657379419,1786168610806495265,149115846,8.0,0.0,2.0,3.0,,,,,,Validated reconstruction
decode,1786168610806495265,1786168611657379419,850884154,8.0,0.0,2.0,3.0,,,,,,Validated reconstruction
decode,1786168611657379419,1786168611806495265,149115846,8.0,0.0,2.0,3.0,,,,,,Validated reconstruction
decode,1786168611806495265,1786168612657379419,850884154,8.0,0.0,2.0,3.0,,,,,,Validated reconstruction
decode,1786168612657379419,1786168612806495265,149115846,8.0,0.0,2.0,3.0,,,,,,Validated reconstruction
decode,1786168612806495265,1786168613657379419,850884154,8.0,0.0,0.0,4.0,,,,,,Validated reconstruction
decode,1786168613657379419,1786168613806495265,149115846,8.0,0.0,0.0,4.0,,,,,,Validated reconstruction
decode,1786168613806495265,1786168614657379419,850884154,6.5,0.0,0.0,4.0,,,,,,Validated reconstruction
decode,1786168614657379419,1786168614806495265,149115846,6.5,0.0,0.0,4.0,,,,,,Validated reconstruction
decode,1786168614806495265,1786168615657379419,850884154,5.0,0.0,0.0,4.0,,,,,,Validated reconstruction
decode,1786168615657379419,1786168615806495265,149115846,5.0,0.0,0.0,4.0,,,,,,Validated reconstruction
decode,1786168615806495265,1786168616657379419,850884154,5.0,0.0,0.0,4.0,,,,,,Validated reconstruction
decode,1786168616657379419,1786168616806495265,149115846,5.0,0.0,0.0,4.0,,,,,,Validated reconstruction
decode,1786168616806495265,1786168617657379419,850884154,5.0,0.0,0.0,4.0,,,,,,Validated reconstruction
decode,1786168617657379419,1786168617806495265,149115846,5.0,0.0,0.0,4.0,,,,,,Validated reconstruction
decode,1786168617806495265,1786168618657379419,850884154,5.0,0.0,0.0,4.0,,,,,,Validated reconstruction
decode,1786168618657379419,1786168618806495265,149115846,5.0,0.0,0.0,4.0,,,,,,Validated reconstruction
decode,1786168618806495265,1786168619657379419,850884154,5.0,0.0,0.0,4.0,,,,,,Validated reconstruction
decode,1786168619657379419,1786168619806495265,149115846,5.0,0.0,0.0,4.0,,,,,,Validated reconstruction
decode,1786168619806495265,1786168620657379419,850884154,5.0,0.0,0.0,4.0,,,,,,Validated reconstruction
decode,1786168620657379419,1786168620806495265,149115846,5.0,0.0,0.0,4.0,,,,,,Validated reconstruction
decode,1786168620806495265,1786168621657379419,850884154,5.0,0.0,0.0,4.0,,,,,,Validated reconstruction
decode,1786168621657379419,1786168621806495265,149115846,5.0,0.0,0.0,4.0,,,,,,Validated reconstruction
decode,1786168621806495265,1786168622657379419,850884154,5.0,0.0,0.0,4.0,,,,,,Validated reconstruction
decode,1786168622657379419,1786168622806495265,149115846,4.0,0.0,0.0,3.0,,,,,,Validated reconstruction
decode,1786168622806495265,1786168623657379419,850884154,4.0,0.0,0.0,2.5,,,,,,Validated reconstruction
decode,1786168623657379419,1786168623806495265,149115846,4.0,0.0,0.0,2.5,,,,,,Validated reconstruction
decode,1786168623806495265,1786168624657379419,850884154,4.0,0.0,0.0,1.0,,,,,,Validated reconstruction
decode,1786168624657379419,1786168624806495265,149115846,4.0,0.0,0.0,1.0,,,,,,Validated reconstruction
decode,1786168624806495265,1786168625657379419,850884154,4.0,0.0,0.0,1.0,,,,,,Validated reconstruction
decode,1786168625657379419,1786168625806495265,149115846,4.0,0.0,0.0,1.0,,,,,,Validated reconstruction
decode,1786168625806495265,1786168626657379419,850884154,4.0,0.0,0.0,1.0,,,,,,Validated reconstruction
decode,1786168626657379419,1786168626806495265,149115846,4.0,0.0,0.0,1.0,,,,,,Validated reconstruction
decode,1786168626806495265,1786168627657379419,850884154,4.666666666666666,0.0,0.0,1.0,,,,,,Validated reconstruction
decode,1786168627657379419,1786168627806495265,149115846,4.666666666666666,0.0,0.0,1.0,,,,,,Validated reconstruction
decode,1786168627806495265,1786168628657379419,850884154,5.0,0.0,0.0,1.0,,,,,,Validated reconstruction
decode,1786168628657379419,1786168628806495265,149115846,5.0,0.0,0.0,1.0,,,,,,Validated reconstruction
decode,1786168628806495265,1786168629657379419,850884154,5.0,0.0,0.0,1.5,,,,,,Validated reconstruction
decode,1786168629657379419,1786168629806495265,149115846,5.0,0.0,0.0,1.5,,,,,,Validated reconstruction
decode,1786168629806495265,1786168630657379419,850884154,5.0,0.0,0.0,2.0,,,,,,Validated reconstruction
decode,1786168630657379419,1786168630806495265,149115846,5.0,0.0,0.0,2.0,,,,,,Validated reconstruction
decode,1786168630806495265,1786168631657379419,850884154,5.0,0.0,1.0,2.0,,,,,,Validated reconstruction
decode,1786168631657379419,1786168631806495265,149115846,5.0,0.0,1.0,2.0,,,,,,Validated reconstruction
decode,1786168631806495265,1786168632657379419,850884154,5.0,0.0,1.0,2.0,,,,,,Validated reconstruction
decode,1786168632657379419,1786168632806495265,149115846,5.0,0.0,1.0,2.0,,,,,,Validated reconstruction
decode,1786168632806495265,1786168633657379419,850884154,5.0,0.0,1.0,2.0,,,,,,Validated reconstruction
decode,1786168633657379419,1786168633806495265,149115846,5.0,0.0,1.0,2.0,,,,,,Validated reconstruction
decode,1786168633806495265,1786168634657379419,850884154,5.0,0.0,1.0,1.0,,,,,,Validated reconstruction
decode,1786168634657379419,1786168634806495265,149115846,5.0,0.0,1.0,1.0,,,,,,Validated reconstruction
decode,1786168634806495265,1786168635657379419,850884154,5.0,0.0,1.0,1.0,,,,,,Validated reconstruction
decode,1786168635657379419,1786168635806495265,149115846,5.0,0.0,1.0,1.0,,,,,,Validated reconstruction
decode,1786168635806495265,1786168636657379419,850884154,6.0,0.0,1.0,0.0,,,,,,Validated reconstruction
decode,1786168636657379419,1786168636806495265,149115846,6.0,0.0,1.0,0.0,,,,,,Validated reconstruction
decode,1786168636806495265,1786168637657379419,850884154,6.0,0.0,1.0,0.0,,,,,,Validated reconstruction
decode,1786168637657379419,1786168637806495265,149115846,6.0,0.0,1.0,0.0,,,,,,Validated reconstruction
decode,1786168637806495265,1786168638657379419,850884154,6.0,0.0,1.0,0.0,,,,,,Validated reconstruction
decode,1786168638657379419,1786168638806495265,149115846,7.0,0.0,1.0,0.0,,,,,,Validated reconstruction
decode,1786168638806495265,1786168639657379419,850884154,3.5,0.0,1.0,0.0,,,,,,Validated reconstruction
decode,1786168639657379419,1786168639806495265,149115846,3.5,0.0,1.0,0.0,,,,,,Validated reconstruction
decode,1786168639806495265,1786168640657379419,850884154,4.0,0.0,1.0,0.0,,,,,,Validated reconstruction
decode,1786168640657379419,1786168640806495265,149115846,3.0,0.0,1.0,0.0,,,,,,Validated reconstruction
decode,1786168640806495265,1786168641657379419,850884154,4.0,0.0,1.0,0.0,,,,,,Validated reconstruction
decode,1786168641657379419,1786168641806495265,149115846,4.0,0.0,1.0,0.0,,,,,,Validated reconstruction
decode,1786168641806495265,1786168642657379419,850884154,5.0,0.0,1.0,0.0,,,,,,Validated reconstruction
decode,1786168642657379419,1786168642806495265,149115846,5.0,0.0,1.0,0.0,,,,,,Validated reconstruction
decode,1786168642806495265,1786168643657379419,850884154,5.0,0.0,1.0,0.0,,,,,,Validated reconstruction
decode,1786168643657379419,1786168643806495265,149115846,5.0,0.0,1.0,0.0,,,,,,Validated reconstruction
decode,1786168643806495265,1786168644657379419,850884154,5.0,0.0,1.0,0.0,,,,,,Validated reconstruction
decode,1786168644657379419,1786168644806495265,149115846,7.5,0.0,1.0,0.0,,,,,,Validated reconstruction
decode,1786168644806495265,1786168645657379419,850884154,7.5,0.0,1.0,0.0,,,,,,Validated reconstruction
decode,1786168645657379419,1786168645806495265,149115846,10.0,0.0,2.0,0.0,,,,,,Validated reconstruction
decode,1786168645806495265,1786168646657379419,850884154,10.0,0.0,2.0,0.0,,,,,,Validated reconstruction
decode,1786168646657379419,1786168646806495265,149115846,10.0,0.0,2.0,0.0,,,,,,Validated reconstruction
decode,1786168646806495265,1786168647657379419,850884154,11.0,0.0,2.0,0.0,,,,,,Validated reconstruction
decode,1786168647657379419,1786168647806495265,149115846,11.0,0.0,2.0,0.0,,,,,,Validated reconstruction
decode,1786168647806495265,1786168648657379419,850884154,11.0,0.0,2.0,0.0,,,,,,Validated reconstruction
decode,1786168648657379419,1786168648806495265,149115846,11.0,0.0,2.0,0.0,,,,,,Validated reconstruction
decode,1786168648806495265,1786168649657379419,850884154,11.0,0.0,2.0,0.0,,,,,,Validated reconstruction
decode,1786168649657379419,1786168649806495265,149115846,12.0,0.0,2.0,0.0,,,,,,Validated reconstruction
decode,1786168649806495265,1786168650657379419,850884154,12.0,0.0,2.0,0.0,,,,,,Validated reconstruction
decode,1786168650657379419,1786168650806495265,149115846,12.0,0.0,2.5,0.0,,,,,,Validated reconstruction
decode,1786168650806495265,1786168651657379419,850884154,12.0,0.0,2.5,0.0,,,,,,Validated reconstruction
decode,1786168651657379419,1786168651806495265,149115846,12.0,0.0,3.0,0.0,,,,,,Validated reconstruction
decode,1786168651806495265,1786168652657379419,850884154,13.0,0.0,3.0,0.0,,,,,,Validated reconstruction
decode,1786168652657379419,1786168652806495265,149115846,13.0,0.0,3.0,0.0,,,,,,Validated reconstruction
decode,1786168652806495265,1786168653657379419,850884154,13.0,0.0,3.0,1.0,,,,,,Validated reconstruction
decode,1786168653657379419,1786168653806495265,149115846,13.0,0.0,3.0,1.0,,,,,,Validated reconstruction
decode,1786168653806495265,1786168654657379419,850884154,13.5,0.0,3.0,0.5,,,,,,Validated reconstruction
decode,1786168654657379419,1786168654806495265,149115846,13.5,0.0,3.0,0.5,,,,,,Validated reconstruction
decode,1786168654806495265,1786168655657379419,850884154,14.0,0.0,3.0,0.0,,,,,,Validated reconstruction
decode,1786168655657379419,1786168655806495265,149115846,14.0,0.0,3.0,0.0,,,,,,Validated reconstruction
decode,1786168655806495265,1786168656657379419,850884154,14.0,0.0,3.0,0.0,,,,,,Validated reconstruction
decode,1786168656657379419,1786168656806495265,149115846,14.5,0.0,3.0,0.0,,,,,,Validated reconstruction
decode,1786168656806495265,1786168657657379419,850884154,14.5,0.0,3.0,0.0,,,,,,Validated reconstruction
decode,1786168657657379419,1786168657806495265,149115846,14.0,0.0,3.0,0.0,,,,,,Validated reconstruction
decode,1786168657806495265,1786168658657379419,850884154,14.0,0.0,3.0,0.0,,,,,,Validated reconstruction
decode,1786168658657379419,1786168658806495265,149115846,14.0,0.0,3.0,0.0,,,,,,Validated reconstruction
decode,1786168658806495265,1786168659657379419,850884154,14.0,0.0,3.0,0.0,,,,,,Validated reconstruction
decode,1786168659657379419,1786168659806495265,149115846,14.0,0.0,3.0,0.0,,,,,,Validated reconstruction
decode,1786168659806495265,1786168660657379419,850884154,14.0,0.0,3.0,0.0,,,,,,Validated reconstruction
decode,1786168660657379419,1786168660806495265,149115846,14.0,0.0,3.0,0.0,,,,,,Validated reconstruction
decode,1786168660806495265,1786168661657379419,850884154,14.0,0.0,3.0,0.0,,,,,,Validated reconstruction
decode,1786168661657379419,1786168661806495265,149115846,14.0,0.0,3.0,0.0,,,,,,Validated reconstruction
decode,1786168661806495265,1786168662657379419,850884154,14.0,0.0,3.0,0.0,,,,,,Validated reconstruction
decode,1786168662657379419,1786168662806495265,149115846,14.0,0.0,3.0,0.0,,,,,,Validated reconstruction
decode,1786168662806495265,1786168663657379419,850884154,13.0,0.0,3.0,0.0,,,,,,Validated reconstruction
decode,1786168663657379419,1786168663806495265,149115846,13.0,0.0,3.0,0.0,,,,,,Validated reconstruction
decode,1786168663806495265,1786168664657379419,850884154,13.0,0.0,3.0,0.0,,,,,,Validated reconstruction
decode,1786168664657379419,1786168664806495265,149115846,13.0,0.0,3.0,0.0,,,,,,Validated reconstruction
decode,1786168664806495265,1786168665657379419,850884154,13.0,0.0,3.0,0.0,,,,,,Validated reconstruction
decode,1786168665657379419,1786168665806495265,149115846,13.0,0.0,3.0,0.0,,,,,,Validated reconstruction
decode,1786168665806495265,1786168666657379419,850884154,13.0,0.0,3.0,0.0,,,,,,Validated reconstruction
decode,1786168666657379419,1786168666806495265,149115846,13.0,0.0,3.0,0.0,,,,,,Validated reconstruction
decode,1786168666806495265,1786168667657379419,850884154,13.0,0.0,3.0,0.0,,,,,,Validated reconstruction
decode,1786168667657379419,1786168667806495265,149115846,13.0,0.0,3.0,0.0,,,,,,Validated reconstruction
decode,1786168667806495265,1786168668657379419,850884154,7.0,0.0,2.0,1.0,,,,,,Validated reconstruction
decode,1786168668657379419,1786168668806495265,149115846,7.0,0.0,2.0,1.0,,,,,,Validated reconstruction
decode,1786168668806495265,1786168669657379419,850884154,7.0,0.0,2.0,1.0,,,,,,Validated reconstruction
decode,1786168669657379419,1786168669806495265,149115846,7.0,0.0,2.0,1.0,,,,,,Validated reconstruction
decode,1786168669806495265,1786168670657379419,850884154,7.0,0.0,2.0,0.0,,,,,,Validated reconstruction
decode,1786168670657379419,1786168670806495265,149115846,7.0,0.0,3.0,0.0,,,,,,Validated reconstruction
decode,1786168670806495265,1786168671657379419,850884154,7.0,0.0,3.0,0.0,,,,,,Validated reconstruction
decode,1786168671657379419,1786168671806495265,149115846,7.0,0.0,3.0,0.0,,,,,,Validated reconstruction
decode,1786168671806495265,1786168672657379419,850884154,7.0,0.0,3.0,0.0,,,,,,Validated reconstruction
decode,1786168672657379419,1786168672806495265,149115846,7.0,0.0,3.0,0.0,,,,,,Validated reconstruction
decode,1786168672806495265,1786168673657379419,850884154,7.0,0.0,3.0,0.0,,,,,,Validated reconstruction
decode,1786168673657379419,1786168673806495265,149115846,7.0,0.0,3.0,0.0,,,,,,Validated reconstruction
decode,1786168673806495265,1786168674657379419,850884154,8.0,0.0,3.0,0.0,,,,,,Validated reconstruction
decode,1786168674657379419,1786168674806495265,149115846,3.0,0.0,3.0,0.0,,,,,,Validated reconstruction
decode,1786168674806495265,1786168675657379419,850884154,3.0,0.0,3.0,1.0,,,,,,Validated reconstruction
decode,1786168675657379419,1786168675806495265,149115846,3.0,0.0,2.0,1.5,,,,,,Validated reconstruction
decode,1786168675806495265,1786168676657379419,850884154,3.0,0.0,2.0,1.5,,,,,,Validated reconstruction
decode,1786168676657379419,1786168676806495265,149115846,3.0,0.0,1.0,2.0,,,,,,Validated reconstruction
decode,1786168676806495265,1786168677657379419,850884154,3.5,0.0,1.0,1.5,,,,,,Validated reconstruction
decode,1786168677657379419,1786168677806495265,149115846,4.5,0.0,2.0,0.5,,,,,,Validated reconstruction
decode,1786168677806495265,1786168678657379419,850884154,5.0,0.0,2.0,0.0,,,,,,Validated reconstruction
decode,1786168678657379419,1786168678806495265,149115846,5.0,0.0,2.0,0.0,,,,,,Validated reconstruction
decode,1786168678806495265,1786168679657379419,850884154,5.0,0.0,2.0,0.0,,,,,,Validated reconstruction
decode,1786168679657379419,1786168679806495265,149115846,5.0,0.0,2.0,0.0,,,,,,Validated reconstruction
decode,1786168679806495265,1786168680657379419,850884154,5.0,0.0,2.0,0.0,,,,,,Validated reconstruction
decode,1786168680657379419,1786168680806495265,149115846,5.0,0.0,2.0,0.0,,,,,,Validated reconstruction
decode,1786168680806495265,1786168681657379419,850884154,5.0,0.0,2.0,0.0,,,,,,Validated reconstruction
decode,1786168681657379419,1786168681806495265,149115846,5.0,0.0,2.0,0.0,,,,,,Validated reconstruction
decode,1786168681806495265,1786168682657379419,850884154,4.0,0.0,2.0,0.0,,,,,,Validated reconstruction
decode,1786168682657379419,1786168682806495265,149115846,5.0,0.0,2.0,0.0,,,,,,Validated reconstruction
decode,1786168682806495265,1786168683657379419,850884154,5.0,0.0,2.0,0.0,,,,,,Validated reconstruction
decode,1786168683657379419,1786168683806495265,149115846,5.0,0.0,2.0,0.0,,,,,,Validated reconstruction
decode,1786168683806495265,1786168684657379419,850884154,5.0,0.0,2.0,0.0,,,,,,Validated reconstruction
decode,1786168684657379419,1786168684806495265,149115846,4.0,0.0,2.0,0.0,,,,,,Validated reconstruction
decode,1786168684806495265,1786168685657379419,850884154,3.0,0.0,2.0,0.0,,,,,,Validated reconstruction
decode,1786168685657379419,1786168685806495265,149115846,3.0,0.0,2.0,0.0,,,,,,Validated reconstruction
decode,1786168685806495265,1786168686657379419,850884154,2.0,0.0,2.0,0.0,,,,,,Validated reconstruction
decode,1786168686657379419,1786168686806495265,149115846,2.0,0.0,2.0,0.0,,,,,,Validated reconstruction
decode,1786168686806495265,1786168687657379419,850884154,2.5,0.0,2.0,0.0,,,,,,Validated reconstruction
decode,1786168687657379419,1786168687806495265,149115846,3.5,0.0,1.0,0.0,,,,,,Validated reconstruction
decode,1786168687806495265,1786168688657379419,850884154,4.0,0.0,1.0,0.0,,,,,,Validated reconstruction
decode,1786168688657379419,1786168688806495265,149115846,4.0,0.0,1.0,0.0,,,,,,Validated reconstruction
decode,1786168688806495265,1786168689657379419,850884154,5.0,0.0,1.0,0.0,,,,,,Validated reconstruction
decode,1786168689657379419,1786168689806495265,149115846,5.0,0.0,1.0,0.0,,,,,,Validated reconstruction
decode,1786168689806495265,1786168690657379419,850884154,5.0,0.0,1.0,0.6666666666666666,,,,,,Validated reconstruction
decode,1786168690657379419,1786168690806495265,149115846,5.0,0.0,0.5,0.6666666666666666,,,,,,Validated reconstruction
decode,1786168690806495265,1786168691657379419,850884154,5.0,0.0,0.5,1.0,,,,,,Validated reconstruction
decode,1786168691657379419,1786168691806495265,149115846,5.0,0.0,0.0,1.0,,,,,,Validated reconstruction
decode,1786168691806495265,1786168692657379419,850884154,5.0,0.0,0.0,1.0,,,,,,Validated reconstruction
decode,1786168692657379419,1786168692806495265,149115846,5.0,0.0,0.0,1.0,,,,,,Validated reconstruction
decode,1786168692806495265,1786168693657379419,850884154,5.0,0.0,0.0,1.0,,,,,,Validated reconstruction
decode,1786168693657379419,1786168693806495265,149115846,5.0,0.0,0.0,1.0,,,,,,Validated reconstruction
decode,1786168693806495265,1786168694657379419,850884154,5.0,0.0,0.0,1.0,,,,,,Validated reconstruction
decode,1786168694657379419,1786168694806495265,149115846,5.0,0.0,0.0,1.0,,,,,,Validated reconstruction
decode,1786168694806495265,1786168695657379419,850884154,5.5,0.0,0.0,0.5,,,,,,Validated reconstruction
decode,1786168695657379419,1786168695806495265,149115846,5.5,0.0,0.0,0.5,,,,,,Validated reconstruction
decode,1786168695806495265,1786168696657379419,850884154,6.0,0.0,0.0,0.0,,,,,,Validated reconstruction
decode,1786168696657379419,1786168696806495265,149115846,6.0,0.0,0.0,0.0,,,,,,Validated reconstruction
decode,1786168696806495265,1786168697657379419,850884154,6.0,0.0,0.0,0.0,,,,,,Validated reconstruction
decode,1786168697657379419,1786168697806495265,149115846,6.0,0.0,0.0,0.0,,,,,,Validated reconstruction
decode,1786168697806495265,1786168698657379419,850884154,6.0,0.0,0.0,0.0,,,,,,Validated reconstruction
decode,1786168698657379419,1786168698806495265,149115846,6.0,0.0,0.0,0.0,,,,,,Validated reconstruction
decode,1786168698806495265,1786168699657379419,850884154,6.0,0.0,0.0,0.0,,,,,,Validated reconstruction
decode,1786168699657379419,1786168699806495265,149115846,6.0,0.0,0.0,0.0,,,,,,Validated reconstruction
decode,1786168699806495265,1786168700657379419,850884154,6.0,0.0,0.0,0.0,,,,,,Validated reconstruction
decode,1786168700657379419,1786168700806495265,149115846,6.0,0.0,0.0,1.0,,,,,,Validated reconstruction
decode,1786168700806495265,1786168701657379419,850884154,5.0,0.0,0.0,1.0,,,,,,Validated reconstruction
decode,1786168701657379419,1786168701806495265,149115846,5.0,0.0,0.0,1.0,,,,,,Validated reconstruction
decode,1786168701806495265,1786168702657379419,850884154,5.0,0.0,0.0,1.0,,,,,,Validated reconstruction
decode,1786168702657379419,1786168702806495265,149115846,6.0,0.0,0.0,1.0,,,,,,Validated reconstruction
decode,1786168702806495265,1786168703657379419,850884154,6.0,0.0,0.0,1.0,,,,,,Validated reconstruction
decode,1786168703657379419,1786168703806495265,149115846,7.5,0.0,0.0,0.0,,,,,,Validated reconstruction
decode,1786168703806495265,1786168704657379419,850884154,7.5,0.0,0.0,0.0,,,,,,Validated reconstruction
decode,1786168704657379419,1786168704806495265,149115846,8.0,0.0,0.0,0.0,,,,,,Validated reconstruction
decode,1786168704806495265,1786168705657379419,850884154,9.0,0.0,0.0,0.0,,,,,,Validated reconstruction
decode,1786168705657379419,1786168705806495265,149115846,9.0,0.0,0.0,0.0,,,,,,Validated reconstruction
decode,1786168705806495265,1786168706657379419,850884154,8.0,0.0,0.0,0.0,,,,,,Validated reconstruction
decode,1786168706657379419,1786168706806495265,149115846,8.0,0.0,0.0,0.0,,,,,,Validated reconstruction
decode,1786168706806495265,1786168707657379419,850884154,8.0,0.0,0.0,0.0,,,,,,Validated reconstruction
decode,1786168707657379419,1786168707806495265,149115846,8.0,0.0,0.0,0.0,,,,,,Validated reconstruction
decode,1786168707806495265,1786168708657379419,850884154,8.0,0.0,0.0,0.0,,,,,,Validated reconstruction
decode,1786168708657379419,1786168708806495265,149115846,7.333333333333333,0.0,0.0,0.0,,,,,,Validated reconstruction
decode,1786168708806495265,1786168709657379419,850884154,7.333333333333333,0.0,0.0,0.0,,,,,,Validated reconstruction
decode,1786168709657379419,1786168709806495265,149115846,7.0,0.0,0.0,0.0,,,,,,Validated reconstruction
decode,1786168709806495265,1786168710657379419,850884154,7.0,0.0,0.0,0.0,,,,,,Validated reconstruction
decode,1786168710657379419,1786168710806495265,149115846,7.0,0.0,0.0,0.0,,,,,,Validated reconstruction
decode,1786168710806495265,1786168711657379419,850884154,7.0,0.0,0.0,0.0,,,,,,Validated reconstruction
decode,1786168711657379419,1786168711806495265,149115846,7.0,0.0,0.0,0.0,,,,,,Validated reconstruction
decode,1786168711806495265,1786168712657379419,850884154,7.0,0.0,0.0,1.0,,,,,,Validated reconstruction
decode,1786168712657379419,1786168712806495265,149115846,7.0,0.0,0.0,1.0,,,,,,Validated reconstruction
decode,1786168712806495265,1786168713657379419,850884154,7.5,0.0,0.0,0.5,,,,,,Validated reconstruction
decode,1786168713657379419,1786168713806495265,149115846,7.5,0.0,0.0,0.5,,,,,,Validated reconstruction
decode,1786168713806495265,1786168714657379419,850884154,8.0,0.0,0.0,0.0,,,,,,Validated reconstruction
decode,1786168714657379419,1786168714806495265,149115846,8.0,0.0,0.0,0.0,,,,,,Validated reconstruction
decode,1786168714806495265,1786168715657379419,850884154,7.0,0.0,0.0,0.0,,,,,,Validated reconstruction
decode,1786168715657379419,1786168715806495265,149115846,7.0,0.0,0.0,0.0,,,,,,Validated reconstruction
decode,1786168715806495265,1786168716657379419,850884154,7.0,0.0,0.0,0.0,,,,,,Validated reconstruction
decode,1786168716657379419,1786168716806495265,149115846,7.5,0.0,0.0,0.0,,,,,,Validated reconstruction
decode,1786168716806495265,1786168717657379419,850884154,8.0,0.0,0.0,0.0,,,,,,Validated reconstruction
decode,1786168717657379419,1786168717806495265,149115846,8.5,0.0,0.0,0.0,,,,,,Validated reconstruction
decode,1786168717806495265,1786168718657379419,850884154,9.0,0.0,0.0,0.0,,,,,,Validated reconstruction
decode,1786168718657379419,1786168718806495265,149115846,9.0,0.0,0.0,0.0,,,,,,Validated reconstruction
decode,1786168718806495265,1786168719657379419,850884154,9.0,0.0,0.0,0.0,,,,,,Validated reconstruction
decode,1786168719657379419,1786168719806495265,149115846,9.0,0.0,0.0,0.0,,,,,,Validated reconstruction
decode,1786168719806495265,1786168720657379419,850884154,9.0,0.0,0.0,0.0,,,,,,Validated reconstruction
decode,1786168720657379419,1786168720806495265,149115846,9.0,0.0,0.0,0.0,,,,,,Validated reconstruction
decode,1786168720806495265,1786168721657379419,850884154,9.0,0.0,0.0,0.0,,,,,,Validated reconstruction
decode,1786168721657379419,1786168721806495265,149115846,9.0,0.0,0.0,0.0,,,,,,Validated reconstruction
decode,1786168721806495265,1786168722657379419,850884154,9.0,0.0,0.0,0.0,,,,,,Validated reconstruction
decode,1786168722657379419,1786168722806495265,149115846,9.0,0.0,0.0,0.0,,,,,,Validated reconstruction
decode,1786168722806495265,1786168723657379419,850884154,9.0,0.0,0.0,0.0,,,,,,Validated reconstruction
decode,1786168723657379419,1786168723806495265,149115846,9.0,0.0,0.0,0.0,,,,,,Validated reconstruction
decode,1786168723806495265,1786168724657379419,850884154,10.0,0.0,0.0,0.0,,,,,,Validated reconstruction
decode,1786168724657379419,1786168724806495265,149115846,10.0,0.0,0.0,0.0,,,,,,Validated reconstruction
decode,1786168724806495265,1786168725657379419,850884154,10.0,0.0,0.0,0.0,,,,,,Validated reconstruction
decode,1786168725657379419,1786168725806495265,149115846,10.0,0.0,0.0,0.0,,,,,,Validated reconstruction
decode,1786168725806495265,1786168726657379419,850884154,10.0,0.0,0.0,0.0,,,,,,Validated reconstruction
decode,1786168726657379419,1786168726806495265,149115846,10.0,0.0,0.0,0.0,,,,,,Validated reconstruction
decode,1786168727806495265,1786168728657379419,850884154,10.0,0.0,0.0,0.0,,,,,,Validated reconstruction
decode,1786168728657379419,1786168728806495265,149115846,10.0,0.0,0.0,0.0,,,,,,Validated reconstruction
decode,1786168728806495265,1786168729657379419,850884154,10.0,0.0,0.0,0.0,,,,,,Validated reconstruction
decode,1786168729657379419,1786168729806495265,149115846,10.0,0.0,0.0,0.0,,,,,,Validated reconstruction
decode,1786168729806495265,1786168730657379419,850884154,10.0,0.0,0.0,0.0,,,,,,Validated reconstruction
decode,1786168730657379419,1786168730806495265,149115846,10.0,0.0,0.0,0.0,,,,,,Validated reconstruction
decode,1786168730806495265,1786168731657379419,850884154,10.0,0.0,0.0,0.0,,,,,,Validated reconstruction
decode,1786168731657379419,1786168731806495265,149115846,10.0,0.0,0.0,0.0,,,,,,Validated reconstruction
decode,1786168731806495265,1786168732657379419,850884154,10.0,0.0,0.0,0.0,,,,,,Validated reconstruction
decode,1786168732657379419,1786168732806495265,149115846,10.0,0.0,0.0,0.0,,,,,,Validated reconstruction
decode,1786168732806495265,1786168733657379419,850884154,10.0,0.0,0.0,0.0,,,,,,Validated reconstruction
decode,1786168733657379419,1786168733806495265,149115846,10.0,0.0,0.0,0.0,,,,,,Validated reconstruction
decode,1786168733806495265,1786168734657379419,850884154,11.0,0.0,0.0,0.0,,,,,,Validated reconstruction
decode,1786168734657379419,1786168734806495265,149115846,11.0,0.0,0.0,0.0,,,,,,Validated reconstruction
decode,1786168734806495265,1786168735657379419,850884154,11.0,0.0,0.0,0.0,,,,,,Validated reconstruction
decode,1786168735657379419,1786168735806495265,149115846,11.0,0.0,0.0,1.0,,,,,,Validated reconstruction
decode,1786168735806495265,1786168736657379419,850884154,11.0,0.0,0.0,1.0,,,,,,Validated reconstruction
decode,1786168736657379419,1786168736806495265,149115846,11.0,0.0,0.0,1.0,,,,,,Validated reconstruction
decode,1786168736806495265,1786168737657379419,850884154,11.0,0.0,0.0,1.0,,,,,,Validated reconstruction
decode,1786168737657379419,1786168737806495265,149115846,12.0,0.0,0.0,0.0,,,,,,Validated reconstruction
decode,1786168737806495265,1786168738657379419,850884154,12.0,0.0,0.0,1.0,,,,,,Validated reconstruction
decode,1786168738657379419,1786168738806495265,149115846,11.5,0.0,0.0,1.0,,,,,,Validated reconstruction
decode,1786168738806495265,1786168739657379419,850884154,7.5,0.0,0.0,1.0,,,,,,Validated reconstruction
decode,1786168739657379419,1786168739806495265,149115846,7.0,0.0,0.0,1.0,,,,,,Validated reconstruction
decode,1786168739806495265,1786168740657379419,850884154,7.0,0.0,0.0,0.0,,,,,,Validated reconstruction
decode,1786168740657379419,1786168740806495265,149115846,7.0,0.0,0.0,0.0,,,,,,Validated reconstruction
decode,1786168740806495265,1786168741657379419,850884154,7.0,0.0,0.0,0.0,,,,,,Validated reconstruction
decode,1786168741657379419,1786168741806495265,149115846,7.0,0.0,0.0,0.0,,,,,,Validated reconstruction
decode,1786168741806495265,1786168742657379419,850884154,7.0,0.0,0.0,0.0,,,,,,Validated reconstruction
decode,1786168742657379419,1786168742806495265,149115846,7.0,0.0,0.0,0.0,,,,,,Validated reconstruction
decode,1786168742806495265,1786168743657379419,850884154,7.0,0.0,0.0,0.0,,,,,,Validated reconstruction
decode,1786168743657379419,1786168743806495265,149115846,7.0,0.0,0.0,0.0,,,,,,Validated reconstruction
decode,1786168743806495265,1786168744657379419,850884154,7.0,0.0,0.0,0.0,,,,,,Validated reconstruction
decode,1786168744657379419,1786168744806495265,149115846,7.0,0.0,0.0,0.0,,,,,,Validated reconstruction
decode,1786168744806495265,1786168745657379419,850884154,8.0,0.0,0.0,0.0,,,,,,Validated reconstruction
decode,1786168745657379419,1786168745806495265,149115846,8.0,0.0,0.0,0.0,,,,,,Validated reconstruction
decode,1786168745806495265,1786168746657379419,850884154,8.0,0.0,0.0,0.0,,,,,,Validated reconstruction
decode,1786168746657379419,1786168746806495265,149115846,8.0,0.0,0.0,0.0,,,,,,Validated reconstruction
decode,1786168746806495265,1786168747657379419,850884154,8.0,0.0,0.0,0.0,,,,,,Validated reconstruction
decode,1786168747657379419,1786168747806495265,149115846,8.0,0.0,0.0,0.0,,,,,,Validated reconstruction
decode,1786168747806495265,1786168748657379419,850884154,8.0,0.0,0.0,0.0,,,,,,Validated reconstruction
decode,1786168748657379419,1786168748806495265,149115846,8.0,0.0,0.0,0.0,,,,,,Validated reconstruction
decode,1786168748806495265,1786168749657379419,850884154,8.0,0.0,0.0,0.0,,,,,,Validated reconstruction
decode,1786168749657379419,1786168749806495265,149115846,8.0,0.0,0.0,0.0,,,,,,Validated reconstruction
decode,1786168749806495265,1786168750657379419,850884154,8.0,0.0,0.0,0.0,,,,,,Validated reconstruction
decode,1786168750657379419,1786168750806495265,149115846,8.0,0.0,0.0,0.0,,,,,,Validated reconstruction
decode,1786168750806495265,1786168751657379419,850884154,8.0,0.0,0.0,0.0,,,,,,Validated reconstruction
decode,1786168751657379419,1786168751806495265,149115846,8.0,0.0,0.0,0.0,,,,,,Validated reconstruction
decode,1786168751806495265,1786168752657379419,850884154,8.0,0.0,0.0,0.0,,,,,,Validated reconstruction
decode,1786168752657379419,1786168752806495265,149115846,8.0,0.0,0.0,0.0,,,,,,Validated reconstruction
decode,1786168752806495265,1786168753657379419,850884154,8.666666666666666,0.0,0.0,0.0,,,,,,Validated reconstruction
decode,1786168753657379419,1786168753806495265,149115846,8.666666666666666,0.0,0.0,0.0,,,,,,Validated reconstruction
decode,1786168753806495265,1786168754657379419,850884154,9.0,0.0,0.0,0.0,,,,,,Validated reconstruction
decode,1786168754657379419,1786168754806495265,149115846,9.0,0.0,0.0,0.0,,,,,,Validated reconstruction
decode,1786168754806495265,1786168755657379419,850884154,9.0,0.0,0.0,0.0,,,,,,Validated reconstruction
decode,1786168755657379419,1786168755806495265,149115846,9.0,0.0,0.0,0.0,,,,,,Validated reconstruction
decode,1786168755806495265,1786168756657379419,850884154,9.0,0.0,0.0,0.0,,,,,,Validated reconstruction
decode,1786168756657379419,1786168756806495265,149115846,9.0,0.0,0.0,0.0,,,,,,Validated reconstruction
decode,1786168756806495265,1786168757657379419,850884154,9.5,0.0,0.0,0.0,,,,,,Validated reconstruction
decode,1786168757657379419,1786168757806495265,149115846,9.5,0.0,0.0,0.0,,,,,,Validated reconstruction
decode,1786168757806495265,1786168758657379419,850884154,10.0,0.0,0.0,0.0,,,,,,Validated reconstruction
decode,1786168758657379419,1786168758806495265,149115846,10.0,0.0,0.0,0.0,,,,,,Validated reconstruction
decode,1786168758806495265,1786168759657379419,850884154,10.0,0.0,0.0,0.0,,,,,,Validated reconstruction
decode,1786168759657379419,1786168759806495265,149115846,10.0,0.0,0.0,0.0,,,,,,Validated reconstruction
decode,1786168759806495265,1786168760657379419,850884154,10.0,0.0,0.0,0.0,,,,,,Validated reconstruction
decode,1786168760657379419,1786168760806495265,149115846,10.0,0.0,0.0,0.0,,,,,,Validated reconstruction
decode,1786168760806495265,1786168761657379419,850884154,10.0,0.0,0.0,0.0,,,,,,Validated reconstruction
decode,1786168762657379419,1786168762806495265,149115846,10.0,0.0,0.0,0.0,,,,,,Validated reconstruction
decode,1786168762806495265,1786168763657379419,850884154,10.0,0.0,0.0,0.0,,,,,,Validated reconstruction
decode,1786168763657379419,1786168763806495265,149115846,11.0,0.0,0.0,0.0,,,,,,Validated reconstruction
decode,1786168763806495265,1786168764657379419,850884154,11.0,0.0,0.0,0.0,,,,,,Validated reconstruction
decode,1786168764657379419,1786168764806495265,149115846,11.0,0.0,0.0,0.0,,,,,,Validated reconstruction
decode,1786168764806495265,1786168765657379419,850884154,11.0,0.0,0.0,0.0,,,,,,Validated reconstruction
decode,1786168765657379419,1786168765806495265,149115846,10.0,0.0,0.0,0.0,,,,,,Validated reconstruction
decode,1786168765806495265,1786168766657379419,850884154,10.0,0.0,0.0,0.0,,,,,,Validated reconstruction
decode,1786168766657379419,1786168766806495265,149115846,10.0,0.0,0.0,0.0,,,,,,Validated reconstruction
decode,1786168766806495265,1786168767657379419,850884154,10.0,0.0,0.0,0.0,,,,,,Validated reconstruction
decode,1786168767657379419,1786168767806495265,149115846,10.0,0.0,0.0,0.0,,,,,,Validated reconstruction
decode,1786168767806495265,1786168768657379419,850884154,10.0,0.0,0.0,0.0,,,,,,Validated reconstruction
decode,1786168768657379419,1786168768806495265,149115846,10.0,0.0,0.0,0.0,,,,,,Validated reconstruction
decode,1786168768806495265,1786168769657379419,850884154,10.0,0.0,0.0,0.0,,,,,,Validated reconstruction
decode,1786168769657379419,1786168769806495265,149115846,10.0,0.0,0.0,0.0,,,,,,Validated reconstruction
decode,1786168769806495265,1786168770657379419,850884154,10.0,0.0,0.0,0.0,,,,,,Validated reconstruction
decode,1786168770657379419,1786168770806495265,149115846,10.0,0.0,0.0,0.0,,,,,,Validated reconstruction
decode,1786168770806495265,1786168771657379419,850884154,10.0,0.0,0.0,0.0,,,,,,Validated reconstruction
decode,1786168771657379419,1786168771806495265,149115846,10.0,0.0,0.0,0.0,,,,,,Validated reconstruction
decode,1786168771806495265,1786168772657379419,850884154,10.0,0.0,0.0,0.0,,,,,,Validated reconstruction
decode,1786168772657379419,1786168772806495265,149115846,11.0,0.0,0.0,0.0,,,,,,Validated reconstruction
decode,1786168772806495265,1786168773657379419,850884154,11.0,0.0,0.0,0.0,,,,,,Validated reconstruction
decode,1786168773657379419,1786168773806495265,149115846,11.0,0.0,0.0,0.0,,,,,,Validated reconstruction
decode,1786168773806495265,1786168774657379419,850884154,11.0,0.0,0.0,0.0,,,,,,Validated reconstruction
decode,1786168774657379419,1786168774806495265,149115846,11.0,0.0,0.0,0.0,,,,,,Validated reconstruction
decode,1786168774806495265,1786168775657379419,850884154,11.0,0.0,0.0,0.0,,,,,,Validated reconstruction
decode,1786168775657379419,1786168775806495265,149115846,11.0,0.0,0.0,0.0,,,,,,Validated reconstruction
decode,1786168775806495265,1786168776657379419,850884154,11.0,0.0,0.0,0.0,,,,,,Validated reconstruction
decode,1786168776657379419,1786168776806495265,149115846,11.0,0.0,0.0,0.0,,,,,,Validated reconstruction
decode,1786168776806495265,1786168777657379419,850884154,11.0,0.0,0.0,0.0,,,,,,Validated reconstruction
decode,1786168777657379419,1786168777806495265,149115846,11.0,0.0,0.0,0.0,,,,,,Validated reconstruction
decode,1786168777806495265,1786168778657379419,850884154,11.0,0.0,0.0,0.0,,,,,,Validated reconstruction
decode,1786168778657379419,1786168778806495265,149115846,11.0,0.0,0.0,0.0,,,,,,Validated reconstruction
decode,1786168778806495265,1786168779657379419,850884154,7.0,0.0,0.0,0.0,,,,,,Validated reconstruction
decode,1786168779657379419,1786168779806495265,149115846,7.0,0.0,0.0,0.0,,,,,,Validated reconstruction
decode,1786168779806495265,1786168780657379419,850884154,7.0,0.0,0.0,0.0,,,,,,Validated reconstruction
decode,1786168780657379419,1786168780806495265,149115846,7.0,0.0,0.0,0.0,,,,,,Validated reconstruction
decode,1786168780806495265,1786168781657379419,850884154,7.0,0.0,0.0,0.0,,,,,,Validated reconstruction
decode,1786168781657379419,1786168781806495265,149115846,7.0,0.0,0.0,0.0,,,,,,Validated reconstruction
decode,1786168781806495265,1786168782657379419,850884154,7.0,0.0,0.0,0.0,,,,,,Validated reconstruction
decode,1786168782657379419,1786168782806495265,149115846,7.0,0.0,0.0,0.0,,,,,,Validated reconstruction
decode,1786168782806495265,1786168783657379419,850884154,7.0,0.0,0.0,0.0,,,,,,Validated reconstruction
decode,1786168783657379419,1786168783806495265,149115846,7.0,0.0,0.0,0.0,,,,,,Validated reconstruction
decode,1786168783806495265,1786168784657379419,850884154,7.0,0.0,0.0,0.0,,,,,,Validated reconstruction
decode,1786168784657379419,1786168784806495265,149115846,7.0,0.0,0.0,0.0,,,,,,Validated reconstruction
decode,1786168784806495265,1786168785657379419,850884154,7.0,0.0,0.0,0.0,,,,,,Validated reconstruction
decode,1786168785657379419,1786168785806495265,149115846,7.0,0.0,0.0,0.0,,,,,,Validated reconstruction
decode,1786168785806495265,1786168786657379419,850884154,7.0,0.0,0.0,0.0,,,,,,Validated reconstruction
decode,1786168786657379419,1786168786806495265,149115846,7.0,0.0,0.0,0.0,,,,,,Validated reconstruction
decode,1786168786806495265,1786168787657379419,850884154,7.0,0.0,0.0,0.0,,,,,,Validated reconstruction
decode,1786168787657379419,1786168787806495265,149115846,7.0,0.0,0.0,0.0,,,,,,Validated reconstruction
decode,1786168787806495265,1786168788657379419,850884154,7.0,0.0,0.0,0.0,,,,,,Validated reconstruction
decode,1786168788657379419,1786168788806495265,149115846,7.0,0.0,0.0,0.0,,,,,,Validated reconstruction
decode,1786168788806495265,1786168789657379419,850884154,7.0,0.0,0.0,0.0,,,,,,Validated reconstruction
decode,1786168789657379419,1786168789806495265,149115846,7.0,0.0,0.0,0.0,,,,,,Validated reconstruction
decode,1786168789806495265,1786168790657379419,850884154,7.0,0.0,0.0,0.0,,,,,,Validated reconstruction
decode,1786168790657379419,1786168790806495265,149115846,7.0,0.0,0.0,0.0,,,,,,Validated reconstruction
decode,1786168790806495265,1786168791657379419,850884154,7.0,0.0,0.0,0.0,,,,,,Validated reconstruction
decode,1786168791657379419,1786168791806495265,149115846,7.0,0.0,0.0,0.0,,,,,,Validated reconstruction
decode,1786168791806495265,1786168792657379419,850884154,7.0,0.0,0.0,0.0,,,,,,Validated reconstruction
decode,1786168792657379419,1786168792806495265,149115846,7.0,0.0,0.0,0.0,,,,,,Validated reconstruction
decode,1786168792806495265,1786168793657379419,850884154,7.0,0.0,0.0,0.0,,,,,,Validated reconstruction
decode,1786168793657379419,1786168793806495265,149115846,7.0,0.0,0.0,0.0,,,,,,Validated reconstruction
decode,1786168793806495265,1786168794657379419,850884154,7.5,0.0,0.0,0.0,,,,,,Validated reconstruction
decode,1786168794657379419,1786168794806495265,149115846,7.5,0.0,0.0,0.0,,,,,,Validated reconstruction
decode,1786168794806495265,1786168795657379419,850884154,7.0,0.0,0.0,0.0,,,,,,Validated reconstruction
decode,1786168795657379419,1786168795806495265,149115846,0.0,0.0,0.0,0.0,,,,,,Validated reconstruction
decode,1786168795806495265,1786168796657379419,850884154,0.0,0.0,0.0,0.0,,,,,,Validated reconstruction
decode,1786168796657379419,1786168796806495265,149115846,0.0,0.0,0.0,0.0,,,,,,Validated reconstruction
decode,1786168796806495265,1786168797657379419,850884154,0.0,0.0,0.0,0.0,,,,,,Validated reconstruction
decode,1786168797657379419,1786168797806495265,149115846,0.0,0.0,0.0,0.0,,,,,,Validated reconstruction
decode,1786168797806495265,1786168798657379419,850884154,0.0,0.0,0.0,0.0,,,,,,Validated reconstruction
decode,1786168798657379419,1786168798806495265,149115846,1.5,0.0,0.0,0.0,,,,,,Validated reconstruction
decode,1786168798806495265,1786168799657379419,850884154,1.5,0.0,0.0,0.0,,,,,,Validated reconstruction
decode,1786168799657379419,1786168799806495265,149115846,2.0,0.0,0.0,0.0,,,,,,Validated reconstruction
decode,1786168799806495265,1786168800657379419,850884154,2.0,0.0,0.0,0.0,,,,,,Validated reconstruction
decode,1786168800657379419,1786168800806495265,149115846,2.0,0.0,0.0,0.0,,,,,,Validated reconstruction
decode,1786168800806495265,1786168801657379419,850884154,2.0,0.0,0.0,0.0,,,,,,Validated reconstruction
decode,1786168801657379419,1786168801806495265,149115846,2.0,0.0,0.0,0.0,,,,,,Validated reconstruction
decode,1786168801806495265,1786168802657379419,850884154,2.0,0.0,0.0,0.0,,,,,,Validated reconstruction
decode,1786168802657379419,1786168802806495265,149115846,2.0,0.0,0.0,0.0,,,,,,Validated reconstruction
decode,1786168802806495265,1786168803657379419,850884154,2.0,0.0,0.0,0.0,,,,,,Validated reconstruction
decode,1786168803657379419,1786168803806495265,149115846,2.0,0.0,0.0,0.0,,,,,,Validated reconstruction
decode,1786168803806495265,1786168804657379419,850884154,2.0,0.0,0.0,0.0,,,,,,Validated reconstruction
decode,1786168804657379419,1786168804806495265,149115846,2.0,0.0,0.0,0.0,,,,,,Validated reconstruction
decode,1786168804806495265,1786168805657379419,850884154,2.0,0.0,0.0,0.0,,,,,,Validated reconstruction
decode,1786168805657379419,1786168805806495265,149115846,2.0,0.0,0.0,0.0,,,,,,Validated reconstruction
decode,1786168805806495265,1786168806657379419,850884154,3.0,0.0,0.0,0.0,,,,,,Validated reconstruction
decode,1786168806657379419,1786168806806495265,149115846,3.0,0.0,0.0,0.0,,,,,,Validated reconstruction
decode,1786168806806495265,1786168807657379419,850884154,2.0,0.0,0.0,0.0,,,,,,Validated reconstruction
decode,1786168807657379419,1786168807806495265,149115846,2.0,0.0,0.0,0.0,,,,,,Validated reconstruction
decode,1786168807806495265,1786168808657379419,850884154,2.0,0.0,0.0,0.0,,,,,,Validated reconstruction
decode,1786168808657379419,1786168808806495265,149115846,2.0,0.0,0.6666666666666666,0.0,,,,,,Validated reconstruction
decode,1786168808806495265,1786168809657379419,850884154,2.0,0.0,0.6666666666666666,0.0,,,,,,Validated reconstruction
decode,1786168809657379419,1786168809806495265,149115846,2.0,0.0,1.0,0.0,,,,,,Validated reconstruction
decode,1786168809806495265,1786168810657379419,850884154,2.0,0.0,1.0,0.0,,,,,,Validated reconstruction
decode,1786168810657379419,1786168810806495265,149115846,2.0,0.0,1.0,0.0,,,,,,Validated reconstruction
decode,1786168810806495265,1786168811657379419,850884154,2.0,0.0,1.0,0.0,,,,,,Validated reconstruction
decode,1786168811657379419,1786168811806495265,149115846,2.0,0.0,1.0,0.0,,,,,,Validated reconstruction
decode,1786168811806495265,1786168812657379419,850884154,2.0,0.0,1.0,0.0,,,,,,Validated reconstruction
decode,1786168812657379419,1786168812806495265,149115846,2.0,0.0,1.0,0.0,,,,,,Validated reconstruction
decode,1786168812806495265,1786168813657379419,850884154,2.0,0.0,1.0,0.0,,,,,,Validated reconstruction
decode,1786168813657379419,1786168813806495265,149115846,2.0,0.0,1.0,0.0,,,,,,Validated reconstruction
decode,1786168813806495265,1786168814657379419,850884154,2.0,0.0,1.0,0.0,,,,,,Validated reconstruction
decode,1786168814657379419,1786168814806495265,149115846,2.0,0.0,1.0,0.0,,,,,,Validated reconstruction
decode,1786168814806495265,1786168815657379419,850884154,2.0,0.0,1.0,0.0,,,,,,Validated reconstruction
decode,1786168815657379419,1786168815806495265,149115846,2.0,0.0,1.0,0.0,,,,,,Validated reconstruction
decode,1786168815806495265,1786168816657379419,850884154,2.0,0.0,1.0,0.0,,,,,,Validated reconstruction
decode,1786168816657379419,1786168816806495265,149115846,2.0,0.0,1.0,0.0,,,,,,Validated reconstruction
decode,1786168816806495265,1786168817657379419,850884154,2.0,0.0,1.0,0.0,,,,,,Validated reconstruction
decode,1786168817657379419,1786168817806495265,149115846,2.0,0.0,1.0,0.0,,,,,,Validated reconstruction
decode,1786168817806495265,1786168818657379419,850884154,2.0,0.0,1.0,0.0,,,,,,Validated reconstruction
decode,1786168818657379419,1786168818806495265,149115846,2.0,0.0,1.0,0.0,,,,,,Validated reconstruction
decode,1786168818806495265,1786168819657379419,850884154,2.0,0.0,1.0,0.0,,,,,,Validated reconstruction
decode,1786168819657379419,1786168819806495265,149115846,2.0,0.0,1.0,0.0,,,,,,Validated reconstruction
decode,1786168819806495265,1786168820657379419,850884154,2.0,0.0,1.0,0.0,,,,,,Validated reconstruction
decode,1786168820657379419,1786168820806495265,149115846,2.0,0.0,1.0,0.0,,,,,,Validated reconstruction
decode,1786168820806495265,1786168821657379419,850884154,2.0,0.0,1.0,0.0,,,,,,Validated reconstruction
decode,1786168821657379419,1786168821806495265,149115846,2.0,0.0,1.0,0.0,,,,,,Validated reconstruction
decode,1786168821806495265,1786168822657379419,850884154,2.0,0.0,1.0,0.0,,,,,,Validated reconstruction
decode,1786168822657379419,1786168822806495265,149115846,2.0,0.0,1.0,0.0,,,,,,Validated reconstruction
decode,1786168822806495265,1786168823657379419,850884154,2.0,0.0,1.0,0.0,,,,,,Validated reconstruction
decode,1786168823657379419,1786168823806495265,149115846,2.0,0.0,1.0,0.0,,,,,,Validated reconstruction
decode,1786168823806495265,1786168824657379419,850884154,2.0,0.0,1.0,0.0,,,,,,Validated reconstruction
decode,1786168824657379419,1786168824806495265,149115846,2.0,0.0,1.0,0.0,,,,,,Validated reconstruction
decode,1786168824806495265,1786168825657379419,850884154,2.0,0.0,1.0,0.0,,,,,,Validated reconstruction
decode,1786168825657379419,1786168825806495265,149115846,2.0,0.0,1.0,0.0,,,,,,Validated reconstruction
decode,1786168825806495265,1786168826657379419,850884154,2.0,0.0,1.0,0.0,,,,,,Validated reconstruction
decode,1786168826657379419,1786168826806495265,149115846,2.0,0.0,1.0,0.0,,,,,,Validated reconstruction
decode,1786168826806495265,1786168827657379419,850884154,2.0,0.0,1.0,0.0,,,,,,Validated reconstruction
decode,1786168827657379419,1786168827806495265,149115846,2.0,0.0,1.0,0.0,,,,,,Validated reconstruction
decode,1786168827806495265,1786168828657379419,850884154,2.0,0.0,1.0,0.0,,,,,,Validated reconstruction
decode,1786168828657379419,1786168828806495265,149115846,2.0,0.0,1.0,0.0,,,,,,Validated reconstruction
decode,1786168828806495265,1786168829657379419,850884154,2.0,0.0,1.0,0.0,,,,,,Validated reconstruction
decode,1786168829657379419,1786168829806495265,149115846,2.0,0.0,1.0,0.0,,,,,,Validated reconstruction
decode,1786168829806495265,1786168830657379419,850884154,3.0,0.0,1.0,0.0,,,,,,Validated reconstruction
decode,1786168830657379419,1786168830806495265,149115846,3.0,0.0,1.0,0.0,,,,,,Validated reconstruction
decode,1786168830806495265,1786168831657379419,850884154,3.0,0.0,1.0,0.0,,,,,,Validated reconstruction
decode,1786168831657379419,1786168831806495265,149115846,3.0,0.0,1.0,0.0,,,,,,Validated reconstruction
decode,1786168831806495265,1786168832657379419,850884154,3.0,0.0,1.0,0.0,,,,,,Validated reconstruction
decode,1786168832657379419,1786168832806495265,149115846,3.0,0.0,1.0,0.0,,,,,,Validated reconstruction
decode,1786168832806495265,1786168833657379419,850884154,3.0,0.0,1.0,0.0,,,,,,Validated reconstruction
decode,1786168833657379419,1786168833806495265,149115846,3.0,0.0,1.0,0.0,,,,,,Validated reconstruction
decode,1786168833806495265,1786168834657379419,850884154,3.0,0.0,1.0,0.0,,,,,,Validated reconstruction
decode,1786168834657379419,1786168834806495265,149115846,3.0,0.0,1.0,0.0,,,,,,Validated reconstruction
decode,1786168834806495265,1786168835657379419,850884154,3.0,0.0,1.0,0.0,,,,,,Validated reconstruction
decode,1786168835657379419,1786168835806495265,149115846,3.0,0.0,1.0,0.0,,,,,,Validated reconstruction
decode,1786168835806495265,1786168836657379419,850884154,3.0,0.0,1.0,0.0,,,,,,Validated reconstruction
decode,1786168836657379419,1786168836806495265,149115846,3.0,0.0,1.0,0.0,,,,,,Validated reconstruction
decode,1786168836806495265,1786168837657379419,850884154,3.0,0.0,1.0,0.0,,,,,,Validated reconstruction
decode,1786168837657379419,1786168837806495265,149115846,2.0,0.0,1.0,0.0,,,,,,Validated reconstruction
decode,1786168837806495265,1786168838657379419,850884154,2.0,0.0,1.0,0.0,,,,,,Validated reconstruction
decode,1786168838657379419,1786168838806495265,149115846,2.0,0.0,0.5,0.0,,,,,,Validated reconstruction
decode,1786168838806495265,1786168839657379419,850884154,2.0,0.0,0.5,0.0,,,,,,Validated reconstruction
decode,1786168839657379419,1786168839806495265,149115846,1.0,0.0,0.0,0.0,,,,,,Validated reconstruction
decode,1786168839806495265,1786168840657379419,850884154,1.0,0.0,0.0,0.0,,,,,,Validated reconstruction
decode,1786168840657379419,1786168840806495265,149115846,1.0,0.0,0.0,0.0,,,,,,Validated reconstruction
decode,1786168840806495265,1786168841657379419,850884154,1.0,0.0,0.0,0.0,,,,,,Validated reconstruction
decode,1786168841657379419,1786168841806495265,149115846,2.0,0.0,0.0,0.0,,,,,,Validated reconstruction
decode,1786168841806495265,1786168842657379419,850884154,1.0,0.0,0.0,0.0,,,,,,Validated reconstruction
decode,1786168842657379419,1786168842806495265,149115846,1.0,0.0,0.0,0.0,,,,,,Validated reconstruction
decode,1786168842806495265,1786168843657379419,850884154,1.5,0.0,0.0,0.0,,,,,,Validated reconstruction
decode,1786168843657379419,1786168843806495265,149115846,1.5,0.0,0.0,0.0,,,,,,Validated reconstruction
decode,1786168843806495265,1786168844657379419,850884154,2.0,0.0,0.0,0.0,,,,,,Validated reconstruction
decode,1786168844657379419,1786168844806495265,149115846,2.0,0.0,0.0,0.0,,,,,,Validated reconstruction
decode,1786168844806495265,1786168845657379419,850884154,3.0,0.0,0.0,0.0,,,,,,Validated reconstruction
decode,1786168845657379419,1786168845806495265,149115846,3.0,0.0,0.0,0.0,,,,,,Validated reconstruction
decode,1786168845806495265,1786168846657379419,850884154,3.0,0.0,0.0,0.0,,,,,,Validated reconstruction
decode,1786168846657379419,1786168846806495265,149115846,4.0,0.0,0.0,0.0,,,,,,Validated reconstruction
decode,1786168846806495265,1786168847657379419,850884154,4.0,0.0,0.0,0.0,,,,,,Validated reconstruction
decode,1786168847657379419,1786168847806495265,149115846,4.0,0.0,0.0,0.0,,,,,,Validated reconstruction
decode,1786168847806495265,1786168848657379419,850884154,4.0,0.0,0.0,0.0,,,,,,Validated reconstruction
decode,1786168848657379419,1786168848806495265,149115846,4.0,0.0,0.0,0.0,,,,,,Validated reconstruction
decode,1786168848806495265,1786168849657379419,850884154,4.0,0.0,0.0,0.0,,,,,,Validated reconstruction
decode,1786168849657379419,1786168849806495265,149115846,4.0,0.0,0.0,0.0,,,,,,Validated reconstruction
decode,1786168849806495265,1786168850657379419,850884154,4.0,0.0,0.0,0.0,,,,,,Validated reconstruction
decode,1786168850657379419,1786168850806495265,149115846,4.0,0.0,0.0,0.0,,,,,,Validated reconstruction
decode,1786168850806495265,1786168851657379419,850884154,4.0,0.0,0.0,0.0,,,,,,Validated reconstruction
decode,1786168851657379419,1786168851806495265,149115846,5.0,0.0,0.0,0.0,,,,,,Validated reconstruction
decode,1786168851806495265,1786168852657379419,850884154,5.0,0.0,0.0,0.0,,,,,,Validated reconstruction
decode,1786168852657379419,1786168852806495265,149115846,5.0,0.0,0.0,0.0,,,,,,Validated reconstruction
decode,1786168852806495265,1786168853657379419,850884154,4.0,0.0,0.0,0.0,,,,,,Validated reconstruction
decode,1786168853657379419,1786168853806495265,149115846,4.0,0.0,0.0,0.0,,,,,,Validated reconstruction
decode,1786168853806495265,1786168854657379419,850884154,3.0,0.0,0.0,0.0,,,,,,Validated reconstruction
decode,1786168854657379419,1786168854806495265,149115846,3.0,0.0,0.0,0.0,,,,,,Validated reconstruction
decode,1786168854806495265,1786168855657379419,850884154,3.0,0.0,0.0,0.0,,,,,,Validated reconstruction
decode,1786168855657379419,1786168855806495265,149115846,3.0,0.0,0.0,1.0,,,,,,Validated reconstruction
decode,1786168855806495265,1786168856657379419,850884154,3.0,0.0,0.0,1.0,,,,,,Validated reconstruction
decode,1786168856657379419,1786168856806495265,149115846,3.0,0.0,0.0,0.5,,,,,,Validated reconstruction
decode,1786168856806495265,1786168857657379419,850884154,3.5,0.0,0.0,0.5,,,,,,Validated reconstruction
decode,1786168857657379419,1786168857806495265,149115846,3.5,0.0,0.0,0.0,,,,,,Validated reconstruction
decode,1786168857806495265,1786168858657379419,850884154,4.5,0.0,0.0,0.0,,,,,,Validated reconstruction
decode,1786168858657379419,1786168858806495265,149115846,4.5,0.0,0.0,0.0,,,,,,Validated reconstruction
decode,1786168858806495265,1786168859657379419,850884154,5.0,0.0,0.0,0.0,,,,,,Validated reconstruction
decode,1786168859657379419,1786168859806495265,149115846,5.0,0.0,0.0,0.0,,,,,,Validated reconstruction
decode,1786168859806495265,1786168860657379419,850884154,3.0,0.0,0.0,0.0,,,,,,Validated reconstruction
decode,1786168860657379419,1786168860806495265,149115846,3.0,0.0,0.0,0.0,,,,,,Validated reconstruction
decode,1786168860806495265,1786168861657379419,850884154,3.0,0.0,0.0,0.0,,,,,,Validated reconstruction
decode,1786168861657379419,1786168861806495265,149115846,3.0,0.0,0.0,0.0,,,,,,Validated reconstruction
decode,1786168861806495265,1786168862657379419,850884154,3.6666666666666665,0.0,0.0,0.0,,,,,,Validated reconstruction
decode,1786168862657379419,1786168862806495265,149115846,3.6666666666666665,0.0,0.0,0.0,,,,,,Validated reconstruction
decode,1786168862806495265,1786168863657379419,850884154,4.0,0.0,1.0,0.0,,,,,,Validated reconstruction
decode,1786168863657379419,1786168863806495265,149115846,4.0,0.0,1.0,0.0,,,,,,Validated reconstruction
decode,1786168863806495265,1786168864657379419,850884154,4.0,0.0,1.0,0.0,,,,,,Validated reconstruction
decode,1786168864657379419,1786168864806495265,149115846,4.0,0.0,1.0,0.0,,,,,,Validated reconstruction
decode,1786168864806495265,1786168865657379419,850884154,4.0,0.0,1.0,0.0,,,,,,Validated reconstruction
decode,1786168865657379419,1786168865806495265,149115846,4.0,0.0,1.0,0.0,,,,,,Validated reconstruction
decode,1786168865806495265,1786168866657379419,850884154,4.0,0.0,1.0,0.0,,,,,,Validated reconstruction
decode,1786168866657379419,1786168866806495265,149115846,4.0,0.0,1.0,0.0,,,,,,Validated reconstruction
decode,1786168866806495265,1786168867657379419,850884154,4.0,0.0,1.0,0.0,,,,,,Validated reconstruction
decode,1786168867657379419,1786168867806495265,149115846,4.0,0.0,1.0,0.0,,,,,,Validated reconstruction
decode,1786168867806495265,1786168868657379419,850884154,4.0,0.0,1.0,0.0,,,,,,Validated reconstruction
decode,1786168868657379419,1786168868806495265,149115846,4.0,0.0,1.0,0.0,,,,,,Validated reconstruction
decode,1786168868806495265,1786168869657379419,850884154,4.0,0.0,1.0,0.0,,,,,,Validated reconstruction
decode,1786168869657379419,1786168869806495265,149115846,4.0,0.0,1.0,0.0,,,,,,Validated reconstruction
decode,1786168869806495265,1786168870657379419,850884154,4.0,0.0,1.0,0.0,,,,,,Validated reconstruction
decode,1786168870657379419,1786168870806495265,149115846,4.0,0.0,1.0,0.0,,,,,,Validated reconstruction
decode,1786168870806495265,1786168871657379419,850884154,4.0,0.0,1.0,0.0,,,,,,Validated reconstruction
decode,1786168871657379419,1786168871806495265,149115846,4.0,0.0,1.0,0.0,,,,,,Validated reconstruction
decode,1786168871806495265,1786168872657379419,850884154,4.0,0.0,0.5,0.0,,,,,,Validated reconstruction
decode,1786168872657379419,1786168872806495265,149115846,4.0,0.0,0.5,0.0,,,,,,Validated reconstruction
decode,1786168872806495265,1786168873657379419,850884154,4.0,0.0,0.0,0.0,,,,,,Validated reconstruction
decode,1786168873657379419,1786168873806495265,149115846,4.0,0.0,0.0,0.0,,,,,,Validated reconstruction
decode,1786168873806495265,1786168874657379419,850884154,4.0,0.0,0.0,0.0,,,,,,Validated reconstruction
decode,1786168874657379419,1786168874806495265,149115846,4.0,0.0,0.0,0.0,,,,,,Validated reconstruction
decode,1786168874806495265,1786168875657379419,850884154,4.0,0.0,0.0,0.0,,,,,,Validated reconstruction
decode,1786168875657379419,1786168875806495265,149115846,1.0,0.0,0.0,0.0,,,,,,Validated reconstruction
decode,1786168875806495265,1786168876657379419,850884154,2.0,0.0,0.0,0.0,,,,,,Validated reconstruction
decode,1786168876657379419,1786168876806495265,149115846,2.0,0.0,0.0,0.0,,,,,,Validated reconstruction
decode,1786168876806495265,1786168877657379419,850884154,2.0,0.0,0.0,0.0,,,,,,Validated reconstruction
decode,1786168877657379419,1786168877806495265,149115846,2.0,0.0,0.0,0.0,,,,,,Validated reconstruction
decode,1786168877806495265,1786168878657379419,850884154,2.0,0.0,0.0,0.0,,,,,,Validated reconstruction
decode,1786168878657379419,1786168878806495265,149115846,2.0,0.0,0.0,0.0,,,,,,Validated reconstruction
decode,1786168878806495265,1786168879657379419,850884154,3.0,0.0,0.0,0.0,,,,,,Validated reconstruction
decode,1786168879657379419,1786168879806495265,149115846,3.0,0.0,0.0,0.0,,,,,,Validated reconstruction
decode,1786168879806495265,1786168880657379419,850884154,3.0,0.0,0.0,0.0,,,,,,Validated reconstruction
decode,1786168880657379419,1786168880806495265,149115846,3.0,0.0,0.0,0.0,,,,,,Validated reconstruction
decode,1786168880806495265,1786168881657379419,850884154,3.0,0.0,0.0,0.0,,,,,,Validated reconstruction
decode,1786168881657379419,1786168881806495265,149115846,3.0,0.0,0.0,0.0,,,,,,Validated reconstruction
decode,1786168881806495265,1786168882657379419,850884154,3.0,0.0,0.0,0.0,,,,,,Validated reconstruction
decode,1786168882657379419,1786168882806495265,149115846,3.0,0.0,0.0,0.0,,,,,,Validated reconstruction
decode,1786168882806495265,1786168883657379419,850884154,3.0,0.0,0.0,0.0,,,,,,Validated reconstruction
decode,1786168883657379419,1786168883806495265,149115846,3.0,0.0,0.0,0.0,,,,,,Validated reconstruction
decode,1786168883806495265,1786168884657379419,850884154,3.0,0.0,0.0,0.0,,,,,,Validated reconstruction
decode,1786168884657379419,1786168884806495265,149115846,3.0,0.0,0.0,0.0,,,,,,Validated reconstruction
decode,1786168884806495265,1786168885657379419,850884154,3.0,0.0,0.0,0.0,,,,,,Validated reconstruction
decode,1786168885657379419,1786168885806495265,149115846,4.0,0.0,0.0,0.0,,,,,,Validated reconstruction
decode,1786168885806495265,1786168886657379419,850884154,4.0,0.0,0.0,0.0,,,,,,Validated reconstruction
decode,1786168886657379419,1786168886806495265,149115846,4.0,0.0,0.0,0.0,,,,,,Validated reconstruction
decode,1786168886806495265,1786168887657379419,850884154,4.0,0.0,0.0,0.0,,,,,,Validated reconstruction
decode,1786168887657379419,1786168887806495265,149115846,4.0,0.0,0.0,0.0,,,,,,Validated reconstruction
decode,1786168887806495265,1786168888657379419,850884154,4.0,0.0,0.0,0.0,,,,,,Validated reconstruction
decode,1786168888657379419,1786168888806495265,149115846,4.0,0.0,0.0,0.0,,,,,,Validated reconstruction
decode,1786168888806495265,1786168889657379419,850884154,4.0,0.0,0.0,0.0,,,,,,Validated reconstruction
decode,1786168889657379419,1786168889806495265,149115846,4.0,0.0,0.0,0.0,,,,,,Validated reconstruction
decode,1786168889806495265,1786168890657379419,850884154,4.0,0.0,0.0,0.0,,,,,,Validated reconstruction
decode,1786168890657379419,1786168890806495265,149115846,4.0,0.0,0.0,0.0,,,,,,Validated reconstruction
decode,1786168890806495265,1786168891657379419,850884154,4.0,0.0,0.0,0.0,,,,,,Validated reconstruction
decode,1786168891657379419,1786168891806495265,149115846,3.5,0.0,0.0,0.0,,,,,,Validated reconstruction
decode,1786168891806495265,1786168892657379419,850884154,3.5,0.0,0.0,0.0,,,,,,Validated reconstruction
decode,1786168892657379419,1786168892806495265,149115846,3.0,0.0,0.0,0.0,,,,,,Validated reconstruction
decode,1786168892806495265,1786168893657379419,850884154,3.0,0.0,0.0,0.0,,,,,,Validated reconstruction
decode,1786168893657379419,1786168893806495265,149115846,3.0,0.0,0.0,0.0,,,,,,Validated reconstruction
decode,1786168893806495265,1786168894657379419,850884154,3.0,0.0,0.0,0.0,,,,,,Validated reconstruction
decode,1786168894657379419,1786168894806495265,149115846,3.0,0.0,0.0,0.0,,,,,,Validated reconstruction
decode,1786168894806495265,1786168895657379419,850884154,3.0,0.0,1.0,0.0,,,,,,Validated reconstruction
decode,1786168895657379419,1786168895806495265,149115846,3.0,0.0,1.0,0.0,,,,,,Validated reconstruction
decode,1786168895806495265,1786168896657379419,850884154,3.0,0.0,1.0,0.0,,,,,,Validated reconstruction
decode,1786168896657379419,1786168896806495265,149115846,3.0,0.0,1.0,0.0,,,,,,Validated reconstruction
decode,1786168896806495265,1786168897657379419,850884154,3.0,0.0,1.0,0.0,,,,,,Validated reconstruction
decode,1786168897657379419,1786168897806495265,149115846,3.0,0.0,1.0,0.0,,,,,,Validated reconstruction
decode,1786168897806495265,1786168898657379419,850884154,3.0,0.0,1.0,0.0,,,,,,Validated reconstruction
decode,1786168898657379419,1786168898806495265,149115846,3.5,0.0,1.0,0.0,,,,,,Validated reconstruction
decode,1786168898806495265,1786168899657379419,850884154,3.5,0.0,1.0,0.0,,,,,,Validated reconstruction
decode,1786168899657379419,1786168899806495265,149115846,4.0,0.0,1.0,0.0,,,,,,Validated reconstruction
decode,1786168899806495265,1786168900657379419,850884154,4.0,0.0,1.0,0.0,,,,,,Validated reconstruction
decode,1786168900657379419,1786168900806495265,149115846,4.0,0.0,1.0,0.0,,,,,,Validated reconstruction
decode,1786168900806495265,1786168901657379419,850884154,4.0,0.0,1.0,0.0,,,,,,Validated reconstruction
decode,1786168901657379419,1786168901806495265,149115846,4.0,0.0,1.0,0.0,,,,,,Validated reconstruction
decode,1786168901806495265,1786168902657379419,850884154,4.0,0.0,1.0,0.0,,,,,,Validated reconstruction
decode,1786168902657379419,1786168902806495265,149115846,4.0,0.0,1.0,0.0,,,,,,Validated reconstruction
decode,1786168902806495265,1786168903657379419,850884154,4.0,0.0,1.0,0.0,,,,,,Validated reconstruction
decode,1786168903657379419,1786168903806495265,149115846,4.0,0.0,1.0,0.0,,,,,,Validated reconstruction
decode,1786168903806495265,1786168904657379419,850884154,4.0,0.0,1.0,0.0,,,,,,Validated reconstruction
decode,1786168904657379419,1786168904806495265,149115846,4.0,0.0,1.0,0.0,,,,,,Validated reconstruction
decode,1786168904806495265,1786168905657379419,850884154,4.0,0.0,1.0,0.0,,,,,,Validated reconstruction
decode,1786168905657379419,1786168905806495265,149115846,4.0,0.0,1.0,0.0,,,,,,Validated reconstruction
decode,1786168905806495265,1786168906657379419,850884154,4.0,0.0,1.0,0.0,,,,,,Validated reconstruction
decode,1786168906657379419,1786168906806495265,149115846,4.0,0.0,1.0,0.0,,,,,,Validated reconstruction
decode,1786168906806495265,1786168907657379419,850884154,4.0,0.0,1.0,0.0,,,,,,Validated reconstruction
decode,1786168907657379419,1786168907806495265,149115846,4.0,0.0,1.0,0.0,,,,,,Validated reconstruction
decode,1786168907806495265,1786168908657379419,850884154,4.0,0.0,1.0,0.0,,,,,,Validated reconstruction
decode,1786168908657379419,1786168908806495265,149115846,4.0,0.0,1.0,0.0,,,,,,Validated reconstruction
decode,1786168908806495265,1786168909657379419,850884154,4.0,0.0,1.0,0.0,,,,,,Validated reconstruction
decode,1786168909657379419,1786168909806495265,149115846,4.0,0.0,1.0,0.0,,,,,,Validated reconstruction
decode,1786168909806495265,1786168910657379419,850884154,4.0,0.0,1.0,0.0,,,,,,Validated reconstruction
decode,1786168910657379419,1786168910806495265,149115846,4.0,0.0,1.0,0.0,,,,,,Validated reconstruction
decode,1786168910806495265,1786168911657379419,850884154,4.0,0.0,1.0,0.0,,,,,,Validated reconstruction
decode,1786168911657379419,1786168911806495265,149115846,4.0,0.0,1.0,0.0,,,,,,Validated reconstruction
decode,1786168911806495265,1786168912657379419,850884154,4.0,0.0,1.0,0.0,,,,,,Validated reconstruction
decode,1786168912657379419,1786168912806495265,149115846,4.0,0.0,1.0,0.0,,,,,,Validated reconstruction
decode,1786168912806495265,1786168913657379419,850884154,4.0,0.0,1.0,0.0,,,,,,Validated reconstruction
decode,1786168913657379419,1786168913806495265,149115846,4.0,0.0,1.0,0.0,,,,,,Validated reconstruction
decode,1786168913806495265,1786168914657379419,850884154,4.0,0.0,1.0,0.0,,,,,,Validated reconstruction
decode,1786168914657379419,1786168914806495265,149115846,4.0,0.0,1.0,0.0,,,,,,Validated reconstruction
decode,1786168914806495265,1786168915657379419,850884154,4.0,0.0,1.0,0.0,,,,,,Validated reconstruction
decode,1786168915657379419,1786168915806495265,149115846,4.0,0.0,1.0,0.0,,,,,,Validated reconstruction
decode,1786168915806495265,1786168916657379419,850884154,4.0,0.0,1.0,0.0,,,,,,Validated reconstruction
decode,1786168916657379419,1786168916806495265,149115846,4.0,0.0,1.0,0.0,,,,,,Validated reconstruction
decode,1786168916806495265,1786168917657379419,850884154,4.0,0.0,1.0,0.0,,,,,,Validated reconstruction
decode,1786168917657379419,1786168917806495265,149115846,4.0,0.0,1.0,0.0,,,,,,Validated reconstruction
decode,1786168917806495265,1786168918657379419,850884154,4.0,0.0,1.0,0.0,,,,,,Validated reconstruction
decode,1786168918657379419,1786168918806495265,149115846,4.0,0.0,1.0,0.0,,,,,,Validated reconstruction
decode,1786168918806495265,1786168919657379419,850884154,4.0,0.0,1.0,0.0,,,,,,Validated reconstruction
decode,1786168919657379419,1786168919806495265,149115846,4.0,0.0,1.0,0.0,,,,,,Validated reconstruction
decode,1786168919806495265,1786168920657379419,850884154,4.5,0.0,1.0,0.0,,,,,,Validated reconstruction
decode,1786168920657379419,1786168920806495265,149115846,5.0,0.0,1.0,0.0,,,,,,Validated reconstruction
decode,1786168920806495265,1786168921657379419,850884154,5.5,0.0,1.0,0.0,,,,,,Validated reconstruction
decode,1786168921657379419,1786168921806495265,149115846,6.0,0.0,1.0,0.0,,,,,,Validated reconstruction
decode,1786168921806495265,1786168922657379419,850884154,6.0,0.0,1.0,0.0,,,,,,Validated reconstruction
decode,1786168922657379419,1786168922806495265,149115846,6.0,0.0,1.0,0.0,,,,,,Validated reconstruction
decode,1786168922806495265,1786168923657379419,850884154,6.0,0.0,1.0,0.0,,,,,,Validated reconstruction
decode,1786168923657379419,1786168923806495265,149115846,7.0,0.0,1.0,0.0,,,,,,Validated reconstruction
decode,1786168923806495265,1786168924657379419,850884154,7.0,0.0,1.0,0.0,,,,,,Validated reconstruction
decode,1786168924657379419,1786168924806495265,149115846,7.0,0.0,1.0,0.0,,,,,,Validated reconstruction
decode,1786168924806495265,1786168925657379419,850884154,7.0,0.0,1.0,0.0,,,,,,Validated reconstruction
decode,1786168925657379419,1786168925806495265,149115846,7.0,0.0,1.0,0.0,,,,,,Validated reconstruction
decode,1786168925806495265,1786168926657379419,850884154,7.0,0.0,1.0,0.0,,,,,,Validated reconstruction
decode,1786168926657379419,1786168926806495265,149115846,7.0,0.0,1.0,0.0,,,,,,Validated reconstruction
decode,1786168926806495265,1786168927657379419,850884154,7.0,0.0,1.0,0.0,,,,,,Validated reconstruction
decode,1786168927657379419,1786168927806495265,149115846,7.0,0.0,1.0,0.0,,,,,,Validated reconstruction
decode,1786168927806495265,1786168928657379419,850884154,8.0,0.0,1.0,0.0,,,,,,Validated reconstruction
decode,1786168928657379419,1786168928806495265,149115846,8.0,0.0,1.0,0.0,,,,,,Validated reconstruction
decode,1786168928806495265,1786168929657379419,850884154,8.0,0.0,1.0,0.0,,,,,,Validated reconstruction
decode,1786168929657379419,1786168929806495265,149115846,8.0,0.0,1.0,0.0,,,,,,Validated reconstruction
decode,1786168929806495265,1786168930657379419,850884154,4.0,0.0,1.0,0.0,,,,,,Validated reconstruction
decode,1786168930657379419,1786168930806495265,149115846,4.0,0.0,1.0,0.0,,,,,,Validated reconstruction
decode,1786168930806495265,1786168931657379419,850884154,4.0,0.0,1.0,0.0,,,,,,Validated reconstruction
decode,1786168931657379419,1786168931806495265,149115846,4.0,0.0,1.0,0.0,,,,,,Validated reconstruction
decode,1786168931806495265,1786168932657379419,850884154,4.0,0.0,1.0,0.0,,,,,,Validated reconstruction
decode,1786168932657379419,1786168932806495265,149115846,4.0,0.0,1.0,0.5,,,,,,Validated reconstruction
decode,1786168932806495265,1786168933657379419,850884154,4.0,0.0,1.0,0.5,,,,,,Validated reconstruction
decode,1786168933657379419,1786168933806495265,149115846,4.0,0.0,1.0,1.0,,,,,,Validated reconstruction
decode,1786168933806495265,1786168934657379419,850884154,4.0,0.0,1.0,1.0,,,,,,Validated reconstruction
decode,1786168934657379419,1786168934806495265,149115846,4.0,0.0,1.0,1.0,,,,,,Validated reconstruction
decode,1786168934806495265,1786168935657379419,850884154,4.0,0.0,1.0,1.0,,,,,,Validated reconstruction
decode,1786168935657379419,1786168935806495265,149115846,4.0,0.0,1.0,1.0,,,,,,Validated reconstruction
decode,1786168935806495265,1786168936657379419,850884154,4.0,0.0,0.0,1.0,,,,,,Validated reconstruction
decode,1786168936657379419,1786168936806495265,149115846,4.0,0.0,0.0,1.0,,,,,,Validated reconstruction
decode,1786168936806495265,1786168937657379419,850884154,5.0,0.0,0.0,1.0,,,,,,Validated reconstruction
decode,1786168937657379419,1786168937806495265,149115846,5.0,0.0,0.0,1.0,,,,,,Validated reconstruction
decode,1786168937806495265,1786168938657379419,850884154,5.0,0.0,0.0,1.0,,,,,,Validated reconstruction
decode,1786168938657379419,1786168938806495265,149115846,5.0,0.0,0.0,1.0,,,,,,Validated reconstruction
decode,1786168938806495265,1786168939657379419,850884154,5.0,0.0,0.0,1.0,,,,,,Validated reconstruction
decode,1786168939657379419,1786168939806495265,149115846,5.0,0.0,0.0,1.0,,,,,,Validated reconstruction
decode,1786168939806495265,1786168940657379419,850884154,5.0,0.0,0.0,1.0,,,,,,Validated reconstruction
decode,1786168940657379419,1786168940806495265,149115846,5.0,0.0,0.0,1.0,,,,,,Validated reconstruction
decode,1786168940806495265,1786168941657379419,850884154,5.0,0.0,0.0,1.0,,,,,,Validated reconstruction
decode,1786168941657379419,1786168941806495265,149115846,5.0,0.0,0.0,1.0,,,,,,Validated reconstruction
decode,1786168941806495265,1786168942657379419,850884154,5.0,0.0,0.0,1.0,,,,,,Validated reconstruction
decode,1786168942657379419,1786168942806495265,149115846,5.0,0.0,0.0,1.0,,,,,,Validated reconstruction
decode,1786168942806495265,1786168943657379419,850884154,5.0,0.0,0.0,1.0,,,,,,Validated reconstruction
decode,1786168943657379419,1786168943806495265,149115846,5.0,0.0,0.0,1.0,,,,,,Validated reconstruction
decode,1786168943806495265,1786168944657379419,850884154,5.0,0.0,0.0,1.0,,,,,,Validated reconstruction
decode,1786168944657379419,1786168944806495265,149115846,3.0,0.0,0.0,1.0,,,,,,Validated reconstruction
decode,1786168944806495265,1786168945657379419,850884154,3.0,0.0,0.0,1.0,,,,,,Validated reconstruction
decode,1786168945657379419,1786168945806495265,149115846,3.0,0.0,0.0,1.0,,,,,,Validated reconstruction
decode,1786168945806495265,1786168946657379419,850884154,3.0,0.0,0.0,1.0,,,,,,Validated reconstruction
decode,1786168946657379419,1786168946806495265,149115846,3.0,0.0,0.0,1.0,,,,,,Validated reconstruction
decode,1786168946806495265,1786168947657379419,850884154,1.0,0.0,0.0,1.0,,,,,,Validated reconstruction
decode,1786168947657379419,1786168947806495265,149115846,1.0,0.0,0.0,1.0,,,,,,Validated reconstruction
decode,1786168947806495265,1786168948657379419,850884154,1.0,0.0,0.0,1.0,,,,,,Validated reconstruction
decode,1786168948657379419,1786168948806495265,149115846,1.0,0.0,0.0,1.0,,,,,,Validated reconstruction
decode,1786168948806495265,1786168949657379419,850884154,1.0,0.0,0.0,1.0,,,,,,Validated reconstruction
decode,1786168949657379419,1786168949806495265,149115846,1.0,0.0,0.0,1.0,,,,,,Validated reconstruction
decode,1786168949806495265,1786168950657379419,850884154,1.0,0.0,0.0,1.0,,,,,,Validated reconstruction
decode,1786168950657379419,1786168950806495265,149115846,1.0,0.0,0.0,1.0,,,,,,Validated reconstruction
decode,1786168950806495265,1786168951657379419,850884154,1.0,0.0,0.0,1.0,,,,,,Validated reconstruction
decode,1786168951657379419,1786168951806495265,149115846,1.0,0.0,0.0,1.0,,,,,,Validated reconstruction
decode,1786168951806495265,1786168952657379419,850884154,1.0,0.0,0.0,1.0,,,,,,Validated reconstruction
decode,1786168952657379419,1786168952806495265,149115846,1.0,0.0,0.0,1.0,,,,,,Validated reconstruction
decode,1786168952806495265,1786168953657379419,850884154,1.0,0.0,0.0,1.0,,,,,,Validated reconstruction
decode,1786168953657379419,1786168953806495265,149115846,0.0,0.0,0.0,0.0,,,,,,Validated reconstruction
decode,1786168953806495265,1786168954657379419,850884154,1.0,0.0,1.0,0.0,,,,,,Validated reconstruction
decode,1786168954657379419,1786168954806495265,149115846,1.0,0.0,1.0,0.0,,,,,,Validated reconstruction
decode,1786168954806495265,1786168955657379419,850884154,1.0,0.0,1.0,0.0,,,,,,Validated reconstruction
decode,1786168955657379419,1786168955806495265,149115846,1.0,0.0,1.0,0.0,,,,,,Validated reconstruction
decode,1786168955806495265,1786168956657379419,850884154,1.0,0.0,1.0,0.0,,,,,,Validated reconstruction
decode,1786168956657379419,1786168956806495265,149115846,1.0,0.0,1.0,0.0,,,,,,Validated reconstruction
decode,1786168956806495265,1786168957657379419,850884154,1.0,0.0,1.0,0.0,,,,,,Validated reconstruction
decode,1786168957657379419,1786168957806495265,149115846,1.0,0.0,1.0,0.0,,,,,,Validated reconstruction
decode,1786168957806495265,1786168958657379419,850884154,1.0,0.0,1.0,0.0,,,,,,Validated reconstruction
decode,1786168958657379419,1786168958806495265,149115846,1.0,0.0,1.0,0.0,,,,,,Validated reconstruction
decode,1786168958806495265,1786168959657379419,850884154,2.0,0.0,0.5,0.0,,,,,,Validated reconstruction
decode,1786168959657379419,1786168959806495265,149115846,2.0,0.0,0.5,0.0,,,,,,Validated reconstruction
decode,1786168959806495265,1786168960657379419,850884154,2.0,0.0,0.0,0.0,,,,,,Validated reconstruction
decode,1786168960657379419,1786168960806495265,149115846,2.0,0.0,0.0,0.0,,,,,,Validated reconstruction
decode,1786168960806495265,1786168961657379419,850884154,2.0,0.0,0.0,0.0,,,,,,Validated reconstruction
decode,1786168961657379419,1786168961806495265,149115846,2.0,0.0,0.0,0.0,,,,,,Validated reconstruction
decode,1786168961806495265,1786168962657379419,850884154,2.0,0.0,0.0,0.0,,,,,,Validated reconstruction
decode,1786168962657379419,1786168962806495265,149115846,2.0,0.0,0.0,0.0,,,,,,Validated reconstruction
decode,1786168962806495265,1786168963657379419,850884154,2.0,0.0,0.0,0.0,,,,,,Validated reconstruction
decode,1786168963657379419,1786168963806495265,149115846,2.0,0.0,0.0,0.0,,,,,,Validated reconstruction
decode,1786168963806495265,1786168964657379419,850884154,2.0,0.0,0.0,0.0,,,,,,Validated reconstruction
decode,1786168964657379419,1786168964806495265,149115846,2.0,0.0,0.0,0.0,,,,,,Validated reconstruction
decode,1786168964806495265,1786168965657379419,850884154,2.0,0.0,0.0,0.0,,,,,,Validated reconstruction
decode,1786168965657379419,1786168965806495265,149115846,2.0,0.0,0.0,0.0,,,,,,Validated reconstruction
decode,1786168965806495265,1786168966657379419,850884154,2.0,0.0,0.0,0.0,,,,,,Validated reconstruction
decode,1786168966657379419,1786168966806495265,149115846,2.0,0.0,0.0,0.0,,,,,,Validated reconstruction
decode,1786168966806495265,1786168967657379419,850884154,2.0,0.0,0.0,0.0,,,,,,Validated reconstruction
decode,1786168967657379419,1786168967806495265,149115846,3.0,0.0,0.0,0.0,,,,,,Validated reconstruction
decode,1786168967806495265,1786168968657379419,850884154,3.0,0.0,0.0,0.0,,,,,,Validated reconstruction
decode,1786168968657379419,1786168968806495265,149115846,3.0,0.0,0.0,0.0,,,,,,Validated reconstruction
decode,1786168968806495265,1786168969657379419,850884154,3.0,0.0,0.0,0.0,,,,,,Validated reconstruction
decode,1786168969657379419,1786168969806495265,149115846,3.0,0.0,0.0,0.0,,,,,,Validated reconstruction
decode,1786168969806495265,1786168970657379419,850884154,3.0,0.0,0.0,0.0,,,,,,Validated reconstruction
decode,1786168970657379419,1786168970806495265,149115846,3.0,0.0,0.0,0.0,,,,,,Validated reconstruction
decode,1786168970806495265,1786168971657379419,850884154,3.0,0.0,0.0,0.0,,,,,,Validated reconstruction
decode,1786168971657379419,1786168971806495265,149115846,3.5,0.0,0.0,0.0,,,,,,Validated reconstruction
decode,1786168971806495265,1786168972657379419,850884154,3.5,0.0,0.0,0.0,,,,,,Validated reconstruction
decode,1786168972657379419,1786168972806495265,149115846,4.0,0.0,0.0,0.0,,,,,,Validated reconstruction
decode,1786168972806495265,1786168973657379419,850884154,4.0,0.0,0.0,0.0,,,,,,Validated reconstruction
decode,1786168973657379419,1786168973806495265,149115846,4.0,0.0,0.0,0.0,,,,,,Validated reconstruction
decode,1786168973806495265,1786168974657379419,850884154,4.0,0.0,0.0,0.0,,,,,,Validated reconstruction
decode,1786168974657379419,1786168974806495265,149115846,4.0,0.0,0.0,0.0,,,,,,Validated reconstruction
decode,1786168974806495265,1786168975657379419,850884154,4.0,0.0,0.0,0.0,,,,,,Validated reconstruction
decode,1786168975657379419,1786168975806495265,149115846,4.0,0.0,0.0,0.0,,,,,,Validated reconstruction
decode,1786168975806495265,1786168976657379419,850884154,4.0,0.0,0.0,0.0,,,,,,Validated reconstruction
decode,1786168976657379419,1786168976806495265,149115846,4.0,0.0,0.0,0.0,,,,,,Validated reconstruction
decode,1786168976806495265,1786168977657379419,850884154,4.0,0.0,0.0,0.0,,,,,,Validated reconstruction
decode,1786168977657379419,1786168977806495265,149115846,4.5,0.0,0.0,0.0,,,,,,Validated reconstruction
decode,1786168977806495265,1786168978657379419,850884154,4.5,0.0,0.0,0.0,,,,,,Validated reconstruction
decode,1786168978657379419,1786168978806495265,149115846,5.0,0.0,0.0,0.0,,,,,,Validated reconstruction
decode,1786168978806495265,1786168979657379419,850884154,5.0,0.0,0.0,0.5,,,,,,Validated reconstruction
decode,1786168979657379419,1786168979806495265,149115846,5.0,0.0,0.0,0.5,,,,,,Validated reconstruction
decode,1786168979806495265,1786168980657379419,850884154,5.0,0.0,0.0,1.0,,,,,,Validated reconstruction
decode,1786168980657379419,1786168980806495265,149115846,2.0,0.0,0.0,1.0,,,,,,Validated reconstruction
decode,1786168980806495265,1786168981657379419,850884154,2.0,0.0,0.0,1.0,,,,,,Validated reconstruction
decode,1786168981657379419,1786168981806495265,149115846,2.0,0.0,0.0,1.0,,,,,,Validated reconstruction
decode,1786168981806495265,1786168982657379419,850884154,2.0,0.0,0.0,1.0,,,,,,Validated reconstruction
decode,1786168982657379419,1786168982806495265,149115846,2.0,0.0,0.0,1.0,,,,,,Validated reconstruction
decode,1786168982806495265,1786168983657379419,850884154,3.0,0.0,0.0,0.3333333333333333,,,,,,Validated reconstruction
decode,1786168983657379419,1786168983806495265,149115846,3.0,0.0,0.0,0.3333333333333333,,,,,,Validated reconstruction
decode,1786168984806495265,1786168985657379419,850884154,4.0,0.0,0.0,0.0,,,,,,Validated reconstruction
decode,1786168985657379419,1786168985806495265,149115846,4.0,0.0,0.0,0.0,,,,,,Validated reconstruction
decode,1786168985806495265,1786168986657379419,850884154,4.0,0.0,0.0,0.0,,,,,,Validated reconstruction
decode,1786168986657379419,1786168986806495265,149115846,4.0,0.0,0.0,0.0,,,,,,Validated reconstruction
decode,1786168986806495265,1786168987657379419,850884154,4.0,0.0,0.0,0.0,,,,,,Validated reconstruction
decode,1786168987657379419,1786168987806495265,149115846,4.0,0.0,0.0,0.0,,,,,,Validated reconstruction
decode,1786168987806495265,1786168988657379419,850884154,4.0,0.0,0.0,0.0,,,,,,Validated reconstruction
decode,1786168988657379419,1786168988806495265,149115846,5.0,0.0,0.0,0.0,,,,,,Validated reconstruction
decode,1786168988806495265,1786168989657379419,850884154,5.0,0.0,0.0,0.0,,,,,,Validated reconstruction
decode,1786168989657379419,1786168989806495265,149115846,4.0,0.0,0.0,0.0,,,,,,Validated reconstruction
decode,1786168989806495265,1786168990657379419,850884154,4.0,0.0,0.0,0.0,,,,,,Validated reconstruction
decode,1786168990657379419,1786168990806495265,149115846,4.0,0.0,0.0,0.0,,,,,,Validated reconstruction
decode,1786168990806495265,1786168991657379419,850884154,4.0,0.0,0.0,0.0,,,,,,Validated reconstruction
decode,1786168991657379419,1786168991806495265,149115846,4.0,0.0,0.0,0.0,,,,,,Validated reconstruction
decode,1786168991806495265,1786168992657379419,850884154,5.0,0.0,0.0,0.0,,,,,,Validated reconstruction
decode,1786168992657379419,1786168992806495265,149115846,5.0,0.0,0.0,0.0,,,,,,Validated reconstruction
decode,1786168992806495265,1786168993657379419,850884154,5.0,0.0,0.0,0.0,,,,,,Validated reconstruction
decode,1786168993657379419,1786168993806495265,149115846,5.0,0.0,0.0,0.0,,,,,,Validated reconstruction
decode,1786168993806495265,1786168994657379419,850884154,5.0,0.0,0.0,0.0,,,,,,Validated reconstruction
decode,1786168994657379419,1786168994806495265,149115846,5.0,0.0,0.0,0.0,,,,,,Validated reconstruction
decode,1786168994806495265,1786168995657379419,850884154,5.0,0.0,0.0,0.0,,,,,,Validated reconstruction
decode,1786168995657379419,1786168995806495265,149115846,5.0,0.0,0.0,0.0,,,,,,Validated reconstruction
decode,1786168995806495265,1786168996657379419,850884154,5.0,0.0,0.0,0.0,,,,,,Validated reconstruction
decode,1786168996657379419,1786168996806495265,149115846,5.0,0.0,0.0,0.0,,,,,,Validated reconstruction
decode,1786168996806495265,1786168997657379419,850884154,5.0,0.0,1.0,0.0,,,,,,Validated reconstruction
decode,1786168997657379419,1786168997806495265,149115846,5.0,0.0,1.0,0.0,,,,,,Validated reconstruction
decode,1786168997806495265,1786168998657379419,850884154,5.0,0.0,1.0,0.0,,,,,,Validated reconstruction
decode,1786168998657379419,1786168998806495265,149115846,5.0,0.0,1.0,0.0,,,,,,Validated reconstruction
decode,1786168998806495265,1786168999657379419,850884154,5.0,0.0,1.0,0.0,,,,,,Validated reconstruction
decode,1786168999657379419,1786168999806495265,149115846,5.0,0.0,1.0,0.0,,,,,,Validated reconstruction
decode,1786168999806495265,1786169000657379419,850884154,5.0,0.0,1.0,0.0,,,,,,Validated reconstruction
decode,1786169000657379419,1786169000806495265,149115846,5.0,0.0,1.0,0.0,,,,,,Validated reconstruction
decode,1786169000806495265,1786169001657379419,850884154,4.5,0.0,1.0,0.0,,,,,,Validated reconstruction
decode,1786169001657379419,1786169001806495265,149115846,4.5,0.0,1.0,0.0,,,,,,Validated reconstruction
decode,1786169001806495265,1786169002657379419,850884154,4.0,0.0,1.0,0.0,,,,,,Validated reconstruction
decode,1786169002657379419,1786169002806495265,149115846,4.0,0.0,1.0,0.0,,,,,,Validated reconstruction
decode,1786169002806495265,1786169003657379419,850884154,4.0,0.0,1.0,0.0,,,,,,Validated reconstruction
decode,1786169003657379419,1786169003806495265,149115846,4.0,0.0,1.0,0.0,,,,,,Validated reconstruction
decode,1786169003806495265,1786169004657379419,850884154,4.0,0.0,1.0,0.0,,,,,,Validated reconstruction
decode,1786169004657379419,1786169004806495265,149115846,4.0,0.0,1.0,0.0,,,,,,Validated reconstruction
decode,1786169004806495265,1786169005657379419,850884154,4.0,0.0,1.0,0.0,,,,,,Validated reconstruction
decode,1786169005657379419,1786169005806495265,149115846,4.0,0.0,1.0,0.0,,,,,,Validated reconstruction
decode,1786169005806495265,1786169006657379419,850884154,4.0,0.0,1.0,0.0,,,,,,Validated reconstruction
decode,1786169006657379419,1786169006806495265,149115846,4.0,0.0,1.0,0.0,,,,,,Validated reconstruction
decode,1786169006806495265,1786169007657379419,850884154,4.0,0.0,1.0,0.0,,,,,,Validated reconstruction
decode,1786169007657379419,1786169007806495265,149115846,4.0,0.0,1.0,0.0,,,,,,Validated reconstruction
decode,1786169007806495265,1786169008657379419,850884154,4.0,0.0,1.0,0.0,,,,,,Validated reconstruction
decode,1786169008657379419,1786169008806495265,149115846,4.0,0.0,1.0,0.0,,,,,,Validated reconstruction
decode,1786169008806495265,1786169009657379419,850884154,4.0,0.0,1.0,0.0,,,,,,Validated reconstruction
decode,1786169009657379419,1786169009806495265,149115846,4.0,0.0,1.0,0.0,,,,,,Validated reconstruction
decode,1786169009806495265,1786169010657379419,850884154,4.0,0.0,1.0,0.0,,,,,,Validated reconstruction
decode,1786169010657379419,1786169010806495265,149115846,4.0,0.0,1.0,0.0,,,,,,Validated reconstruction
decode,1786169010806495265,1786169011657379419,850884154,4.0,0.0,1.0,0.0,,,,,,Validated reconstruction
decode,1786169011657379419,1786169011806495265,149115846,4.0,0.0,1.0,0.0,,,,,,Validated reconstruction
decode,1786169011806495265,1786169012657379419,850884154,4.0,0.0,1.0,0.0,,,,,,Validated reconstruction
decode,1786169012657379419,1786169012806495265,149115846,4.0,0.0,1.0,0.0,,,,,,Validated reconstruction
decode,1786169012806495265,1786169013657379419,850884154,4.0,0.0,1.0,0.0,,,,,,Validated reconstruction
decode,1786169013657379419,1786169013806495265,149115846,4.0,0.0,1.0,0.0,,,,,,Validated reconstruction
decode,1786169013806495265,1786169014657379419,850884154,4.0,0.0,0.5,0.0,,,,,,Validated reconstruction
decode,1786169014657379419,1786169014806495265,149115846,4.0,0.0,0.5,0.0,,,,,,Validated reconstruction
decode,1786169014806495265,1786169015657379419,850884154,2.0,0.0,0.0,0.0,,,,,,Validated reconstruction
decode,1786169015657379419,1786169015806495265,149115846,2.0,0.0,0.0,0.0,,,,,,Validated reconstruction
decode,1786169015806495265,1786169016657379419,850884154,0.0,0.0,0.0,0.0,,,,,,Validated reconstruction
decode,1786169016657379419,1786169016806495265,149115846,0.0,0.0,0.0,0.0,,,,,,Validated reconstruction
decode,1786169016806495265,1786169017657379419,850884154,0.0,0.0,0.0,0.0,,,,,,Validated reconstruction
decode,1786169017657379419,1786169017806495265,149115846,0.0,0.0,0.0,0.0,,,,,,Validated reconstruction
decode,1786169017806495265,1786169018657379419,850884154,0.0,0.0,0.0,0.0,,,,,,Validated reconstruction
decode,1786169018657379419,1786169018806495265,149115846,0.0,0.0,0.0,0.0,,,,,,Validated reconstruction
decode,1786169018806495265,1786169019657379419,850884154,0.0,0.0,0.0,0.0,,,,,,Validated reconstruction
decode,1786169019657379419,1786169019806495265,149115846,0.0,0.0,0.0,0.0,,,,,,Validated reconstruction
decode,1786169019806495265,1786169020657379419,850884154,0.0,0.0,0.0,0.0,,,,,,Validated reconstruction
decode,1786169020657379419,1786169020806495265,149115846,0.0,0.0,0.0,0.0,,,,,,Validated reconstruction
decode,1786169020806495265,1786169021657379419,850884154,0.0,0.0,0.0,0.0,,,,,,Validated reconstruction
decode,1786169021657379419,1786169021806495265,149115846,1.0,0.0,0.0,0.0,,,,,,Validated reconstruction
decode,1786169021806495265,1786169022657379419,850884154,1.0,0.0,0.0,0.0,,,,,,Validated reconstruction
decode,1786169022657379419,1786169022806495265,149115846,1.0,0.0,0.0,0.0,,,,,,Validated reconstruction
decode,1786169022806495265,1786169023657379419,850884154,1.0,0.0,0.0,0.0,,,,,,Validated reconstruction
decode,1786169023657379419,1786169023806495265,149115846,1.0,0.0,0.0,0.0,,,,,,Validated reconstruction
decode,1786169023806495265,1786169024657379419,850884154,1.0,0.0,0.0,0.0,,,,,,Validated reconstruction
decode,1786169024657379419,1786169024806495265,149115846,2.0,0.0,0.0,0.0,,,,,,Validated reconstruction
decode,1786169024806495265,1786169025657379419,850884154,2.0,0.0,0.0,0.0,,,,,,Validated reconstruction
decode,1786169025657379419,1786169025806495265,149115846,2.0,0.0,0.0,0.0,,,,,,Validated reconstruction
decode,1786169025806495265,1786169026657379419,850884154,2.0,0.0,0.0,0.0,,,,,,Validated reconstruction
decode,1786169026657379419,1786169026806495265,149115846,2.0,0.0,0.0,0.0,,,,,,Validated reconstruction
decode,1786169026806495265,1786169027657379419,850884154,2.0,0.0,0.0,0.0,,,,,,Validated reconstruction
decode,1786169027657379419,1786169027806495265,149115846,2.0,0.0,0.0,0.0,,,,,,Validated reconstruction
decode,1786169027806495265,1786169028657379419,850884154,2.0,0.0,0.0,0.0,,,,,,Validated reconstruction
decode,1786169028657379419,1786169028806495265,149115846,2.0,0.0,0.0,0.0,,,,,,Validated reconstruction
decode,1786169028806495265,1786169029657379419,850884154,2.0,0.0,0.0,0.0,,,,,,Validated reconstruction
decode,1786169029657379419,1786169029806495265,149115846,2.0,0.0,0.0,0.0,,,,,,Validated reconstruction
decode,1786169029806495265,1786169030657379419,850884154,2.0,0.0,0.0,0.0,,,,,,Validated reconstruction
decode,1786169030657379419,1786169030806495265,149115846,2.0,0.0,0.0,0.0,,,,,,Validated reconstruction
decode,1786169030806495265,1786169031657379419,850884154,2.0,0.0,0.0,0.0,,,,,,Validated reconstruction
decode,1786169031657379419,1786169031806495265,149115846,2.0,0.0,0.0,0.0,,,,,,Validated reconstruction
decode,1786169031806495265,1786169032657379419,850884154,2.0,0.0,0.0,0.0,,,,,,Validated reconstruction
decode,1786169032657379419,1786169032806495265,149115846,2.0,0.0,0.0,0.0,,,,,,Validated reconstruction
decode,1786169032806495265,1786169033657379419,850884154,2.0,0.0,0.0,0.0,,,,,,Validated reconstruction
decode,1786169033657379419,1786169033806495265,149115846,2.0,0.0,0.0,0.0,,,,,,Validated reconstruction
decode,1786169033806495265,1786169034657379419,850884154,2.0,0.0,0.0,0.0,,,,,,Validated reconstruction
decode,1786169034657379419,1786169034806495265,149115846,2.0,0.0,0.0,0.0,,,,,,Validated reconstruction
decode,1786169034806495265,1786169035657379419,850884154,2.0,0.0,0.0,0.0,,,,,,Validated reconstruction
decode,1786169035657379419,1786169035806495265,149115846,2.0,0.0,0.0,0.0,,,,,,Validated reconstruction
decode,1786169035806495265,1786169036657379419,850884154,2.0,0.0,0.0,0.0,,,,,,Validated reconstruction
decode,1786169036657379419,1786169036806495265,149115846,2.0,0.0,0.0,0.0,,,,,,Validated reconstruction
decode,1786169036806495265,1786169037657379419,850884154,2.0,0.0,0.0,0.0,,,,,,Validated reconstruction
decode,1786169037657379419,1786169037806495265,149115846,2.0,0.0,0.0,0.0,,,,,,Validated reconstruction
decode,1786169037806495265,1786169038657379419,850884154,2.0,0.0,0.0,0.0,,,,,,Validated reconstruction
decode,1786169038657379419,1786169038806495265,149115846,2.0,0.0,0.0,0.0,,,,,,Validated reconstruction
decode,1786169038806495265,1786169039657379419,850884154,2.0,0.0,0.0,0.0,,,,,,Validated reconstruction
decode,1786169039657379419,1786169039806495265,149115846,2.0,0.0,0.0,0.0,,,,,,Validated reconstruction
decode,1786169039806495265,1786169040657379419,850884154,2.0,0.0,0.0,0.0,,,,,,Validated reconstruction
decode,1786169040657379419,1786169040806495265,149115846,2.0,0.0,0.0,0.0,,,,,,Validated reconstruction
decode,1786169040806495265,1786169041657379419,850884154,2.0,0.0,0.0,0.0,,,,,,Validated reconstruction
decode,1786169041657379419,1786169041806495265,149115846,2.0,0.0,0.0,0.0,,,,,,Validated reconstruction
decode,1786169041806495265,1786169042657379419,850884154,2.0,0.0,0.0,0.0,,,,,,Validated reconstruction
decode,1786169042657379419,1786169042806495265,149115846,2.0,0.0,0.0,0.0,,,,,,Validated reconstruction
decode,1786169042806495265,1786169043657379419,850884154,2.0,0.0,0.0,0.0,,,,,,Validated reconstruction
decode,1786169043657379419,1786169043806495265,149115846,2.0,0.0,0.0,0.0,,,,,,Validated reconstruction
decode,1786169043806495265,1786169044657379419,850884154,3.0,0.0,0.0,0.0,,,,,,Validated reconstruction
decode,1786169044657379419,1786169044806495265,149115846,3.0,0.0,0.0,0.0,,,,,,Validated reconstruction
decode,1786169044806495265,1786169045657379419,850884154,3.0,0.0,0.0,0.0,,,,,,Validated reconstruction
decode,1786169045657379419,1786169045806495265,149115846,3.0,0.0,0.0,0.0,,,,,,Validated reconstruction
decode,1786169045806495265,1786169046657379419,850884154,3.0,0.0,0.0,0.0,,,,,,Validated reconstruction
decode,1786169046657379419,1786169046806495265,149115846,3.0,0.0,0.0,0.0,,,,,,Validated reconstruction
decode,1786169046806495265,1786169047657379419,850884154,3.0,0.0,0.0,0.0,,,,,,Validated reconstruction
decode,1786169047657379419,1786169047806495265,149115846,3.0,0.0,0.0,0.0,,,,,,Validated reconstruction
decode,1786169047806495265,1786169048657379419,850884154,3.0,0.0,0.0,0.0,,,,,,Validated reconstruction
decode,1786169048657379419,1786169048806495265,149115846,3.0,0.0,0.0,0.0,,,,,,Validated reconstruction
decode,1786169048806495265,1786169049657379419,850884154,3.0,0.0,0.0,0.0,,,,,,Validated reconstruction
decode,1786169049657379419,1786169049806495265,149115846,3.0,0.0,0.0,0.0,,,,,,Validated reconstruction
decode,1786169049806495265,1786169050657379419,850884154,3.0,0.0,0.0,0.0,,,,,,Validated reconstruction
decode,1786169050657379419,1786169050806495265,149115846,3.0,0.0,0.0,0.0,,,,,,Validated reconstruction
decode,1786169050806495265,1786169051657379419,850884154,3.0,0.0,0.0,0.0,,,,,,Validated reconstruction
decode,1786169051657379419,1786169051806495265,149115846,3.0,0.0,0.0,0.0,,,,,,Validated reconstruction
decode,1786169051806495265,1786169052657379419,850884154,3.0,0.0,0.0,0.0,,,,,,Validated reconstruction
decode,1786169052657379419,1786169052806495265,149115846,3.0,0.0,0.0,0.0,,,,,,Validated reconstruction
decode,1786169052806495265,1786169053657379419,850884154,3.0,0.0,0.0,0.0,,,,,,Validated reconstruction
decode,1786169054657379419,1786169054806495265,149115846,3.0,0.0,0.0,0.0,,,,,,Validated reconstruction
decode,1786169054806495265,1786169055657379419,850884154,3.0,0.0,0.0,0.0,,,,,,Validated reconstruction
decode,1786169055657379419,1786169055806495265,149115846,3.0,0.0,0.0,0.0,,,,,,Validated reconstruction
decode,1786169055806495265,1786169056657379419,850884154,3.0,0.0,0.0,0.0,,,,,,Validated reconstruction
decode,1786169056657379419,1786169056806495265,149115846,3.0,0.0,0.0,0.0,,,,,,Validated reconstruction
decode,1786169056806495265,1786169057657379419,850884154,3.0,0.0,0.0,0.0,,,,,,Validated reconstruction
decode,1786169057657379419,1786169057806495265,149115846,3.0,0.0,0.0,0.0,,,,,,Validated reconstruction
decode,1786169057806495265,1786169058657379419,850884154,3.0,0.0,0.0,0.0,,,,,,Validated reconstruction
decode,1786169058657379419,1786169058806495265,149115846,3.0,0.0,0.0,0.0,,,,,,Validated reconstruction
decode,1786169058806495265,1786169059657379419,850884154,3.0,0.0,0.0,0.0,,,,,,Validated reconstruction
decode,1786169059657379419,1786169059806495265,149115846,3.0,0.0,0.0,0.0,,,,,,Validated reconstruction
decode,1786169059806495265,1786169060657379419,850884154,3.0,0.0,0.0,0.0,,,,,,Validated reconstruction
decode,1786169060657379419,1786169060806495265,149115846,3.0,0.0,0.0,0.0,,,,,,Validated reconstruction
decode,1786169060806495265,1786169061657379419,850884154,3.0,0.0,0.0,0.0,,,,,,Validated reconstruction
decode,1786169061657379419,1786169061806495265,149115846,3.0,0.0,0.0,0.0,,,,,,Validated reconstruction
decode,1786169061806495265,1786169062657379419,850884154,3.0,0.0,0.0,0.0,,,,,,Validated reconstruction
decode,1786169062657379419,1786169062806495265,149115846,3.0,0.0,0.0,0.0,,,,,,Validated reconstruction
decode,1786169062806495265,1786169063657379419,850884154,3.0,0.0,0.0,0.0,,,,,,Validated reconstruction
decode,1786169063657379419,1786169063806495265,149115846,3.0,0.0,0.0,0.0,,,,,,Validated reconstruction
decode,1786169063806495265,1786169064657379419,850884154,3.0,0.0,0.0,0.0,,,,,,Validated reconstruction
decode,1786169064657379419,1786169064806495265,149115846,3.0,0.0,0.0,0.0,,,,,,Validated reconstruction
decode,1786169064806495265,1786169065657379419,850884154,3.0,0.0,0.0,0.0,,,,,,Validated reconstruction
decode,1786169065657379419,1786169065806495265,149115846,3.0,0.0,0.0,0.0,,,,,,Validated reconstruction
decode,1786169065806495265,1786169066657379419,850884154,3.0,0.0,0.0,0.0,,,,,,Validated reconstruction
decode,1786169066657379419,1786169066806495265,149115846,3.0,0.0,0.0,0.0,,,,,,Validated reconstruction
decode,1786169066806495265,1786169067657379419,850884154,3.0,0.0,0.0,0.0,,,,,,Validated reconstruction
decode,1786169067657379419,1786169067806495265,149115846,3.0,0.0,0.0,0.0,,,,,,Validated reconstruction
decode,1786169067806495265,1786169068657379419,850884154,3.0,0.0,0.0,0.0,,,,,,Validated reconstruction
decode,1786169068657379419,1786169068806495265,149115846,3.0,0.0,0.0,0.0,,,,,,Validated reconstruction
decode,1786169068806495265,1786169069657379419,850884154,3.0,0.0,0.0,0.0,,,,,,Validated reconstruction
decode,1786169069657379419,1786169069806495265,149115846,3.0,0.0,0.0,0.0,,,,,,Validated reconstruction
decode,1786169069806495265,1786169070657379419,850884154,3.0,0.0,0.0,0.0,,,,,,Validated reconstruction
decode,1786169070657379419,1786169070806495265,149115846,3.0,0.0,0.0,0.0,,,,,,Validated reconstruction
decode,1786169070806495265,1786169071657379419,850884154,3.0,0.0,0.0,0.0,,,,,,Validated reconstruction
decode,1786169071657379419,1786169071806495265,149115846,3.0,0.0,0.0,0.0,,,,,,Validated reconstruction
decode,1786169071806495265,1786169072657379419,850884154,2.5,0.0,0.0,0.0,,,,,,Validated reconstruction
decode,1786169072657379419,1786169072806495265,149115846,2.5,0.0,0.0,0.0,,,,,,Validated reconstruction
decode,1786169072806495265,1786169073657379419,850884154,2.0,0.0,0.0,0.0,,,,,,Validated reconstruction
decode,1786169073657379419,1786169073806495265,149115846,2.0,0.0,0.0,0.0,,,,,,Validated reconstruction
decode,1786169073806495265,1786169074657379419,850884154,2.0,0.0,0.0,0.0,,,,,,Validated reconstruction
decode,1786169074657379419,1786169074806495265,149115846,2.0,0.0,0.0,0.0,,,,,,Validated reconstruction
decode,1786169074806495265,1786169075657379419,850884154,2.0,0.0,0.0,0.0,,,,,,Validated reconstruction
decode,1786169075657379419,1786169075806495265,149115846,2.0,0.0,0.0,0.0,,,,,,Validated reconstruction
decode,1786169075806495265,1786169076657379419,850884154,2.0,0.0,0.0,0.0,,,,,,Validated reconstruction
decode,1786169076657379419,1786169076806495265,149115846,2.0,0.0,0.0,0.0,,,,,,Validated reconstruction
decode,1786169076806495265,1786169077657379419,850884154,2.0,0.0,0.0,0.0,,,,,,Validated reconstruction
decode,1786169077657379419,1786169077806495265,149115846,2.0,0.0,0.0,0.0,,,,,,Validated reconstruction
decode,1786169077806495265,1786169078657379419,850884154,3.0,0.0,0.0,0.0,,,,,,Validated reconstruction
decode,1786169078657379419,1786169078806495265,149115846,3.0,0.0,0.0,0.0,,,,,,Validated reconstruction
decode,1786169078806495265,1786169079657379419,850884154,3.0,0.0,0.0,0.0,,,,,,Validated reconstruction
decode,1786169079657379419,1786169079806495265,149115846,3.0,0.0,0.0,0.0,,,,,,Validated reconstruction
decode,1786169079806495265,1786169080657379419,850884154,3.0,0.0,0.0,0.0,,,,,,Validated reconstruction
decode,1786169080657379419,1786169080806495265,149115846,3.0,0.0,0.0,0.0,,,,,,Validated reconstruction
decode,1786169080806495265,1786169081657379419,850884154,3.0,0.0,0.0,0.0,,,,,,Validated reconstruction
decode,1786169081657379419,1786169081806495265,149115846,3.0,0.0,0.0,0.0,,,,,,Validated reconstruction
decode,1786169081806495265,1786169082657379419,850884154,3.0,0.0,0.0,0.0,,,,,,Validated reconstruction
decode,1786169082657379419,1786169082806495265,149115846,3.0,0.0,0.0,0.0,,,,,,Validated reconstruction
decode,1786169082806495265,1786169083657379419,850884154,3.0,0.0,0.0,0.0,,,,,,Validated reconstruction
decode,1786169083657379419,1786169083806495265,149115846,3.0,0.0,0.0,0.0,,,,,,Validated reconstruction
decode,1786169083806495265,1786169084657379419,850884154,3.0,0.0,0.0,0.0,,,,,,Validated reconstruction
decode,1786169084657379419,1786169084806495265,149115846,3.0,0.0,0.0,0.0,,,,,,Validated reconstruction
decode,1786169084806495265,1786169085657379419,850884154,2.0,0.0,0.0,0.0,,,,,,Validated reconstruction
decode,1786169085657379419,1786169085806495265,149115846,2.0,0.0,0.0,0.0,,,,,,Validated reconstruction
decode,1786169085806495265,1786169086657379419,850884154,2.0,0.0,0.0,0.0,,,,,,Validated reconstruction
decode,1786169086657379419,1786169086806495265,149115846,2.0,0.0,0.0,0.0,,,,,,Validated reconstruction
decode,1786169086806495265,1786169087657379419,850884154,3.0,0.0,0.0,0.0,,,,,,Validated reconstruction
decode,1786169087657379419,1786169087806495265,149115846,3.0,0.0,0.0,0.0,,,,,,Validated reconstruction
decode,1786169087806495265,1786169088657379419,850884154,3.0,0.0,0.0,0.0,,,,,,Validated reconstruction
decode,1786169088657379419,1786169088806495265,149115846,3.0,0.0,0.0,0.0,,,,,,Validated reconstruction
decode,1786169088806495265,1786169089657379419,850884154,3.0,0.0,0.0,0.0,,,,,,Validated reconstruction
decode,1786169089657379419,1786169089806495265,149115846,3.0,0.0,0.0,0.0,,,,,,Validated reconstruction
decode,1786169089806495265,1786169090657379419,850884154,3.0,0.0,0.0,0.0,,,,,,Validated reconstruction
decode,1786169090657379419,1786169090806495265,149115846,3.0,0.0,0.0,0.0,,,,,,Validated reconstruction
decode,1786169090806495265,1786169091657379419,850884154,3.0,0.0,0.0,0.0,,,,,,Validated reconstruction
decode,1786169091657379419,1786169091806495265,149115846,3.0,0.0,0.0,0.0,,,,,,Validated reconstruction
decode,1786169091806495265,1786169092657379419,850884154,3.0,0.0,0.0,0.0,,,,,,Validated reconstruction
decode,1786169092657379419,1786169092806495265,149115846,3.0,0.0,0.0,0.0,,,,,,Validated reconstruction
decode,1786169092806495265,1786169093657379419,850884154,3.0,0.0,0.0,0.0,,,,,,Validated reconstruction
decode,1786169093657379419,1786169093806495265,149115846,3.0,0.0,0.0,0.0,,,,,,Validated reconstruction
decode,1786169093806495265,1786169094657379419,850884154,3.0,0.0,0.0,0.0,,,,,,Validated reconstruction
decode,1786169094657379419,1786169094806495265,149115846,3.0,0.0,0.0,0.0,,,,,,Validated reconstruction
decode,1786169094806495265,1786169095657379419,850884154,3.0,0.0,0.0,0.0,,,,,,Validated reconstruction
decode,1786169095657379419,1786169095806495265,149115846,3.0,0.0,0.0,0.0,,,,,,Validated reconstruction
decode,1786169095806495265,1786169096657379419,850884154,2.0,0.0,0.0,0.0,,,,,,Validated reconstruction
decode,1786169096657379419,1786169096806495265,149115846,2.0,0.0,0.0,0.0,,,,,,Validated reconstruction
decode,1786169096806495265,1786169097657379419,850884154,2.0,0.0,0.0,0.0,,,,,,Validated reconstruction
decode,1786169097657379419,1786169097806495265,149115846,2.0,0.0,0.0,0.0,,,,,,Validated reconstruction
decode,1786169097806495265,1786169098657379419,850884154,2.0,0.0,0.0,0.0,,,,,,Validated reconstruction
decode,1786169098657379419,1786169098806495265,149115846,2.5,0.0,0.0,0.0,,,,,,Validated reconstruction
decode,1786169098806495265,1786169099657379419,850884154,2.5,0.0,0.0,0.0,,,,,,Validated reconstruction
decode,1786169099657379419,1786169099806495265,149115846,3.0,0.0,0.0,0.0,,,,,,Validated reconstruction
decode,1786169099806495265,1786169100657379419,850884154,3.0,0.0,0.0,0.0,,,,,,Validated reconstruction
decode,1786169100657379419,1786169100806495265,149115846,3.0,0.0,0.0,0.0,,,,,,Validated reconstruction
decode,1786169100806495265,1786169101657379419,850884154,4.0,0.0,0.0,0.0,,,,,,Validated reconstruction
decode,1786169101657379419,1786169101806495265,149115846,4.0,0.0,0.0,0.0,,,,,,Validated reconstruction
decode,1786169101806495265,1786169102657379419,850884154,3.0,0.0,0.0,0.0,,,,,,Validated reconstruction
decode,1786169102657379419,1786169102806495265,149115846,3.0,0.0,0.0,0.0,,,,,,Validated reconstruction
decode,1786169102806495265,1786169103657379419,850884154,3.0,0.0,0.0,0.0,,,,,,Validated reconstruction
decode,1786169103657379419,1786169103806495265,149115846,3.0,0.0,0.0,0.0,,,,,,Validated reconstruction
decode,1786169103806495265,1786169104657379419,850884154,3.0,0.0,0.0,0.0,,,,,,Validated reconstruction
decode,1786169104657379419,1786169104806495265,149115846,3.0,0.0,0.0,0.0,,,,,,Validated reconstruction
decode,1786169104806495265,1786169105657379419,850884154,3.0,0.0,0.0,0.0,,,,,,Validated reconstruction
decode,1786169105657379419,1786169105806495265,149115846,3.0,0.0,0.0,0.0,,,,,,Validated reconstruction
decode,1786169105806495265,1786169106657379419,850884154,3.0,0.0,0.0,0.0,,,,,,Validated reconstruction
decode,1786169106657379419,1786169106806495265,149115846,3.0,0.0,0.0,0.0,,,,,,Validated reconstruction
decode,1786169106806495265,1786169107657379419,850884154,3.0,0.0,0.0,0.0,,,,,,Validated reconstruction
decode,1786169108657379419,1786169108806495265,149115846,3.0,0.0,0.0,0.0,,,,,,Validated reconstruction
decode,1786169108806495265,1786169109657379419,850884154,3.0,0.0,0.0,0.0,,,,,,Validated reconstruction
decode,1786169109657379419,1786169109806495265,149115846,3.0,0.0,0.0,0.0,,,,,,Validated reconstruction
decode,1786169109806495265,1786169110657379419,850884154,3.0,0.0,0.0,0.0,,,,,,Validated reconstruction
decode,1786169110657379419,1786169110806495265,149115846,3.0,0.0,0.0,0.0,,,,,,Validated reconstruction
decode,1786169110806495265,1786169111657379419,850884154,3.0,0.0,0.0,0.0,,,,,,Validated reconstruction
decode,1786169111657379419,1786169111806495265,149115846,3.0,0.0,0.0,0.0,,,,,,Validated reconstruction
decode,1786169111806495265,1786169112657379419,850884154,3.0,0.0,0.0,0.0,,,,,,Validated reconstruction
decode,1786169112657379419,1786169112806495265,149115846,3.0,0.0,0.0,0.0,,,,,,Validated reconstruction
decode,1786169112806495265,1786169113657379419,850884154,3.0,0.0,0.0,0.0,,,,,,Validated reconstruction
decode,1786169113657379419,1786169113806495265,149115846,3.0,0.0,0.0,0.0,,,,,,Validated reconstruction
decode,1786169113806495265,1786169114657379419,850884154,3.0,0.0,0.0,0.0,,,,,,Validated reconstruction
decode,1786169114657379419,1786169114806495265,149115846,3.0,0.0,0.0,0.0,,,,,,Validated reconstruction
decode,1786169114806495265,1786169115657379419,850884154,3.0,0.0,0.0,0.0,,,,,,Validated reconstruction
decode,1786169115657379419,1786169115806495265,149115846,3.0,0.0,0.0,0.0,,,,,,Validated reconstruction
decode,1786169115806495265,1786169116657379419,850884154,3.0,0.0,0.0,0.0,,,,,,Validated reconstruction
decode,1786169116657379419,1786169116806495265,149115846,3.0,0.0,0.0,0.0,,,,,,Validated reconstruction
decode,1786169116806495265,1786169117657379419,850884154,3.0,0.0,0.0,0.0,,,,,,Validated reconstruction
decode,1786169117657379419,1786169117806495265,149115846,3.0,0.0,0.0,0.0,,,,,,Validated reconstruction
decode,1786169117806495265,1786169118657379419,850884154,3.0,0.0,0.0,0.0,,,,,,Validated reconstruction
decode,1786169118657379419,1786169118806495265,149115846,3.0,0.0,0.0,0.0,,,,,,Validated reconstruction
decode,1786169118806495265,1786169119657379419,850884154,3.0,0.0,0.0,0.0,,,,,,Validated reconstruction
decode,1786169119657379419,1786169119806495265,149115846,3.0,0.0,0.0,0.0,,,,,,Validated reconstruction
decode,1786169119806495265,1786169120657379419,850884154,3.0,0.0,0.0,0.0,,,,,,Validated reconstruction
decode,1786169120657379419,1786169120806495265,149115846,3.0,0.0,0.0,0.0,,,,,,Validated reconstruction
decode,1786169120806495265,1786169121657379419,850884154,3.0,0.0,0.0,0.0,,,,,,Validated reconstruction
decode,1786169121657379419,1786169121806495265,149115846,1.5,0.0,0.0,0.0,,,,,,Validated reconstruction
decode,1786169121806495265,1786169122657379419,850884154,1.5,0.0,0.0,0.0,,,,,,Validated reconstruction
decode,1786169122657379419,1786169122806495265,149115846,0.0,0.0,0.0,0.0,,,,,,Validated reconstruction
decode,1786169122806495265,1786169123657379419,850884154,0.0,0.0,0.0,0.0,,,,,,Validated reconstruction
decode,1786169123657379419,1786169123806495265,149115846,0.0,0.0,0.0,0.0,,,,,,Validated reconstruction
decode,1786169123806495265,1786169124657379419,850884154,0.0,0.0,0.0,0.0,,,,,,Validated reconstruction
decode,1786169124657379419,1786169124806495265,149115846,0.0,0.0,0.0,0.0,,,,,,Validated reconstruction
decode,1786169124806495265,1786169125657379419,850884154,0.0,0.0,0.0,0.0,,,,,,Validated reconstruction
decode,1786169126657379419,1786169126806495265,149115846,0.0,0.0,0.0,0.0,,,,,,Validated reconstruction
decode,1786169126806495265,1786169127657379419,850884154,0.0,0.0,0.0,0.0,,,,,,Validated reconstruction
decode,1786169127657379419,1786169127806495265,149115846,0.0,0.0,0.0,0.0,,,,,,Validated reconstruction
decode,1786169127806495265,1786169128657379419,850884154,2.0,0.0,0.0,0.0,,,,,,Validated reconstruction
decode,1786169128657379419,1786169128806495265,149115846,2.0,0.0,0.0,0.0,,,,,,Validated reconstruction
decode,1786169128806495265,1786169129657379419,850884154,2.0,0.0,0.0,0.0,,,,,,Validated reconstruction
decode,1786169129657379419,1786169129806495265,149115846,2.0,0.0,0.0,0.0,,,,,,Validated reconstruction
decode,1786169129806495265,1786169130657379419,850884154,2.0,0.0,0.0,0.0,,,,,,Validated reconstruction
decode,1786169130657379419,1786169130806495265,149115846,2.0,0.0,0.0,0.0,,,,,,Validated reconstruction
decode,1786169130806495265,1786169131657379419,850884154,2.0,0.0,0.0,0.0,,,,,,Validated reconstruction
decode,1786169131657379419,1786169131806495265,149115846,2.0,0.0,0.0,0.0,,,,,,Validated reconstruction
decode,1786169131806495265,1786169132657379419,850884154,2.0,0.0,0.0,0.0,,,,,,Validated reconstruction
decode,1786169132657379419,1786169132806495265,149115846,2.0,0.0,0.0,0.0,,,,,,Validated reconstruction
decode,1786169132806495265,1786169133657379419,850884154,2.0,0.0,0.0,0.0,,,,,,Validated reconstruction
decode,1786169133657379419,1786169133806495265,149115846,2.0,0.0,0.0,0.0,,,,,,Validated reconstruction
decode,1786169133806495265,1786169134657379419,850884154,2.0,0.0,0.0,0.0,,,,,,Validated reconstruction
decode,1786169134657379419,1786169134806495265,149115846,2.0,0.0,0.0,0.0,,,,,,Validated reconstruction
decode,1786169134806495265,1786169135657379419,850884154,2.0,0.0,0.0,0.0,,,,,,Validated reconstruction
decode,1786169135657379419,1786169135806495265,149115846,2.0,0.0,0.0,0.0,,,,,,Validated reconstruction
decode,1786169135806495265,1786169136657379419,850884154,2.0,0.0,0.0,0.0,,,,,,Validated reconstruction
decode,1786169136657379419,1786169136806495265,149115846,2.0,0.0,0.0,0.0,,,,,,Validated reconstruction
decode,1786169136806495265,1786169137657379419,850884154,2.0,0.0,0.0,0.0,,,,,,Validated reconstruction
decode,1786169137657379419,1786169137806495265,149115846,2.0,0.0,0.0,0.0,,,,,,Validated reconstruction
decode,1786169137806495265,1786169138657379419,850884154,2.0,0.0,0.0,0.0,,,,,,Validated reconstruction
decode,1786169138657379419,1786169138806495265,149115846,2.0,0.0,0.0,0.0,,,,,,Validated reconstruction
decode,1786169138806495265,1786169139657379419,850884154,2.0,0.0,0.0,0.0,,,,,,Validated reconstruction
decode,1786169139657379419,1786169139806495265,149115846,2.0,0.0,0.0,0.0,,,,,,Validated reconstruction
decode,1786169139806495265,1786169140657379419,850884154,2.0,0.0,0.0,0.0,,,,,,Validated reconstruction
decode,1786169140657379419,1786169140806495265,149115846,3.0,0.0,0.0,0.0,,,,,,Validated reconstruction
decode,1786169140806495265,1786169141657379419,850884154,3.0,0.0,0.0,0.0,,,,,,Validated reconstruction
decode,1786169141657379419,1786169141806495265,149115846,3.0,0.0,0.0,0.0,,,,,,Validated reconstruction
decode,1786169141806495265,1786169142657379419,850884154,3.0,0.0,0.0,0.0,,,,,,Validated reconstruction
decode,1786169142657379419,1786169142806495265,149115846,3.0,0.0,0.0,0.0,,,,,,Validated reconstruction
decode,1786169142806495265,1786169143657379419,850884154,3.0,0.0,0.0,0.0,,,,,,Validated reconstruction
decode,1786169143657379419,1786169143806495265,149115846,3.0,0.0,0.0,0.0,,,,,,Validated reconstruction
decode,1786169143806495265,1786169144657379419,850884154,3.0,0.0,0.0,0.0,,,,,,Validated reconstruction
decode,1786169144657379419,1786169144806495265,149115846,3.0,0.0,0.0,0.0,,,,,,Validated reconstruction
decode,1786169144806495265,1786169145657379419,850884154,3.0,0.0,0.0,0.0,,,,,,Validated reconstruction
decode,1786169145657379419,1786169145806495265,149115846,3.0,0.0,0.0,0.0,,,,,,Validated reconstruction
decode,1786169145806495265,1786169146657379419,850884154,3.0,0.0,0.0,0.0,,,,,,Validated reconstruction
decode,1786169146657379419,1786169146806495265,149115846,3.0,0.0,0.0,0.0,,,,,,Validated reconstruction
decode,1786169146806495265,1786169147657379419,850884154,3.0,0.0,0.0,0.0,,,,,,Validated reconstruction
decode,1786169147657379419,1786169147806495265,149115846,3.0,0.0,0.0,0.0,,,,,,Validated reconstruction
decode,1786169147806495265,1786169148657379419,850884154,3.0,0.0,0.0,0.0,,,,,,Validated reconstruction
decode,1786169148657379419,1786169148806495265,149115846,3.0,0.0,0.0,0.0,,,,,,Validated reconstruction
decode,1786169148806495265,1786169149657379419,850884154,3.0,0.0,0.0,0.0,,,,,,Validated reconstruction
decode,1786169149657379419,1786169149806495265,149115846,3.0,0.0,0.0,0.0,,,,,,Validated reconstruction
decode,1786169149806495265,1786169150657379419,850884154,3.0,0.0,0.0,0.0,,,,,,Validated reconstruction
decode,1786169150657379419,1786169150806495265,149115846,2.0,0.0,0.0,0.0,,,,,,Validated reconstruction
decode,1786169150806495265,1786169151657379419,850884154,2.0,0.0,0.0,0.0,,,,,,Validated reconstruction
decode,1786169151657379419,1786169151806495265,149115846,2.0,0.0,0.0,0.0,,,,,,Validated reconstruction
decode,1786169151806495265,1786169152657379419,850884154,2.0,0.0,0.0,0.0,,,,,,Validated reconstruction
decode,1786169152657379419,1786169152806495265,149115846,2.0,0.0,0.0,0.0,,,,,,Validated reconstruction
decode,1786169152806495265,1786169153657379419,850884154,2.0,0.0,0.0,0.0,,,,,,Validated reconstruction
decode,1786169153657379419,1786169153806495265,149115846,2.0,0.0,0.0,0.0,,,,,,Validated reconstruction
decode,1786169153806495265,1786169154657379419,850884154,3.0,0.0,0.0,0.0,,,,,,Validated reconstruction
decode,1786169154657379419,1786169154806495265,149115846,3.0,0.0,0.0,0.0,,,,,,Validated reconstruction
decode,1786169154806495265,1786169155657379419,850884154,3.0,0.0,0.0,0.0,,,,,,Validated reconstruction
decode,1786169155657379419,1786169155806495265,149115846,3.0,0.0,0.0,0.0,,,,,,Validated reconstruction
decode,1786169155806495265,1786169156657379419,850884154,3.0,0.0,0.0,0.0,,,,,,Validated reconstruction
decode,1786169156657379419,1786169156806495265,149115846,3.0,0.0,0.0,0.0,,,,,,Validated reconstruction
decode,1786169156806495265,1786169157657379419,850884154,3.0,0.0,0.0,0.0,,,,,,Validated reconstruction
decode,1786169157657379419,1786169157806495265,149115846,3.0,0.0,0.0,0.0,,,,,,Validated reconstruction
decode,1786169157806495265,1786169158657379419,850884154,3.0,0.0,0.0,0.0,,,,,,Validated reconstruction
decode,1786169158657379419,1786169158806495265,149115846,3.0,0.0,0.0,0.0,,,,,,Validated reconstruction
decode,1786169158806495265,1786169159657379419,850884154,1.0,0.0,0.0,0.0,,,,,,Validated reconstruction
decode,1786169159657379419,1786169159806495265,149115846,1.0,0.0,0.0,0.0,,,,,,Validated reconstruction
decode,1786169159806495265,1786169160657379419,850884154,0.0,0.0,0.0,0.0,,,,,,Validated reconstruction
decode,1786169160657379419,1786169160806495265,149115846,1.0,0.0,0.0,0.0,,,,,,Validated reconstruction
decode,1786169160806495265,1786169161657379419,850884154,1.0,0.0,0.0,0.0,,,,,,Validated reconstruction
decode,1786169161657379419,1786169161806495265,149115846,1.0,0.0,0.0,0.0,,,,,,Validated reconstruction
decode,1786169161806495265,1786169162657379419,850884154,1.5,0.0,0.0,0.0,,,,,,Validated reconstruction
decode,1786169162657379419,1786169162806495265,149115846,1.5,0.0,0.0,0.0,,,,,,Validated reconstruction
decode,1786169162806495265,1786169163657379419,850884154,2.0,0.0,0.0,0.0,,,,,,Validated reconstruction
decode,1786169163657379419,1786169163806495265,149115846,2.0,0.0,0.0,0.0,,,,,,Validated reconstruction
decode,1786169163806495265,1786169164657379419,850884154,2.0,0.0,0.0,0.0,,,,,,Validated reconstruction
decode,1786169164657379419,1786169164806495265,149115846,2.0,0.0,0.0,0.0,,,,,,Validated reconstruction
decode,1786169164806495265,1786169165657379419,850884154,2.0,0.0,0.0,0.0,,,,,,Validated reconstruction
decode,1786169165657379419,1786169165806495265,149115846,2.0,0.0,0.0,0.0,,,,,,Validated reconstruction
decode,1786169165806495265,1786169166657379419,850884154,2.0,0.0,0.0,0.0,,,,,,Validated reconstruction
decode,1786169166657379419,1786169166806495265,149115846,2.0,0.0,0.0,0.0,,,,,,Validated reconstruction
decode,1786169166806495265,1786169167657379419,850884154,2.0,0.0,0.0,0.0,,,,,,Validated reconstruction
decode,1786169167657379419,1786169167806495265,149115846,2.0,0.0,0.0,0.0,,,,,,Validated reconstruction
decode,1786169167806495265,1786169168657379419,850884154,2.0,0.0,0.0,0.0,,,,,,Validated reconstruction
decode,1786169168657379419,1786169168806495265,149115846,2.0,0.0,0.0,0.0,,,,,,Validated reconstruction
decode,1786169168806495265,1786169169657379419,850884154,2.0,0.0,0.0,0.0,,,,,,Validated reconstruction
decode,1786169169657379419,1786169169806495265,149115846,2.0,0.0,0.0,0.0,,,,,,Validated reconstruction
decode,1786169169806495265,1786169170657379419,850884154,2.0,0.0,0.0,0.0,,,,,,Validated reconstruction
decode,1786169170657379419,1786169170806495265,149115846,2.0,0.0,0.0,0.0,,,,,,Validated reconstruction
decode,1786169170806495265,1786169171657379419,850884154,2.0,0.0,0.0,0.0,,,,,,Validated reconstruction
decode,1786169171657379419,1786169171806495265,149115846,2.0,0.0,0.0,0.0,,,,,,Validated reconstruction
decode,1786169171806495265,1786169172657379419,850884154,2.0,0.0,0.0,0.0,,,,,,Validated reconstruction
decode,1786169172657379419,1786169172806495265,149115846,2.0,0.0,0.0,0.0,,,,,,Validated reconstruction
decode,1786169172806495265,1786169173657379419,850884154,2.0,0.0,0.0,0.0,,,,,,Validated reconstruction
decode,1786169173657379419,1786169173806495265,149115846,2.0,0.0,0.0,0.0,,,,,,Validated reconstruction
decode,1786169173806495265,1786169174657379419,850884154,2.0,0.0,0.0,0.0,,,,,,Validated reconstruction
decode,1786169174657379419,1786169174806495265,149115846,2.0,0.0,0.0,0.0,,,,,,Validated reconstruction
decode,1786169174806495265,1786169175657379419,850884154,2.0,0.0,0.0,0.0,,,,,,Validated reconstruction
decode,1786169175657379419,1786169175806495265,149115846,1.0,0.0,0.0,0.0,,,,,,Validated reconstruction
decode,1786169175806495265,1786169176657379419,850884154,1.0,0.0,0.0,0.0,,,,,,Validated reconstruction
decode,1786169176657379419,1786169176806495265,149115846,1.0,0.0,0.0,0.0,,,,,,Validated reconstruction
decode,1786169176806495265,1786169177657379419,850884154,1.0,0.0,0.0,0.0,,,,,,Validated reconstruction
decode,1786169177657379419,1786169177806495265,149115846,1.0,0.0,0.0,0.0,,,,,,Validated reconstruction
decode,1786169177806495265,1786169178657379419,850884154,1.0,0.0,0.0,0.0,,,,,,Validated reconstruction
decode,1786169178657379419,1786169178806495265,149115846,1.0,0.0,0.0,0.0,,,,,,Validated reconstruction
decode,1786169178806495265,1786169179657379419,850884154,1.0,0.0,0.0,0.0,,,,,,Validated reconstruction
decode,1786169179657379419,1786169179806495265,149115846,1.0,0.0,0.0,0.0,,,,,,Validated reconstruction
decode,1786169179806495265,1786169180657379419,850884154,2.0,0.0,0.0,1.0,,,,,,Validated reconstruction
decode,1786169180657379419,1786169180806495265,149115846,2.0,0.0,0.0,1.0,,,,,,Validated reconstruction
decode,1786169180806495265,1786169181657379419,850884154,2.0,0.0,0.0,1.0,,,,,,Validated reconstruction
decode,1786169181657379419,1786169181806495265,149115846,2.0,0.0,0.0,1.0,,,,,,Validated reconstruction
decode,1786169181806495265,1786169182657379419,850884154,2.0,0.0,0.0,1.0,,,,,,Validated reconstruction
decode,1786169182657379419,1786169182806495265,149115846,2.0,0.0,0.0,1.0,,,,,,Validated reconstruction
decode,1786169182806495265,1786169183657379419,850884154,2.0,0.0,0.0,1.0,,,,,,Validated reconstruction
decode,1786169183657379419,1786169183806495265,149115846,2.0,0.0,0.0,1.0,,,,,,Validated reconstruction
decode,1786169183806495265,1786169184657379419,850884154,2.0,0.0,0.0,1.0,,,,,,Validated reconstruction
decode,1786169184657379419,1786169184806495265,149115846,2.0,0.0,0.0,1.0,,,,,,Validated reconstruction
decode,1786169184806495265,1786169185657379419,850884154,2.0,0.0,0.0,1.0,,,,,,Validated reconstruction
decode,1786169185657379419,1786169185806495265,149115846,2.0,0.0,0.0,1.0,,,,,,Validated reconstruction
decode,1786169185806495265,1786169186657379419,850884154,2.0,0.0,0.0,1.0,,,,,,Validated reconstruction
decode,1786169186657379419,1786169186806495265,149115846,2.0,0.0,0.0,1.0,,,,,,Validated reconstruction
decode,1786169186806495265,1786169187657379419,850884154,2.0,0.0,0.0,1.0,,,,,,Validated reconstruction
decode,1786169187657379419,1786169187806495265,149115846,2.0,0.0,0.0,1.0,,,,,,Validated reconstruction
decode,1786169187806495265,1786169188657379419,850884154,2.0,0.0,0.0,1.0,,,,,,Validated reconstruction
decode,1786169188657379419,1786169188806495265,149115846,2.0,0.0,0.0,1.0,,,,,,Validated reconstruction
decode,1786169188806495265,1786169189657379419,850884154,2.0,0.0,0.0,1.0,,,,,,Validated reconstruction
decode,1786169189657379419,1786169189806495265,149115846,2.0,0.0,0.0,1.0,,,,,,Validated reconstruction
decode,1786169189806495265,1786169190657379419,850884154,2.0,0.0,0.0,1.0,,,,,,Validated reconstruction
decode,1786169190657379419,1786169190806495265,149115846,2.0,0.0,0.0,1.0,,,,,,Validated reconstruction
decode,1786169190806495265,1786169191657379419,850884154,2.0,0.0,0.0,1.0,,,,,,Validated reconstruction
decode,1786169191657379419,1786169191806495265,149115846,2.0,0.0,0.0,1.0,,,,,,Validated reconstruction
decode,1786169191806495265,1786169192657379419,850884154,2.0,0.0,0.0,1.0,,,,,,Validated reconstruction
decode,1786169192657379419,1786169192806495265,149115846,2.0,0.0,0.0,1.0,,,,,,Validated reconstruction
decode,1786169192806495265,1786169193657379419,850884154,2.0,0.0,0.0,1.0,,,,,,Validated reconstruction
decode,1786169193657379419,1786169193806495265,149115846,2.0,0.0,0.0,1.0,,,,,,Validated reconstruction
decode,1786169193806495265,1786169194657379419,850884154,2.0,0.0,0.0,1.0,,,,,,Validated reconstruction
decode,1786169194657379419,1786169194806495265,149115846,2.0,0.0,0.0,1.0,,,,,,Validated reconstruction
decode,1786169194806495265,1786169195657379419,850884154,2.0,0.0,0.0,1.0,,,,,,Validated reconstruction
decode,1786169195657379419,1786169195806495265,149115846,2.0,0.0,0.0,1.0,,,,,,Validated reconstruction
decode,1786169195806495265,1786169196657379419,850884154,2.0,0.0,0.0,0.5,,,,,,Validated reconstruction
decode,1786169196657379419,1786169196806495265,149115846,2.0,0.0,0.0,0.5,,,,,,Validated reconstruction
decode,1786169196806495265,1786169197657379419,850884154,2.0,0.0,0.0,0.0,,,,,,Validated reconstruction
decode,1786169197657379419,1786169197806495265,149115846,2.0,0.0,0.0,0.0,,,,,,Validated reconstruction
decode,1786169197806495265,1786169198657379419,850884154,2.0,0.0,0.0,0.0,,,,,,Validated reconstruction
decode,1786169198657379419,1786169198806495265,149115846,2.0,0.0,0.0,0.0,,,,,,Validated reconstruction
decode,1786169198806495265,1786169199657379419,850884154,2.0,0.0,0.0,0.0,,,,,,Validated reconstruction
decode,1786169199657379419,1786169199806495265,149115846,2.0,0.0,0.0,0.0,,,,,,Validated reconstruction
decode,1786169199806495265,1786169200657379419,850884154,2.0,0.0,0.0,0.0,,,,,,Validated reconstruction
decode,1786169200657379419,1786169200806495265,149115846,2.0,0.0,0.0,0.0,,,,,,Validated reconstruction
decode,1786169200806495265,1786169201657379419,850884154,2.0,0.0,0.0,0.0,,,,,,Validated reconstruction
decode,1786169201657379419,1786169201806495265,149115846,2.0,0.0,0.0,0.0,,,,,,Validated reconstruction
decode,1786169201806495265,1786169202657379419,850884154,2.0,0.0,0.0,0.0,,,,,,Validated reconstruction
decode,1786169202657379419,1786169202806495265,149115846,2.0,0.0,0.0,0.0,,,,,,Validated reconstruction
decode,1786169202806495265,1786169203657379419,850884154,2.0,0.0,0.0,0.0,,,,,,Validated reconstruction
decode,1786169203657379419,1786169203806495265,149115846,2.0,0.0,0.0,0.0,,,,,,Validated reconstruction
decode,1786169203806495265,1786169204657379419,850884154,2.0,0.0,0.0,0.0,,,,,,Validated reconstruction
decode,1786169204657379419,1786169204806495265,149115846,2.0,0.0,0.0,0.0,,,,,,Validated reconstruction
decode,1786169204806495265,1786169205657379419,850884154,2.0,0.0,0.0,0.0,,,,,,Validated reconstruction
decode,1786169205657379419,1786169205806495265,149115846,2.0,0.0,0.0,0.0,,,,,,Validated reconstruction
decode,1786169205806495265,1786169206657379419,850884154,2.0,0.0,0.0,0.0,,,,,,Validated reconstruction
decode,1786169206657379419,1786169206806495265,149115846,2.0,0.0,0.0,0.0,,,,,,Validated reconstruction
decode,1786169206806495265,1786169207657379419,850884154,2.0,0.0,0.0,0.0,,,,,,Validated reconstruction
decode,1786169207657379419,1786169207806495265,149115846,2.0,0.0,0.0,0.0,,,,,,Validated reconstruction
decode,1786169207806495265,1786169208657379419,850884154,2.0,0.0,0.0,0.0,,,,,,Validated reconstruction
decode,1786169208657379419,1786169208806495265,149115846,2.5,0.0,0.0,0.0,,,,,,Validated reconstruction
decode,1786169208806495265,1786169209657379419,850884154,2.5,0.0,0.0,0.0,,,,,,Validated reconstruction
decode,1786169209657379419,1786169209806495265,149115846,3.0,0.0,0.0,0.0,,,,,,Validated reconstruction
decode,1786169209806495265,1786169210657379419,850884154,3.0,0.0,0.0,0.0,,,,,,Validated reconstruction
decode,1786169210657379419,1786169210806495265,149115846,3.0,0.0,0.0,0.0,,,,,,Validated reconstruction
decode,1786169210806495265,1786169211657379419,850884154,3.0,0.0,0.0,0.0,,,,,,Validated reconstruction
decode,1786169211657379419,1786169211806495265,149115846,3.0,0.0,0.0,0.0,,,,,,Validated reconstruction
decode,1786169211806495265,1786169212657379419,850884154,3.0,0.0,0.0,0.0,,,,,,Validated reconstruction
decode,1786169212657379419,1786169212806495265,149115846,3.0,0.0,0.0,0.0,,,,,,Validated reconstruction
decode,1786169212806495265,1786169213657379419,850884154,3.0,0.0,0.0,0.0,,,,,,Validated reconstruction
decode,1786169213657379419,1786169213806495265,149115846,3.0,0.0,0.0,0.0,,,,,,Validated reconstruction
decode,1786169213806495265,1786169214657379419,850884154,3.0,0.0,0.0,0.0,,,,,,Validated reconstruction
decode,1786169214657379419,1786169214806495265,149115846,3.0,0.0,0.0,0.0,,,,,,Validated reconstruction
decode,1786169214806495265,1786169215657379419,850884154,3.0,0.0,0.0,0.0,,,,,,Validated reconstruction
decode,1786169215657379419,1786169215806495265,149115846,3.0,0.0,0.0,0.0,,,,,,Validated reconstruction
decode,1786169215806495265,1786169216657379419,850884154,3.0,0.0,0.0,0.0,,,,,,Validated reconstruction
decode,1786169216657379419,1786169216806495265,149115846,3.0,0.0,0.0,0.0,,,,,,Validated reconstruction
decode,1786169216806495265,1786169217657379419,850884154,3.0,0.0,0.0,0.0,,,,,,Validated reconstruction
decode,1786169217657379419,1786169217806495265,149115846,3.0,0.0,0.0,0.0,,,,,,Validated reconstruction
decode,1786169217806495265,1786169218657379419,850884154,3.0,0.0,0.0,0.0,,,,,,Validated reconstruction
decode,1786169218657379419,1786169218806495265,149115846,3.0,0.0,0.0,0.0,,,,,,Validated reconstruction
decode,1786169218806495265,1786169219657379419,850884154,3.0,0.0,0.0,0.0,,,,,,Validated reconstruction
decode,1786169219657379419,1786169219806495265,149115846,3.0,0.0,0.0,0.0,,,,,,Validated reconstruction
decode,1786169219806495265,1786169220657379419,850884154,3.0,0.0,0.0,0.0,,,,,,Validated reconstruction
decode,1786169220657379419,1786169220806495265,149115846,3.0,0.0,0.0,0.0,,,,,,Validated reconstruction
decode,1786169220806495265,1786169221657379419,850884154,3.0,0.0,0.0,0.0,,,,,,Validated reconstruction
decode,1786169221657379419,1786169221806495265,149115846,3.0,0.0,0.0,0.0,,,,,,Validated reconstruction
decode,1786169221806495265,1786169222657379419,850884154,3.0,0.0,0.0,0.0,,,,,,Validated reconstruction
decode,1786169222657379419,1786169222806495265,149115846,3.0,0.0,0.0,0.0,,,,,,Validated reconstruction
decode,1786169222806495265,1786169223657379419,850884154,3.0,0.0,0.0,0.0,,,,,,Validated reconstruction
decode,1786169223657379419,1786169223806495265,149115846,3.0,0.0,0.0,0.0,,,,,,Validated reconstruction
decode,1786169223806495265,1786169224657379419,850884154,3.0,0.0,0.0,0.0,,,,,,Validated reconstruction
decode,1786169224657379419,1786169224806495265,149115846,3.0,0.0,0.0,0.0,,,,,,Validated reconstruction
decode,1786169224806495265,1786169225657379419,850884154,3.0,0.0,0.0,0.0,,,,,,Validated reconstruction
decode,1786169225657379419,1786169225806495265,149115846,3.0,0.0,0.0,0.0,,,,,,Validated reconstruction
decode,1786169225806495265,1786169226657379419,850884154,3.0,0.0,0.0,0.0,,,,,,Validated reconstruction
decode,1786169226657379419,1786169226806495265,149115846,3.0,0.0,0.0,0.0,,,,,,Validated reconstruction
decode,1786169226806495265,1786169227657379419,850884154,3.0,0.0,0.0,0.0,,,,,,Validated reconstruction
decode,1786169227657379419,1786169227806495265,149115846,3.0,0.0,0.0,0.0,,,,,,Validated reconstruction
decode,1786169227806495265,1786169228657379419,850884154,4.0,0.0,0.0,0.0,,,,,,Validated reconstruction
decode,1786169228657379419,1786169228806495265,149115846,4.0,0.0,0.0,0.0,,,,,,Validated reconstruction
decode,1786169228806495265,1786169229657379419,850884154,4.0,0.0,0.0,0.0,,,,,,Validated reconstruction
decode,1786169229657379419,1786169229806495265,149115846,4.0,0.0,0.0,0.0,,,,,,Validated reconstruction
decode,1786169229806495265,1786169230657379419,850884154,4.0,0.0,0.0,0.0,,,,,,Validated reconstruction
decode,1786169230657379419,1786169230806495265,149115846,4.0,0.0,0.0,0.0,,,,,,Validated reconstruction
decode,1786169230806495265,1786169231657379419,850884154,4.0,0.0,0.0,0.0,,,,,,Validated reconstruction
decode,1786169231657379419,1786169231806495265,149115846,4.0,0.0,0.0,0.0,,,,,,Validated reconstruction
decode,1786169231806495265,1786169232657379419,850884154,4.0,0.0,0.0,0.0,,,,,,Validated reconstruction
decode,1786169232657379419,1786169232806495265,149115846,4.0,0.0,0.0,0.0,,,,,,Validated reconstruction
decode,1786169232806495265,1786169233657379419,850884154,4.0,0.0,0.0,0.0,,,,,,Validated reconstruction
decode,1786169233657379419,1786169233806495265,149115846,4.0,0.0,0.0,0.0,,,,,,Validated reconstruction
decode,1786169233806495265,1786169234657379419,850884154,4.0,0.0,0.0,0.0,,,,,,Validated reconstruction
decode,1786169234657379419,1786169234806495265,149115846,4.0,0.0,0.0,0.0,,,,,,Validated reconstruction
decode,1786169234806495265,1786169235657379419,850884154,4.0,0.0,0.0,0.0,,,,,,Validated reconstruction
decode,1786169235657379419,1786169235806495265,149115846,4.0,0.0,0.0,0.0,,,,,,Validated reconstruction
decode,1786169235806495265,1786169236657379419,850884154,4.0,0.0,0.0,0.0,,,,,,Validated reconstruction
decode,1786169236657379419,1786169236806495265,149115846,5.0,0.0,0.0,0.0,,,,,,Validated reconstruction
decode,1786169236806495265,1786169237657379419,850884154,5.0,0.0,0.0,0.0,,,,,,Validated reconstruction
decode,1786169237657379419,1786169237806495265,149115846,5.0,0.0,0.0,0.0,,,,,,Validated reconstruction
decode,1786169237806495265,1786169238657379419,850884154,5.0,0.0,0.0,0.0,,,,,,Validated reconstruction
decode,1786169238657379419,1786169238806495265,149115846,5.0,0.0,0.0,0.0,,,,,,Validated reconstruction
decode,1786169238806495265,1786169239657379419,850884154,5.0,0.0,0.0,0.0,,,,,,Validated reconstruction
decode,1786169239657379419,1786169239806495265,149115846,5.0,0.0,0.0,0.0,,,,,,Validated reconstruction
decode,1786169239806495265,1786169240657379419,850884154,5.0,0.0,0.0,0.0,,,,,,Validated reconstruction
decode,1786169240657379419,1786169240806495265,149115846,5.0,0.0,0.0,0.0,,,,,,Validated reconstruction
decode,1786169240806495265,1786169241657379419,850884154,5.0,0.0,0.0,0.0,,,,,,Validated reconstruction
decode,1786169241657379419,1786169241806495265,149115846,5.0,0.0,0.0,0.0,,,,,,Validated reconstruction
decode,1786169241806495265,1786169242657379419,850884154,5.0,0.0,0.0,0.0,,,,,,Validated reconstruction
decode,1786169242657379419,1786169242806495265,149115846,5.0,0.0,0.0,0.0,,,,,,Validated reconstruction
decode,1786169242806495265,1786169243657379419,850884154,5.0,0.0,0.0,0.0,,,,,,Validated reconstruction
decode,1786169243657379419,1786169243806495265,149115846,5.0,0.0,0.0,0.0,,,,,,Validated reconstruction
decode,1786169243806495265,1786169244657379419,850884154,5.0,0.0,0.0,0.0,,,,,,Validated reconstruction
decode,1786169244657379419,1786169244806495265,149115846,5.0,0.0,0.0,0.0,,,,,,Validated reconstruction
decode,1786169244806495265,1786169245657379419,850884154,5.0,0.0,0.0,0.0,,,,,,Validated reconstruction
decode,1786169245657379419,1786169245806495265,149115846,5.0,0.0,0.0,0.0,,,,,,Validated reconstruction
decode,1786169245806495265,1786169246657379419,850884154,5.0,0.0,0.0,0.0,,,,,,Validated reconstruction
decode,1786169246657379419,1786169246806495265,149115846,5.0,0.0,0.0,0.0,,,,,,Validated reconstruction
decode,1786169246806495265,1786169247657379419,850884154,5.0,0.0,0.0,0.0,,,,,,Validated reconstruction
decode,1786169247657379419,1786169247806495265,149115846,5.0,0.0,0.0,0.0,,,,,,Validated reconstruction
decode,1786169247806495265,1786169248657379419,850884154,5.0,0.0,0.0,0.0,,,,,,Validated reconstruction
decode,1786169248657379419,1786169248806495265,149115846,5.0,0.0,0.0,0.0,,,,,,Validated reconstruction
decode,1786169248806495265,1786169249657379419,850884154,3.5,0.0,0.0,0.0,,,,,,Validated reconstruction
decode,1786169249657379419,1786169249806495265,149115846,3.5,0.0,0.0,0.0,,,,,,Validated reconstruction
decode,1786169249806495265,1786169250657379419,850884154,2.0,0.0,0.0,0.0,,,,,,Validated reconstruction
decode,1786169250657379419,1786169250806495265,149115846,2.0,0.0,0.0,0.0,,,,,,Validated reconstruction
decode,1786169250806495265,1786169251657379419,850884154,2.0,0.0,0.0,0.0,,,,,,Validated reconstruction
decode,1786169251657379419,1786169251806495265,149115846,2.0,0.0,0.0,0.0,,,,,,Validated reconstruction
decode,1786169251806495265,1786169252657379419,850884154,2.0,0.0,0.0,0.0,,,,,,Validated reconstruction
decode,1786169252657379419,1786169252806495265,149115846,2.0,0.0,0.0,0.0,,,,,,Validated reconstruction
decode,1786169252806495265,1786169253657379419,850884154,2.5,0.0,0.0,0.0,,,,,,Validated reconstruction
decode,1786169253657379419,1786169253806495265,149115846,2.5,0.0,0.0,0.0,,,,,,Validated reconstruction
decode,1786169253806495265,1786169254657379419,850884154,3.0,0.0,0.0,0.0,,,,,,Validated reconstruction
decode,1786169254657379419,1786169254806495265,149115846,3.0,0.0,0.0,0.0,,,,,,Validated reconstruction
decode,1786169254806495265,1786169255657379419,850884154,3.0,0.0,0.0,0.0,,,,,,Validated reconstruction
decode,1786169255657379419,1786169255806495265,149115846,3.0,0.0,0.0,0.0,,,,,,Validated reconstruction
decode,1786169255806495265,1786169256657379419,850884154,3.0,0.0,0.0,0.0,,,,,,Validated reconstruction
decode,1786169256657379419,1786169256806495265,149115846,3.0,0.0,0.0,0.0,,,,,,Validated reconstruction
decode,1786169256806495265,1786169257657379419,850884154,2.0,0.0,0.0,0.0,,,,,,Validated reconstruction
decode,1786169257657379419,1786169257806495265,149115846,2.0,0.0,0.0,0.0,,,,,,Validated reconstruction
decode,1786169257806495265,1786169258657379419,850884154,2.0,0.0,0.0,0.0,,,,,,Validated reconstruction
decode,1786169258657379419,1786169258806495265,149115846,2.0,0.0,0.0,0.0,,,,,,Validated reconstruction
decode,1786169258806495265,1786169259657379419,850884154,2.0,0.0,0.0,0.0,,,,,,Validated reconstruction
decode,1786169259657379419,1786169259806495265,149115846,2.0,0.0,0.5,0.0,,,,,,Validated reconstruction
decode,1786169259806495265,1786169260657379419,850884154,2.0,0.0,0.5,0.0,,,,,,Validated reconstruction
decode,1786169260657379419,1786169260806495265,149115846,2.0,0.0,1.0,0.0,,,,,,Validated reconstruction
decode,1786169260806495265,1786169261657379419,850884154,2.0,0.0,1.0,0.0,,,,,,Validated reconstruction
decode,1786169261657379419,1786169261806495265,149115846,2.0,0.0,1.0,0.0,,,,,,Validated reconstruction
decode,1786169261806495265,1786169262657379419,850884154,2.0,0.0,1.0,0.0,,,,,,Validated reconstruction
decode,1786169262657379419,1786169262806495265,149115846,2.5,0.0,1.0,0.0,,,,,,Validated reconstruction
decode,1786169262806495265,1786169263657379419,850884154,2.5,0.0,1.0,0.0,,,,,,Validated reconstruction
decode,1786169263657379419,1786169263806495265,149115846,3.0,0.0,1.0,0.0,,,,,,Validated reconstruction
decode,1786169263806495265,1786169264657379419,850884154,3.0,0.0,1.0,0.0,,,,,,Validated reconstruction
decode,1786169264657379419,1786169264806495265,149115846,3.0,0.0,1.0,0.0,,,,,,Validated reconstruction
decode,1786169264806495265,1786169265657379419,850884154,3.0,0.0,1.0,0.0,,,,,,Validated reconstruction
decode,1786169265657379419,1786169265806495265,149115846,3.0,0.0,1.0,0.0,,,,,,Validated reconstruction
decode,1786169265806495265,1786169266657379419,850884154,3.0,0.0,1.0,0.0,,,,,,Validated reconstruction
decode,1786169266657379419,1786169266806495265,149115846,3.0,0.0,1.0,0.0,,,,,,Validated reconstruction
decode,1786169266806495265,1786169267657379419,850884154,3.0,0.0,1.0,0.0,,,,,,Validated reconstruction
decode,1786169267657379419,1786169267806495265,149115846,3.0,0.0,1.0,0.0,,,,,,Validated reconstruction
decode,1786169267806495265,1786169268657379419,850884154,3.0,0.0,1.0,0.0,,,,,,Validated reconstruction
decode,1786169268657379419,1786169268806495265,149115846,3.0,0.0,1.0,0.0,,,,,,Validated reconstruction
decode,1786169268806495265,1786169269657379419,850884154,5.0,0.0,1.0,0.0,,,,,,Validated reconstruction
decode,1786169269657379419,1786169269806495265,149115846,5.0,0.0,1.0,0.0,,,,,,Validated reconstruction
decode,1786169269806495265,1786169270657379419,850884154,5.0,0.0,1.0,0.0,,,,,,Validated reconstruction
decode,1786169270657379419,1786169270806495265,149115846,5.0,0.0,1.0,0.0,,,,,,Validated reconstruction
decode,1786169270806495265,1786169271657379419,850884154,5.0,0.0,1.0,0.0,,,,,,Validated reconstruction
decode,1786169271657379419,1786169271806495265,149115846,5.0,0.0,1.0,0.0,,,,,,Validated reconstruction
decode,1786169271806495265,1786169272657379419,850884154,5.0,0.0,1.0,0.0,,,,,,Validated reconstruction
decode,1786169272657379419,1786169272806495265,149115846,5.0,0.0,1.0,0.0,,,,,,Validated reconstruction
decode,1786169272806495265,1786169273657379419,850884154,5.0,0.0,1.0,0.0,,,,,,Validated reconstruction
decode,1786169273657379419,1786169273806495265,149115846,5.0,0.0,1.0,0.0,,,,,,Validated reconstruction
decode,1786169273806495265,1786169274657379419,850884154,5.0,0.0,1.0,0.0,,,,,,Validated reconstruction
decode,1786169274657379419,1786169274806495265,149115846,5.0,0.0,1.0,0.0,,,,,,Validated reconstruction
decode,1786169274806495265,1786169275657379419,850884154,5.0,0.0,1.0,0.0,,,,,,Validated reconstruction
decode,1786169275657379419,1786169275806495265,149115846,5.0,0.0,1.0,0.0,,,,,,Validated reconstruction
decode,1786169275806495265,1786169276657379419,850884154,5.0,0.0,1.0,0.0,,,,,,Validated reconstruction
decode,1786169276657379419,1786169276806495265,149115846,5.5,0.0,0.5,0.0,,,,,,Validated reconstruction
decode,1786169276806495265,1786169277657379419,850884154,5.5,0.0,0.5,0.0,,,,,,Validated reconstruction
decode,1786169277657379419,1786169277806495265,149115846,6.0,0.0,0.0,0.0,,,,,,Validated reconstruction
decode,1786169277806495265,1786169278657379419,850884154,6.0,0.0,0.0,0.0,,,,,,Validated reconstruction
decode,1786169278657379419,1786169278806495265,149115846,6.0,0.0,0.0,0.0,,,,,,Validated reconstruction
decode,1786169278806495265,1786169279657379419,850884154,6.5,0.0,0.0,0.0,,,,,,Validated reconstruction
decode,1786169279657379419,1786169279806495265,149115846,6.5,0.0,0.0,0.0,,,,,,Validated reconstruction
decode,1786169279806495265,1786169280657379419,850884154,7.0,0.0,0.0,0.0,,,,,,Validated reconstruction
decode,1786169280657379419,1786169280806495265,149115846,7.0,0.0,0.0,0.0,,,,,,Validated reconstruction
decode,1786169280806495265,1786169281657379419,850884154,7.0,0.0,0.0,0.0,,,,,,Validated reconstruction
decode,1786169281657379419,1786169281806495265,149115846,7.0,0.0,0.0,0.0,,,,,,Validated reconstruction
decode,1786169281806495265,1786169282657379419,850884154,7.0,0.0,0.0,0.0,,,,,,Validated reconstruction
decode,1786169282657379419,1786169282806495265,149115846,8.5,0.0,0.0,0.0,,,,,,Validated reconstruction
decode,1786169282806495265,1786169283657379419,850884154,8.5,0.0,0.0,0.0,,,,,,Validated reconstruction
decode,1786169283657379419,1786169283806495265,149115846,9.0,0.0,0.0,0.0,,,,,,Validated reconstruction
decode,1786169283806495265,1786169284657379419,850884154,9.0,0.0,0.0,0.0,,,,,,Validated reconstruction
decode,1786169284657379419,1786169284806495265,149115846,9.0,0.0,0.0,0.0,,,,,,Validated reconstruction
decode,1786169284806495265,1786169285657379419,850884154,9.0,0.0,0.0,0.0,,,,,,Validated reconstruction
decode,1786169285657379419,1786169285806495265,149115846,9.0,0.0,0.0,0.0,,,,,,Validated reconstruction
decode,1786169285806495265,1786169286657379419,850884154,9.666666666666668,0.0,0.0,0.0,,,,,,Validated reconstruction
decode,1786169286657379419,1786169286806495265,149115846,9.666666666666668,0.0,0.0,0.0,,,,,,Validated reconstruction
decode,1786169286806495265,1786169287657379419,850884154,9.0,0.0,0.0,0.0,,,,,,Validated reconstruction
decode,1786169287657379419,1786169287806495265,149115846,9.0,0.0,0.0,0.0,,,,,,Validated reconstruction
decode,1786169287806495265,1786169288657379419,850884154,9.0,0.0,0.0,0.0,,,,,,Validated reconstruction
decode,1786169288657379419,1786169288806495265,149115846,9.0,0.0,0.0,0.0,,,,,,Validated reconstruction
decode,1786169288806495265,1786169289657379419,850884154,9.0,0.0,0.0,0.0,,,,,,Validated reconstruction
decode,1786169289657379419,1786169289806495265,149115846,9.0,0.0,0.0,0.0,,,,,,Validated reconstruction
decode,1786169289806495265,1786169290657379419,850884154,9.0,0.0,0.0,0.0,,,,,,Validated reconstruction
decode,1786169290657379419,1786169290806495265,149115846,10.0,0.0,0.0,0.0,,,,,,Validated reconstruction
decode,1786169290806495265,1786169291657379419,850884154,11.0,0.0,0.0,0.0,,,,,,Validated reconstruction
decode,1786169291657379419,1786169291806495265,149115846,11.0,0.0,0.0,0.0,,,,,,Validated reconstruction
decode,1786169291806495265,1786169292657379419,850884154,11.0,0.0,0.0,0.0,,,,,,Validated reconstruction
decode,1786169292657379419,1786169292806495265,149115846,11.0,0.0,0.0,0.0,,,,,,Validated reconstruction
decode,1786169292806495265,1786169293657379419,850884154,11.0,0.0,0.0,0.0,,,,,,Validated reconstruction
decode,1786169293657379419,1786169293806495265,149115846,11.0,0.0,0.0,0.0,,,,,,Validated reconstruction
decode,1786169293806495265,1786169294657379419,850884154,11.0,0.0,0.0,0.0,,,,,,Validated reconstruction
decode,1786169294657379419,1786169294806495265,149115846,11.0,0.0,0.0,0.0,,,,,,Validated reconstruction
decode,1786169294806495265,1786169295657379419,850884154,11.0,0.0,0.0,0.0,,,,,,Validated reconstruction
decode,1786169295657379419,1786169295806495265,149115846,11.0,0.0,0.0,0.0,,,,,,Validated reconstruction
decode,1786169295806495265,1786169296657379419,850884154,11.0,0.0,0.0,0.0,,,,,,Validated reconstruction
decode,1786169296657379419,1786169296806495265,149115846,11.0,0.0,1.0,0.0,,,,,,Validated reconstruction
decode,1786169296806495265,1786169297657379419,850884154,11.0,0.0,1.0,0.0,,,,,,Validated reconstruction
decode,1786169297657379419,1786169297806495265,149115846,11.0,0.0,1.0,0.0,,,,,,Validated reconstruction
decode,1786169297806495265,1786169298657379419,850884154,11.0,0.0,1.0,0.0,,,,,,Validated reconstruction
decode,1786169298657379419,1786169298806495265,149115846,11.0,0.0,1.0,0.0,,,,,,Validated reconstruction
decode,1786169298806495265,1786169299657379419,850884154,11.0,0.0,1.0,0.0,,,,,,Validated reconstruction
decode,1786169299657379419,1786169299806495265,149115846,11.0,0.0,1.0,0.0,,,,,,Validated reconstruction
decode,1786169299806495265,1786169300657379419,850884154,11.0,0.0,1.0,0.0,,,,,,Validated reconstruction
decode,1786169300657379419,1786169300806495265,149115846,11.0,0.0,1.0,0.0,,,,,,Validated reconstruction
decode,1786169300806495265,1786169301657379419,850884154,11.0,0.0,1.0,0.0,,,,,,Validated reconstruction
decode,1786169301657379419,1786169301806495265,149115846,11.0,0.0,1.0,0.0,,,,,,Validated reconstruction
decode,1786169301806495265,1786169302657379419,850884154,11.0,0.0,1.0,0.0,,,,,,Validated reconstruction
decode,1786169302657379419,1786169302806495265,149115846,11.0,0.0,1.0,0.0,,,,,,Validated reconstruction
decode,1786169302806495265,1786169303657379419,850884154,11.0,0.0,1.0,0.0,,,,,,Validated reconstruction
decode,1786169303657379419,1786169303806495265,149115846,11.0,0.0,1.0,0.0,,,,,,Validated reconstruction
decode,1786169303806495265,1786169304657379419,850884154,11.0,0.0,1.0,0.0,,,,,,Validated reconstruction
decode,1786169304657379419,1786169304806495265,149115846,11.0,0.0,1.0,0.0,,,,,,Validated reconstruction
decode,1786169304806495265,1786169305657379419,850884154,11.0,0.0,1.0,0.0,,,,,,Validated reconstruction
decode,1786169305657379419,1786169305806495265,149115846,11.0,0.0,1.0,0.0,,,,,,Validated reconstruction
decode,1786169305806495265,1786169306657379419,850884154,11.0,0.0,1.0,0.0,,,,,,Validated reconstruction
decode,1786169306657379419,1786169306806495265,149115846,11.0,0.0,1.0,0.0,,,,,,Validated reconstruction
decode,1786169306806495265,1786169307657379419,850884154,11.0,0.0,1.0,0.0,,,,,,Validated reconstruction
decode,1786169307657379419,1786169307806495265,149115846,11.0,0.0,1.0,0.0,,,,,,Validated reconstruction
decode,1786169307806495265,1786169308657379419,850884154,11.5,0.0,1.0,0.0,,,,,,Validated reconstruction
decode,1786169308657379419,1786169308806495265,149115846,11.5,0.0,1.0,0.0,,,,,,Validated reconstruction
decode,1786169308806495265,1786169309657379419,850884154,12.0,0.0,1.0,0.0,,,,,,Validated reconstruction
decode,1786169309657379419,1786169309806495265,149115846,12.0,0.0,1.0,0.0,,,,,,Validated reconstruction
decode,1786169309806495265,1786169310657379419,850884154,12.0,0.0,1.0,0.0,,,,,,Validated reconstruction
decode,1786169310657379419,1786169310806495265,149115846,12.0,0.0,1.0,0.0,,,,,,Validated reconstruction
decode,1786169310806495265,1786169311657379419,850884154,12.0,0.0,1.0,0.0,,,,,,Validated reconstruction
decode,1786169311657379419,1786169311806495265,149115846,12.0,0.0,1.0,0.0,,,,,,Validated reconstruction
decode,1786169311806495265,1786169312657379419,850884154,12.0,0.0,1.0,0.0,,,,,,Validated reconstruction
decode,1786169312657379419,1786169312806495265,149115846,12.0,0.0,1.0,0.0,,,,,,Validated reconstruction
decode,1786169312806495265,1786169313657379419,850884154,12.0,0.0,1.0,0.0,,,,,,Validated reconstruction
decode,1786169313657379419,1786169313806495265,149115846,12.0,0.0,1.0,0.0,,,,,,Validated reconstruction
decode,1786169313806495265,1786169314657379419,850884154,12.5,0.0,1.0,0.0,,,,,,Validated reconstruction
decode,1786169314657379419,1786169314806495265,149115846,12.5,0.0,1.0,0.0,,,,,,Validated reconstruction
decode,1786169314806495265,1786169315657379419,850884154,13.0,0.0,1.0,0.0,,,,,,Validated reconstruction
decode,1786169315657379419,1786169315806495265,149115846,13.0,0.0,1.0,0.0,,,,,,Validated reconstruction
decode,1786169315806495265,1786169316657379419,850884154,13.0,0.0,1.0,0.0,,,,,,Validated reconstruction
decode,1786169316657379419,1786169316806495265,149115846,13.0,0.0,1.0,0.0,,,,,,Validated reconstruction
decode,1786169316806495265,1786169317657379419,850884154,13.0,0.0,1.0,0.0,,,,,,Validated reconstruction
decode,1786169317657379419,1786169317806495265,149115846,13.0,0.0,1.0,0.0,,,,,,Validated reconstruction
decode,1786169317806495265,1786169318657379419,850884154,13.0,0.0,1.0,0.0,,,,,,Validated reconstruction
decode,1786169318657379419,1786169318806495265,149115846,13.0,0.0,1.0,0.0,,,,,,Validated reconstruction
decode,1786169318806495265,1786169319657379419,850884154,13.0,0.0,1.0,0.0,,,,,,Validated reconstruction
decode,1786169319657379419,1786169319806495265,149115846,13.0,0.0,1.0,0.0,,,,,,Validated reconstruction
decode,1786169319806495265,1786169320657379419,850884154,10.0,0.0,1.0,0.0,,,,,,Validated reconstruction
decode,1786169320657379419,1786169320806495265,149115846,11.0,0.0,2.0,0.0,,,,,,Validated reconstruction
decode,1786169320806495265,1786169321657379419,850884154,8.0,0.0,2.0,0.0,,,,,,Validated reconstruction
decode,1786169321657379419,1786169321806495265,149115846,8.0,0.0,2.0,0.0,,,,,,Validated reconstruction
decode,1786169321806495265,1786169322657379419,850884154,8.0,0.0,2.0,0.0,,,,,,Validated reconstruction
decode,1786169322657379419,1786169322806495265,149115846,8.0,0.0,2.0,0.0,,,,,,Validated reconstruction
decode,1786169322806495265,1786169323657379419,850884154,8.0,0.0,2.0,0.0,,,,,,Validated reconstruction
decode,1786169323657379419,1786169323806495265,149115846,8.0,0.0,1.5,0.0,,,,,,Validated reconstruction
decode,1786169323806495265,1786169324657379419,850884154,8.0,0.0,1.5,0.0,,,,,,Validated reconstruction
decode,1786169324657379419,1786169324806495265,149115846,8.0,0.0,1.0,0.5,,,,,,Validated reconstruction
decode,1786169324806495265,1786169325657379419,850884154,8.0,0.0,1.0,0.5,,,,,,Validated reconstruction
decode,1786169325657379419,1786169325806495265,149115846,8.0,0.0,1.0,1.0,,,,,,Validated reconstruction
decode,1786169325806495265,1786169326657379419,850884154,8.0,0.0,1.0,1.0,,,,,,Validated reconstruction
decode,1786169326657379419,1786169326806495265,149115846,9.0,0.0,1.0,0.0,,,,,,Validated reconstruction
decode,1786169326806495265,1786169327657379419,850884154,9.0,0.0,1.0,0.0,,,,,,Validated reconstruction
decode,1786169327657379419,1786169327806495265,149115846,9.0,0.0,1.0,0.0,,,,,,Validated reconstruction
decode,1786169327806495265,1786169328657379419,850884154,9.0,0.0,1.0,0.0,,,,,,Validated reconstruction
decode,1786169328657379419,1786169328806495265,149115846,8.5,0.0,1.0,0.0,,,,,,Validated reconstruction
decode,1786169328806495265,1786169329657379419,850884154,8.5,0.0,1.0,0.0,,,,,,Validated reconstruction
decode,1786169329657379419,1786169329806495265,149115846,8.0,0.0,1.0,0.0,,,,,,Validated reconstruction
decode,1786169329806495265,1786169330657379419,850884154,8.0,0.0,1.0,0.0,,,,,,Validated reconstruction
decode,1786169330657379419,1786169330806495265,149115846,8.0,0.0,1.0,0.0,,,,,,Validated reconstruction
decode,1786169330806495265,1786169331657379419,850884154,8.0,0.0,1.0,0.0,,,,,,Validated reconstruction
decode,1786169331657379419,1786169331806495265,149115846,8.0,0.0,1.0,0.5,,,,,,Validated reconstruction
decode,1786169331806495265,1786169332657379419,850884154,8.0,0.0,1.0,0.5,,,,,,Validated reconstruction
decode,1786169332657379419,1786169332806495265,149115846,8.0,0.0,1.0,1.0,,,,,,Validated reconstruction
decode,1786169332806495265,1786169333657379419,850884154,8.0,0.0,1.0,1.0,,,,,,Validated reconstruction
decode,1786169333657379419,1786169333806495265,149115846,8.0,0.0,1.0,1.0,,,,,,Validated reconstruction
decode,1786169333806495265,1786169334657379419,850884154,8.0,0.0,1.0,1.0,,,,,,Validated reconstruction
decode,1786169334657379419,1786169334806495265,149115846,9.0,0.0,1.0,0.0,,,,,,Validated reconstruction
decode,1786169334806495265,1786169335657379419,850884154,9.0,0.0,1.0,0.0,,,,,,Validated reconstruction
decode,1786169335657379419,1786169335806495265,149115846,9.0,0.0,1.0,0.0,,,,,,Validated reconstruction
decode,1786169335806495265,1786169336657379419,850884154,9.0,0.0,1.0,0.0,,,,,,Validated reconstruction
decode,1786169336657379419,1786169336806495265,149115846,9.0,0.0,0.0,0.0,,,,,,Validated reconstruction
decode,1786169336806495265,1786169337657379419,850884154,9.0,0.0,0.0,0.0,,,,,,Validated reconstruction
decode,1786169337657379419,1786169337806495265,149115846,9.0,0.0,0.0,0.0,,,,,,Validated reconstruction
decode,1786169337806495265,1786169338657379419,850884154,9.5,0.0,0.0,0.0,,,,,,Validated reconstruction
decode,1786169338657379419,1786169338806495265,149115846,9.5,0.0,0.0,0.0,,,,,,Validated reconstruction
decode,1786169338806495265,1786169339657379419,850884154,10.0,0.0,0.0,0.0,,,,,,Validated reconstruction
decode,1786169339657379419,1786169339806495265,149115846,9.5,0.0,0.0,0.0,,,,,,Validated reconstruction
decode,1786169339806495265,1786169340657379419,850884154,9.0,0.0,0.0,0.0,,,,,,Validated reconstruction
decode,1786169340657379419,1786169340806495265,149115846,8.5,0.0,0.0,0.0,,,,,,Validated reconstruction
decode,1786169340806495265,1786169341657379419,850884154,8.0,0.0,0.0,0.0,,,,,,Validated reconstruction
decode,1786169341657379419,1786169341806495265,149115846,8.0,0.0,0.0,0.0,,,,,,Validated reconstruction
decode,1786169341806495265,1786169342657379419,850884154,8.0,0.0,0.0,0.0,,,,,,Validated reconstruction
decode,1786169342657379419,1786169342806495265,149115846,8.0,0.0,0.0,0.0,,,,,,Validated reconstruction
decode,1786169342806495265,1786169343657379419,850884154,8.0,0.0,0.0,0.0,,,,,,Validated reconstruction
decode,1786169343657379419,1786169343806495265,149115846,8.0,0.0,0.0,0.0,,,,,,Validated reconstruction
decode,1786169343806495265,1786169344657379419,850884154,9.0,0.0,0.0,0.0,,,,,,Validated reconstruction
decode,1786169344657379419,1786169344806495265,149115846,9.0,0.0,0.0,0.0,,,,,,Validated reconstruction
decode,1786169344806495265,1786169345657379419,850884154,9.0,0.0,0.0,0.0,,,,,,Validated reconstruction
decode,1786169345657379419,1786169345806495265,149115846,9.0,0.0,0.0,0.0,,,,,,Validated reconstruction
decode,1786169345806495265,1786169346657379419,850884154,9.0,0.0,0.0,0.0,,,,,,Validated reconstruction
decode,1786169346657379419,1786169346806495265,149115846,9.0,0.0,0.0,0.0,,,,,,Validated reconstruction
decode,1786169346806495265,1786169347657379419,850884154,9.0,0.0,0.0,0.0,,,,,,Validated reconstruction
decode,1786169347657379419,1786169347806495265,149115846,9.0,0.0,0.0,0.0,,,,,,Validated reconstruction
decode,1786169347806495265,1786169348657379419,850884154,8.5,0.0,0.0,0.0,,,,,,Validated reconstruction
decode,1786169348657379419,1786169348806495265,149115846,8.5,0.0,0.0,0.0,,,,,,Validated reconstruction
decode,1786169348806495265,1786169349657379419,850884154,8.0,0.0,0.0,0.0,,,,,,Validated reconstruction
decode,1786169349657379419,1786169349806495265,149115846,8.0,0.0,0.0,0.0,,,,,,Validated reconstruction
decode,1786169349806495265,1786169350657379419,850884154,8.0,0.0,0.0,0.0,,,,,,Validated reconstruction
decode,1786169350657379419,1786169350806495265,149115846,8.0,0.0,0.0,0.0,,,,,,Validated reconstruction
decode,1786169350806495265,1786169351657379419,850884154,8.0,0.0,0.0,0.0,,,,,,Validated reconstruction
decode,1786169351657379419,1786169351806495265,149115846,8.0,0.0,0.0,0.0,,,,,,Validated reconstruction
decode,1786169351806495265,1786169352657379419,850884154,8.0,0.0,0.0,0.0,,,,,,Validated reconstruction
decode,1786169352657379419,1786169352806495265,149115846,8.0,0.0,0.0,0.0,,,,,,Validated reconstruction
decode,1786169352806495265,1786169353657379419,850884154,8.5,0.0,0.0,0.0,,,,,,Validated reconstruction
decode,1786169353657379419,1786169353806495265,149115846,8.5,0.0,0.0,0.0,,,,,,Validated reconstruction
decode,1786169353806495265,1786169354657379419,850884154,9.0,0.0,0.0,0.0,,,,,,Validated reconstruction
decode,1786169354657379419,1786169354806495265,149115846,9.0,0.0,1.0,0.0,,,,,,Validated reconstruction
decode,1786169354806495265,1786169355657379419,850884154,9.0,0.0,1.0,0.0,,,,,,Validated reconstruction
decode,1786169355657379419,1786169355806495265,149115846,9.0,0.0,1.0,0.0,,,,,,Validated reconstruction
decode,1786169355806495265,1786169356657379419,850884154,8.0,0.0,1.0,0.0,,,,,,Validated reconstruction
decode,1786169356657379419,1786169356806495265,149115846,8.0,0.0,1.0,0.0,,,,,,Validated reconstruction
decode,1786169356806495265,1786169357657379419,850884154,8.0,0.0,1.0,0.0,,,,,,Validated reconstruction
decode,1786169357657379419,1786169357806495265,149115846,8.0,0.0,1.0,0.0,,,,,,Validated reconstruction
decode,1786169357806495265,1786169358657379419,850884154,8.0,0.0,1.0,0.0,,,,,,Validated reconstruction
decode,1786169358657379419,1786169358806495265,149115846,8.0,0.0,1.0,0.0,,,,,,Validated reconstruction
decode,1786169358806495265,1786169359657379419,850884154,9.0,0.0,1.0,0.0,,,,,,Validated reconstruction
decode,1786169359657379419,1786169359806495265,149115846,9.0,0.0,1.0,0.0,,,,,,Validated reconstruction
decode,1786169359806495265,1786169360657379419,850884154,9.0,0.0,1.0,0.0,,,,,,Validated reconstruction
decode,1786169360657379419,1786169360806495265,149115846,9.0,0.0,1.0,0.0,,,,,,Validated reconstruction
decode,1786169360806495265,1786169361657379419,850884154,10.0,0.0,1.0,0.0,,,,,,Validated reconstruction
decode,1786169361657379419,1786169361806495265,149115846,10.0,0.0,1.0,0.0,,,,,,Validated reconstruction
decode,1786169361806495265,1786169362657379419,850884154,10.0,0.0,1.0,0.0,,,,,,Validated reconstruction
decode,1786169362657379419,1786169362806495265,149115846,10.0,0.0,1.0,0.0,,,,,,Validated reconstruction
decode,1786169362806495265,1786169363657379419,850884154,10.0,0.0,1.0,0.0,,,,,,Validated reconstruction
decode,1786169363657379419,1786169363806495265,149115846,10.0,0.0,1.0,0.0,,,,,,Validated reconstruction
decode,1786169363806495265,1786169364657379419,850884154,10.0,0.0,1.0,0.0,,,,,,Validated reconstruction
decode,1786169364657379419,1786169364806495265,149115846,10.0,0.0,1.0,0.0,,,,,,Validated reconstruction
decode,1786169364806495265,1786169365657379419,850884154,10.0,0.0,1.0,0.0,,,,,,Validated reconstruction
decode,1786169365657379419,1786169365806495265,149115846,10.0,0.0,1.0,0.0,,,,,,Validated reconstruction
decode,1786169365806495265,1786169366657379419,850884154,8.0,0.0,1.0,0.0,,,,,,Validated reconstruction
decode,1786169366657379419,1786169366806495265,149115846,8.0,0.0,2.0,0.0,,,,,,Validated reconstruction
decode,1786169366806495265,1786169367657379419,850884154,8.0,0.0,2.0,0.0,,,,,,Validated reconstruction
decode,1786169367657379419,1786169367806495265,149115846,8.0,0.0,2.0,0.0,,,,,,Validated reconstruction
decode,1786169367806495265,1786169368657379419,850884154,8.0,0.0,2.0,0.0,,,,,,Validated reconstruction
decode,1786169368657379419,1786169368806495265,149115846,8.0,0.0,2.0,0.0,,,,,,Validated reconstruction
decode,1786169368806495265,1786169369657379419,850884154,8.5,0.0,2.0,0.0,,,,,,Validated reconstruction
decode,1786169369657379419,1786169369806495265,149115846,8.5,0.0,2.0,0.0,,,,,,Validated reconstruction
decode,1786169369806495265,1786169370657379419,850884154,9.0,0.0,2.0,0.0,,,,,,Validated reconstruction
decode,1786169370657379419,1786169370806495265,149115846,9.0,0.0,2.0,0.0,,,,,,Validated reconstruction
decode,1786169370806495265,1786169371657379419,850884154,9.0,0.0,2.0,0.0,,,,,,Validated reconstruction
decode,1786169371657379419,1786169371806495265,149115846,9.0,0.0,2.0,0.0,,,,,,Validated reconstruction
decode,1786169371806495265,1786169372657379419,850884154,9.0,0.0,2.0,0.0,,,,,,Validated reconstruction
decode,1786169372657379419,1786169372806495265,149115846,9.0,0.0,2.0,0.0,,,,,,Validated reconstruction
decode,1786169372806495265,1786169373657379419,850884154,9.0,0.0,2.0,0.0,,,,,,Validated reconstruction
decode,1786169373657379419,1786169373806495265,149115846,9.0,0.0,2.0,0.0,,,,,,Validated reconstruction
decode,1786169373806495265,1786169374657379419,850884154,9.0,0.0,2.0,0.0,,,,,,Validated reconstruction
decode,1786169374657379419,1786169374806495265,149115846,9.0,0.0,2.0,0.0,,,,,,Validated reconstruction
decode,1786169374806495265,1786169375657379419,850884154,9.0,0.0,2.0,0.0,,,,,,Validated reconstruction
decode,1786169375657379419,1786169375806495265,149115846,9.0,0.0,2.0,0.0,,,,,,Validated reconstruction
decode,1786169375806495265,1786169376657379419,850884154,9.0,0.0,2.0,0.0,,,,,,Validated reconstruction
decode,1786169376657379419,1786169376806495265,149115846,9.0,0.0,2.0,0.0,,,,,,Validated reconstruction
decode,1786169376806495265,1786169377657379419,850884154,9.0,0.0,2.0,0.0,,,,,,Validated reconstruction
decode,1786169377657379419,1786169377806495265,149115846,9.0,0.0,2.0,0.0,,,,,,Validated reconstruction
decode,1786169377806495265,1786169378657379419,850884154,8.0,0.0,2.0,0.0,,,,,,Validated reconstruction
decode,1786169378657379419,1786169378806495265,149115846,8.0,0.0,2.0,0.0,,,,,,Validated reconstruction
decode,1786169378806495265,1786169379657379419,850884154,8.0,0.0,2.0,0.0,,,,,,Validated reconstruction
decode,1786169379657379419,1786169379806495265,149115846,8.0,0.0,2.0,0.0,,,,,,Validated reconstruction
decode,1786169379806495265,1786169380657379419,850884154,8.0,0.0,2.0,0.0,,,,,,Validated reconstruction
decode,1786169380657379419,1786169380806495265,149115846,8.0,0.0,2.0,0.0,,,,,,Validated reconstruction
decode,1786169380806495265,1786169381657379419,850884154,9.0,0.0,2.0,0.0,,,,,,Validated reconstruction
decode,1786169381657379419,1786169381806495265,149115846,9.0,0.0,2.0,0.0,,,,,,Validated reconstruction
decode,1786169381806495265,1786169382657379419,850884154,9.0,0.0,2.0,0.0,,,,,,Validated reconstruction
decode,1786169382657379419,1786169382806495265,149115846,9.0,0.0,1.0,0.0,,,,,,Validated reconstruction
decode,1786169382806495265,1786169383657379419,850884154,9.0,0.0,1.0,0.0,,,,,,Validated reconstruction
decode,1786169383657379419,1786169383806495265,149115846,9.0,0.0,1.0,0.0,,,,,,Validated reconstruction
decode,1786169383806495265,1786169384657379419,850884154,9.0,0.0,1.0,0.0,,,,,,Validated reconstruction
decode,1786169384657379419,1786169384806495265,149115846,9.0,0.0,1.0,0.0,,,,,,Validated reconstruction
decode,1786169384806495265,1786169385657379419,850884154,9.0,0.0,1.0,0.0,,,,,,Validated reconstruction
decode,1786169385657379419,1786169385806495265,149115846,9.0,0.0,1.0,0.0,,,,,,Validated reconstruction
decode,1786169385806495265,1786169386657379419,850884154,9.0,0.0,1.0,0.0,,,,,,Validated reconstruction
decode,1786169386657379419,1786169386806495265,149115846,9.0,0.0,1.0,0.0,,,,,,Validated reconstruction
decode,1786169386806495265,1786169387657379419,850884154,8.0,0.0,1.0,0.0,,,,,,Validated reconstruction
decode,1786169387657379419,1786169387806495265,149115846,8.0,0.0,1.0,0.0,,,,,,Validated reconstruction
decode,1786169387806495265,1786169388657379419,850884154,8.0,0.0,1.0,0.0,,,,,,Validated reconstruction
decode,1786169388657379419,1786169388806495265,149115846,8.0,0.0,1.0,0.0,,,,,,Validated reconstruction
decode,1786169388806495265,1786169389657379419,850884154,8.0,0.0,1.0,0.0,,,,,,Validated reconstruction
decode,1786169389657379419,1786169389806495265,149115846,8.0,0.0,1.0,0.0,,,,,,Validated reconstruction
decode,1786169389806495265,1786169390657379419,850884154,8.0,0.0,1.0,0.0,,,,,,Validated reconstruction
decode,1786169390657379419,1786169390806495265,149115846,8.0,0.0,1.0,0.0,,,,,,Validated reconstruction
decode,1786169390806495265,1786169391657379419,850884154,8.0,0.0,1.0,0.0,,,,,,Validated reconstruction
decode,1786169391657379419,1786169391806495265,149115846,8.0,0.0,1.0,0.0,,,,,,Validated reconstruction
decode,1786169391806495265,1786169392657379419,850884154,8.0,0.0,1.0,0.0,,,,,,Validated reconstruction
decode,1786169392657379419,1786169392806495265,149115846,2.0,0.0,1.0,0.0,,,,,,Validated reconstruction
decode,1786169392806495265,1786169393657379419,850884154,2.0,0.0,1.0,0.0,,,,,,Validated reconstruction
decode,1786169394657379419,1786169394806495265,149115846,3.0,0.0,0.0,0.0,,,,,,Validated reconstruction
decode,1786169394806495265,1786169395657379419,850884154,4.0,0.0,0.0,0.0,,,,,,Validated reconstruction
decode,1786169395657379419,1786169395806495265,149115846,4.0,0.0,0.0,0.0,,,,,,Validated reconstruction
decode,1786169395806495265,1786169396657379419,850884154,5.0,0.0,0.0,0.0,,,,,,Validated reconstruction
decode,1786169396657379419,1786169396806495265,149115846,5.0,0.0,0.0,0.0,,,,,,Validated reconstruction
decode,1786169396806495265,1786169397657379419,850884154,5.0,0.0,0.0,0.0,,,,,,Validated reconstruction
decode,1786169397657379419,1786169397806495265,149115846,5.0,0.0,0.0,0.0,,,,,,Validated reconstruction
decode,1786169397806495265,1786169398657379419,850884154,5.5,0.0,0.0,0.0,,,,,,Validated reconstruction
decode,1786169398657379419,1786169398806495265,149115846,5.5,0.0,0.0,0.0,,,,,,Validated reconstruction
decode,1786169398806495265,1786169399657379419,850884154,6.0,0.0,0.0,0.0,,,,,,Validated reconstruction
decode,1786169399657379419,1786169399806495265,149115846,6.0,0.0,0.0,1.0,,,,,,Validated reconstruction
decode,1786169399806495265,1786169400657379419,850884154,6.0,0.0,0.0,1.0,,,,,,Validated reconstruction
decode,1786169400657379419,1786169400806495265,149115846,6.0,0.0,0.0,1.0,,,,,,Validated reconstruction
decode,1786169400806495265,1786169401657379419,850884154,6.0,0.0,0.0,1.0,,,,,,Validated reconstruction
decode,1786169401657379419,1786169401806495265,149115846,6.0,0.0,0.0,1.0,,,,,,Validated reconstruction
decode,1786169401806495265,1786169402657379419,850884154,6.5,0.0,0.0,1.0,,,,,,Validated reconstruction
decode,1786169402657379419,1786169402806495265,149115846,6.5,0.0,0.0,1.0,,,,,,Validated reconstruction
decode,1786169402806495265,1786169403657379419,850884154,7.0,0.0,0.0,1.0,,,,,,Validated reconstruction
decode,1786169403657379419,1786169403806495265,149115846,7.0,0.0,0.0,1.0,,,,,,Validated reconstruction
decode,1786169403806495265,1786169404657379419,850884154,7.0,0.0,0.0,1.0,,,,,,Validated reconstruction
decode,1786169404657379419,1786169404806495265,149115846,7.0,0.0,0.0,1.0,,,,,,Validated reconstruction
decode,1786169404806495265,1786169405657379419,850884154,7.0,0.0,0.0,1.0,,,,,,Validated reconstruction
decode,1786169405657379419,1786169405806495265,149115846,7.0,0.0,0.0,1.0,,,,,,Validated reconstruction
decode,1786169405806495265,1786169406657379419,850884154,7.0,0.0,0.0,1.0,,,,,,Validated reconstruction
decode,1786169406657379419,1786169406806495265,149115846,7.0,0.0,0.0,1.0,,,,,,Validated reconstruction
decode,1786169406806495265,1786169407657379419,850884154,7.0,0.0,0.0,1.0,,,,,,Validated reconstruction
decode,1786169407657379419,1786169407806495265,149115846,7.0,0.0,0.0,1.0,,,,,,Validated reconstruction
decode,1786169407806495265,1786169408657379419,850884154,7.0,0.0,0.0,1.0,,,,,,Validated reconstruction
decode,1786169408657379419,1786169408806495265,149115846,7.0,0.0,0.0,1.0,,,,,,Validated reconstruction
decode,1786169408806495265,1786169409657379419,850884154,7.0,0.0,0.0,1.0,,,,,,Validated reconstruction
decode,1786169409657379419,1786169409806495265,149115846,7.0,0.0,0.0,1.0,,,,,,Validated reconstruction
decode,1786169409806495265,1786169410657379419,850884154,7.0,0.0,0.0,1.0,,,,,,Validated reconstruction
decode,1786169410657379419,1786169410806495265,149115846,7.0,0.0,0.0,1.0,,,,,,Validated reconstruction
decode,1786169410806495265,1786169411657379419,850884154,7.0,0.0,0.0,1.0,,,,,,Validated reconstruction
decode,1786169411657379419,1786169411806495265,149115846,7.0,0.0,0.0,1.0,,,,,,Validated reconstruction
decode,1786169411806495265,1786169412657379419,850884154,7.0,0.0,0.0,1.0,,,,,,Validated reconstruction
decode,1786169412657379419,1786169412806495265,149115846,7.0,0.0,0.0,1.0,,,,,,Validated reconstruction
decode,1786169412806495265,1786169413657379419,850884154,7.0,0.0,0.0,1.0,,,,,,Validated reconstruction
decode,1786169413657379419,1786169413806495265,149115846,7.0,0.0,0.0,1.0,,,,,,Validated reconstruction
decode,1786169413806495265,1786169414657379419,850884154,7.0,0.0,0.0,1.0,,,,,,Validated reconstruction
decode,1786169414657379419,1786169414806495265,149115846,7.0,0.0,0.0,1.0,,,,,,Validated reconstruction
decode,1786169414806495265,1786169415657379419,850884154,7.0,0.0,0.0,1.0,,,,,,Validated reconstruction
decode,1786169415657379419,1786169415806495265,149115846,7.0,0.0,0.0,1.0,,,,,,Validated reconstruction
decode,1786169415806495265,1786169416657379419,850884154,7.0,0.0,0.0,1.0,,,,,,Validated reconstruction
decode,1786169416657379419,1786169416806495265,149115846,7.0,0.0,0.0,1.0,,,,,,Validated reconstruction
decode,1786169416806495265,1786169417657379419,850884154,7.0,0.0,0.0,1.0,,,,,,Validated reconstruction
decode,1786169417657379419,1786169417806495265,149115846,7.0,0.0,0.0,1.0,,,,,,Validated reconstruction
decode,1786169417806495265,1786169418657379419,850884154,7.0,0.0,0.0,1.0,,,,,,Validated reconstruction
decode,1786169418657379419,1786169418806495265,149115846,7.0,0.0,0.0,1.0,,,,,,Validated reconstruction
decode,1786169418806495265,1786169419657379419,850884154,7.0,0.0,0.0,1.0,,,,,,Validated reconstruction
decode,1786169419657379419,1786169419806495265,149115846,7.0,0.0,0.0,1.0,,,,,,Validated reconstruction
decode,1786169419806495265,1786169420657379419,850884154,7.0,0.0,0.0,1.0,,,,,,Validated reconstruction
decode,1786169420657379419,1786169420806495265,149115846,7.0,0.0,0.0,1.0,,,,,,Validated reconstruction
decode,1786169420806495265,1786169421657379419,850884154,7.0,0.0,0.0,1.0,,,,,,Validated reconstruction
decode,1786169421657379419,1786169421806495265,149115846,7.0,0.0,0.0,1.0,,,,,,Validated reconstruction
decode,1786169421806495265,1786169422657379419,850884154,7.0,0.0,0.0,1.0,,,,,,Validated reconstruction
decode,1786169422657379419,1786169422806495265,149115846,7.0,0.0,0.0,1.0,,,,,,Validated reconstruction
decode,1786169422806495265,1786169423657379419,850884154,7.0,0.0,0.0,1.0,,,,,,Validated reconstruction
decode,1786169423657379419,1786169423806495265,149115846,7.0,0.0,0.0,1.0,,,,,,Validated reconstruction
decode,1786169423806495265,1786169424657379419,850884154,7.0,0.0,0.0,1.0,,,,,,Validated reconstruction
decode,1786169424657379419,1786169424806495265,149115846,7.0,0.0,0.0,1.0,,,,,,Validated reconstruction
decode,1786169424806495265,1786169425657379419,850884154,7.0,0.0,0.0,1.0,,,,,,Validated reconstruction
decode,1786169425657379419,1786169425806495265,149115846,7.0,0.0,0.0,1.0,,,,,,Validated reconstruction
decode,1786169425806495265,1786169426657379419,850884154,7.0,0.0,0.0,1.0,,,,,,Validated reconstruction
decode,1786169426657379419,1786169426806495265,149115846,7.0,0.0,0.0,1.0,,,,,,Validated reconstruction
decode,1786169426806495265,1786169427657379419,850884154,7.0,0.0,0.0,1.0,,,,,,Validated reconstruction
decode,1786169427657379419,1786169427806495265,149115846,7.0,0.0,0.0,1.0,,,,,,Validated reconstruction
decode,1786169427806495265,1786169428657379419,850884154,7.0,0.0,0.0,1.0,,,,,,Validated reconstruction
decode,1786169428657379419,1786169428806495265,149115846,7.5,0.0,0.0,1.0,,,,,,Validated reconstruction
decode,1786169428806495265,1786169429657379419,850884154,8.0,0.0,0.0,1.0,,,,,,Validated reconstruction
decode,1786169429657379419,1786169429806495265,149115846,9.0,0.0,0.0,0.0,,,,,,Validated reconstruction
decode,1786169429806495265,1786169430657379419,850884154,9.5,0.0,0.0,0.0,,,,,,Validated reconstruction
decode,1786169430657379419,1786169430806495265,149115846,10.0,0.0,0.0,0.0,,,,,,Validated reconstruction
decode,1786169430806495265,1786169431657379419,850884154,10.0,0.0,0.0,0.0,,,,,,Validated reconstruction
decode,1786169431657379419,1786169431806495265,149115846,10.0,0.0,0.0,0.0,,,,,,Validated reconstruction
decode,1786169431806495265,1786169432657379419,850884154,10.0,0.0,0.0,0.0,,,,,,Validated reconstruction
decode,1786169432657379419,1786169432806495265,149115846,10.0,0.0,0.0,0.0,,,,,,Validated reconstruction
decode,1786169432806495265,1786169433657379419,850884154,10.0,0.0,0.0,0.0,,,,,,Validated reconstruction
decode,1786169433657379419,1786169433806495265,149115846,10.0,0.0,0.0,0.0,,,,,,Validated reconstruction
decode,1786169433806495265,1786169434657379419,850884154,10.5,0.0,0.0,0.0,,,,,,Validated reconstruction
decode,1786169434657379419,1786169434806495265,149115846,10.5,0.0,0.0,0.0,,,,,,Validated reconstruction
decode,1786169434806495265,1786169435657379419,850884154,11.0,0.0,0.0,0.0,,,,,,Validated reconstruction
decode,1786169435657379419,1786169435806495265,149115846,11.0,0.0,0.0,0.0,,,,,,Validated reconstruction
decode,1786169435806495265,1786169436657379419,850884154,11.0,0.0,0.0,0.0,,,,,,Validated reconstruction
decode,1786169436657379419,1786169436806495265,149115846,11.0,0.0,0.0,0.0,,,,,,Validated reconstruction
decode,1786169436806495265,1786169437657379419,850884154,11.0,0.0,0.0,0.0,,,,,,Validated reconstruction
decode,1786169437657379419,1786169437806495265,149115846,8.0,0.0,0.0,0.0,,,,,,Validated reconstruction
decode,1786169437806495265,1786169438657379419,850884154,8.0,0.0,0.0,0.0,,,,,,Validated reconstruction
decode,1786169438657379419,1786169438806495265,149115846,8.0,0.0,0.0,0.0,,,,,,Validated reconstruction
decode,1786169438806495265,1786169439657379419,850884154,8.0,0.0,0.0,0.0,,,,,,Validated reconstruction
decode,1786169439657379419,1786169439806495265,149115846,8.0,0.0,0.0,0.0,,,,,,Validated reconstruction
decode,1786169439806495265,1786169440657379419,850884154,8.0,0.0,0.0,0.0,,,,,,Validated reconstruction
decode,1786169440657379419,1786169440806495265,149115846,7.5,0.0,0.0,0.0,,,,,,Validated reconstruction
decode,1786169440806495265,1786169441657379419,850884154,7.5,0.0,0.0,0.0,,,,,,Validated reconstruction
decode,1786169441657379419,1786169441806495265,149115846,7.0,0.0,0.0,0.0,,,,,,Validated reconstruction
decode,1786169441806495265,1786169442657379419,850884154,7.0,0.0,0.0,0.0,,,,,,Validated reconstruction
decode,1786169442657379419,1786169442806495265,149115846,7.0,0.0,0.0,0.0,,,,,,Validated reconstruction
decode,1786169442806495265,1786169443657379419,850884154,7.0,0.0,0.0,0.0,,,,,,Validated reconstruction
decode,1786169443657379419,1786169443806495265,149115846,7.0,0.0,0.0,0.0,,,,,,Validated reconstruction
decode,1786169443806495265,1786169444657379419,850884154,7.0,0.0,0.0,0.0,,,,,,Validated reconstruction
decode,1786169444657379419,1786169444806495265,149115846,7.0,0.0,0.0,0.0,,,,,,Validated reconstruction
decode,1786169444806495265,1786169445657379419,850884154,7.0,0.0,1.0,0.0,,,,,,Validated reconstruction
decode,1786169445657379419,1786169445806495265,149115846,7.5,0.0,1.0,0.0,,,,,,Validated reconstruction
decode,1786169445806495265,1786169446657379419,850884154,7.5,0.0,1.0,0.0,,,,,,Validated reconstruction
decode,1786169446657379419,1786169446806495265,149115846,7.0,0.0,1.0,0.0,,,,,,Validated reconstruction
decode,1786169446806495265,1786169447657379419,850884154,7.0,0.0,1.0,0.0,,,,,,Validated reconstruction
decode,1786169447657379419,1786169447806495265,149115846,7.0,0.0,1.0,0.0,,,,,,Validated reconstruction
decode,1786169447806495265,1786169448657379419,850884154,7.0,0.0,1.0,0.0,,,,,,Validated reconstruction
decode,1786169448657379419,1786169448806495265,149115846,7.0,0.0,1.0,0.0,,,,,,Validated reconstruction
decode,1786169448806495265,1786169449657379419,850884154,7.0,0.0,0.5,0.0,,,,,,Validated reconstruction
decode,1786169449657379419,1786169449806495265,149115846,8.0,0.0,0.5,0.0,,,,,,Validated reconstruction
decode,1786169449806495265,1786169450657379419,850884154,8.0,0.0,0.0,0.0,,,,,,Validated reconstruction
decode,1786169450657379419,1786169450806495265,149115846,8.0,0.0,0.0,0.0,,,,,,Validated reconstruction
decode,1786169450806495265,1786169451657379419,850884154,8.0,0.0,0.0,0.0,,,,,,Validated reconstruction
decode,1786169451657379419,1786169451806495265,149115846,7.0,0.0,0.0,0.0,,,,,,Validated reconstruction
decode,1786169451806495265,1786169452657379419,850884154,7.0,0.0,0.0,0.0,,,,,,Validated reconstruction
decode,1786169452657379419,1786169452806495265,149115846,7.0,0.0,0.0,0.0,,,,,,Validated reconstruction
decode,1786169452806495265,1786169453657379419,850884154,7.0,0.0,0.0,0.0,,,,,,Validated reconstruction
decode,1786169453657379419,1786169453806495265,149115846,7.0,0.0,0.0,0.0,,,,,,Validated reconstruction
decode,1786169453806495265,1786169454657379419,850884154,7.0,0.0,0.5,0.0,,,,,,Validated reconstruction
decode,1786169454657379419,1786169454806495265,149115846,7.0,0.0,0.5,0.0,,,,,,Validated reconstruction
decode,1786169454806495265,1786169455657379419,850884154,7.0,0.0,1.0,0.0,,,,,,Validated reconstruction
decode,1786169455657379419,1786169455806495265,149115846,7.0,0.0,1.0,0.0,,,,,,Validated reconstruction
decode,1786169455806495265,1786169456657379419,850884154,7.0,0.0,1.0,0.0,,,,,,Validated reconstruction
decode,1786169456657379419,1786169456806495265,149115846,7.0,0.0,1.0,0.0,,,,,,Validated reconstruction
decode,1786169456806495265,1786169457657379419,850884154,7.0,0.0,1.0,0.0,,,,,,Validated reconstruction
decode,1786169457657379419,1786169457806495265,149115846,7.5,0.0,1.0,0.0,,,,,,Validated reconstruction
decode,1786169457806495265,1786169458657379419,850884154,7.5,0.0,1.0,0.0,,,,,,Validated reconstruction
decode,1786169458657379419,1786169458806495265,149115846,8.0,0.0,1.0,0.0,,,,,,Validated reconstruction
decode,1786169458806495265,1786169459657379419,850884154,8.0,0.0,2.0,0.0,,,,,,Validated reconstruction
decode,1786169459657379419,1786169459806495265,149115846,8.0,0.0,2.0,0.0,,,,,,Validated reconstruction
decode,1786169459806495265,1786169460657379419,850884154,8.0,0.0,2.0,0.0,,,,,,Validated reconstruction
decode,1786169460657379419,1786169460806495265,149115846,8.0,0.0,2.0,0.0,,,,,,Validated reconstruction
decode,1786169460806495265,1786169461657379419,850884154,8.0,0.0,2.0,0.0,,,,,,Validated reconstruction
decode,1786169461657379419,1786169461806495265,149115846,8.0,0.0,2.0,0.0,,,,,,Validated reconstruction
decode,1786169462806495265,1786169463657379419,850884154,8.0,0.0,2.0,0.0,,,,,,Validated reconstruction
decode,1786169463657379419,1786169463806495265,149115846,8.0,0.0,2.0,0.0,,,,,,Validated reconstruction
decode,1786169463806495265,1786169464657379419,850884154,8.0,0.0,2.0,0.0,,,,,,Validated reconstruction
decode,1786169464657379419,1786169464806495265,149115846,8.0,0.0,2.0,0.0,,,,,,Validated reconstruction
decode,1786169464806495265,1786169465657379419,850884154,8.0,0.0,2.0,0.0,,,,,,Validated reconstruction
decode,1786169465657379419,1786169465806495265,149115846,8.0,0.0,2.0,0.0,,,,,,Validated reconstruction
decode,1786169465806495265,1786169466657379419,850884154,8.0,0.0,2.0,0.0,,,,,,Validated reconstruction
decode,1786169466657379419,1786169466806495265,149115846,8.0,0.0,2.0,0.0,,,,,,Validated reconstruction
decode,1786169466806495265,1786169467657379419,850884154,8.0,0.0,2.0,0.0,,,,,,Validated reconstruction
decode,1786169467657379419,1786169467806495265,149115846,8.0,0.0,2.0,0.0,,,,,,Validated reconstruction
decode,1786169467806495265,1786169468657379419,850884154,8.0,0.0,2.0,0.0,,,,,,Validated reconstruction
decode,1786169468657379419,1786169468806495265,149115846,8.0,0.0,2.0,0.0,,,,,,Validated reconstruction
decode,1786169468806495265,1786169469657379419,850884154,8.0,0.0,2.0,0.0,,,,,,Validated reconstruction
decode,1786169469657379419,1786169469806495265,149115846,8.0,0.0,2.0,0.0,,,,,,Validated reconstruction
decode,1786169469806495265,1786169470657379419,850884154,8.0,0.0,2.0,0.0,,,,,,Validated reconstruction
decode,1786169470657379419,1786169470806495265,149115846,8.0,0.0,2.0,0.0,,,,,,Validated reconstruction
decode,1786169470806495265,1786169471657379419,850884154,8.0,0.0,2.0,0.0,,,,,,Validated reconstruction
decode,1786169471657379419,1786169471806495265,149115846,8.0,0.0,2.0,0.0,,,,,,Validated reconstruction
decode,1786169471806495265,1786169472657379419,850884154,8.0,0.0,2.0,0.0,,,,,,Validated reconstruction
decode,1786169472657379419,1786169472806495265,149115846,8.0,0.0,2.0,0.0,,,,,,Validated reconstruction
decode,1786169472806495265,1786169473657379419,850884154,8.0,0.0,2.0,0.0,,,,,,Validated reconstruction
decode,1786169473657379419,1786169473806495265,149115846,8.0,0.0,2.0,0.0,,,,,,Validated reconstruction
decode,1786169473806495265,1786169474657379419,850884154,8.0,0.0,2.0,0.0,,,,,,Validated reconstruction
decode,1786169474657379419,1786169474806495265,149115846,8.0,0.0,2.0,0.0,,,,,,Validated reconstruction
decode,1786169474806495265,1786169475657379419,850884154,8.0,0.0,2.0,0.0,,,,,,Validated reconstruction
decode,1786169475657379419,1786169475806495265,149115846,8.0,0.0,2.0,0.0,,,,,,Validated reconstruction
decode,1786169475806495265,1786169476657379419,850884154,8.0,0.0,1.3333333333333333,0.0,,,,,,Validated reconstruction
decode,1786169476657379419,1786169476806495265,149115846,8.0,0.0,1.3333333333333333,0.0,,,,,,Validated reconstruction
decode,1786169476806495265,1786169477657379419,850884154,8.0,0.0,1.0,0.0,,,,,,Validated reconstruction
decode,1786169477657379419,1786169477806495265,149115846,8.0,0.0,1.0,0.0,,,,,,Validated reconstruction
decode,1786169477806495265,1786169478657379419,850884154,8.0,0.0,1.0,0.0,,,,,,Validated reconstruction
decode,1786169478657379419,1786169478806495265,149115846,8.0,0.0,1.0,0.0,,,,,,Validated reconstruction
decode,1786169478806495265,1786169479657379419,850884154,8.0,0.0,1.0,0.0,,,,,,Validated reconstruction
decode,1786169479657379419,1786169479806495265,149115846,8.0,0.0,1.0,0.0,,,,,,Validated reconstruction
decode,1786169479806495265,1786169480657379419,850884154,8.0,0.0,1.0,0.0,,,,,,Validated reconstruction
decode,1786169480657379419,1786169480806495265,149115846,8.0,0.0,1.0,0.0,,,,,,Validated reconstruction
decode,1786169480806495265,1786169481657379419,850884154,8.0,0.0,1.0,0.0,,,,,,Validated reconstruction
decode,1786169481657379419,1786169481806495265,149115846,8.0,0.0,1.0,0.0,,,,,,Validated reconstruction
decode,1786169481806495265,1786169482657379419,850884154,8.0,0.0,1.0,0.0,,,,,,Validated reconstruction
decode,1786169482657379419,1786169482806495265,149115846,8.0,0.0,1.0,0.0,,,,,,Validated reconstruction
decode,1786169482806495265,1786169483657379419,850884154,8.0,0.0,1.0,0.0,,,,,,Validated reconstruction
decode,1786169483657379419,1786169483806495265,149115846,8.0,0.0,1.0,0.0,,,,,,Validated reconstruction
decode,1786169483806495265,1786169484657379419,850884154,8.0,0.0,1.0,0.0,,,,,,Validated reconstruction
decode,1786169484657379419,1786169484806495265,149115846,8.0,0.0,1.0,0.0,,,,,,Validated reconstruction
decode,1786169484806495265,1786169485657379419,850884154,8.0,0.0,1.0,0.0,,,,,,Validated reconstruction
decode,1786169485657379419,1786169485806495265,149115846,8.0,0.0,1.0,0.0,,,,,,Validated reconstruction
decode,1786169485806495265,1786169486657379419,850884154,8.0,0.0,1.0,0.0,,,,,,Validated reconstruction
decode,1786169486657379419,1786169486806495265,149115846,8.0,0.0,1.0,0.0,,,,,,Validated reconstruction
decode,1786169486806495265,1786169487657379419,850884154,8.0,0.0,1.0,0.0,,,,,,Validated reconstruction
decode,1786169487657379419,1786169487806495265,149115846,8.0,0.0,1.0,0.0,,,,,,Validated reconstruction
decode,1786169487806495265,1786169488657379419,850884154,8.0,0.0,1.0,0.0,,,,,,Validated reconstruction
decode,1786169488657379419,1786169488806495265,149115846,8.0,0.0,1.0,0.0,,,,,,Validated reconstruction
decode,1786169488806495265,1786169489657379419,850884154,8.0,0.0,1.0,0.0,,,,,,Validated reconstruction
decode,1786169489657379419,1786169489806495265,149115846,8.0,0.0,1.0,0.0,,,,,,Validated reconstruction
decode,1786169489806495265,1786169490657379419,850884154,8.0,0.0,1.0,0.0,,,,,,Validated reconstruction
decode,1786169490657379419,1786169490806495265,149115846,8.0,0.0,1.0,0.0,,,,,,Validated reconstruction
decode,1786169490806495265,1786169491657379419,850884154,8.0,0.0,1.0,0.0,,,,,,Validated reconstruction
decode,1786169491657379419,1786169491806495265,149115846,8.0,0.0,1.0,0.0,,,,,,Validated reconstruction
decode,1786169491806495265,1786169492657379419,850884154,8.0,0.0,1.0,0.0,,,,,,Validated reconstruction
decode,1786169492657379419,1786169492806495265,149115846,8.0,0.0,1.0,0.0,,,,,,Validated reconstruction
decode,1786169492806495265,1786169493657379419,850884154,8.0,0.0,1.0,0.0,,,,,,Validated reconstruction
decode,1786169493657379419,1786169493806495265,149115846,8.0,0.0,1.0,0.0,,,,,,Validated reconstruction
decode,1786169493806495265,1786169494657379419,850884154,8.0,0.0,1.0,0.0,,,,,,Validated reconstruction
decode,1786169494657379419,1786169494806495265,149115846,8.0,0.0,1.0,0.0,,,,,,Validated reconstruction
decode,1786169494806495265,1786169495657379419,850884154,8.0,0.0,1.0,0.0,,,,,,Validated reconstruction
decode,1786169495657379419,1786169495806495265,149115846,9.0,0.0,2.0,0.0,,,,,,Validated reconstruction
decode,1786169495806495265,1786169496657379419,850884154,9.0,0.0,2.0,0.0,,,,,,Validated reconstruction
decode,1786169496657379419,1786169496806495265,149115846,9.0,0.0,2.0,0.0,,,,,,Validated reconstruction
decode,1786169496806495265,1786169497657379419,850884154,9.0,0.0,2.0,0.0,,,,,,Validated reconstruction
decode,1786169497657379419,1786169497806495265,149115846,9.0,0.0,2.0,0.0,,,,,,Validated reconstruction
decode,1786169497806495265,1786169498657379419,850884154,9.0,0.0,2.0,0.0,,,,,,Validated reconstruction
decode,1786169498657379419,1786169498806495265,149115846,9.0,0.0,2.0,0.0,,,,,,Validated reconstruction
decode,1786169498806495265,1786169499657379419,850884154,9.0,0.0,2.0,0.0,,,,,,Validated reconstruction
decode,1786169499657379419,1786169499806495265,149115846,9.0,0.0,2.0,0.0,,,,,,Validated reconstruction
decode,1786169499806495265,1786169500657379419,850884154,9.0,0.0,2.0,0.0,,,,,,Validated reconstruction
decode,1786169500657379419,1786169500806495265,149115846,9.0,0.0,2.0,0.0,,,,,,Validated reconstruction
decode,1786169500806495265,1786169501657379419,850884154,9.0,0.0,2.0,0.0,,,,,,Validated reconstruction
decode,1786169501657379419,1786169501806495265,149115846,9.0,0.0,2.0,0.0,,,,,,Validated reconstruction
decode,1786169501806495265,1786169502657379419,850884154,9.0,0.0,2.0,0.0,,,,,,Validated reconstruction
decode,1786169502657379419,1786169502806495265,149115846,9.0,0.0,2.0,0.0,,,,,,Validated reconstruction
decode,1786169502806495265,1786169503657379419,850884154,9.0,0.0,2.0,0.0,,,,,,Validated reconstruction
decode,1786169503657379419,1786169503806495265,149115846,9.0,0.0,2.0,0.0,,,,,,Validated reconstruction
decode,1786169503806495265,1786169504657379419,850884154,9.0,0.0,2.0,0.0,,,,,,Validated reconstruction
decode,1786169504657379419,1786169504806495265,149115846,9.0,0.0,2.0,0.0,,,,,,Validated reconstruction
decode,1786169504806495265,1786169505657379419,850884154,9.0,0.0,2.0,0.0,,,,,,Validated reconstruction
decode,1786169505657379419,1786169505806495265,149115846,9.0,0.0,2.0,0.0,,,,,,Validated reconstruction
decode,1786169505806495265,1786169506657379419,850884154,9.0,0.0,2.0,0.0,,,,,,Validated reconstruction
decode,1786169506657379419,1786169506806495265,149115846,9.0,0.0,2.0,0.0,,,,,,Validated reconstruction
decode,1786169506806495265,1786169507657379419,850884154,9.0,0.0,2.0,0.0,,,,,,Validated reconstruction
decode,1786169507657379419,1786169507806495265,149115846,9.0,0.0,2.0,0.0,,,,,,Validated reconstruction
decode,1786169507806495265,1786169508657379419,850884154,9.0,0.0,2.0,0.0,,,,,,Validated reconstruction
decode,1786169508657379419,1786169508806495265,149115846,9.0,0.0,2.0,0.0,,,,,,Validated reconstruction
decode,1786169508806495265,1786169509657379419,850884154,9.0,0.0,2.0,0.0,,,,,,Validated reconstruction
decode,1786169509657379419,1786169509806495265,149115846,9.0,0.0,2.0,0.0,,,,,,Validated reconstruction
decode,1786169509806495265,1786169510657379419,850884154,9.0,0.0,2.0,0.0,,,,,,Validated reconstruction
decode,1786169510657379419,1786169510806495265,149115846,9.0,0.0,2.0,0.0,,,,,,Validated reconstruction
decode,1786169510806495265,1786169511657379419,850884154,9.0,0.0,2.0,0.0,,,,,,Validated reconstruction
decode,1786169511657379419,1786169511806495265,149115846,9.0,0.0,2.0,0.0,,,,,,Validated reconstruction
decode,1786169511806495265,1786169512657379419,850884154,9.0,0.0,2.0,0.0,,,,,,Validated reconstruction
decode,1786169512657379419,1786169512806495265,149115846,9.0,0.0,2.0,0.0,,,,,,Validated reconstruction
decode,1786169512806495265,1786169513657379419,850884154,9.0,0.0,2.0,0.0,,,,,,Validated reconstruction
decode,1786169513657379419,1786169513806495265,149115846,9.0,0.0,2.0,0.0,,,,,,Validated reconstruction
decode,1786169513806495265,1786169514657379419,850884154,9.0,0.0,2.0,0.0,,,,,,Validated reconstruction
decode,1786169514657379419,1786169514806495265,149115846,9.0,0.0,2.0,0.0,,,,,,Validated reconstruction
decode,1786169514806495265,1786169515657379419,850884154,9.0,0.0,2.0,0.0,,,,,,Validated reconstruction
decode,1786169515657379419,1786169515806495265,149115846,9.0,0.0,2.0,0.0,,,,,,Validated reconstruction
decode,1786169515806495265,1786169516657379419,850884154,9.0,0.0,2.0,0.0,,,,,,Validated reconstruction
decode,1786169516657379419,1786169516806495265,149115846,9.0,0.0,2.0,0.0,,,,,,Validated reconstruction
decode,1786169516806495265,1786169517657379419,850884154,9.0,0.0,2.0,0.0,,,,,,Validated reconstruction
decode,1786169517657379419,1786169517806495265,149115846,9.0,0.0,1.0,0.0,,,,,,Validated reconstruction
decode,1786169517806495265,1786169518657379419,850884154,9.0,0.0,1.0,0.0,,,,,,Validated reconstruction
decode,1786169518657379419,1786169518806495265,149115846,9.0,0.0,1.0,0.0,,,,,,Validated reconstruction
decode,1786169518806495265,1786169519657379419,850884154,9.0,0.0,1.0,0.0,,,,,,Validated reconstruction
decode,1786169519657379419,1786169519806495265,149115846,9.0,0.0,1.0,0.0,,,,,,Validated reconstruction
decode,1786169519806495265,1786169520657379419,850884154,9.0,0.0,1.0,0.0,,,,,,Validated reconstruction
decode,1786169520657379419,1786169520806495265,149115846,9.0,0.0,1.0,0.0,,,,,,Validated reconstruction
decode,1786169520806495265,1786169521657379419,850884154,9.0,0.0,1.0,0.0,,,,,,Validated reconstruction
decode,1786169521657379419,1786169521806495265,149115846,9.0,0.0,1.0,0.0,,,,,,Validated reconstruction
decode,1786169521806495265,1786169522657379419,850884154,9.0,0.0,1.0,0.0,,,,,,Validated reconstruction
decode,1786169522657379419,1786169522806495265,149115846,9.0,0.0,1.0,0.0,,,,,,Validated reconstruction
decode,1786169522806495265,1786169523657379419,850884154,9.0,0.0,1.0,0.0,,,,,,Validated reconstruction
decode,1786169523657379419,1786169523806495265,149115846,9.0,0.0,1.0,0.0,,,,,,Validated reconstruction
decode,1786169523806495265,1786169524657379419,850884154,9.5,0.0,1.0,0.0,,,,,,Validated reconstruction
decode,1786169524657379419,1786169524806495265,149115846,9.5,0.0,1.0,0.0,,,,,,Validated reconstruction
decode,1786169524806495265,1786169525657379419,850884154,10.0,0.0,1.0,0.0,,,,,,Validated reconstruction
decode,1786169525657379419,1786169525806495265,149115846,10.0,0.0,1.0,0.0,,,,,,Validated reconstruction
decode,1786169525806495265,1786169526657379419,850884154,10.0,0.0,1.0,0.0,,,,,,Validated reconstruction
decode,1786169526657379419,1786169526806495265,149115846,10.0,0.0,1.0,0.0,,,,,,Validated reconstruction
decode,1786169526806495265,1786169527657379419,850884154,10.0,0.0,1.0,0.0,,,,,,Validated reconstruction
decode,1786169527657379419,1786169527806495265,149115846,10.0,0.0,1.0,0.0,,,,,,Validated reconstruction
decode,1786169527806495265,1786169528657379419,850884154,10.0,0.0,1.0,0.0,,,,,,Validated reconstruction
decode,1786169528657379419,1786169528806495265,149115846,10.0,0.0,1.0,0.0,,,,,,Validated reconstruction
decode,1786169528806495265,1786169529657379419,850884154,10.0,0.0,1.0,0.0,,,,,,Validated reconstruction
decode,1786169529657379419,1786169529806495265,149115846,10.0,0.0,1.0,0.0,,,,,,Validated reconstruction
decode,1786169529806495265,1786169530657379419,850884154,10.0,0.0,1.0,0.0,,,,,,Validated reconstruction
decode,1786169530657379419,1786169530806495265,149115846,10.0,0.0,1.0,0.0,,,,,,Validated reconstruction
decode,1786169530806495265,1786169531657379419,850884154,10.0,0.0,1.0,0.0,,,,,,Validated reconstruction
decode,1786169531657379419,1786169531806495265,149115846,10.0,0.0,1.0,0.0,,,,,,Validated reconstruction
decode,1786169531806495265,1786169532657379419,850884154,10.0,0.0,1.0,0.0,,,,,,Validated reconstruction
decode,1786169532657379419,1786169532806495265,149115846,10.0,0.0,1.0,0.0,,,,,,Validated reconstruction
decode,1786169532806495265,1786169533657379419,850884154,10.0,0.0,1.0,0.0,,,,,,Validated reconstruction
decode,1786169533657379419,1786169533806495265,149115846,10.0,0.0,1.0,0.0,,,,,,Validated reconstruction
decode,1786169533806495265,1786169534657379419,850884154,10.0,0.0,1.0,0.0,,,,,,Validated reconstruction
decode,1786169534657379419,1786169534806495265,149115846,11.0,0.0,1.0,0.0,,,,,,Validated reconstruction
decode,1786169534806495265,1786169535657379419,850884154,11.0,0.0,1.0,0.0,,,,,,Validated reconstruction
decode,1786169535657379419,1786169535806495265,149115846,11.0,0.0,1.0,0.0,,,,,,Validated reconstruction
decode,1786169535806495265,1786169536657379419,850884154,11.0,0.0,1.0,0.0,,,,,,Validated reconstruction
decode,1786169536657379419,1786169536806495265,149115846,11.0,0.0,1.0,0.0,,,,,,Validated reconstruction
decode,1786169536806495265,1786169537657379419,850884154,11.0,0.0,1.0,0.0,,,,,,Validated reconstruction
decode,1786169537657379419,1786169537806495265,149115846,11.0,0.0,1.0,0.0,,,,,,Validated reconstruction
decode,1786169537806495265,1786169538657379419,850884154,11.0,0.0,1.0,0.0,,,,,,Validated reconstruction
decode,1786169538657379419,1786169538806495265,149115846,11.0,0.0,1.0,0.0,,,,,,Validated reconstruction
decode,1786169538806495265,1786169539657379419,850884154,11.0,0.0,1.0,0.0,,,,,,Validated reconstruction
decode,1786169539657379419,1786169539806495265,149115846,11.0,0.0,1.0,0.0,,,,,,Validated reconstruction
decode,1786169539806495265,1786169540657379419,850884154,11.0,0.0,1.0,0.0,,,,,,Validated reconstruction
decode,1786169540657379419,1786169540806495265,149115846,11.0,0.0,1.0,0.0,,,,,,Validated reconstruction
decode,1786169540806495265,1786169541657379419,850884154,11.0,0.0,1.0,0.0,,,,,,Validated reconstruction
decode,1786169541657379419,1786169541806495265,149115846,11.0,0.0,1.0,0.0,,,,,,Validated reconstruction
decode,1786169541806495265,1786169542657379419,850884154,11.0,0.0,1.0,0.0,,,,,,Validated reconstruction
decode,1786169542657379419,1786169542806495265,149115846,11.0,0.0,1.0,0.0,,,,,,Validated reconstruction
decode,1786169542806495265,1786169543657379419,850884154,11.0,0.0,1.0,0.0,,,,,,Validated reconstruction
decode,1786169543657379419,1786169543806495265,149115846,11.0,0.0,1.0,0.0,,,,,,Validated reconstruction
decode,1786169543806495265,1786169544657379419,850884154,11.0,0.0,1.0,0.0,,,,,,Validated reconstruction
decode,1786169544657379419,1786169544806495265,149115846,11.0,0.0,1.0,0.0,,,,,,Validated reconstruction
decode,1786169544806495265,1786169545657379419,850884154,11.0,0.0,1.0,0.0,,,,,,Validated reconstruction
decode,1786169545657379419,1786169545806495265,149115846,11.0,0.0,1.0,0.0,,,,,,Validated reconstruction
decode,1786169545806495265,1786169546657379419,850884154,11.0,0.0,1.0,0.0,,,,,,Validated reconstruction
decode,1786169546657379419,1786169546806495265,149115846,11.0,0.0,1.0,0.0,,,,,,Validated reconstruction
decode,1786169546806495265,1786169547657379419,850884154,11.0,0.0,1.0,0.0,,,,,,Validated reconstruction
decode,1786169547657379419,1786169547806495265,149115846,11.0,0.0,1.0,0.0,,,,,,Validated reconstruction
decode,1786169547806495265,1786169548657379419,850884154,11.0,0.0,1.0,0.0,,,,,,Validated reconstruction
decode,1786169548657379419,1786169548806495265,149115846,11.0,0.0,1.0,0.0,,,,,,Validated reconstruction
decode,1786169548806495265,1786169549657379419,850884154,11.0,0.0,1.0,0.0,,,,,,Validated reconstruction
decode,1786169549657379419,1786169549806495265,149115846,11.0,0.0,1.0,0.0,,,,,,Validated reconstruction
decode,1786169549806495265,1786169550657379419,850884154,11.0,0.0,1.0,0.0,,,,,,Validated reconstruction
decode,1786169550657379419,1786169550806495265,149115846,11.0,0.0,1.0,0.0,,,,,,Validated reconstruction
decode,1786169550806495265,1786169551657379419,850884154,11.0,0.0,1.0,0.0,,,,,,Validated reconstruction
decode,1786169551657379419,1786169551806495265,149115846,11.0,0.0,1.0,0.0,,,,,,Validated reconstruction
decode,1786169551806495265,1786169552657379419,850884154,11.0,0.0,1.0,0.0,,,,,,Validated reconstruction
decode,1786169552657379419,1786169552806495265,149115846,11.0,0.0,1.0,0.0,,,,,,Validated reconstruction
decode,1786169552806495265,1786169553657379419,850884154,11.0,0.0,1.0,0.0,,,,,,Validated reconstruction
decode,1786169553657379419,1786169553806495265,149115846,11.0,0.0,1.0,0.0,,,,,,Validated reconstruction
decode,1786169553806495265,1786169554657379419,850884154,11.0,0.0,1.0,0.0,,,,,,Validated reconstruction
decode,1786169554657379419,1786169554806495265,149115846,11.0,0.0,1.0,0.0,,,,,,Validated reconstruction
decode,1786169554806495265,1786169555657379419,850884154,11.0,0.0,1.0,0.0,,,,,,Validated reconstruction
decode,1786169555657379419,1786169555806495265,149115846,11.0,0.0,1.0,0.0,,,,,,Validated reconstruction
decode,1786169555806495265,1786169556657379419,850884154,11.0,0.0,1.0,0.0,,,,,,Validated reconstruction
decode,1786169556657379419,1786169556806495265,149115846,11.0,0.0,1.0,0.0,,,,,,Validated reconstruction
decode,1786169556806495265,1786169557657379419,850884154,11.0,0.0,1.0,0.0,,,,,,Validated reconstruction
decode,1786169557657379419,1786169557806495265,149115846,11.0,0.0,1.0,0.0,,,,,,Validated reconstruction
decode,1786169557806495265,1786169558657379419,850884154,11.0,0.0,1.0,0.0,,,,,,Validated reconstruction
decode,1786169558657379419,1786169558806495265,149115846,11.0,0.0,1.0,0.0,,,,,,Validated reconstruction
decode,1786169558806495265,1786169559657379419,850884154,11.0,0.0,1.0,0.0,,,,,,Validated reconstruction
decode,1786169559657379419,1786169559806495265,149115846,11.0,0.0,1.0,0.0,,,,,,Validated reconstruction
decode,1786169559806495265,1786169560657379419,850884154,11.0,0.0,1.0,0.0,,,,,,Validated reconstruction
decode,1786169560657379419,1786169560806495265,149115846,11.0,0.0,1.0,0.0,,,,,,Validated reconstruction
decode,1786169560806495265,1786169561657379419,850884154,11.0,0.0,1.0,0.0,,,,,,Validated reconstruction
decode,1786169561657379419,1786169561806495265,149115846,11.0,0.0,1.0,0.0,,,,,,Validated reconstruction
decode,1786169561806495265,1786169562657379419,850884154,11.0,0.0,1.0,0.0,,,,,,Validated reconstruction
decode,1786169562657379419,1786169562806495265,149115846,11.0,0.0,1.0,0.0,,,,,,Validated reconstruction
decode,1786169562806495265,1786169563657379419,850884154,11.0,0.0,1.0,0.0,,,,,,Validated reconstruction
decode,1786169563657379419,1786169563806495265,149115846,11.0,0.0,1.0,0.0,,,,,,Validated reconstruction
decode,1786169563806495265,1786169564657379419,850884154,11.0,0.0,1.0,0.0,,,,,,Validated reconstruction
decode,1786169564657379419,1786169564806495265,149115846,11.0,0.0,1.0,0.0,,,,,,Validated reconstruction
decode,1786169564806495265,1786169565657379419,850884154,4.0,0.0,1.0,0.0,,,,,,Validated reconstruction
decode,1786169565657379419,1786169565806495265,149115846,4.0,0.0,1.0,0.0,,,,,,Validated reconstruction
decode,1786169565806495265,1786169566657379419,850884154,4.0,0.0,0.5,0.0,,,,,,Validated reconstruction
decode,1786169566657379419,1786169566806495265,149115846,2.0,0.0,0.5,0.0,,,,,,Validated reconstruction
decode,1786169566806495265,1786169567657379419,850884154,2.0,0.0,0.0,0.0,,,,,,Validated reconstruction
decode,1786169567657379419,1786169567806495265,149115846,2.0,0.0,0.0,0.0,,,,,,Validated reconstruction
decode,1786169567806495265,1786169568657379419,850884154,2.0,0.0,0.0,0.0,,,,,,Validated reconstruction
decode,1786169568657379419,1786169568806495265,149115846,2.0,0.0,0.0,0.0,,,,,,Validated reconstruction
decode,1786169568806495265,1786169569657379419,850884154,2.5,0.0,0.0,0.0,,,,,,Validated reconstruction
decode,1786169569657379419,1786169569806495265,149115846,2.5,0.0,0.0,0.0,,,,,,Validated reconstruction
decode,1786169569806495265,1786169570657379419,850884154,3.0,0.0,0.0,0.0,,,,,,Validated reconstruction
decode,1786169570657379419,1786169570806495265,149115846,4.0,0.0,0.0,0.0,,,,,,Validated reconstruction
decode,1786169570806495265,1786169571657379419,850884154,4.0,0.0,0.0,0.0,,,,,,Validated reconstruction
decode,1786169571657379419,1786169571806495265,149115846,4.0,0.0,0.0,0.0,,,,,,Validated reconstruction
decode,1786169571806495265,1786169572657379419,850884154,3.0,0.0,0.0,0.0,,,,,,Validated reconstruction
decode,1786169572657379419,1786169572806495265,149115846,3.0,0.0,0.0,0.0,,,,,,Validated reconstruction
decode,1786169572806495265,1786169573657379419,850884154,2.0,0.0,0.0,0.0,,,,,,Validated reconstruction
decode,1786169573657379419,1786169573806495265,149115846,2.0,0.0,0.0,0.0,,,,,,Validated reconstruction
decode,1786169573806495265,1786169574657379419,850884154,2.0,0.0,0.0,0.0,,,,,,Validated reconstruction
decode,1786169574657379419,1786169574806495265,149115846,2.0,0.0,0.0,0.0,,,,,,Validated reconstruction
decode,1786169574806495265,1786169575657379419,850884154,2.0,0.0,0.0,0.0,,,,,,Validated reconstruction
decode,1786169575657379419,1786169575806495265,149115846,2.0,0.0,0.0,0.0,,,,,,Validated reconstruction
decode,1786169575806495265,1786169576657379419,850884154,2.0,0.0,0.0,0.0,,,,,,Validated reconstruction
decode,1786169576657379419,1786169576806495265,149115846,2.0,0.0,0.0,0.0,,,,,,Validated reconstruction
decode,1786169576806495265,1786169577657379419,850884154,2.0,0.0,0.0,0.0,,,,,,Validated reconstruction
decode,1786169577657379419,1786169577806495265,149115846,2.0,0.0,0.0,0.0,,,,,,Validated reconstruction
decode,1786169577806495265,1786169578657379419,850884154,2.0,0.0,0.0,0.0,,,,,,Validated reconstruction
decode,1786169578657379419,1786169578806495265,149115846,2.0,0.0,0.0,0.0,,,,,,Validated reconstruction
decode,1786169578806495265,1786169579657379419,850884154,2.0,0.0,0.0,0.0,,,,,,Validated reconstruction
decode,1786169579657379419,1786169579806495265,149115846,2.0,0.0,0.0,0.0,,,,,,Validated reconstruction
decode,1786169579806495265,1786169580657379419,850884154,2.0,0.0,0.0,0.0,,,,,,Validated reconstruction
decode,1786169580657379419,1786169580806495265,149115846,2.0,0.0,0.0,0.0,,,,,,Validated reconstruction
decode,1786169580806495265,1786169581657379419,850884154,2.0,0.0,0.0,0.0,,,,,,Validated reconstruction
decode,1786169581657379419,1786169581806495265,149115846,2.0,0.0,0.0,0.0,,,,,,Validated reconstruction
decode,1786169581806495265,1786169582657379419,850884154,2.0,0.0,0.0,0.0,,,,,,Validated reconstruction
decode,1786169582657379419,1786169582806495265,149115846,2.5,0.0,0.0,0.0,,,,,,Validated reconstruction
decode,1786169582806495265,1786169583657379419,850884154,2.5,0.0,0.0,0.0,,,,,,Validated reconstruction
decode,1786169583657379419,1786169583806495265,149115846,3.0,0.0,0.0,0.0,,,,,,Validated reconstruction
decode,1786169583806495265,1786169584657379419,850884154,3.0,0.0,0.0,0.0,,,,,,Validated reconstruction
decode,1786169584657379419,1786169584806495265,149115846,3.0,0.0,0.0,0.0,,,,,,Validated reconstruction
decode,1786169584806495265,1786169585657379419,850884154,3.0,0.0,0.0,0.0,,,,,,Validated reconstruction
decode,1786169585657379419,1786169585806495265,149115846,3.0,0.0,0.0,0.0,,,,,,Validated reconstruction
decode,1786169585806495265,1786169586657379419,850884154,3.0,0.0,0.0,0.0,,,,,,Validated reconstruction
decode,1786169586657379419,1786169586806495265,149115846,3.0,0.0,0.0,0.0,,,,,,Validated reconstruction
decode,1786169586806495265,1786169587657379419,850884154,3.0,0.0,0.0,0.0,,,,,,Validated reconstruction
decode,1786169587657379419,1786169587806495265,149115846,3.0,0.0,0.0,0.0,,,,,,Validated reconstruction
decode,1786169587806495265,1786169588657379419,850884154,3.0,0.0,0.0,0.0,,,,,,Validated reconstruction
decode,1786169588657379419,1786169588806495265,149115846,3.0,0.0,0.0,0.0,,,,,,Validated reconstruction
decode,1786169588806495265,1786169589657379419,850884154,3.0,0.0,0.0,0.0,,,,,,Validated reconstruction
decode,1786169589657379419,1786169589806495265,149115846,3.0,0.0,0.0,0.0,,,,,,Validated reconstruction
decode,1786169589806495265,1786169590657379419,850884154,3.0,0.0,0.0,0.0,,,,,,Validated reconstruction
decode,1786169590657379419,1786169590806495265,149115846,3.0,0.0,0.0,0.0,,,,,,Validated reconstruction
decode,1786169590806495265,1786169591657379419,850884154,3.0,0.0,0.0,0.0,,,,,,Validated reconstruction
decode,1786169591657379419,1786169591806495265,149115846,3.0,0.0,0.0,0.0,,,,,,Validated reconstruction
decode,1786169591806495265,1786169592657379419,850884154,3.0,0.0,0.0,0.0,,,,,,Validated reconstruction
decode,1786169592657379419,1786169592806495265,149115846,3.0,0.0,0.0,0.0,,,,,,Validated reconstruction
decode,1786169592806495265,1786169593657379419,850884154,3.0,0.0,0.0,0.0,,,,,,Validated reconstruction
decode,1786169593657379419,1786169593806495265,149115846,3.0,0.0,0.0,0.0,,,,,,Validated reconstruction
decode,1786169593806495265,1786169594657379419,850884154,3.0,0.0,0.0,0.0,,,,,,Validated reconstruction
decode,1786169594657379419,1786169594806495265,149115846,0.0,0.0,0.0,0.0,,,,,,Validated reconstruction
decode,1786169594806495265,1786169595657379419,850884154,0.0,0.0,0.0,0.0,,,,,,Validated reconstruction
decode,1786169595657379419,1786169595806495265,149115846,0.0,0.0,0.0,0.0,,,,,,Validated reconstruction
decode,1786169595806495265,1786169596657379419,850884154,0.0,0.0,0.0,0.0,,,,,,Validated reconstruction
decode,1786169596657379419,1786169596806495265,149115846,0.0,0.0,0.0,0.0,,,,,,Validated reconstruction
decode,1786169596806495265,1786169597657379419,850884154,0.0,0.0,0.0,0.0,,,,,,Validated reconstruction
decode,1786169597657379419,1786169597806495265,149115846,0.0,0.0,0.0,0.0,,,,,,Validated reconstruction
decode,1786169597806495265,1786169598657379419,850884154,1.0,0.0,0.0,1.0,,,,,,Validated reconstruction
decode,1786169598657379419,1786169598806495265,149115846,1.0,0.0,0.0,1.0,,,,,,Validated reconstruction
decode,1786169598806495265,1786169599657379419,850884154,1.0,0.0,0.0,1.0,,,,,,Validated reconstruction
decode,1786169599657379419,1786169599806495265,149115846,1.0,0.0,0.0,1.0,,,,,,Validated reconstruction
decode,1786169599806495265,1786169600657379419,850884154,0.0,0.0,0.0,0.0,,,,,,Validated reconstruction
decode,1786169600657379419,1786169600806495265,149115846,2.3333333333333335,0.0,1.0,0.0,,,,,,Validated reconstruction
decode,1786169600806495265,1786169601657379419,850884154,2.3333333333333335,0.0,1.0,0.0,,,,,,Validated reconstruction
decode,1786169601657379419,1786169601806495265,149115846,3.0,0.0,1.0,0.0,,,,,,Validated reconstruction
decode,1786169601806495265,1786169602657379419,850884154,3.0,0.0,1.0,0.0,,,,,,Validated reconstruction
decode,1786169602657379419,1786169602806495265,149115846,3.0,0.0,1.0,0.0,,,,,,Validated reconstruction
decode,1786169602806495265,1786169603657379419,850884154,3.0,0.0,1.0,0.0,,,,,,Validated reconstruction
decode,1786169603657379419,1786169603806495265,149115846,3.0,0.0,1.0,0.0,,,,,,Validated reconstruction
decode,1786169603806495265,1786169604657379419,850884154,3.0,0.0,1.0,0.0,,,,,,Validated reconstruction
decode,1786169604657379419,1786169604806495265,149115846,3.0,0.0,0.0,0.0,,,,,,Validated reconstruction
decode,1786169604806495265,1786169605657379419,850884154,3.0,0.0,0.0,0.0,,,,,,Validated reconstruction
decode,1786169605657379419,1786169605806495265,149115846,3.0,0.0,0.0,0.0,,,,,,Validated reconstruction
decode,1786169605806495265,1786169606657379419,850884154,3.0,0.0,0.0,0.0,,,,,,Validated reconstruction
decode,1786169606657379419,1786169606806495265,149115846,3.0,0.0,0.0,0.0,,,,,,Validated reconstruction
decode,1786169606806495265,1786169607657379419,850884154,3.0,0.0,0.0,0.0,,,,,,Validated reconstruction
decode,1786169607657379419,1786169607806495265,149115846,4.0,0.0,0.0,0.0,,,,,,Validated reconstruction
decode,1786169607806495265,1786169608657379419,850884154,5.0,0.0,0.0,0.0,,,,,,Validated reconstruction
decode,1786169608657379419,1786169608806495265,149115846,5.0,0.0,0.0,0.0,,,,,,Validated reconstruction
decode,1786169608806495265,1786169609657379419,850884154,5.0,0.0,0.0,0.0,,,,,,Validated reconstruction
decode,1786169609657379419,1786169609806495265,149115846,5.0,0.0,0.0,0.0,,,,,,Validated reconstruction
decode,1786169609806495265,1786169610657379419,850884154,4.0,0.0,0.0,0.0,,,,,,Validated reconstruction
decode,1786169610657379419,1786169610806495265,149115846,4.0,0.0,0.0,0.0,,,,,,Validated reconstruction
decode,1786169610806495265,1786169611657379419,850884154,4.0,0.0,0.0,0.0,,,,,,Validated reconstruction
decode,1786169611657379419,1786169611806495265,149115846,4.0,0.0,0.3333333333333333,0.0,,,,,,Validated reconstruction
decode,1786169611806495265,1786169612657379419,850884154,4.0,0.0,0.3333333333333333,0.0,,,,,,Validated reconstruction
decode,1786169612657379419,1786169612806495265,149115846,4.0,0.0,1.0,0.0,,,,,,Validated reconstruction
decode,1786169612806495265,1786169613657379419,850884154,5.0,0.0,1.0,0.0,,,,,,Validated reconstruction
decode,1786169613657379419,1786169613806495265,149115846,5.0,0.0,1.0,0.0,,,,,,Validated reconstruction
decode,1786169613806495265,1786169614657379419,850884154,5.0,0.0,1.0,0.0,,,,,,Validated reconstruction
decode,1786169614657379419,1786169614806495265,149115846,5.0,0.0,1.0,0.0,,,,,,Validated reconstruction
decode,1786169614806495265,1786169615657379419,850884154,5.0,0.0,1.0,0.0,,,,,,Validated reconstruction
decode,1786169615657379419,1786169615806495265,149115846,5.0,0.0,1.0,0.0,,,,,,Validated reconstruction
decode,1786169615806495265,1786169616657379419,850884154,4.0,0.0,1.0,0.0,,,,,,Validated reconstruction
decode,1786169616657379419,1786169616806495265,149115846,4.0,0.0,1.0,0.0,,,,,,Validated reconstruction
decode,1786169616806495265,1786169617657379419,850884154,4.0,0.0,1.0,0.0,,,,,,Validated reconstruction
decode,1786169617657379419,1786169617806495265,149115846,4.0,0.0,1.0,0.0,,,,,,Validated reconstruction
decode,1786169617806495265,1786169618657379419,850884154,4.0,0.0,1.0,0.0,,,,,,Validated reconstruction
decode,1786169618657379419,1786169618806495265,149115846,4.0,0.0,1.0,0.0,,,,,,Validated reconstruction
decode,1786169618806495265,1786169619657379419,850884154,5.0,0.0,1.0,0.0,,,,,,Validated reconstruction
decode,1786169619657379419,1786169619806495265,149115846,5.0,0.0,1.0,0.0,,,,,,Validated reconstruction
decode,1786169619806495265,1786169620657379419,850884154,5.0,0.0,1.0,0.0,,,,,,Validated reconstruction
decode,1786169620657379419,1786169620806495265,149115846,5.0,0.0,1.0,0.0,,,,,,Validated reconstruction
decode,1786169620806495265,1786169621657379419,850884154,5.0,0.0,1.0,0.0,,,,,,Validated reconstruction
decode,1786169621657379419,1786169621806495265,149115846,5.0,0.0,1.0,0.0,,,,,,Validated reconstruction
decode,1786169621806495265,1786169622657379419,850884154,5.0,0.0,1.0,0.0,,,,,,Validated reconstruction
decode,1786169622657379419,1786169622806495265,149115846,5.0,0.0,1.0,0.0,,,,,,Validated reconstruction
decode,1786169622806495265,1786169623657379419,850884154,4.0,0.0,1.0,0.0,,,,,,Validated reconstruction
decode,1786169623657379419,1786169623806495265,149115846,4.0,0.0,1.0,0.0,,,,,,Validated reconstruction
decode,1786169623806495265,1786169624657379419,850884154,4.0,0.0,1.0,0.0,,,,,,Validated reconstruction
decode,1786169624657379419,1786169624806495265,149115846,4.0,0.0,1.0,0.0,,,,,,Validated reconstruction
decode,1786169624806495265,1786169625657379419,850884154,4.0,0.0,1.0,0.0,,,,,,Validated reconstruction
decode,1786169625657379419,1786169625806495265,149115846,4.0,0.0,1.0,0.0,,,,,,Validated reconstruction
decode,1786169625806495265,1786169626657379419,850884154,4.0,0.0,1.0,0.0,,,,,,Validated reconstruction
decode,1786169626657379419,1786169626806495265,149115846,4.0,0.0,1.0,0.0,,,,,,Validated reconstruction
decode,1786169626806495265,1786169627657379419,850884154,5.0,0.0,1.0,0.0,,,,,,Validated reconstruction
decode,1786169627657379419,1786169627806495265,149115846,5.0,0.0,1.0,0.0,,,,,,Validated reconstruction
decode,1786169627806495265,1786169628657379419,850884154,5.0,0.0,1.0,0.0,,,,,,Validated reconstruction
decode,1786169628657379419,1786169628806495265,149115846,5.0,0.0,1.0,0.0,,,,,,Validated reconstruction
decode,1786169628806495265,1786169629657379419,850884154,5.0,0.0,1.0,0.0,,,,,,Validated reconstruction
decode,1786169629657379419,1786169629806495265,149115846,5.0,0.0,1.0,0.0,,,,,,Validated reconstruction
decode,1786169629806495265,1786169630657379419,850884154,5.0,0.0,1.0,0.0,,,,,,Validated reconstruction
decode,1786169630657379419,1786169630806495265,149115846,5.0,0.0,0.0,1.0,,,,,,Validated reconstruction
decode,1786169630806495265,1786169631657379419,850884154,5.0,0.0,0.0,1.0,,,,,,Validated reconstruction
decode,1786169631657379419,1786169631806495265,149115846,5.0,0.0,0.0,0.6666666666666666,,,,,,Validated reconstruction
decode,1786169631806495265,1786169632657379419,850884154,5.0,0.0,0.0,0.6666666666666666,,,,,,Validated reconstruction
decode,1786169632657379419,1786169632806495265,149115846,5.0,0.0,0.0,0.0,,,,,,Validated reconstruction
decode,1786169632806495265,1786169633657379419,850884154,5.0,0.0,0.0,0.0,,,,,,Validated reconstruction
decode,1786169633657379419,1786169633806495265,149115846,5.0,0.0,0.0,0.0,,,,,,Validated reconstruction
decode,1786169633806495265,1786169634657379419,850884154,5.0,0.0,0.0,0.0,,,,,,Validated reconstruction
decode,1786169634657379419,1786169634806495265,149115846,5.0,0.0,0.0,0.0,,,,,,Validated reconstruction
decode,1786169634806495265,1786169635657379419,850884154,5.0,0.0,0.0,0.0,,,,,,Validated reconstruction
decode,1786169635657379419,1786169635806495265,149115846,5.0,0.0,0.0,0.0,,,,,,Validated reconstruction
decode,1786169635806495265,1786169636657379419,850884154,5.0,0.0,0.0,0.0,,,,,,Validated reconstruction
decode,1786169636657379419,1786169636806495265,149115846,5.0,0.0,0.0,0.0,,,,,,Validated reconstruction
decode,1786169636806495265,1786169637657379419,850884154,5.0,0.0,0.0,0.0,,,,,,Validated reconstruction
decode,1786169637657379419,1786169637806495265,149115846,5.0,0.0,0.0,0.0,,,,,,Validated reconstruction
decode,1786169637806495265,1786169638657379419,850884154,5.0,0.0,0.0,0.0,,,,,,Validated reconstruction
decode,1786169638657379419,1786169638806495265,149115846,5.0,0.0,0.0,0.0,,,,,,Validated reconstruction
decode,1786169638806495265,1786169639657379419,850884154,5.0,0.0,0.0,0.0,,,,,,Validated reconstruction
decode,1786169639657379419,1786169639806495265,149115846,5.0,0.0,0.0,0.0,,,,,,Validated reconstruction
decode,1786169639806495265,1786169640657379419,850884154,6.0,0.0,0.0,0.0,,,,,,Validated reconstruction
decode,1786169640657379419,1786169640806495265,149115846,6.0,0.0,0.0,0.0,,,,,,Validated reconstruction
decode,1786169640806495265,1786169641657379419,850884154,6.0,0.0,0.0,0.0,,,,,,Validated reconstruction
decode,1786169641657379419,1786169641806495265,149115846,7.0,0.0,0.0,0.0,,,,,,Validated reconstruction
decode,1786169641806495265,1786169642657379419,850884154,7.0,0.0,0.0,0.0,,,,,,Validated reconstruction
decode,1786169642657379419,1786169642806495265,149115846,7.0,0.0,0.0,0.0,,,,,,Validated reconstruction
decode,1786169642806495265,1786169643657379419,850884154,7.0,0.0,0.0,0.0,,,,,,Validated reconstruction
decode,1786169643657379419,1786169643806495265,149115846,7.0,0.0,0.0,0.0,,,,,,Validated reconstruction
decode,1786169643806495265,1786169644657379419,850884154,7.0,0.0,0.0,0.0,,,,,,Validated reconstruction
decode,1786169644657379419,1786169644806495265,149115846,7.0,0.0,0.0,0.0,,,,,,Validated reconstruction
decode,1786169644806495265,1786169645657379419,850884154,7.0,0.0,0.0,0.0,,,,,,Validated reconstruction
decode,1786169645657379419,1786169645806495265,149115846,7.0,0.0,0.0,0.0,,,,,,Validated reconstruction
decode,1786169645806495265,1786169646657379419,850884154,7.0,0.0,0.0,0.0,,,,,,Validated reconstruction
decode,1786169646657379419,1786169646806495265,149115846,7.0,0.0,0.0,0.0,,,,,,Validated reconstruction
decode,1786169646806495265,1786169647657379419,850884154,7.0,0.0,0.0,0.0,,,,,,Validated reconstruction
decode,1786169647657379419,1786169647806495265,149115846,7.0,0.0,0.0,0.0,,,,,,Validated reconstruction
decode,1786169647806495265,1786169648657379419,850884154,7.0,0.0,0.0,0.0,,,,,,Validated reconstruction
decode,1786169648657379419,1786169648806495265,149115846,7.0,0.0,0.0,0.0,,,,,,Validated reconstruction
decode,1786169648806495265,1786169649657379419,850884154,7.5,0.0,0.0,0.0,,,,,,Validated reconstruction
decode,1786169649657379419,1786169649806495265,149115846,7.5,0.0,0.0,0.0,,,,,,Validated reconstruction
decode,1786169649806495265,1786169650657379419,850884154,8.0,0.0,0.0,0.0,,,,,,Validated reconstruction
decode,1786169650657379419,1786169650806495265,149115846,8.0,0.0,0.0,0.0,,,,,,Validated reconstruction
decode,1786169650806495265,1786169651657379419,850884154,8.0,0.0,0.0,0.0,,,,,,Validated reconstruction
decode,1786169651657379419,1786169651806495265,149115846,8.0,0.0,0.0,0.0,,,,,,Validated reconstruction
decode,1786169651806495265,1786169652657379419,850884154,8.0,0.0,0.0,0.0,,,,,,Validated reconstruction
decode,1786169652657379419,1786169652806495265,149115846,8.0,0.0,0.0,0.0,,,,,,Validated reconstruction
decode,1786169652806495265,1786169653657379419,850884154,8.0,0.0,0.0,0.0,,,,,,Validated reconstruction
decode,1786169653657379419,1786169653806495265,149115846,8.0,0.0,0.0,0.0,,,,,,Validated reconstruction
decode,1786169653806495265,1786169654657379419,850884154,8.0,0.0,0.0,0.0,,,,,,Validated reconstruction
decode,1786169654657379419,1786169654806495265,149115846,8.0,0.0,0.0,1.0,,,,,,Validated reconstruction
decode,1786169654806495265,1786169655657379419,850884154,8.0,0.0,0.0,1.0,,,,,,Validated reconstruction
decode,1786169655657379419,1786169655806495265,149115846,8.0,0.0,0.0,1.0,,,,,,Validated reconstruction
decode,1786169655806495265,1786169656657379419,850884154,8.0,0.0,0.0,1.0,,,,,,Validated reconstruction
decode,1786169656657379419,1786169656806495265,149115846,8.0,0.0,0.0,1.0,,,,,,Validated reconstruction
decode,1786169656806495265,1786169657657379419,850884154,8.0,0.0,0.0,1.0,,,,,,Validated reconstruction
decode,1786169657657379419,1786169657806495265,149115846,8.0,0.0,0.0,1.0,,,,,,Validated reconstruction
decode,1786169657806495265,1786169658657379419,850884154,8.0,0.0,0.0,1.0,,,,,,Validated reconstruction
decode,1786169658657379419,1786169658806495265,149115846,8.0,0.0,0.0,1.0,,,,,,Validated reconstruction
decode,1786169658806495265,1786169659657379419,850884154,8.0,0.0,0.0,1.0,,,,,,Validated reconstruction
decode,1786169659657379419,1786169659806495265,149115846,8.0,0.0,0.0,1.0,,,,,,Validated reconstruction
decode,1786169659806495265,1786169660657379419,850884154,8.0,0.0,0.0,1.0,,,,,,Validated reconstruction
decode,1786169660657379419,1786169660806495265,149115846,8.0,0.0,0.0,1.0,,,,,,Validated reconstruction
decode,1786169660806495265,1786169661657379419,850884154,8.0,0.0,0.0,1.0,,,,,,Validated reconstruction
decode,1786169661657379419,1786169661806495265,149115846,8.0,0.0,0.0,1.0,,,,,,Validated reconstruction
decode,1786169661806495265,1786169662657379419,850884154,8.0,0.0,0.0,1.0,,,,,,Validated reconstruction
decode,1786169662657379419,1786169662806495265,149115846,8.0,0.0,0.0,1.0,,,,,,Validated reconstruction
decode,1786169662806495265,1786169663657379419,850884154,8.5,0.0,0.0,1.0,,,,,,Validated reconstruction
decode,1786169663657379419,1786169663806495265,149115846,8.5,0.0,0.0,1.0,,,,,,Validated reconstruction
decode,1786169663806495265,1786169664657379419,850884154,9.0,0.0,0.0,1.0,,,,,,Validated reconstruction
decode,1786169664657379419,1786169664806495265,149115846,9.0,0.0,0.0,1.0,,,,,,Validated reconstruction
decode,1786169664806495265,1786169665657379419,850884154,9.0,0.0,0.0,1.0,,,,,,Validated reconstruction
decode,1786169665657379419,1786169665806495265,149115846,9.0,0.0,0.0,1.0,,,,,,Validated reconstruction
decode,1786169665806495265,1786169666657379419,850884154,9.0,0.0,0.0,1.0,,,,,,Validated reconstruction
decode,1786169666657379419,1786169666806495265,149115846,9.0,0.0,0.0,1.0,,,,,,Validated reconstruction
decode,1786169666806495265,1786169667657379419,850884154,9.0,0.0,0.0,1.0,,,,,,Validated reconstruction
decode,1786169667657379419,1786169667806495265,149115846,9.0,0.0,0.0,1.0,,,,,,Validated reconstruction
decode,1786169667806495265,1786169668657379419,850884154,9.0,0.0,0.0,1.0,,,,,,Validated reconstruction
decode,1786169668657379419,1786169668806495265,149115846,9.0,0.0,0.0,1.0,,,,,,Validated reconstruction
decode,1786169668806495265,1786169669657379419,850884154,9.0,0.0,0.0,1.0,,,,,,Validated reconstruction
decode,1786169669657379419,1786169669806495265,149115846,9.0,0.0,0.0,1.0,,,,,,Validated reconstruction
decode,1786169669806495265,1786169670657379419,850884154,9.0,0.0,0.0,1.0,,,,,,Validated reconstruction
decode,1786169670657379419,1786169670806495265,149115846,9.0,0.0,0.0,1.0,,,,,,Validated reconstruction
decode,1786169670806495265,1786169671657379419,850884154,9.0,0.0,0.0,1.0,,,,,,Validated reconstruction
decode,1786169671657379419,1786169671806495265,149115846,9.0,0.0,0.0,1.0,,,,,,Validated reconstruction
decode,1786169671806495265,1786169672657379419,850884154,9.0,0.0,0.0,1.0,,,,,,Validated reconstruction
decode,1786169672657379419,1786169672806495265,149115846,9.0,0.0,0.0,1.0,,,,,,Validated reconstruction
decode,1786169672806495265,1786169673657379419,850884154,9.0,0.0,0.0,1.0,,,,,,Validated reconstruction
decode,1786169673657379419,1786169673806495265,149115846,9.0,0.0,0.0,1.0,,,,,,Validated reconstruction
decode,1786169673806495265,1786169674657379419,850884154,9.0,0.0,0.0,1.0,,,,,,Validated reconstruction
decode,1786169674657379419,1786169674806495265,149115846,9.0,0.0,0.0,1.0,,,,,,Validated reconstruction
decode,1786169674806495265,1786169675657379419,850884154,9.0,0.0,0.0,1.0,,,,,,Validated reconstruction
decode,1786169675657379419,1786169675806495265,149115846,9.0,0.0,0.0,1.0,,,,,,Validated reconstruction
decode,1786169675806495265,1786169676657379419,850884154,9.0,0.0,0.0,1.0,,,,,,Validated reconstruction
decode,1786169676657379419,1786169676806495265,149115846,9.5,0.0,0.0,1.0,,,,,,Validated reconstruction
decode,1786169676806495265,1786169677657379419,850884154,9.5,0.0,0.0,1.0,,,,,,Validated reconstruction
decode,1786169677657379419,1786169677806495265,149115846,10.0,0.0,0.0,1.0,,,,,,Validated reconstruction
decode,1786169677806495265,1786169678657379419,850884154,10.0,0.0,0.0,1.0,,,,,,Validated reconstruction
decode,1786169678657379419,1786169678806495265,149115846,10.0,0.0,0.0,1.0,,,,,,Validated reconstruction
decode,1786169678806495265,1786169679657379419,850884154,11.0,0.0,0.0,1.0,,,,,,Validated reconstruction
decode,1786169679657379419,1786169679806495265,149115846,11.0,0.0,0.0,1.0,,,,,,Validated reconstruction
decode,1786169679806495265,1786169680657379419,850884154,11.0,0.0,0.0,1.0,,,,,,Validated reconstruction
decode,1786169680657379419,1786169680806495265,149115846,11.0,0.0,0.0,1.0,,,,,,Validated reconstruction
decode,1786169680806495265,1786169681657379419,850884154,11.0,0.0,0.0,1.0,,,,,,Validated reconstruction
decode,1786169681657379419,1786169681806495265,149115846,11.0,0.0,0.0,1.0,,,,,,Validated reconstruction
decode,1786169681806495265,1786169682657379419,850884154,11.0,0.0,0.0,1.0,,,,,,Validated reconstruction
decode,1786169682657379419,1786169682806495265,149115846,11.0,0.0,0.0,1.0,,,,,,Validated reconstruction
decode,1786169682806495265,1786169683657379419,850884154,11.0,0.0,0.0,1.0,,,,,,Validated reconstruction
decode,1786169683657379419,1786169683806495265,149115846,11.0,0.0,0.0,1.0,,,,,,Validated reconstruction
decode,1786169683806495265,1786169684657379419,850884154,11.0,0.0,0.0,1.0,,,,,,Validated reconstruction
decode,1786169684657379419,1786169684806495265,149115846,11.0,0.0,1.0,1.0,,,,,,Validated reconstruction
decode,1786169684806495265,1786169685657379419,850884154,11.0,0.0,1.0,1.0,,,,,,Validated reconstruction
decode,1786169685657379419,1786169685806495265,149115846,11.0,0.0,1.0,1.0,,,,,,Validated reconstruction
decode,1786169685806495265,1786169686657379419,850884154,11.0,0.0,1.0,1.0,,,,,,Validated reconstruction
decode,1786169686657379419,1786169686806495265,149115846,11.0,0.0,1.0,1.0,,,,,,Validated reconstruction
decode,1786169686806495265,1786169687657379419,850884154,11.0,0.0,1.0,1.0,,,,,,Validated reconstruction
decode,1786169687657379419,1786169687806495265,149115846,11.0,0.0,1.0,1.0,,,,,,Validated reconstruction
decode,1786169687806495265,1786169688657379419,850884154,11.0,0.0,1.0,1.0,,,,,,Validated reconstruction
decode,1786169688657379419,1786169688806495265,149115846,11.0,0.0,1.0,1.0,,,,,,Validated reconstruction
decode,1786169688806495265,1786169689657379419,850884154,11.0,0.0,1.0,1.0,,,,,,Validated reconstruction
decode,1786169689657379419,1786169689806495265,149115846,11.0,0.0,1.0,1.0,,,,,,Validated reconstruction
decode,1786169689806495265,1786169690657379419,850884154,11.0,0.0,1.0,1.0,,,,,,Validated reconstruction
decode,1786169690657379419,1786169690806495265,149115846,11.0,0.0,1.0,1.0,,,,,,Validated reconstruction
decode,1786169690806495265,1786169691657379419,850884154,11.0,0.0,1.0,1.0,,,,,,Validated reconstruction
decode,1786169691657379419,1786169691806495265,149115846,11.0,0.0,1.0,1.0,,,,,,Validated reconstruction
decode,1786169691806495265,1786169692657379419,850884154,11.0,0.0,1.0,1.0,,,,,,Validated reconstruction
decode,1786169692657379419,1786169692806495265,149115846,11.0,0.0,1.0,1.0,,,,,,Validated reconstruction
decode,1786169692806495265,1786169693657379419,850884154,11.0,0.0,2.0,1.0,,,,,,Validated reconstruction
decode,1786169693657379419,1786169693806495265,149115846,11.0,0.0,2.0,1.0,,,,,,Validated reconstruction
decode,1786169693806495265,1786169694657379419,850884154,11.0,0.0,2.0,1.0,,,,,,Validated reconstruction
decode,1786169694657379419,1786169694806495265,149115846,11.0,0.0,2.0,1.0,,,,,,Validated reconstruction
decode,1786169694806495265,1786169695657379419,850884154,11.0,0.0,2.0,1.0,,,,,,Validated reconstruction
decode,1786169695657379419,1786169695806495265,149115846,11.0,0.0,2.0,1.0,,,,,,Validated reconstruction
decode,1786169695806495265,1786169696657379419,850884154,11.0,0.0,2.0,1.0,,,,,,Validated reconstruction
decode,1786169696657379419,1786169696806495265,149115846,6.0,0.0,2.0,0.0,,,,,,Validated reconstruction
decode,1786169696806495265,1786169697657379419,850884154,6.0,0.0,2.0,0.0,,,,,,Validated reconstruction
decode,1786169697657379419,1786169697806495265,149115846,6.0,0.0,1.5,0.0,,,,,,Validated reconstruction
decode,1786169697806495265,1786169698657379419,850884154,6.0,0.0,1.5,0.0,,,,,,Validated reconstruction
decode,1786169698657379419,1786169698806495265,149115846,6.0,0.0,1.0,0.0,,,,,,Validated reconstruction
decode,1786169698806495265,1786169699657379419,850884154,6.0,0.0,1.0,0.0,,,,,,Validated reconstruction
decode,1786169699657379419,1786169699806495265,149115846,6.0,0.0,1.0,0.0,,,,,,Validated reconstruction
decode,1786169699806495265,1786169700657379419,850884154,6.0,0.0,1.0,0.0,,,,,,Validated reconstruction
decode,1786169700657379419,1786169700806495265,149115846,5.0,0.0,1.0,0.0,,,,,,Validated reconstruction
decode,1786169700806495265,1786169701657379419,850884154,5.0,0.0,1.0,0.0,,,,,,Validated reconstruction
decode,1786169701657379419,1786169701806495265,149115846,5.0,0.0,1.0,0.0,,,,,,Validated reconstruction
decode,1786169701806495265,1786169702657379419,850884154,5.0,0.0,1.0,0.0,,,,,,Validated reconstruction
decode,1786169702657379419,1786169702806495265,149115846,5.0,0.0,1.0,0.0,,,,,,Validated reconstruction
decode,1786169702806495265,1786169703657379419,850884154,2.0,0.0,1.0,0.0,,,,,,Validated reconstruction
decode,1786169703657379419,1786169703806495265,149115846,2.0,0.0,1.0,0.0,,,,,,Validated reconstruction
decode,1786169703806495265,1786169704657379419,850884154,2.0,0.0,0.0,0.0,,,,,,Validated reconstruction
decode,1786169704657379419,1786169704806495265,149115846,3.0,0.0,0.0,0.0,,,,,,Validated reconstruction
decode,1786169704806495265,1786169705657379419,850884154,3.0,0.0,0.0,0.0,,,,,,Validated reconstruction
decode,1786169705657379419,1786169705806495265,149115846,3.0,0.0,0.0,0.0,,,,,,Validated reconstruction
decode,1786169705806495265,1786169706657379419,850884154,3.0,0.0,0.0,0.0,,,,,,Validated reconstruction
decode,1786169706657379419,1786169706806495265,149115846,3.0,0.0,0.0,0.0,,,,,,Validated reconstruction
decode,1786169706806495265,1786169707657379419,850884154,3.0,0.0,0.0,0.0,,,,,,Validated reconstruction
decode,1786169707657379419,1786169707806495265,149115846,2.5,0.0,0.0,0.0,,,,,,Validated reconstruction
decode,1786169707806495265,1786169708657379419,850884154,2.5,0.0,0.0,0.0,,,,,,Validated reconstruction
decode,1786169708657379419,1786169708806495265,149115846,2.0,0.0,0.0,0.0,,,,,,Validated reconstruction
decode,1786169708806495265,1786169709657379419,850884154,2.0,0.0,0.0,0.0,,,,,,Validated reconstruction
decode,1786169709657379419,1786169709806495265,149115846,2.0,0.0,0.0,0.0,,,,,,Validated reconstruction
decode,1786169709806495265,1786169710657379419,850884154,2.0,0.0,0.0,0.0,,,,,,Validated reconstruction
decode,1786169710657379419,1786169710806495265,149115846,2.0,0.0,0.0,0.0,,,,,,Validated reconstruction
decode,1786169710806495265,1786169711657379419,850884154,2.0,0.0,0.0,0.0,,,,,,Validated reconstruction
decode,1786169711657379419,1786169711806495265,149115846,2.0,0.0,0.0,0.0,,,,,,Validated reconstruction
decode,1786169711806495265,1786169712657379419,850884154,3.0,0.0,0.0,0.0,,,,,,Validated reconstruction
decode,1786169712657379419,1786169712806495265,149115846,3.0,0.0,0.0,0.0,,,,,,Validated reconstruction
decode,1786169712806495265,1786169713657379419,850884154,3.0,0.0,0.0,0.0,,,,,,Validated reconstruction
decode,1786169713657379419,1786169713806495265,149115846,3.0,0.0,0.0,0.0,,,,,,Validated reconstruction
decode,1786169713806495265,1786169714657379419,850884154,3.0,0.0,0.0,0.0,,,,,,Validated reconstruction
decode,1786169714657379419,1786169714806495265,149115846,3.0,0.0,0.0,0.0,,,,,,Validated reconstruction
decode,1786169714806495265,1786169715657379419,850884154,3.0,0.0,0.0,0.0,,,,,,Validated reconstruction
decode,1786169715657379419,1786169715806495265,149115846,3.0,0.0,0.0,0.0,,,,,,Validated reconstruction
decode,1786169715806495265,1786169716657379419,850884154,3.0,0.0,0.0,0.0,,,,,,Validated reconstruction
decode,1786169716657379419,1786169716806495265,149115846,3.0,0.0,0.0,0.0,,,,,,Validated reconstruction
decode,1786169716806495265,1786169717657379419,850884154,3.0,0.0,0.0,0.0,,,,,,Validated reconstruction
decode,1786169717657379419,1786169717806495265,149115846,3.0,0.0,0.0,0.0,,,,,,Validated reconstruction
decode,1786169717806495265,1786169718657379419,850884154,3.0,0.0,0.0,0.0,,,,,,Validated reconstruction
decode,1786169718657379419,1786169718806495265,149115846,3.0,0.0,0.0,0.0,,,,,,Validated reconstruction
decode,1786169718806495265,1786169719657379419,850884154,3.0,0.0,0.0,0.0,,,,,,Validated reconstruction
decode,1786169719657379419,1786169719806495265,149115846,3.0,0.0,0.0,0.0,,,,,,Validated reconstruction
decode,1786169719806495265,1786169720657379419,850884154,3.0,0.0,0.0,0.0,,,,,,Validated reconstruction
decode,1786169720657379419,1786169720806495265,149115846,4.0,0.0,0.0,0.0,,,,,,Validated reconstruction
decode,1786169720806495265,1786169721657379419,850884154,4.0,0.0,0.0,0.0,,,,,,Validated reconstruction
decode,1786169721657379419,1786169721806495265,149115846,4.0,0.0,1.0,0.0,,,,,,Validated reconstruction
decode,1786169721806495265,1786169722657379419,850884154,4.0,0.0,1.0,0.0,,,,,,Validated reconstruction
decode,1786169722657379419,1786169722806495265,149115846,4.0,0.0,1.0,0.0,,,,,,Validated reconstruction
decode,1786169722806495265,1786169723657379419,850884154,4.0,0.0,1.0,0.0,,,,,,Validated reconstruction
decode,1786169723657379419,1786169723806495265,149115846,4.0,0.0,1.0,0.0,,,,,,Validated reconstruction
decode,1786169723806495265,1786169724657379419,850884154,4.0,0.0,1.0,0.0,,,,,,Validated reconstruction
decode,1786169724657379419,1786169724806495265,149115846,4.0,0.0,1.0,0.0,,,,,,Validated reconstruction
decode,1786169724806495265,1786169725657379419,850884154,4.0,0.0,1.0,0.0,,,,,,Validated reconstruction
decode,1786169725657379419,1786169725806495265,149115846,4.0,0.0,1.0,0.0,,,,,,Validated reconstruction
decode,1786169725806495265,1786169726657379419,850884154,4.0,0.0,1.0,0.0,,,,,,Validated reconstruction
decode,1786169726657379419,1786169726806495265,149115846,4.0,0.0,1.0,0.0,,,,,,Validated reconstruction
decode,1786169726806495265,1786169727657379419,850884154,5.0,0.0,1.0,0.0,,,,,,Validated reconstruction
decode,1786169727657379419,1786169727806495265,149115846,5.0,0.0,1.0,0.0,,,,,,Validated reconstruction
decode,1786169727806495265,1786169728657379419,850884154,5.0,0.0,1.0,0.0,,,,,,Validated reconstruction
decode,1786169728657379419,1786169728806495265,149115846,5.0,0.0,1.0,0.0,,,,,,Validated reconstruction
decode,1786169728806495265,1786169729657379419,850884154,5.0,0.0,1.0,0.0,,,,,,Validated reconstruction
decode,1786169729657379419,1786169729806495265,149115846,5.0,0.0,1.0,0.0,,,,,,Validated reconstruction
decode,1786169729806495265,1786169730657379419,850884154,5.0,0.0,1.0,0.0,,,,,,Validated reconstruction
decode,1786169730657379419,1786169730806495265,149115846,5.5,0.0,1.0,0.0,,,,,,Validated reconstruction
decode,1786169730806495265,1786169731657379419,850884154,5.5,0.0,1.0,0.0,,,,,,Validated reconstruction
decode,1786169731657379419,1786169731806495265,149115846,6.0,0.0,1.0,0.0,,,,,,Validated reconstruction
decode,1786169731806495265,1786169732657379419,850884154,6.0,0.0,1.0,0.0,,,,,,Validated reconstruction
decode,1786169732657379419,1786169732806495265,149115846,6.0,0.0,1.0,0.0,,,,,,Validated reconstruction
decode,1786169732806495265,1786169733657379419,850884154,6.0,0.0,1.0,0.0,,,,,,Validated reconstruction
decode,1786169733657379419,1786169733806495265,149115846,6.0,0.0,1.0,0.0,,,,,,Validated reconstruction
decode,1786169733806495265,1786169734657379419,850884154,6.0,0.0,1.0,0.0,,,,,,Validated reconstruction
decode,1786169734657379419,1786169734806495265,149115846,6.0,0.0,1.0,0.0,,,,,,Validated reconstruction
decode,1786169734806495265,1786169735657379419,850884154,6.0,0.0,1.0,0.0,,,,,,Validated reconstruction
decode,1786169735657379419,1786169735806495265,149115846,6.0,0.0,1.0,0.0,,,,,,Validated reconstruction
decode,1786169735806495265,1786169736657379419,850884154,6.0,0.0,1.0,0.0,,,,,,Validated reconstruction
decode,1786169736657379419,1786169736806495265,149115846,4.0,0.0,0.0,0.0,,,,,,Validated reconstruction
decode,1786169736806495265,1786169737657379419,850884154,4.0,0.0,0.0,0.0,,,,,,Validated reconstruction
decode,1786169737657379419,1786169737806495265,149115846,4.0,0.0,0.0,0.0,,,,,,Validated reconstruction
decode,1786169737806495265,1786169738657379419,850884154,4.0,0.0,0.0,0.0,,,,,,Validated reconstruction
decode,1786169738657379419,1786169738806495265,149115846,4.0,0.0,0.0,0.0,,,,,,Validated reconstruction
decode,1786169738806495265,1786169739657379419,850884154,4.0,0.0,0.0,0.0,,,,,,Validated reconstruction
decode,1786169739657379419,1786169739806495265,149115846,4.0,0.0,0.0,0.0,,,,,,Validated reconstruction
decode,1786169739806495265,1786169740657379419,850884154,4.0,0.0,0.0,0.0,,,,,,Validated reconstruction
decode,1786169740657379419,1786169740806495265,149115846,4.0,0.0,0.0,0.0,,,,,,Validated reconstruction
decode,1786169740806495265,1786169741657379419,850884154,4.0,0.0,0.0,0.0,,,,,,Validated reconstruction
decode,1786169741657379419,1786169741806495265,149115846,4.0,0.0,0.0,0.0,,,,,,Validated reconstruction
decode,1786169741806495265,1786169742657379419,850884154,4.0,0.0,0.0,0.0,,,,,,Validated reconstruction
decode,1786169742657379419,1786169742806495265,149115846,4.0,0.0,0.0,0.0,,,,,,Validated reconstruction
decode,1786169742806495265,1786169743657379419,850884154,4.0,0.0,0.0,0.0,,,,,,Validated reconstruction
decode,1786169743657379419,1786169743806495265,149115846,4.0,0.0,0.0,0.0,,,,,,Validated reconstruction
decode,1786169743806495265,1786169744657379419,850884154,4.0,0.0,0.0,0.0,,,,,,Validated reconstruction
decode,1786169744657379419,1786169744806495265,149115846,4.0,0.0,0.0,0.0,,,,,,Validated reconstruction
decode,1786169744806495265,1786169745657379419,850884154,4.0,0.0,0.0,0.0,,,,,,Validated reconstruction
decode,1786169745657379419,1786169745806495265,149115846,4.0,0.0,0.0,0.0,,,,,,Validated reconstruction
decode,1786169745806495265,1786169746657379419,850884154,4.0,0.0,0.0,0.0,,,,,,Validated reconstruction
decode,1786169746657379419,1786169746806495265,149115846,4.0,0.0,0.0,0.0,,,,,,Validated reconstruction
decode,1786169746806495265,1786169747657379419,850884154,4.0,0.0,0.0,0.0,,,,,,Validated reconstruction
decode,1786169747657379419,1786169747806495265,149115846,4.0,0.0,0.0,0.0,,,,,,Validated reconstruction
decode,1786169747806495265,1786169748657379419,850884154,4.0,0.0,0.0,0.0,,,,,,Validated reconstruction
decode,1786169748657379419,1786169748806495265,149115846,4.0,0.0,0.0,0.0,,,,,,Validated reconstruction
decode,1786169748806495265,1786169749657379419,850884154,4.0,0.0,0.0,0.0,,,,,,Validated reconstruction
decode,1786169749657379419,1786169749806495265,149115846,4.0,0.0,0.0,0.0,,,,,,Validated reconstruction
decode,1786169749806495265,1786169750657379419,850884154,4.0,0.0,0.0,0.0,,,,,,Validated reconstruction
decode,1786169750657379419,1786169750806495265,149115846,4.0,0.0,0.0,0.0,,,,,,Validated reconstruction
decode,1786169750806495265,1786169751657379419,850884154,4.0,0.0,0.0,0.0,,,,,,Validated reconstruction
decode,1786169751657379419,1786169751806495265,149115846,4.0,0.0,0.0,0.0,,,,,,Validated reconstruction
decode,1786169751806495265,1786169752657379419,850884154,4.0,0.0,0.0,0.0,,,,,,Validated reconstruction
decode,1786169752657379419,1786169752806495265,149115846,4.0,0.0,0.0,0.0,,,,,,Validated reconstruction
decode,1786169752806495265,1786169753657379419,850884154,4.0,0.0,0.0,0.0,,,,,,Validated reconstruction
decode,1786169753657379419,1786169753806495265,149115846,4.0,0.0,0.0,0.0,,,,,,Validated reconstruction
decode,1786169753806495265,1786169754657379419,850884154,4.0,0.0,0.0,0.0,,,,,,Validated reconstruction
decode,1786169754657379419,1786169754806495265,149115846,4.0,0.0,0.0,0.0,,,,,,Validated reconstruction
decode,1786169754806495265,1786169755657379419,850884154,4.0,0.0,0.0,0.0,,,,,,Validated reconstruction
decode,1786169755657379419,1786169755806495265,149115846,4.5,0.0,0.0,0.0,,,,,,Validated reconstruction
decode,1786169755806495265,1786169756657379419,850884154,4.5,0.0,0.0,0.0,,,,,,Validated reconstruction
decode,1786169756657379419,1786169756806495265,149115846,5.0,0.0,0.0,0.0,,,,,,Validated reconstruction
decode,1786169756806495265,1786169757657379419,850884154,5.0,0.0,0.0,0.0,,,,,,Validated reconstruction
decode,1786169757657379419,1786169757806495265,149115846,4.0,0.0,0.0,0.0,,,,,,Validated reconstruction
decode,1786169757806495265,1786169758657379419,850884154,4.0,0.0,0.0,0.0,,,,,,Validated reconstruction
decode,1786169758657379419,1786169758806495265,149115846,4.0,0.0,0.0,0.0,,,,,,Validated reconstruction
decode,1786169758806495265,1786169759657379419,850884154,4.0,0.0,0.0,0.0,,,,,,Validated reconstruction
decode,1786169759657379419,1786169759806495265,149115846,4.0,0.0,0.0,0.0,,,,,,Validated reconstruction
decode,1786169759806495265,1786169760657379419,850884154,4.0,0.0,0.0,0.0,,,,,,Validated reconstruction
decode,1786169760657379419,1786169760806495265,149115846,4.0,0.0,0.0,0.0,,,,,,Validated reconstruction
decode,1786169760806495265,1786169761657379419,850884154,4.0,0.0,0.0,0.0,,,,,,Validated reconstruction
decode,1786169761657379419,1786169761806495265,149115846,4.0,0.0,0.0,0.0,,,,,,Validated reconstruction
decode,1786169761806495265,1786169762657379419,850884154,4.0,0.0,0.0,0.0,,,,,,Validated reconstruction
decode,1786169762657379419,1786169762806495265,149115846,4.0,0.0,0.0,0.0,,,,,,Validated reconstruction
decode,1786169762806495265,1786169763657379419,850884154,4.0,0.0,0.0,0.0,,,,,,Validated reconstruction
decode,1786169763657379419,1786169763806495265,149115846,4.0,0.0,0.0,0.0,,,,,,Validated reconstruction
decode,1786169763806495265,1786169764657379419,850884154,4.0,0.0,0.0,0.0,,,,,,Validated reconstruction
decode,1786169764657379419,1786169764806495265,149115846,4.0,0.0,0.0,0.0,,,,,,Validated reconstruction
decode,1786169764806495265,1786169765657379419,850884154,4.0,0.0,0.0,0.0,,,,,,Validated reconstruction
decode,1786169765657379419,1786169765806495265,149115846,4.0,0.0,0.0,0.0,,,,,,Validated reconstruction
decode,1786169765806495265,1786169766657379419,850884154,4.0,0.0,0.0,0.0,,,,,,Validated reconstruction
decode,1786169766657379419,1786169766806495265,149115846,4.0,0.0,0.0,0.0,,,,,,Validated reconstruction
decode,1786169766806495265,1786169767657379419,850884154,4.0,0.0,0.0,0.0,,,,,,Validated reconstruction
decode,1786169767657379419,1786169767806495265,149115846,4.0,0.0,0.0,0.0,,,,,,Validated reconstruction
decode,1786169767806495265,1786169768657379419,850884154,4.0,0.0,0.0,0.0,,,,,,Validated reconstruction
decode,1786169768657379419,1786169768806495265,149115846,5.0,0.0,0.0,0.0,,,,,,Validated reconstruction
decode,1786169768806495265,1786169769657379419,850884154,1.0,0.0,0.0,0.0,,,,,,Validated reconstruction
decode,1786169769657379419,1786169769806495265,149115846,1.0,0.0,0.0,0.0,,,,,,Validated reconstruction
decode,1786169769806495265,1786169770657379419,850884154,1.0,0.0,0.0,0.0,,,,,,Validated reconstruction
decode,1786169770657379419,1786169770806495265,149115846,1.0,0.0,0.0,0.0,,,,,,Validated reconstruction
decode,1786169770806495265,1786169771657379419,850884154,1.0,0.0,0.0,0.0,,,,,,Validated reconstruction
decode,1786169771657379419,1786169771806495265,149115846,1.0,0.0,0.0,0.0,,,,,,Validated reconstruction
decode,1786169771806495265,1786169772657379419,850884154,1.0,0.0,0.0,0.0,,,,,,Validated reconstruction
decode,1786169772657379419,1786169772806495265,149115846,1.0,0.0,0.0,0.0,,,,,,Validated reconstruction
decode,1786169772806495265,1786169773657379419,850884154,1.0,0.0,0.0,0.0,,,,,,Validated reconstruction
decode,1786169773657379419,1786169773806495265,149115846,1.0,0.0,0.0,0.0,,,,,,Validated reconstruction
decode,1786169773806495265,1786169774657379419,850884154,1.0,0.0,0.0,0.0,,,,,,Validated reconstruction
decode,1786169774657379419,1786169774806495265,149115846,1.0,0.0,0.0,0.0,,,,,,Validated reconstruction
decode,1786169774806495265,1786169775657379419,850884154,1.0,0.0,0.0,0.0,,,,,,Validated reconstruction
decode,1786169775657379419,1786169775806495265,149115846,1.0,0.0,0.0,0.0,,,,,,Validated reconstruction
decode,1786169775806495265,1786169776657379419,850884154,1.0,0.0,0.0,0.0,,,,,,Validated reconstruction
decode,1786169776657379419,1786169776806495265,149115846,1.0,0.0,0.0,0.0,,,,,,Validated reconstruction
decode,1786169776806495265,1786169777657379419,850884154,1.5,0.0,0.0,0.0,,,,,,Validated reconstruction
decode,1786169777657379419,1786169777806495265,149115846,1.5,0.0,0.0,0.0,,,,,,Validated reconstruction
decode,1786169777806495265,1786169778657379419,850884154,2.0,0.0,0.0,0.0,,,,,,Validated reconstruction
decode,1786169778657379419,1786169778806495265,149115846,2.0,0.0,0.0,0.0,,,,,,Validated reconstruction
decode,1786169778806495265,1786169779657379419,850884154,2.0,0.0,0.0,0.0,,,,,,Validated reconstruction
decode,1786169779657379419,1786169779806495265,149115846,2.0,0.0,0.0,0.0,,,,,,Validated reconstruction
decode,1786169779806495265,1786169780657379419,850884154,2.0,0.0,0.0,0.0,,,,,,Validated reconstruction
decode,1786169780657379419,1786169780806495265,149115846,2.0,0.0,0.0,0.0,,,,,,Validated reconstruction
decode,1786169780806495265,1786169781657379419,850884154,2.0,0.0,0.0,0.0,,,,,,Validated reconstruction
decode,1786169781657379419,1786169781806495265,149115846,2.0,0.0,0.0,0.0,,,,,,Validated reconstruction
decode,1786169781806495265,1786169782657379419,850884154,2.0,0.0,0.0,0.0,,,,,,Validated reconstruction
decode,1786169782657379419,1786169782806495265,149115846,2.0,0.0,0.0,0.0,,,,,,Validated reconstruction
decode,1786169782806495265,1786169783657379419,850884154,2.0,0.0,0.0,0.0,,,,,,Validated reconstruction
decode,1786169783657379419,1786169783806495265,149115846,2.0,0.0,0.0,0.0,,,,,,Validated reconstruction
decode,1786169783806495265,1786169784657379419,850884154,1.0,0.0,0.0,0.0,,,,,,Validated reconstruction
decode,1786169784657379419,1786169784806495265,149115846,1.0,0.0,0.0,0.0,,,,,,Validated reconstruction
decode,1786169784806495265,1786169785657379419,850884154,1.0,0.0,0.0,0.0,,,,,,Validated reconstruction
decode,1786169785657379419,1786169785806495265,149115846,1.0,0.0,0.0,0.0,,,,,,Validated reconstruction
decode,1786169785806495265,1786169786657379419,850884154,1.0,0.0,0.0,0.0,,,,,,Validated reconstruction
decode,1786169786657379419,1786169786806495265,149115846,1.0,0.0,0.0,0.0,,,,,,Validated reconstruction
decode,1786169786806495265,1786169787657379419,850884154,1.0,0.0,0.0,0.0,,,,,,Validated reconstruction
decode,1786169787657379419,1786169787806495265,149115846,1.0,0.0,0.0,0.0,,,,,,Validated reconstruction
decode,1786169787806495265,1786169788657379419,850884154,1.0,0.0,0.0,0.0,,,,,,Validated reconstruction
decode,1786169788657379419,1786169788806495265,149115846,1.0,0.0,0.0,0.0,,,,,,Validated reconstruction
decode,1786169788806495265,1786169789657379419,850884154,1.0,0.0,0.0,0.0,,,,,,Validated reconstruction
decode,1786169789657379419,1786169789806495265,149115846,1.0,0.0,0.0,0.0,,,,,,Validated reconstruction
decode,1786169789806495265,1786169790657379419,850884154,1.0,0.0,0.0,0.0,,,,,,Validated reconstruction
decode,1786169790657379419,1786169790806495265,149115846,1.0,0.0,0.0,0.0,,,,,,Validated reconstruction
decode,1786169790806495265,1786169791657379419,850884154,1.0,0.0,0.0,0.0,,,,,,Validated reconstruction
decode,1786169791657379419,1786169791806495265,149115846,1.0,0.0,0.0,0.0,,,,,,Validated reconstruction
decode,1786169791806495265,1786169792657379419,850884154,1.0,0.0,0.0,0.0,,,,,,Validated reconstruction
decode,1786169792657379419,1786169792806495265,149115846,1.0,0.0,0.0,0.0,,,,,,Validated reconstruction
decode,1786169792806495265,1786169793657379419,850884154,1.0,0.0,0.0,0.0,,,,,,Validated reconstruction
decode,1786169793657379419,1786169793806495265,149115846,1.0,0.0,0.0,0.0,,,,,,Validated reconstruction
decode,1786169793806495265,1786169794657379419,850884154,1.0,0.0,0.0,0.0,,,,,,Validated reconstruction
decode,1786169794657379419,1786169794806495265,149115846,1.0,0.0,0.0,0.0,,,,,,Validated reconstruction
decode,1786169794806495265,1786169795657379419,850884154,1.0,0.0,0.0,0.0,,,,,,Validated reconstruction
decode,1786169795657379419,1786169795806495265,149115846,1.0,0.0,0.0,0.0,,,,,,Validated reconstruction
decode,1786169795806495265,1786169796657379419,850884154,1.0,0.0,0.0,0.0,,,,,,Validated reconstruction
decode,1786169796657379419,1786169796806495265,149115846,1.0,0.0,0.0,0.0,,,,,,Validated reconstruction
decode,1786169796806495265,1786169797657379419,850884154,1.0,0.0,0.0,0.0,,,,,,Validated reconstruction
decode,1786169797657379419,1786169797806495265,149115846,1.0,0.0,0.0,0.0,,,,,,Validated reconstruction
decode,1786169797806495265,1786169798657379419,850884154,1.0,0.0,0.0,0.0,,,,,,Validated reconstruction
decode,1786169798657379419,1786169798806495265,149115846,1.0,0.0,0.0,0.0,,,,,,Validated reconstruction
decode,1786169798806495265,1786169799657379419,850884154,1.0,0.0,0.0,0.0,,,,,,Validated reconstruction
decode,1786169799657379419,1786169799806495265,149115846,1.0,0.0,0.0,0.0,,,,,,Validated reconstruction
decode,1786169799806495265,1786169800657379419,850884154,1.0,0.0,0.0,0.0,,,,,,Validated reconstruction
decode,1786169800657379419,1786169800806495265,149115846,1.0,0.0,0.0,0.0,,,,,,Validated reconstruction
decode,1786169800806495265,1786169801657379419,850884154,1.0,0.0,0.0,0.0,,,,,,Validated reconstruction
decode,1786169801657379419,1786169801806495265,149115846,1.0,0.0,0.0,0.0,,,,,,Validated reconstruction
decode,1786169801806495265,1786169802657379419,850884154,1.0,0.0,0.0,0.0,,,,,,Validated reconstruction
decode,1786169802657379419,1786169802806495265,149115846,1.0,0.0,0.0,0.0,,,,,,Validated reconstruction
decode,1786169802806495265,1786169803657379419,850884154,1.0,0.0,0.0,0.0,,,,,,Validated reconstruction
decode,1786169803657379419,1786169803806495265,149115846,1.0,0.0,0.0,0.0,,,,,,Validated reconstruction
decode,1786169803806495265,1786169804657379419,850884154,1.0,0.0,0.0,0.0,,,,,,Validated reconstruction
decode,1786169804657379419,1786169804806495265,149115846,1.0,0.0,0.0,0.0,,,,,,Validated reconstruction
decode,1786169804806495265,1786169805657379419,850884154,1.0,0.0,0.0,0.0,,,,,,Validated reconstruction
decode,1786169805657379419,1786169805806495265,149115846,1.0,0.0,0.0,0.0,,,,,,Validated reconstruction
decode,1786169805806495265,1786169806657379419,850884154,1.0,0.0,0.0,0.0,,,,,,Validated reconstruction
decode,1786169806657379419,1786169806806495265,149115846,1.0,0.0,0.0,0.0,,,,,,Validated reconstruction
decode,1786169806806495265,1786169807657379419,850884154,1.0,0.0,0.0,0.0,,,,,,Validated reconstruction
decode,1786169807657379419,1786169807806495265,149115846,1.0,0.0,0.0,0.0,,,,,,Validated reconstruction
decode,1786169807806495265,1786169808657379419,850884154,1.0,0.0,0.0,0.0,,,,,,Validated reconstruction
decode,1786169808657379419,1786169808806495265,149115846,1.0,0.0,0.0,0.0,,,,,,Validated reconstruction
decode,1786169808806495265,1786169809657379419,850884154,1.0,0.0,0.0,0.0,,,,,,Validated reconstruction
decode,1786169809657379419,1786169809806495265,149115846,1.0,0.0,0.0,0.0,,,,,,Validated reconstruction
decode,1786169809806495265,1786169810657379419,850884154,1.0,0.0,0.0,0.0,,,,,,Validated reconstruction
decode,1786169810657379419,1786169810806495265,149115846,1.0,0.0,0.0,0.0,,,,,,Validated reconstruction
decode,1786169810806495265,1786169811657379419,850884154,1.0,0.0,0.0,0.0,,,,,,Validated reconstruction
decode,1786169811657379419,1786169811806495265,149115846,1.0,0.0,0.0,0.0,,,,,,Validated reconstruction
decode,1786169811806495265,1786169812657379419,850884154,1.0,0.0,0.0,0.0,,,,,,Validated reconstruction
decode,1786169812657379419,1786169812806495265,149115846,1.0,0.0,0.0,0.0,,,,,,Validated reconstruction
decode,1786169812806495265,1786169813657379419,850884154,1.0,0.0,0.0,0.0,,,,,,Validated reconstruction
decode,1786169813657379419,1786169813806495265,149115846,1.0,0.0,0.0,0.0,,,,,,Validated reconstruction
decode,1786169813806495265,1786169814657379419,850884154,1.0,0.0,0.0,0.0,,,,,,Validated reconstruction
decode,1786169814657379419,1786169814806495265,149115846,1.0,0.0,0.0,0.0,,,,,,Validated reconstruction
decode,1786169814806495265,1786169815657379419,850884154,1.0,0.0,0.0,0.0,,,,,,Validated reconstruction
decode,1786169815657379419,1786169815806495265,149115846,2.0,0.0,0.0,0.0,,,,,,Validated reconstruction
decode,1786169815806495265,1786169816657379419,850884154,2.0,0.0,0.0,0.0,,,,,,Validated reconstruction
decode,1786169816657379419,1786169816806495265,149115846,2.0,0.0,0.0,0.0,,,,,,Validated reconstruction
decode,1786169816806495265,1786169817657379419,850884154,2.0,0.0,0.0,0.0,,,,,,Validated reconstruction
decode,1786169817657379419,1786169817806495265,149115846,2.0,0.0,0.0,0.0,,,,,,Validated reconstruction
decode,1786169817806495265,1786169818657379419,850884154,2.0,0.0,0.0,0.0,,,,,,Validated reconstruction
decode,1786169818657379419,1786169818806495265,149115846,2.0,0.0,0.0,0.0,,,,,,Validated reconstruction
decode,1786169818806495265,1786169819657379419,850884154,2.0,0.0,0.0,0.0,,,,,,Validated reconstruction
decode,1786169819657379419,1786169819806495265,149115846,2.0,0.0,0.0,0.0,,,,,,Validated reconstruction
decode,1786169819806495265,1786169820657379419,850884154,2.0,0.0,0.0,0.0,,,,,,Validated reconstruction
decode,1786169820657379419,1786169820806495265,149115846,2.0,0.0,0.0,0.0,,,,,,Validated reconstruction
decode,1786169820806495265,1786169821657379419,850884154,2.0,0.0,0.0,0.0,,,,,,Validated reconstruction
decode,1786169821657379419,1786169821806495265,149115846,2.0,0.0,0.0,0.0,,,,,,Validated reconstruction
decode,1786169821806495265,1786169822657379419,850884154,2.0,0.0,0.0,0.0,,,,,,Validated reconstruction
decode,1786169822657379419,1786169822806495265,149115846,2.0,0.0,0.0,0.0,,,,,,Validated reconstruction
decode,1786169822806495265,1786169823657379419,850884154,2.0,0.0,0.0,0.0,,,,,,Validated reconstruction
decode,1786169823657379419,1786169823806495265,149115846,2.0,0.0,0.0,0.0,,,,,,Validated reconstruction
decode,1786169823806495265,1786169824657379419,850884154,2.0,0.0,0.0,0.0,,,,,,Validated reconstruction
decode,1786169824657379419,1786169824806495265,149115846,2.0,0.0,0.0,0.0,,,,,,Validated reconstruction
decode,1786169824806495265,1786169825657379419,850884154,2.0,0.0,0.0,0.0,,,,,,Validated reconstruction
decode,1786169825657379419,1786169825806495265,149115846,2.0,0.0,0.0,0.0,,,,,,Validated reconstruction
decode,1786169825806495265,1786169826657379419,850884154,2.5,0.0,0.0,0.0,,,,,,Validated reconstruction
decode,1786169826657379419,1786169826806495265,149115846,2.5,0.0,0.0,0.0,,,,,,Validated reconstruction
decode,1786169826806495265,1786169827657379419,850884154,3.0,0.0,0.0,0.0,,,,,,Validated reconstruction
decode,1786169827657379419,1786169827806495265,149115846,3.0,0.0,0.0,0.0,,,,,,Validated reconstruction
decode,1786169827806495265,1786169828657379419,850884154,3.0,0.0,0.0,0.0,,,,,,Validated reconstruction
decode,1786169828657379419,1786169828806495265,149115846,3.0,0.0,0.0,0.0,,,,,,Validated reconstruction
decode,1786169828806495265,1786169829657379419,850884154,3.0,0.0,0.0,0.0,,,,,,Validated reconstruction
decode,1786169829657379419,1786169829806495265,149115846,3.0,0.0,0.0,0.0,,,,,,Validated reconstruction
decode,1786169829806495265,1786169830657379419,850884154,3.0,0.0,0.0,0.0,,,,,,Validated reconstruction
decode,1786169830657379419,1786169830806495265,149115846,3.0,0.0,0.0,0.0,,,,,,Validated reconstruction
decode,1786169830806495265,1786169831657379419,850884154,3.0,0.0,0.0,0.0,,,,,,Validated reconstruction
decode,1786169831657379419,1786169831806495265,149115846,3.0,0.0,0.0,0.0,,,,,,Validated reconstruction
decode,1786169831806495265,1786169832657379419,850884154,3.0,0.0,0.0,0.0,,,,,,Validated reconstruction
decode,1786169832657379419,1786169832806495265,149115846,3.0,0.0,0.0,0.0,,,,,,Validated reconstruction
decode,1786169832806495265,1786169833657379419,850884154,3.0,0.0,0.0,0.0,,,,,,Validated reconstruction
decode,1786169833657379419,1786169833806495265,149115846,3.0,0.0,0.0,0.0,,,,,,Validated reconstruction
decode,1786169833806495265,1786169834657379419,850884154,3.0,0.0,0.0,0.0,,,,,,Validated reconstruction
decode,1786169834657379419,1786169834806495265,149115846,3.0,0.0,0.0,0.0,,,,,,Validated reconstruction
decode,1786169834806495265,1786169835657379419,850884154,3.0,0.0,0.0,0.0,,,,,,Validated reconstruction
decode,1786169835657379419,1786169835806495265,149115846,3.0,0.0,0.0,0.0,,,,,,Validated reconstruction
decode,1786169835806495265,1786169836657379419,850884154,3.0,0.0,0.0,0.0,,,,,,Validated reconstruction
decode,1786169836657379419,1786169836806495265,149115846,3.0,0.0,0.0,0.0,,,,,,Validated reconstruction
decode,1786169836806495265,1786169837657379419,850884154,3.0,0.0,0.0,0.0,,,,,,Validated reconstruction
decode,1786169837657379419,1786169837806495265,149115846,3.0,0.0,0.0,0.0,,,,,,Validated reconstruction
decode,1786169837806495265,1786169838657379419,850884154,3.0,0.0,0.0,0.0,,,,,,Validated reconstruction
decode,1786169838657379419,1786169838806495265,149115846,3.0,0.0,0.0,0.0,,,,,,Validated reconstruction
decode,1786169838806495265,1786169839657379419,850884154,3.0,0.0,0.0,0.0,,,,,,Validated reconstruction
decode,1786169839657379419,1786169839806495265,149115846,3.0,0.0,0.0,0.0,,,,,,Validated reconstruction
decode,1786169839806495265,1786169840657379419,850884154,3.0,0.0,0.0,0.0,,,,,,Validated reconstruction
decode,1786169840657379419,1786169840806495265,149115846,3.0,0.0,0.0,0.0,,,,,,Validated reconstruction
decode,1786169840806495265,1786169841657379419,850884154,3.0,0.0,0.0,0.0,,,,,,Validated reconstruction
decode,1786169841657379419,1786169841806495265,149115846,3.0,0.0,0.0,0.0,,,,,,Validated reconstruction
decode,1786169841806495265,1786169842657379419,850884154,3.0,0.0,0.0,0.0,,,,,,Validated reconstruction
decode,1786169842657379419,1786169842806495265,149115846,3.0,0.0,0.0,0.0,,,,,,Validated reconstruction
decode,1786169842806495265,1786169843657379419,850884154,3.0,0.0,0.0,0.0,,,,,,Validated reconstruction
decode,1786169843657379419,1786169843806495265,149115846,3.0,0.0,0.0,0.0,,,,,,Validated reconstruction
decode,1786169843806495265,1786169844657379419,850884154,3.0,0.0,0.0,0.0,,,,,,Validated reconstruction
decode,1786169844657379419,1786169844806495265,149115846,3.0,0.0,0.0,0.0,,,,,,Validated reconstruction
decode,1786169844806495265,1786169845657379419,850884154,3.0,0.0,0.0,0.0,,,,,,Validated reconstruction
decode,1786169845657379419,1786169845806495265,149115846,3.0,0.0,0.0,0.0,,,,,,Validated reconstruction
decode,1786169845806495265,1786169846657379419,850884154,3.0,0.0,0.0,0.0,,,,,,Validated reconstruction
decode,1786169846657379419,1786169846806495265,149115846,3.0,0.0,0.0,0.0,,,,,,Validated reconstruction
decode,1786169846806495265,1786169847657379419,850884154,3.0,0.0,0.0,0.0,,,,,,Validated reconstruction
decode,1786169847657379419,1786169847806495265,149115846,3.0,0.0,0.0,0.0,,,,,,Validated reconstruction
decode,1786169847806495265,1786169848657379419,850884154,3.0,0.0,0.0,0.0,,,,,,Validated reconstruction
decode,1786169848657379419,1786169848806495265,149115846,3.0,0.0,0.0,0.0,,,,,,Validated reconstruction
decode,1786169848806495265,1786169849657379419,850884154,3.0,0.0,0.0,0.0,,,,,,Validated reconstruction
decode,1786169849657379419,1786169849806495265,149115846,3.0,0.0,0.0,0.0,,,,,,Validated reconstruction
decode,1786169849806495265,1786169850657379419,850884154,3.0,0.0,0.0,0.0,,,,,,Validated reconstruction
decode,1786169850657379419,1786169850806495265,149115846,3.0,0.0,0.0,0.0,,,,,,Validated reconstruction
decode,1786169850806495265,1786169851657379419,850884154,3.0,0.0,0.0,0.0,,,,,,Validated reconstruction
decode,1786169851657379419,1786169851806495265,149115846,3.0,0.0,0.0,0.0,,,,,,Validated reconstruction
decode,1786169851806495265,1786169852657379419,850884154,3.0,0.0,0.0,0.0,,,,,,Validated reconstruction
decode,1786169852657379419,1786169852806495265,149115846,3.0,0.0,0.0,0.0,,,,,,Validated reconstruction
decode,1786169852806495265,1786169853657379419,850884154,3.0,0.0,0.0,0.0,,,,,,Validated reconstruction
decode,1786169853657379419,1786169853806495265,149115846,3.0,0.0,0.0,0.0,,,,,,Validated reconstruction
decode,1786169853806495265,1786169854657379419,850884154,3.0,0.0,0.0,0.0,,,,,,Validated reconstruction
decode,1786169854657379419,1786169854806495265,149115846,3.0,0.0,0.0,0.0,,,,,,Validated reconstruction
decode,1786169854806495265,1786169855657379419,850884154,3.0,0.0,0.0,0.0,,,,,,Validated reconstruction
decode,1786169855657379419,1786169855806495265,149115846,3.0,0.0,0.0,0.0,,,,,,Validated reconstruction
decode,1786169855806495265,1786169856657379419,850884154,3.0,0.0,0.0,0.0,,,,,,Validated reconstruction
decode,1786169856657379419,1786169856806495265,149115846,3.0,0.0,0.0,0.0,,,,,,Validated reconstruction
decode,1786169856806495265,1786169857657379419,850884154,3.0,0.0,0.0,0.0,,,,,,Validated reconstruction
decode,1786169857657379419,1786169857806495265,149115846,3.0,0.0,0.0,0.0,,,,,,Validated reconstruction
decode,1786169857806495265,1786169858657379419,850884154,3.0,0.0,0.0,0.0,,,,,,Validated reconstruction
decode,1786169859657379419,1786169859806495265,149115846,3.0,0.0,0.0,0.0,,,,,,Validated reconstruction
decode,1786169859806495265,1786169860657379419,850884154,3.0,0.0,0.0,0.0,,,,,,Validated reconstruction
decode,1786169860657379419,1786169860806495265,149115846,3.0,0.0,0.0,0.0,,,,,,Validated reconstruction
decode,1786169860806495265,1786169861657379419,850884154,3.0,0.0,0.0,0.0,,,,,,Validated reconstruction
decode,1786169861657379419,1786169861806495265,149115846,3.0,0.0,0.0,0.0,,,,,,Validated reconstruction
decode,1786169861806495265,1786169862657379419,850884154,3.0,0.0,0.0,0.0,,,,,,Validated reconstruction
decode,1786169862657379419,1786169862806495265,149115846,3.0,0.0,0.0,0.0,,,,,,Validated reconstruction
decode,1786169862806495265,1786169863657379419,850884154,3.0,0.0,0.0,0.0,,,,,,Validated reconstruction
decode,1786169863657379419,1786169863806495265,149115846,3.0,0.0,0.0,0.0,,,,,,Validated reconstruction
decode,1786169863806495265,1786169864657379419,850884154,3.0,0.0,0.0,0.0,,,,,,Validated reconstruction
decode,1786169864657379419,1786169864806495265,149115846,3.0,0.0,0.0,0.0,,,,,,Validated reconstruction
decode,1786169864806495265,1786169865657379419,850884154,3.0,0.0,0.0,0.0,,,,,,Validated reconstruction
decode,1786169865657379419,1786169865806495265,149115846,3.0,0.0,0.0,0.0,,,,,,Validated reconstruction
decode,1786169865806495265,1786169866657379419,850884154,3.0,0.0,0.0,0.0,,,,,,Validated reconstruction
decode,1786169866657379419,1786169866806495265,149115846,3.0,0.0,0.0,0.0,,,,,,Validated reconstruction
decode,1786169866806495265,1786169867657379419,850884154,3.0,0.0,0.0,0.0,,,,,,Validated reconstruction
decode,1786169867657379419,1786169867806495265,149115846,3.0,0.0,0.0,0.0,,,,,,Validated reconstruction
decode,1786169867806495265,1786169868657379419,850884154,3.0,0.0,0.0,0.0,,,,,,Validated reconstruction
decode,1786169868657379419,1786169868806495265,149115846,3.0,0.0,0.0,0.0,,,,,,Validated reconstruction
decode,1786169868806495265,1786169869657379419,850884154,3.0,0.0,0.0,0.0,,,,,,Validated reconstruction
decode,1786169869657379419,1786169869806495265,149115846,3.0,0.0,0.0,0.0,,,,,,Validated reconstruction
decode,1786169869806495265,1786169870657379419,850884154,3.0,0.0,0.0,0.0,,,,,,Validated reconstruction
decode,1786169870657379419,1786169870806495265,149115846,4.0,0.0,0.0,0.0,,,,,,Validated reconstruction
decode,1786169870806495265,1786169871657379419,850884154,4.0,0.0,0.0,0.0,,,,,,Validated reconstruction
decode,1786169871657379419,1786169871806495265,149115846,4.0,0.0,0.0,0.0,,,,,,Validated reconstruction
decode,1786169871806495265,1786169872657379419,850884154,4.0,0.0,0.0,0.0,,,,,,Validated reconstruction
decode,1786169872657379419,1786169872806495265,149115846,4.0,0.0,0.0,0.0,,,,,,Validated reconstruction
decode,1786169872806495265,1786169873657379419,850884154,4.0,0.0,0.0,0.0,,,,,,Validated reconstruction
decode,1786169873657379419,1786169873806495265,149115846,4.0,0.0,0.0,0.0,,,,,,Validated reconstruction
decode,1786169873806495265,1786169874657379419,850884154,4.0,0.0,0.0,0.0,,,,,,Validated reconstruction
decode,1786169874657379419,1786169874806495265,149115846,4.0,0.0,0.0,0.0,,,,,,Validated reconstruction
decode,1786169874806495265,1786169875657379419,850884154,4.0,0.0,0.0,0.0,,,,,,Validated reconstruction
decode,1786169875657379419,1786169875806495265,149115846,4.0,0.0,0.0,0.0,,,,,,Validated reconstruction
decode,1786169875806495265,1786169876657379419,850884154,3.0,0.0,0.0,0.0,,,,,,Validated reconstruction
decode,1786169876657379419,1786169876806495265,149115846,3.0,0.0,0.0,0.0,,,,,,Validated reconstruction
decode,1786169876806495265,1786169877657379419,850884154,3.5,0.0,0.0,0.0,,,,,,Validated reconstruction
decode,1786169877657379419,1786169877806495265,149115846,3.5,0.0,0.0,0.0,,,,,,Validated reconstruction
decode,1786169877806495265,1786169878657379419,850884154,4.0,0.0,0.0,0.0,,,,,,Validated reconstruction
decode,1786169878657379419,1786169878806495265,149115846,4.0,0.0,0.0,0.0,,,,,,Validated reconstruction
decode,1786169878806495265,1786169879657379419,850884154,4.0,0.0,0.0,0.0,,,,,,Validated reconstruction
decode,1786169879657379419,1786169879806495265,149115846,4.0,0.0,0.0,0.0,,,,,,Validated reconstruction
decode,1786169879806495265,1786169880657379419,850884154,3.5,0.0,0.0,0.0,,,,,,Validated reconstruction
decode,1786169880657379419,1786169880806495265,149115846,3.5,0.0,0.0,0.0,,,,,,Validated reconstruction
decode,1786169880806495265,1786169881657379419,850884154,3.0,0.0,0.0,0.0,,,,,,Validated reconstruction
decode,1786169881657379419,1786169881806495265,149115846,3.0,0.0,0.0,0.0,,,,,,Validated reconstruction
decode,1786169881806495265,1786169882657379419,850884154,3.0,0.0,0.0,0.0,,,,,,Validated reconstruction
decode,1786169882657379419,1786169882806495265,149115846,3.0,0.0,0.0,0.0,,,,,,Validated reconstruction
decode,1786169882806495265,1786169883657379419,850884154,3.0,0.0,0.0,0.0,,,,,,Validated reconstruction
decode,1786169883657379419,1786169883806495265,149115846,3.0,0.0,0.0,0.0,,,,,,Validated reconstruction
decode,1786169883806495265,1786169884657379419,850884154,3.0,0.0,0.0,0.0,,,,,,Validated reconstruction
decode,1786169884657379419,1786169884806495265,149115846,3.5,0.0,0.0,0.0,,,,,,Validated reconstruction
decode,1786169884806495265,1786169885657379419,850884154,3.5,0.0,0.0,0.0,,,,,,Validated reconstruction
decode,1786169885657379419,1786169885806495265,149115846,4.0,0.0,0.0,0.0,,,,,,Validated reconstruction
decode,1786169885806495265,1786169886657379419,850884154,4.0,0.0,0.0,0.0,,,,,,Validated reconstruction
decode,1786169886657379419,1786169886806495265,149115846,4.0,0.0,0.0,0.0,,,,,,Validated reconstruction
decode,1786169886806495265,1786169887657379419,850884154,4.0,0.0,0.0,0.0,,,,,,Validated reconstruction
decode,1786169887657379419,1786169887806495265,149115846,4.0,0.0,0.0,0.0,,,,,,Validated reconstruction
decode,1786169887806495265,1786169888657379419,850884154,4.0,0.0,0.0,0.0,,,,,,Validated reconstruction
decode,1786169888657379419,1786169888806495265,149115846,4.0,0.0,1.0,0.0,,,,,,Validated reconstruction
decode,1786169888806495265,1786169889657379419,850884154,4.0,0.0,1.0,0.0,,,,,,Validated reconstruction
decode,1786169889657379419,1786169889806495265,149115846,4.0,0.0,1.0,0.0,,,,,,Validated reconstruction
decode,1786169889806495265,1786169890657379419,850884154,4.0,0.0,1.0,0.0,,,,,,Validated reconstruction
decode,1786169890657379419,1786169890806495265,149115846,4.0,0.0,1.0,0.0,,,,,,Validated reconstruction
decode,1786169890806495265,1786169891657379419,850884154,4.0,0.0,1.0,0.0,,,,,,Validated reconstruction
decode,1786169891657379419,1786169891806495265,149115846,4.0,0.0,1.0,0.0,,,,,,Validated reconstruction
decode,1786169891806495265,1786169892657379419,850884154,4.0,0.0,1.0,0.0,,,,,,Validated reconstruction
decode,1786169892657379419,1786169892806495265,149115846,4.0,0.0,1.0,0.0,,,,,,Validated reconstruction
decode,1786169892806495265,1786169893657379419,850884154,4.0,0.0,1.0,0.0,,,,,,Validated reconstruction
decode,1786169893657379419,1786169893806495265,149115846,4.0,0.0,1.0,0.0,,,,,,Validated reconstruction
decode,1786169893806495265,1786169894657379419,850884154,4.0,0.0,1.0,0.0,,,,,,Validated reconstruction
decode,1786169894657379419,1786169894806495265,149115846,4.0,0.0,1.0,0.0,,,,,,Validated reconstruction
decode,1786169894806495265,1786169895657379419,850884154,4.0,0.0,1.0,0.0,,,,,,Validated reconstruction
decode,1786169895657379419,1786169895806495265,149115846,4.0,0.0,1.0,0.0,,,,,,Validated reconstruction
decode,1786169895806495265,1786169896657379419,850884154,4.0,0.0,1.0,0.0,,,,,,Validated reconstruction
decode,1786169896657379419,1786169896806495265,149115846,4.0,0.0,1.0,0.0,,,,,,Validated reconstruction
decode,1786169896806495265,1786169897657379419,850884154,4.0,0.0,1.0,0.0,,,,,,Validated reconstruction
decode,1786169897657379419,1786169897806495265,149115846,5.0,0.0,1.0,0.0,,,,,,Validated reconstruction
decode,1786169897806495265,1786169898657379419,850884154,5.0,0.0,1.0,0.0,,,,,,Validated reconstruction
decode,1786169898657379419,1786169898806495265,149115846,5.0,0.0,1.0,0.0,,,,,,Validated reconstruction
decode,1786169898806495265,1786169899657379419,850884154,5.0,0.0,1.0,0.0,,,,,,Validated reconstruction
decode,1786169899657379419,1786169899806495265,149115846,5.0,0.0,1.0,0.0,,,,,,Validated reconstruction
decode,1786169899806495265,1786169900657379419,850884154,5.0,0.0,1.0,0.0,,,,,,Validated reconstruction
decode,1786169900657379419,1786169900806495265,149115846,5.0,0.0,1.0,0.0,,,,,,Validated reconstruction
decode,1786169900806495265,1786169901657379419,850884154,5.0,0.0,1.0,0.0,,,,,,Validated reconstruction
decode,1786169901657379419,1786169901806495265,149115846,2.0,0.0,1.0,0.0,,,,,,Validated reconstruction
decode,1786169901806495265,1786169902657379419,850884154,2.0,0.0,1.0,0.0,,,,,,Validated reconstruction
decode,1786169902657379419,1786169902806495265,149115846,2.0,0.0,2.0,0.0,,,,,,Validated reconstruction
decode,1786169902806495265,1786169903657379419,850884154,2.0,0.0,2.0,0.0,,,,,,Validated reconstruction
decode,1786169903657379419,1786169903806495265,149115846,2.0,0.0,2.0,0.0,,,,,,Validated reconstruction
decode,1786169903806495265,1786169904657379419,850884154,2.0,0.0,2.0,0.0,,,,,,Validated reconstruction
decode,1786169904657379419,1786169904806495265,149115846,2.0,0.0,2.0,0.0,,,,,,Validated reconstruction
decode,1786169904806495265,1786169905657379419,850884154,3.0,0.0,2.0,1.0,,,,,,Validated reconstruction
decode,1786169905657379419,1786169905806495265,149115846,3.5,0.0,1.0,1.0,,,,,,Validated reconstruction
decode,1786169905806495265,1786169906657379419,850884154,4.5,0.0,1.0,0.0,,,,,,Validated reconstruction
decode,1786169906657379419,1786169906806495265,149115846,5.0,0.0,1.0,0.0,,,,,,Validated reconstruction
decode,1786169906806495265,1786169907657379419,850884154,5.0,0.0,1.0,0.0,,,,,,Validated reconstruction
decode,1786169907657379419,1786169907806495265,149115846,6.0,0.0,1.0,0.0,,,,,,Validated reconstruction
decode,1786169907806495265,1786169908657379419,850884154,5.0,0.0,1.0,0.0,,,,,,Validated reconstruction
decode,1786169908657379419,1786169908806495265,149115846,5.0,0.0,1.0,0.0,,,,,,Validated reconstruction
decode,1786169908806495265,1786169909657379419,850884154,5.0,0.0,1.0,0.0,,,,,,Validated reconstruction
decode,1786169909657379419,1786169909806495265,149115846,5.0,0.0,1.0,0.0,,,,,,Validated reconstruction
decode,1786169909806495265,1786169910657379419,850884154,5.0,0.0,1.0,0.0,,,,,,Validated reconstruction
decode,1786169910657379419,1786169910806495265,149115846,5.0,0.0,1.0,0.0,,,,,,Validated reconstruction
decode,1786169910806495265,1786169911657379419,850884154,6.0,0.0,1.0,0.0,,,,,,Validated reconstruction
decode,1786169911657379419,1786169911806495265,149115846,6.0,0.0,1.0,0.0,,,,,,Validated reconstruction
decode,1786169911806495265,1786169912657379419,850884154,4.0,0.0,1.0,0.0,,,,,,Validated reconstruction
decode,1786169912657379419,1786169912806495265,149115846,4.0,0.0,1.0,0.0,,,,,,Validated reconstruction
decode,1786169912806495265,1786169913657379419,850884154,4.0,0.0,1.0,0.0,,,,,,Validated reconstruction
decode,1786169913657379419,1786169913806495265,149115846,4.0,0.0,1.0,0.0,,,,,,Validated reconstruction
decode,1786169913806495265,1786169914657379419,850884154,5.0,0.0,1.0,1.0,,,,,,Validated reconstruction
decode,1786169914657379419,1786169914806495265,149115846,5.0,0.0,1.0,1.0,,,,,,Validated reconstruction
decode,1786169914806495265,1786169915657379419,850884154,5.0,0.0,1.0,1.0,,,,,,Validated reconstruction
decode,1786169915657379419,1786169915806495265,149115846,6.0,0.0,1.0,1.0,,,,,,Validated reconstruction
decode,1786169915806495265,1786169916657379419,850884154,6.0,0.0,1.0,1.0,,,,,,Validated reconstruction
decode,1786169916657379419,1786169916806495265,149115846,6.0,0.0,1.0,1.0,,,,,,Validated reconstruction
decode,1786169916806495265,1786169917657379419,850884154,7.0,0.0,1.0,0.0,,,,,,Validated reconstruction
decode,1786169917657379419,1786169917806495265,149115846,7.0,0.0,1.0,0.0,,,,,,Validated reconstruction
decode,1786169917806495265,1786169918657379419,850884154,6.0,0.0,1.0,0.0,,,,,,Validated reconstruction
decode,1786169918657379419,1786169918806495265,149115846,6.0,0.0,1.0,0.0,,,,,,Validated reconstruction
decode,1786169918806495265,1786169919657379419,850884154,6.0,0.0,1.0,0.0,,,,,,Validated reconstruction
decode,1786169919657379419,1786169919806495265,149115846,6.0,0.0,1.5,0.0,,,,,,Validated reconstruction
decode,1786169919806495265,1786169920657379419,850884154,6.0,0.0,1.5,0.0,,,,,,Validated reconstruction
decode,1786169920657379419,1786169920806495265,149115846,6.0,0.0,2.0,0.0,,,,,,Validated reconstruction
decode,1786169920806495265,1786169921657379419,850884154,6.0,0.0,2.0,0.0,,,,,,Validated reconstruction
decode,1786169921657379419,1786169921806495265,149115846,3.0,0.0,2.0,0.0,,,,,,Validated reconstruction
decode,1786169921806495265,1786169922657379419,850884154,3.0,0.0,2.0,0.0,,,,,,Validated reconstruction
decode,1786169922657379419,1786169922806495265,149115846,3.0,0.0,2.0,0.0,,,,,,Validated reconstruction
decode,1786169922806495265,1786169923657379419,850884154,2.0,0.0,2.0,0.0,,,,,,Validated reconstruction
decode,1786169923657379419,1786169923806495265,149115846,2.0,0.0,2.0,0.0,,,,,,Validated reconstruction
decode,1786169923806495265,1786169924657379419,850884154,2.0,0.0,2.0,0.0,,,,,,Validated reconstruction
decode,1786169924657379419,1786169924806495265,149115846,2.0,0.0,2.0,0.0,,,,,,Validated reconstruction
decode,1786169924806495265,1786169925657379419,850884154,2.0,0.0,2.0,0.0,,,,,,Validated reconstruction
decode,1786169925657379419,1786169925806495265,149115846,1.5,0.0,2.0,0.0,,,,,,Validated reconstruction
decode,1786169925806495265,1786169926657379419,850884154,1.5,0.0,2.0,0.0,,,,,,Validated reconstruction
decode,1786169926657379419,1786169926806495265,149115846,2.0,0.0,2.0,0.0,,,,,,Validated reconstruction
decode,1786169926806495265,1786169927657379419,850884154,3.0,0.0,2.0,0.0,,,,,,Validated reconstruction
decode,1786169927657379419,1786169927806495265,149115846,3.0,0.0,2.0,0.0,,,,,,Validated reconstruction
decode,1786169927806495265,1786169928657379419,850884154,3.0,0.0,2.0,0.0,,,,,,Validated reconstruction
decode,1786169928657379419,1786169928806495265,149115846,3.0,0.0,2.0,0.0,,,,,,Validated reconstruction
decode,1786169928806495265,1786169929657379419,850884154,3.0,0.0,2.0,0.0,,,,,,Validated reconstruction
decode,1786169929657379419,1786169929806495265,149115846,3.0,0.0,2.0,0.0,,,,,,Validated reconstruction
decode,1786169929806495265,1786169930657379419,850884154,3.0,0.0,2.0,0.0,,,,,,Validated reconstruction
decode,1786169930657379419,1786169930806495265,149115846,3.0,0.0,1.5,0.0,,,,,,Validated reconstruction
decode,1786169930806495265,1786169931657379419,850884154,2.5,0.0,1.5,0.0,,,,,,Validated reconstruction
decode,1786169931657379419,1786169931806495265,149115846,2.5,0.0,1.0,0.0,,,,,,Validated reconstruction
decode,1786169931806495265,1786169932657379419,850884154,2.0,0.0,1.0,0.0,,,,,,Validated reconstruction
decode,1786169932657379419,1786169932806495265,149115846,2.0,0.0,1.0,0.0,,,,,,Validated reconstruction
decode,1786169932806495265,1786169933657379419,850884154,3.0,0.0,2.0,0.0,,,,,,Validated reconstruction
decode,1786169933657379419,1786169933806495265,149115846,4.0,0.0,2.0,0.0,,,,,,Validated reconstruction
decode,1786169933806495265,1786169934657379419,850884154,4.0,0.0,2.0,0.0,,,,,,Validated reconstruction
decode,1786169934657379419,1786169934806495265,149115846,4.0,0.0,2.0,0.0,,,,,,Validated reconstruction
decode,1786169934806495265,1786169935657379419,850884154,4.0,0.0,2.0,0.0,,,,,,Validated reconstruction
decode,1786169935657379419,1786169935806495265,149115846,4.0,0.0,2.0,0.0,,,,,,Validated reconstruction
decode,1786169935806495265,1786169936657379419,850884154,4.0,0.0,2.0,0.0,,,,,,Validated reconstruction
decode,1786169936657379419,1786169936806495265,149115846,4.0,0.0,2.5,0.0,,,,,,Validated reconstruction
decode,1786169936806495265,1786169937657379419,850884154,4.0,0.0,2.5,0.0,,,,,,Validated reconstruction
decode,1786169937657379419,1786169937806495265,149115846,4.0,0.0,3.0,0.0,,,,,,Validated reconstruction
decode,1786169937806495265,1786169938657379419,850884154,4.0,0.0,3.0,0.0,,,,,,Validated reconstruction
decode,1786169938657379419,1786169938806495265,149115846,4.0,0.0,3.0,0.0,,,,,,Validated reconstruction
decode,1786169938806495265,1786169939657379419,850884154,4.0,0.0,3.0,0.0,,,,,,Validated reconstruction
decode,1786169939657379419,1786169939806495265,149115846,4.0,0.0,3.0,0.0,,,,,,Validated reconstruction
decode,1786169939806495265,1786169940657379419,850884154,4.0,0.0,3.0,0.0,,,,,,Validated reconstruction
decode,1786169940657379419,1786169940806495265,149115846,4.0,0.0,3.0,0.0,,,,,,Validated reconstruction
decode,1786169940806495265,1786169941657379419,850884154,4.0,0.0,3.0,0.0,,,,,,Validated reconstruction
decode,1786169941657379419,1786169941806495265,149115846,4.0,0.0,3.0,0.0,,,,,,Validated reconstruction
decode,1786169941806495265,1786169942657379419,850884154,4.0,0.0,3.0,0.0,,,,,,Validated reconstruction
decode,1786169942657379419,1786169942806495265,149115846,4.0,0.0,3.0,0.0,,,,,,Validated reconstruction
decode,1786169942806495265,1786169943657379419,850884154,4.0,0.0,3.0,0.0,,,,,,Validated reconstruction
decode,1786169943657379419,1786169943806495265,149115846,4.0,0.0,3.0,0.0,,,,,,Validated reconstruction
decode,1786169943806495265,1786169944657379419,850884154,4.0,0.0,3.0,0.0,,,,,,Validated reconstruction
decode,1786169944657379419,1786169944806495265,149115846,4.0,0.0,3.0,0.0,,,,,,Validated reconstruction
decode,1786169944806495265,1786169945657379419,850884154,4.0,0.0,3.0,0.0,,,,,,Validated reconstruction
decode,1786169945657379419,1786169945806495265,149115846,4.0,0.0,3.0,0.0,,,,,,Validated reconstruction
decode,1786169945806495265,1786169946657379419,850884154,5.0,0.0,3.0,0.0,,,,,,Validated reconstruction
decode,1786169946657379419,1786169946806495265,149115846,5.0,0.0,3.0,0.0,,,,,,Validated reconstruction
decode,1786169946806495265,1786169947657379419,850884154,5.0,0.0,3.0,0.0,,,,,,Validated reconstruction
decode,1786169947657379419,1786169947806495265,149115846,5.0,0.0,3.0,0.0,,,,,,Validated reconstruction
decode,1786169947806495265,1786169948657379419,850884154,5.0,0.0,3.0,0.0,,,,,,Validated reconstruction
decode,1786169948657379419,1786169948806495265,149115846,5.0,0.0,3.0,0.0,,,,,,Validated reconstruction
decode,1786169948806495265,1786169949657379419,850884154,5.0,0.0,3.0,0.0,,,,,,Validated reconstruction
decode,1786169949657379419,1786169949806495265,149115846,5.0,0.0,3.0,0.0,,,,,,Validated reconstruction
decode,1786169949806495265,1786169950657379419,850884154,5.0,0.0,3.0,0.0,,,,,,Validated reconstruction
decode,1786169950657379419,1786169950806495265,149115846,5.0,0.0,3.0,0.0,,,,,,Validated reconstruction
decode,1786169950806495265,1786169951657379419,850884154,5.0,0.0,3.0,0.0,,,,,,Validated reconstruction
decode,1786169951657379419,1786169951806495265,149115846,5.0,0.0,3.0,0.0,,,,,,Validated reconstruction
decode,1786169951806495265,1786169952657379419,850884154,5.0,0.0,3.0,0.0,,,,,,Validated reconstruction
decode,1786169952657379419,1786169952806495265,149115846,5.0,0.0,3.0,0.0,,,,,,Validated reconstruction
decode,1786169952806495265,1786169953657379419,850884154,5.0,0.0,3.0,0.0,,,,,,Validated reconstruction
decode,1786169953657379419,1786169953806495265,149115846,5.0,0.0,3.0,0.0,,,,,,Validated reconstruction
decode,1786169953806495265,1786169954657379419,850884154,5.0,0.0,3.0,0.0,,,,,,Validated reconstruction
decode,1786169954657379419,1786169954806495265,149115846,5.0,0.0,3.0,0.0,,,,,,Validated reconstruction
decode,1786169954806495265,1786169955657379419,850884154,5.0,0.0,3.0,0.0,,,,,,Validated reconstruction
decode,1786169955657379419,1786169955806495265,149115846,5.0,0.0,3.0,0.0,,,,,,Validated reconstruction
decode,1786169955806495265,1786169956657379419,850884154,5.0,0.0,2.0,0.0,,,,,,Validated reconstruction
decode,1786169956657379419,1786169956806495265,149115846,5.0,0.0,2.0,0.0,,,,,,Validated reconstruction
decode,1786169956806495265,1786169957657379419,850884154,5.0,0.0,2.0,0.0,,,,,,Validated reconstruction
decode,1786169957657379419,1786169957806495265,149115846,5.0,0.0,2.0,0.0,,,,,,Validated reconstruction
decode,1786169957806495265,1786169958657379419,850884154,5.0,0.0,2.0,0.0,,,,,,Validated reconstruction
decode,1786169958657379419,1786169958806495265,149115846,5.0,0.0,2.0,0.0,,,,,,Validated reconstruction
decode,1786169958806495265,1786169959657379419,850884154,5.0,0.0,2.0,0.0,,,,,,Validated reconstruction
decode,1786169959657379419,1786169959806495265,149115846,5.0,0.0,2.0,0.0,,,,,,Validated reconstruction
decode,1786169959806495265,1786169960657379419,850884154,5.0,0.0,2.0,0.0,,,,,,Validated reconstruction
decode,1786169960657379419,1786169960806495265,149115846,5.0,0.0,2.0,0.0,,,,,,Validated reconstruction
decode,1786169960806495265,1786169961657379419,850884154,5.0,0.0,2.0,0.0,,,,,,Validated reconstruction
decode,1786169961657379419,1786169961806495265,149115846,5.0,0.0,2.0,0.0,,,,,,Validated reconstruction
decode,1786169961806495265,1786169962657379419,850884154,6.0,0.0,2.0,0.0,,,,,,Validated reconstruction
decode,1786169962657379419,1786169962806495265,149115846,6.0,0.0,2.0,0.0,,,,,,Validated reconstruction
decode,1786169962806495265,1786169963657379419,850884154,6.0,0.0,2.0,0.0,,,,,,Validated reconstruction
decode,1786169963657379419,1786169963806495265,149115846,6.0,0.0,2.0,0.0,,,,,,Validated reconstruction
decode,1786169963806495265,1786169964657379419,850884154,6.0,0.0,2.0,0.0,,,,,,Validated reconstruction
decode,1786169964657379419,1786169964806495265,149115846,6.0,0.0,2.0,0.0,,,,,,Validated reconstruction
decode,1786169964806495265,1786169965657379419,850884154,6.0,0.0,2.0,0.0,,,,,,Validated reconstruction
decode,1786169965657379419,1786169965806495265,149115846,6.0,0.0,2.0,0.0,,,,,,Validated reconstruction
decode,1786169965806495265,1786169966657379419,850884154,6.0,0.0,2.0,0.0,,,,,,Validated reconstruction
decode,1786169966657379419,1786169966806495265,149115846,6.0,0.0,2.0,0.0,,,,,,Validated reconstruction
decode,1786169966806495265,1786169967657379419,850884154,6.0,0.0,2.0,0.0,,,,,,Validated reconstruction
decode,1786169967657379419,1786169967806495265,149115846,6.0,0.0,2.0,0.0,,,,,,Validated reconstruction
decode,1786169967806495265,1786169968657379419,850884154,6.0,0.0,2.0,0.0,,,,,,Validated reconstruction
decode,1786169968657379419,1786169968806495265,149115846,6.0,0.0,2.0,0.0,,,,,,Validated reconstruction
decode,1786169968806495265,1786169969657379419,850884154,6.0,0.0,2.0,0.0,,,,,,Validated reconstruction
decode,1786169969657379419,1786169969806495265,149115846,6.0,0.0,2.0,0.0,,,,,,Validated reconstruction
decode,1786169969806495265,1786169970657379419,850884154,6.0,0.0,2.0,0.0,,,,,,Validated reconstruction
decode,1786169970657379419,1786169970806495265,149115846,6.0,0.0,2.0,0.0,,,,,,Validated reconstruction
decode,1786169970806495265,1786169971657379419,850884154,6.0,0.0,2.0,0.0,,,,,,Validated reconstruction
decode,1786169971657379419,1786169971806495265,149115846,6.0,0.0,2.0,0.0,,,,,,Validated reconstruction
decode,1786169971806495265,1786169972657379419,850884154,6.0,0.0,2.0,0.0,,,,,,Validated reconstruction
decode,1786169972657379419,1786169972806495265,149115846,6.0,0.0,2.0,0.0,,,,,,Validated reconstruction
decode,1786169972806495265,1786169973657379419,850884154,6.0,0.0,2.0,0.0,,,,,,Validated reconstruction
decode,1786169973657379419,1786169973806495265,149115846,6.0,0.0,2.0,0.0,,,,,,Validated reconstruction
decode,1786169973806495265,1786169974657379419,850884154,6.0,0.0,2.0,0.0,,,,,,Validated reconstruction
decode,1786169974657379419,1786169974806495265,149115846,6.0,0.0,2.0,0.0,,,,,,Validated reconstruction
decode,1786169974806495265,1786169975657379419,850884154,6.0,0.0,2.0,0.0,,,,,,Validated reconstruction
decode,1786169975657379419,1786169975806495265,149115846,6.0,0.0,2.0,0.0,,,,,,Validated reconstruction
decode,1786169975806495265,1786169976657379419,850884154,6.0,0.0,2.0,0.0,,,,,,Validated reconstruction
decode,1786169976657379419,1786169976806495265,149115846,6.0,0.0,2.0,0.0,,,,,,Validated reconstruction
decode,1786169976806495265,1786169977657379419,850884154,6.0,0.0,2.0,0.0,,,,,,Validated reconstruction
decode,1786169977657379419,1786169977806495265,149115846,6.0,0.0,2.0,0.0,,,,,,Validated reconstruction
decode,1786169977806495265,1786169978657379419,850884154,6.0,0.0,2.0,0.0,,,,,,Validated reconstruction
decode,1786169978657379419,1786169978806495265,149115846,6.0,0.0,2.0,0.0,,,,,,Validated reconstruction
decode,1786169978806495265,1786169979657379419,850884154,6.0,0.0,2.0,0.0,,,,,,Validated reconstruction
decode,1786169979657379419,1786169979806495265,149115846,6.0,0.0,2.0,0.0,,,,,,Validated reconstruction
decode,1786169979806495265,1786169980657379419,850884154,6.0,0.0,2.0,0.0,,,,,,Validated reconstruction
decode,1786169980657379419,1786169980806495265,149115846,6.0,0.0,2.0,0.0,,,,,,Validated reconstruction
decode,1786169980806495265,1786169981657379419,850884154,6.0,0.0,2.0,0.0,,,,,,Validated reconstruction
decode,1786169981657379419,1786169981806495265,149115846,6.0,0.0,2.0,0.0,,,,,,Validated reconstruction
decode,1786169981806495265,1786169982657379419,850884154,6.0,0.0,2.0,0.0,,,,,,Validated reconstruction
decode,1786169982657379419,1786169982806495265,149115846,6.0,0.0,2.0,0.0,,,,,,Validated reconstruction
decode,1786169982806495265,1786169983657379419,850884154,6.0,0.0,2.0,0.0,,,,,,Validated reconstruction
decode,1786169983657379419,1786169983806495265,149115846,6.0,0.0,2.0,0.0,,,,,,Validated reconstruction
decode,1786169983806495265,1786169984657379419,850884154,6.0,0.0,2.0,0.0,,,,,,Validated reconstruction
decode,1786169984657379419,1786169984806495265,149115846,6.0,0.0,2.0,0.0,,,,,,Validated reconstruction
decode,1786169984806495265,1786169985657379419,850884154,6.0,0.0,2.0,0.0,,,,,,Validated reconstruction
decode,1786169985657379419,1786169985806495265,149115846,6.0,0.0,2.0,0.0,,,,,,Validated reconstruction
decode,1786169985806495265,1786169986657379419,850884154,6.0,0.0,2.0,0.0,,,,,,Validated reconstruction
decode,1786169986657379419,1786169986806495265,149115846,6.0,0.0,2.0,0.0,,,,,,Validated reconstruction
decode,1786169986806495265,1786169987657379419,850884154,6.0,0.0,2.0,0.0,,,,,,Validated reconstruction
decode,1786169987657379419,1786169987806495265,149115846,6.0,0.0,2.0,0.0,,,,,,Validated reconstruction
decode,1786169987806495265,1786169988657379419,850884154,6.0,0.0,2.0,0.0,,,,,,Validated reconstruction
decode,1786169988657379419,1786169988806495265,149115846,6.0,0.0,2.0,0.0,,,,,,Validated reconstruction
decode,1786169988806495265,1786169989657379419,850884154,6.0,0.0,2.0,0.0,,,,,,Validated reconstruction
decode,1786169989657379419,1786169989806495265,149115846,6.0,0.0,2.0,0.0,,,,,,Validated reconstruction
decode,1786169989806495265,1786169990657379419,850884154,6.0,0.0,2.0,0.0,,,,,,Validated reconstruction
decode,1786169990657379419,1786169990806495265,149115846,6.0,0.0,2.0,0.0,,,,,,Validated reconstruction
decode,1786169990806495265,1786169991657379419,850884154,6.0,0.0,2.0,0.0,,,,,,Validated reconstruction
decode,1786169991657379419,1786169991806495265,149115846,6.0,0.0,2.0,0.0,,,,,,Validated reconstruction
decode,1786169991806495265,1786169992657379419,850884154,6.0,0.0,2.0,0.0,,,,,,Validated reconstruction
decode,1786169992657379419,1786169992806495265,149115846,6.0,0.0,2.0,0.0,,,,,,Validated reconstruction
decode,1786169992806495265,1786169993657379419,850884154,6.0,0.0,2.0,0.0,,,,,,Validated reconstruction
decode,1786169993657379419,1786169993806495265,149115846,6.0,0.0,2.0,0.0,,,,,,Validated reconstruction
decode,1786169993806495265,1786169994657379419,850884154,6.0,0.0,2.0,0.0,,,,,,Validated reconstruction
decode,1786169994657379419,1786169994806495265,149115846,6.0,0.0,2.0,0.0,,,,,,Validated reconstruction
decode,1786169994806495265,1786169995657379419,850884154,6.0,0.0,2.0,0.0,,,,,,Validated reconstruction
decode,1786169995657379419,1786169995806495265,149115846,6.0,0.0,2.0,0.0,,,,,,Validated reconstruction
decode,1786169995806495265,1786169996657379419,850884154,6.0,0.0,2.0,0.0,,,,,,Validated reconstruction
decode,1786169996657379419,1786169996806495265,149115846,6.0,0.0,2.0,0.0,,,,,,Validated reconstruction
decode,1786169996806495265,1786169997657379419,850884154,6.0,0.0,2.0,0.0,,,,,,Validated reconstruction
decode,1786169997657379419,1786169997806495265,149115846,6.0,0.0,2.0,0.0,,,,,,Validated reconstruction
decode,1786169997806495265,1786169998657379419,850884154,6.0,0.0,2.0,0.0,,,,,,Validated reconstruction
decode,1786169998657379419,1786169998806495265,149115846,6.0,0.0,2.0,0.0,,,,,,Validated reconstruction
decode,1786169998806495265,1786169999657379419,850884154,6.0,0.0,2.0,0.0,,,,,,Validated reconstruction
decode,1786169999657379419,1786169999806495265,149115846,6.0,0.0,2.0,0.0,,,,,,Validated reconstruction
decode,1786169999806495265,1786170000657379419,850884154,6.0,0.0,2.0,0.0,,,,,,Validated reconstruction
decode,1786170000657379419,1786170000806495265,149115846,6.0,0.0,2.0,0.0,,,,,,Validated reconstruction
decode,1786170000806495265,1786170001657379419,850884154,6.0,0.0,2.0,0.0,,,,,,Validated reconstruction
decode,1786170001657379419,1786170001806495265,149115846,6.0,0.0,2.0,0.0,,,,,,Validated reconstruction
decode,1786170001806495265,1786170002657379419,850884154,6.0,0.0,2.0,0.0,,,,,,Validated reconstruction
decode,1786170002657379419,1786170002806495265,149115846,6.0,0.0,2.0,0.0,,,,,,Validated reconstruction
decode,1786170002806495265,1786170003657379419,850884154,6.0,0.0,2.0,0.0,,,,,,Validated reconstruction
decode,1786170003657379419,1786170003806495265,149115846,6.0,0.0,2.0,0.0,,,,,,Validated reconstruction
decode,1786170003806495265,1786170004657379419,850884154,6.0,0.0,2.0,0.0,,,,,,Validated reconstruction
decode,1786170004657379419,1786170004806495265,149115846,6.0,0.0,2.0,0.0,,,,,,Validated reconstruction
decode,1786170004806495265,1786170005657379419,850884154,6.0,0.0,2.0,0.0,,,,,,Validated reconstruction
decode,1786170005657379419,1786170005806495265,149115846,6.0,0.0,2.0,0.0,,,,,,Validated reconstruction
decode,1786170005806495265,1786170006657379419,850884154,6.0,0.0,2.0,0.0,,,,,,Validated reconstruction
decode,1786170006657379419,1786170006806495265,149115846,6.0,0.0,2.0,0.0,,,,,,Validated reconstruction
decode,1786170006806495265,1786170007657379419,850884154,4.5,0.0,2.0,0.0,,,,,,Validated reconstruction
decode,1786170007657379419,1786170007806495265,149115846,4.5,0.0,2.0,0.0,,,,,,Validated reconstruction
decode,1786170007806495265,1786170008657379419,850884154,3.0,0.0,2.0,0.0,,,,,,Validated reconstruction
decode,1786170008657379419,1786170008806495265,149115846,3.0,0.0,2.0,0.0,,,,,,Validated reconstruction
decode,1786170008806495265,1786170009657379419,850884154,3.0,0.0,2.0,0.0,,,,,,Validated reconstruction
decode,1786170009657379419,1786170009806495265,149115846,3.5,0.0,2.0,0.0,,,,,,Validated reconstruction
decode,1786170009806495265,1786170010657379419,850884154,3.5,0.0,2.0,0.0,,,,,,Validated reconstruction
decode,1786170010657379419,1786170010806495265,149115846,4.0,0.0,2.0,0.0,,,,,,Validated reconstruction
decode,1786170010806495265,1786170011657379419,850884154,4.0,0.0,2.0,0.0,,,,,,Validated reconstruction
decode,1786170011657379419,1786170011806495265,149115846,4.0,0.0,2.0,0.0,,,,,,Validated reconstruction
decode,1786170011806495265,1786170012657379419,850884154,4.0,0.0,2.0,0.0,,,,,,Validated reconstruction
decode,1786170012657379419,1786170012806495265,149115846,4.0,0.0,2.0,0.0,,,,,,Validated reconstruction
decode,1786170012806495265,1786170013657379419,850884154,4.0,0.0,2.0,0.0,,,,,,Validated reconstruction
decode,1786170013657379419,1786170013806495265,149115846,4.0,0.0,2.0,0.0,,,,,,Validated reconstruction
decode,1786170013806495265,1786170014657379419,850884154,4.0,0.0,2.0,0.0,,,,,,Validated reconstruction
decode,1786170014657379419,1786170014806495265,149115846,4.0,0.0,2.0,0.0,,,,,,Validated reconstruction
decode,1786170014806495265,1786170015657379419,850884154,4.0,0.0,2.0,0.0,,,,,,Validated reconstruction
decode,1786170015657379419,1786170015806495265,149115846,4.0,0.0,2.0,0.0,,,,,,Validated reconstruction
decode,1786170015806495265,1786170016657379419,850884154,4.0,0.0,2.0,0.0,,,,,,Validated reconstruction
decode,1786170016657379419,1786170016806495265,149115846,4.0,0.0,2.0,0.0,,,,,,Validated reconstruction
decode,1786170016806495265,1786170017657379419,850884154,4.0,0.0,2.0,0.0,,,,,,Validated reconstruction
decode,1786170017657379419,1786170017806495265,149115846,4.0,0.0,2.0,0.0,,,,,,Validated reconstruction
decode,1786170017806495265,1786170018657379419,850884154,4.0,0.0,2.0,0.0,,,,,,Validated reconstruction
decode,1786170018657379419,1786170018806495265,149115846,4.0,0.0,2.0,0.0,,,,,,Validated reconstruction
decode,1786170018806495265,1786170019657379419,850884154,4.0,0.0,2.0,0.0,,,,,,Validated reconstruction
decode,1786170019657379419,1786170019806495265,149115846,4.0,0.0,2.0,0.0,,,,,,Validated reconstruction
decode,1786170019806495265,1786170020657379419,850884154,4.0,0.0,2.0,0.0,,,,,,Validated reconstruction
decode,1786170020657379419,1786170020806495265,149115846,4.0,0.0,2.0,0.0,,,,,,Validated reconstruction
decode,1786170020806495265,1786170021657379419,850884154,4.0,0.0,2.0,0.0,,,,,,Validated reconstruction
decode,1786170021657379419,1786170021806495265,149115846,5.0,0.0,2.0,0.0,,,,,,Validated reconstruction
decode,1786170021806495265,1786170022657379419,850884154,5.0,0.0,2.0,0.0,,,,,,Validated reconstruction
decode,1786170022657379419,1786170022806495265,149115846,5.0,0.0,2.0,0.0,,,,,,Validated reconstruction
decode,1786170022806495265,1786170023657379419,850884154,5.0,0.0,2.0,0.0,,,,,,Validated reconstruction
decode,1786170023657379419,1786170023806495265,149115846,5.0,0.0,2.0,0.0,,,,,,Validated reconstruction
decode,1786170023806495265,1786170024657379419,850884154,5.0,0.0,2.0,0.0,,,,,,Validated reconstruction
decode,1786170024657379419,1786170024806495265,149115846,5.0,0.0,2.0,0.0,,,,,,Validated reconstruction
decode,1786170024806495265,1786170025657379419,850884154,5.0,0.0,2.0,0.0,,,,,,Validated reconstruction
decode,1786170025657379419,1786170025806495265,149115846,5.0,0.0,2.0,0.0,,,,,,Validated reconstruction
decode,1786170025806495265,1786170026657379419,850884154,5.0,0.0,2.0,0.0,,,,,,Validated reconstruction
decode,1786170026657379419,1786170026806495265,149115846,5.0,0.0,2.0,0.0,,,,,,Validated reconstruction
decode,1786170026806495265,1786170027657379419,850884154,5.0,0.0,2.0,0.0,,,,,,Validated reconstruction
decode,1786170027657379419,1786170027806495265,149115846,5.0,0.0,2.0,0.0,,,,,,Validated reconstruction
decode,1786170027806495265,1786170028657379419,850884154,5.0,0.0,2.0,0.0,,,,,,Validated reconstruction
decode,1786170028657379419,1786170028806495265,149115846,5.0,0.0,2.0,0.0,,,,,,Validated reconstruction
decode,1786170028806495265,1786170029657379419,850884154,5.0,0.0,2.0,0.0,,,,,,Validated reconstruction
decode,1786170029657379419,1786170029806495265,149115846,5.0,0.0,2.0,0.0,,,,,,Validated reconstruction
decode,1786170029806495265,1786170030657379419,850884154,5.0,0.0,2.0,0.0,,,,,,Validated reconstruction
decode,1786170030657379419,1786170030806495265,149115846,5.0,0.0,2.0,0.0,,,,,,Validated reconstruction
decode,1786170030806495265,1786170031657379419,850884154,5.0,0.0,2.0,0.0,,,,,,Validated reconstruction
decode,1786170031657379419,1786170031806495265,149115846,5.0,0.0,2.0,0.0,,,,,,Validated reconstruction
decode,1786170031806495265,1786170032657379419,850884154,5.0,0.0,2.0,0.0,,,,,,Validated reconstruction
decode,1786170032657379419,1786170032806495265,149115846,5.0,0.0,2.0,0.0,,,,,,Validated reconstruction
decode,1786170032806495265,1786170033657379419,850884154,5.0,0.0,2.0,0.0,,,,,,Validated reconstruction
decode,1786170033657379419,1786170033806495265,149115846,5.0,0.0,2.0,0.0,,,,,,Validated reconstruction
decode,1786170033806495265,1786170034657379419,850884154,5.0,0.0,2.0,0.0,,,,,,Validated reconstruction
decode,1786170034657379419,1786170034806495265,149115846,5.0,0.0,2.0,0.0,,,,,,Validated reconstruction
decode,1786170034806495265,1786170035657379419,850884154,5.0,0.0,2.0,0.0,,,,,,Validated reconstruction
decode,1786170035657379419,1786170035806495265,149115846,5.0,0.0,2.0,0.0,,,,,,Validated reconstruction
decode,1786170035806495265,1786170036657379419,850884154,5.0,0.0,2.0,0.0,,,,,,Validated reconstruction
decode,1786170036657379419,1786170036806495265,149115846,5.0,0.0,2.0,0.0,,,,,,Validated reconstruction
decode,1786170036806495265,1786170037657379419,850884154,5.0,0.0,2.0,0.0,,,,,,Validated reconstruction
decode,1786170037657379419,1786170037806495265,149115846,5.0,0.0,2.0,0.0,,,,,,Validated reconstruction
decode,1786170037806495265,1786170038657379419,850884154,5.0,0.0,2.0,0.0,,,,,,Validated reconstruction
decode,1786170038657379419,1786170038806495265,149115846,5.0,0.0,2.0,0.0,,,,,,Validated reconstruction
decode,1786170038806495265,1786170039657379419,850884154,5.0,0.0,2.0,0.0,,,,,,Validated reconstruction
decode,1786170039657379419,1786170039806495265,149115846,5.0,0.0,2.0,0.0,,,,,,Validated reconstruction
decode,1786170039806495265,1786170040657379419,850884154,5.0,0.0,2.0,0.0,,,,,,Validated reconstruction
decode,1786170040657379419,1786170040806495265,149115846,5.0,0.0,2.0,0.0,,,,,,Validated reconstruction
decode,1786170040806495265,1786170041657379419,850884154,5.0,0.0,2.0,0.0,,,,,,Validated reconstruction
decode,1786170041657379419,1786170041806495265,149115846,5.0,0.0,2.0,0.0,,,,,,Validated reconstruction
decode,1786170041806495265,1786170042657379419,850884154,5.0,0.0,2.0,0.0,,,,,,Validated reconstruction
decode,1786170042657379419,1786170042806495265,149115846,5.0,0.0,2.0,0.0,,,,,,Validated reconstruction
decode,1786170042806495265,1786170043657379419,850884154,5.0,0.0,2.0,0.0,,,,,,Validated reconstruction
decode,1786170043657379419,1786170043806495265,149115846,5.0,0.0,2.0,0.0,,,,,,Validated reconstruction
decode,1786170043806495265,1786170044657379419,850884154,5.0,0.0,2.0,0.0,,,,,,Validated reconstruction
decode,1786170044657379419,1786170044806495265,149115846,5.5,0.0,2.0,0.0,,,,,,Validated reconstruction
decode,1786170045806495265,1786170046657379419,850884154,6.0,0.0,2.0,0.0,,,,,,Validated reconstruction
decode,1786170046657379419,1786170046806495265,149115846,6.0,0.0,2.0,0.0,,,,,,Validated reconstruction
decode,1786170046806495265,1786170047657379419,850884154,6.0,0.0,2.0,0.0,,,,,,Validated reconstruction
decode,1786170048657379419,1786170048806495265,149115846,6.0,0.0,3.0,0.0,,,,,,Validated reconstruction
decode,1786170048806495265,1786170049657379419,850884154,6.0,0.0,3.0,0.0,,,,,,Validated reconstruction
decode,1786170049657379419,1786170049806495265,149115846,6.0,0.0,3.0,0.0,,,,,,Validated reconstruction
decode,1786170049806495265,1786170050657379419,850884154,6.0,0.0,3.0,0.0,,,,,,Validated reconstruction
decode,1786170050657379419,1786170050806495265,149115846,6.0,0.0,3.0,0.0,,,,,,Validated reconstruction
decode,1786170050806495265,1786170051657379419,850884154,6.0,0.0,3.0,0.0,,,,,,Validated reconstruction
decode,1786170051657379419,1786170051806495265,149115846,6.0,0.0,3.0,0.0,,,,,,Validated reconstruction
decode,1786170051806495265,1786170052657379419,850884154,6.0,0.0,3.0,0.0,,,,,,Validated reconstruction
decode,1786170052657379419,1786170052806495265,149115846,6.0,0.0,3.0,0.0,,,,,,Validated reconstruction
decode,1786170052806495265,1786170053657379419,850884154,6.0,0.0,3.0,0.0,,,,,,Validated reconstruction
decode,1786170053657379419,1786170053806495265,149115846,6.0,0.0,3.0,0.0,,,,,,Validated reconstruction
decode,1786170053806495265,1786170054657379419,850884154,6.0,0.0,3.0,0.0,,,,,,Validated reconstruction
decode,1786170054657379419,1786170054806495265,149115846,6.0,0.0,3.0,0.0,,,,,,Validated reconstruction
decode,1786170054806495265,1786170055657379419,850884154,6.0,0.0,3.0,0.0,,,,,,Validated reconstruction
decode,1786170055657379419,1786170055806495265,149115846,6.0,0.0,3.0,0.0,,,,,,Validated reconstruction
decode,1786170055806495265,1786170056657379419,850884154,6.0,0.0,3.0,0.0,,,,,,Validated reconstruction
decode,1786170056657379419,1786170056806495265,149115846,6.0,0.0,3.0,0.0,,,,,,Validated reconstruction
decode,1786170056806495265,1786170057657379419,850884154,6.0,0.0,3.0,0.0,,,,,,Validated reconstruction
decode,1786170057657379419,1786170057806495265,149115846,6.0,0.0,3.0,0.0,,,,,,Validated reconstruction
decode,1786170057806495265,1786170058657379419,850884154,6.0,0.0,3.0,0.0,,,,,,Validated reconstruction
decode,1786170058657379419,1786170058806495265,149115846,6.0,0.0,3.0,0.0,,,,,,Validated reconstruction
decode,1786170058806495265,1786170059657379419,850884154,6.0,0.0,3.0,0.0,,,,,,Validated reconstruction
decode,1786170059657379419,1786170059806495265,149115846,6.0,0.0,3.0,0.0,,,,,,Validated reconstruction
decode,1786170059806495265,1786170060657379419,850884154,6.0,0.0,3.0,0.0,,,,,,Validated reconstruction
decode,1786170060657379419,1786170060806495265,149115846,6.0,0.0,3.0,0.0,,,,,,Validated reconstruction
decode,1786170060806495265,1786170061657379419,850884154,6.0,0.0,3.0,0.0,,,,,,Validated reconstruction
decode,1786170061657379419,1786170061806495265,149115846,6.0,0.0,3.0,0.0,,,,,,Validated reconstruction
decode,1786170061806495265,1786170062657379419,850884154,6.0,0.0,3.0,0.0,,,,,,Validated reconstruction
decode,1786170062657379419,1786170062806495265,149115846,6.0,0.0,3.0,0.0,,,,,,Validated reconstruction
decode,1786170062806495265,1786170063657379419,850884154,6.0,0.0,3.0,0.0,,,,,,Validated reconstruction
decode,1786170063657379419,1786170063806495265,149115846,6.0,0.0,3.0,0.0,,,,,,Validated reconstruction
decode,1786170063806495265,1786170064657379419,850884154,6.0,0.0,3.0,0.0,,,,,,Validated reconstruction
decode,1786170064657379419,1786170064806495265,149115846,6.0,0.0,3.0,0.0,,,,,,Validated reconstruction
decode,1786170064806495265,1786170065657379419,850884154,6.0,0.0,3.0,0.0,,,,,,Validated reconstruction
decode,1786170065657379419,1786170065806495265,149115846,6.0,0.0,3.0,0.0,,,,,,Validated reconstruction
decode,1786170065806495265,1786170066657379419,850884154,6.0,0.0,3.0,0.0,,,,,,Validated reconstruction
decode,1786170066657379419,1786170066806495265,149115846,6.0,0.0,3.0,0.0,,,,,,Validated reconstruction
decode,1786170066806495265,1786170067657379419,850884154,6.0,0.0,3.0,0.0,,,,,,Validated reconstruction
decode,1786170067657379419,1786170067806495265,149115846,6.0,0.0,3.0,0.0,,,,,,Validated reconstruction
decode,1786170067806495265,1786170068657379419,850884154,6.0,0.0,3.0,0.0,,,,,,Validated reconstruction
decode,1786170068657379419,1786170068806495265,149115846,6.0,0.0,3.0,0.0,,,,,,Validated reconstruction
decode,1786170068806495265,1786170069657379419,850884154,6.0,0.0,3.0,0.0,,,,,,Validated reconstruction
decode,1786170069657379419,1786170069806495265,149115846,6.0,0.0,3.0,0.0,,,,,,Validated reconstruction
decode,1786170069806495265,1786170070657379419,850884154,6.0,0.0,3.0,0.0,,,,,,Validated reconstruction
decode,1786170070657379419,1786170070806495265,149115846,6.0,0.0,3.0,0.0,,,,,,Validated reconstruction
decode,1786170070806495265,1786170071657379419,850884154,6.0,0.0,3.0,0.0,,,,,,Validated reconstruction
decode,1786170071657379419,1786170071806495265,149115846,6.0,0.0,3.0,0.0,,,,,,Validated reconstruction
decode,1786170071806495265,1786170072657379419,850884154,6.0,0.0,3.0,0.0,,,,,,Validated reconstruction
decode,1786170072657379419,1786170072806495265,149115846,6.0,0.0,3.0,0.0,,,,,,Validated reconstruction
decode,1786170072806495265,1786170073657379419,850884154,6.0,0.0,3.0,0.0,,,,,,Validated reconstruction
decode,1786170073657379419,1786170073806495265,149115846,6.0,0.0,3.0,0.0,,,,,,Validated reconstruction
decode,1786170073806495265,1786170074657379419,850884154,6.0,0.0,3.0,0.0,,,,,,Validated reconstruction
decode,1786170074657379419,1786170074806495265,149115846,6.0,0.0,3.0,0.0,,,,,,Validated reconstruction
decode,1786170074806495265,1786170075657379419,850884154,6.0,0.0,3.0,0.0,,,,,,Validated reconstruction
decode,1786170075657379419,1786170075806495265,149115846,6.0,0.0,3.0,0.0,,,,,,Validated reconstruction
decode,1786170075806495265,1786170076657379419,850884154,6.0,0.0,3.0,0.0,,,,,,Validated reconstruction
decode,1786170076657379419,1786170076806495265,149115846,6.0,0.0,3.0,0.0,,,,,,Validated reconstruction
decode,1786170076806495265,1786170077657379419,850884154,6.0,0.0,3.0,0.0,,,,,,Validated reconstruction
decode,1786170077657379419,1786170077806495265,149115846,6.0,0.0,3.0,0.0,,,,,,Validated reconstruction
decode,1786170077806495265,1786170078657379419,850884154,6.0,0.0,3.0,0.0,,,,,,Validated reconstruction
decode,1786170078657379419,1786170078806495265,149115846,6.0,0.0,3.0,0.0,,,,,,Validated reconstruction
decode,1786170078806495265,1786170079657379419,850884154,6.0,0.0,3.0,0.0,,,,,,Validated reconstruction
decode,1786170079657379419,1786170079806495265,149115846,6.0,0.0,3.0,0.0,,,,,,Validated reconstruction
decode,1786170079806495265,1786170080657379419,850884154,6.0,0.0,3.0,0.0,,,,,,Validated reconstruction
decode,1786170080657379419,1786170080806495265,149115846,6.0,0.0,3.0,0.0,,,,,,Validated reconstruction
decode,1786170080806495265,1786170081657379419,850884154,6.0,0.0,3.0,0.0,,,,,,Validated reconstruction
decode,1786170081657379419,1786170081806495265,149115846,6.0,0.0,3.0,0.0,,,,,,Validated reconstruction
decode,1786170081806495265,1786170082657379419,850884154,6.0,0.0,3.0,0.0,,,,,,Validated reconstruction
decode,1786170082657379419,1786170082806495265,149115846,6.0,0.0,3.0,0.0,,,,,,Validated reconstruction
decode,1786170082806495265,1786170083657379419,850884154,6.0,0.0,3.0,0.0,,,,,,Validated reconstruction
decode,1786170083657379419,1786170083806495265,149115846,6.0,0.0,3.0,0.0,,,,,,Validated reconstruction
decode,1786170083806495265,1786170084657379419,850884154,6.0,0.0,3.0,0.0,,,,,,Validated reconstruction
decode,1786170084657379419,1786170084806495265,149115846,6.0,0.0,3.0,0.0,,,,,,Validated reconstruction
decode,1786170084806495265,1786170085657379419,850884154,6.0,0.0,3.0,0.0,,,,,,Validated reconstruction
decode,1786170085657379419,1786170085806495265,149115846,6.0,0.0,2.0,0.5,,,,,,Validated reconstruction
decode,1786170085806495265,1786170086657379419,850884154,6.0,0.0,2.0,0.5,,,,,,Validated reconstruction
decode,1786170086657379419,1786170086806495265,149115846,6.0,0.0,1.0,1.0,,,,,,Validated reconstruction
decode,1786170086806495265,1786170087657379419,850884154,6.0,0.0,1.0,1.0,,,,,,Validated reconstruction
decode,1786170087657379419,1786170087806495265,149115846,6.0,0.0,1.0,0.0,,,,,,Validated reconstruction
decode,1786170087806495265,1786170088657379419,850884154,6.0,0.0,1.0,0.0,,,,,,Validated reconstruction
decode,1786170088657379419,1786170088806495265,149115846,6.0,0.0,1.0,0.0,,,,,,Validated reconstruction
decode,1786170088806495265,1786170089657379419,850884154,6.0,0.0,1.0,0.0,,,,,,Validated reconstruction
decode,1786170089657379419,1786170089806495265,149115846,6.0,0.0,1.0,0.0,,,,,,Validated reconstruction
decode,1786170089806495265,1786170090657379419,850884154,6.0,0.0,1.0,0.0,,,,,,Validated reconstruction
decode,1786170090657379419,1786170090806495265,149115846,6.0,0.0,1.0,0.0,,,,,,Validated reconstruction
decode,1786170090806495265,1786170091657379419,850884154,6.0,0.0,1.0,0.0,,,,,,Validated reconstruction
decode,1786170091657379419,1786170091806495265,149115846,6.0,0.0,1.0,0.0,,,,,,Validated reconstruction
decode,1786170091806495265,1786170092657379419,850884154,6.0,0.0,1.0,0.0,,,,,,Validated reconstruction
decode,1786170092657379419,1786170092806495265,149115846,6.0,0.0,1.0,0.0,,,,,,Validated reconstruction
decode,1786170092806495265,1786170093657379419,850884154,6.0,0.0,1.0,0.0,,,,,,Validated reconstruction
decode,1786170093657379419,1786170093806495265,149115846,6.0,0.0,1.0,0.0,,,,,,Validated reconstruction
decode,1786170093806495265,1786170094657379419,850884154,6.0,0.0,1.0,0.0,,,,,,Validated reconstruction
decode,1786170094657379419,1786170094806495265,149115846,6.0,0.0,1.0,0.0,,,,,,Validated reconstruction
decode,1786170094806495265,1786170095657379419,850884154,6.0,0.0,1.0,0.0,,,,,,Validated reconstruction
decode,1786170095657379419,1786170095806495265,149115846,6.0,0.0,1.0,0.0,,,,,,Validated reconstruction
decode,1786170095806495265,1786170096657379419,850884154,6.0,0.0,1.0,0.0,,,,,,Validated reconstruction
decode,1786170096657379419,1786170096806495265,149115846,6.0,0.0,1.0,0.0,,,,,,Validated reconstruction
decode,1786170096806495265,1786170097657379419,850884154,6.0,0.0,1.0,0.0,,,,,,Validated reconstruction
decode,1786170097657379419,1786170097806495265,149115846,6.0,0.0,1.0,0.0,,,,,,Validated reconstruction
decode,1786170097806495265,1786170098657379419,850884154,6.0,0.0,1.0,0.0,,,,,,Validated reconstruction
decode,1786170098657379419,1786170098806495265,149115846,6.0,0.0,1.0,0.0,,,,,,Validated reconstruction
decode,1786170098806495265,1786170099657379419,850884154,6.0,0.0,1.0,0.0,,,,,,Validated reconstruction
decode,1786170099657379419,1786170099806495265,149115846,6.0,0.0,1.0,0.0,,,,,,Validated reconstruction
decode,1786170099806495265,1786170100657379419,850884154,6.0,0.0,1.0,0.0,,,,,,Validated reconstruction
decode,1786170100657379419,1786170100806495265,149115846,6.0,0.0,1.0,0.0,,,,,,Validated reconstruction
decode,1786170100806495265,1786170101657379419,850884154,6.0,0.0,1.0,0.0,,,,,,Validated reconstruction
decode,1786170101657379419,1786170101806495265,149115846,6.0,0.0,1.0,0.0,,,,,,Validated reconstruction
decode,1786170101806495265,1786170102657379419,850884154,6.0,0.0,1.0,0.0,,,,,,Validated reconstruction
decode,1786170102657379419,1786170102806495265,149115846,6.0,0.0,1.0,0.0,,,,,,Validated reconstruction
decode,1786170102806495265,1786170103657379419,850884154,6.0,0.0,1.0,0.0,,,,,,Validated reconstruction
decode,1786170103657379419,1786170103806495265,149115846,7.0,0.0,0.0,0.0,,,,,,Validated reconstruction
decode,1786170103806495265,1786170104657379419,850884154,8.0,0.0,0.0,0.0,,,,,,Validated reconstruction
decode,1786170104657379419,1786170104806495265,149115846,8.0,0.0,0.0,0.0,,,,,,Validated reconstruction
decode,1786170104806495265,1786170105657379419,850884154,8.0,0.0,0.0,0.0,,,,,,Validated reconstruction
decode,1786170105657379419,1786170105806495265,149115846,8.0,0.0,0.0,0.0,,,,,,Validated reconstruction
decode,1786170105806495265,1786170106657379419,850884154,8.0,0.0,0.0,0.0,,,,,,Validated reconstruction
decode,1786170106657379419,1786170106806495265,149115846,8.0,0.0,0.0,0.0,,,,,,Validated reconstruction
decode,1786170106806495265,1786170107657379419,850884154,8.0,0.0,0.0,0.0,,,,,,Validated reconstruction
decode,1786170107657379419,1786170107806495265,149115846,8.0,0.0,0.0,0.0,,,,,,Validated reconstruction
decode,1786170107806495265,1786170108657379419,850884154,8.0,0.0,0.0,0.0,,,,,,Validated reconstruction
decode,1786170108657379419,1786170108806495265,149115846,8.0,0.0,0.0,0.0,,,,,,Validated reconstruction
decode,1786170108806495265,1786170109657379419,850884154,9.0,0.0,0.0,0.0,,,,,,Validated reconstruction
decode,1786170109657379419,1786170109806495265,149115846,9.0,0.0,0.0,0.0,,,,,,Validated reconstruction
decode,1786170109806495265,1786170110657379419,850884154,9.0,0.0,0.0,0.0,,,,,,Validated reconstruction
decode,1786170110657379419,1786170110806495265,149115846,9.0,0.0,0.0,0.0,,,,,,Validated reconstruction
decode,1786170110806495265,1786170111657379419,850884154,9.0,0.0,0.0,0.0,,,,,,Validated reconstruction
decode,1786170111657379419,1786170111806495265,149115846,9.0,0.0,0.0,0.0,,,,,,Validated reconstruction
decode,1786170111806495265,1786170112657379419,850884154,7.0,0.0,0.0,0.0,,,,,,Validated reconstruction
decode,1786170112657379419,1786170112806495265,149115846,7.0,0.0,0.0,0.0,,,,,,Validated reconstruction
decode,1786170112806495265,1786170113657379419,850884154,7.0,0.0,0.0,0.0,,,,,,Validated reconstruction
decode,1786170113657379419,1786170113806495265,149115846,7.0,0.0,0.0,0.0,,,,,,Validated reconstruction
decode,1786170113806495265,1786170114657379419,850884154,7.0,0.0,0.0,0.0,,,,,,Validated reconstruction
decode,1786170114657379419,1786170114806495265,149115846,7.0,0.0,0.0,0.0,,,,,,Validated reconstruction
decode,1786170114806495265,1786170115657379419,850884154,7.5,0.0,0.5,0.0,,,,,,Validated reconstruction
decode,1786170115657379419,1786170115806495265,149115846,7.5,0.0,0.5,0.0,,,,,,Validated reconstruction
decode,1786170115806495265,1786170116657379419,850884154,8.0,0.0,1.0,0.0,,,,,,Validated reconstruction
decode,1786170116657379419,1786170116806495265,149115846,8.0,0.0,1.0,0.0,,,,,,Validated reconstruction
decode,1786170116806495265,1786170117657379419,850884154,8.0,0.0,1.0,0.0,,,,,,Validated reconstruction
decode,1786170117657379419,1786170117806495265,149115846,8.0,0.0,1.0,0.0,,,,,,Validated reconstruction
decode,1786170117806495265,1786170118657379419,850884154,8.0,0.0,1.0,0.0,,,,,,Validated reconstruction
decode,1786170118657379419,1786170118806495265,149115846,8.0,0.0,1.0,0.0,,,,,,Validated reconstruction
decode,1786170118806495265,1786170119657379419,850884154,8.0,0.0,1.0,0.0,,,,,,Validated reconstruction
decode,1786170119657379419,1786170119806495265,149115846,8.0,0.0,1.0,0.0,,,,,,Validated reconstruction
decode,1786170119806495265,1786170120657379419,850884154,8.0,0.0,1.0,0.0,,,,,,Validated reconstruction
decode,1786170120657379419,1786170120806495265,149115846,8.0,0.0,1.0,0.0,,,,,,Validated reconstruction
decode,1786170120806495265,1786170121657379419,850884154,8.0,0.0,1.0,0.0,,,,,,Validated reconstruction
decode,1786170121657379419,1786170121806495265,149115846,8.0,0.0,1.0,0.0,,,,,,Validated reconstruction
decode,1786170121806495265,1786170122657379419,850884154,8.0,0.0,1.0,0.0,,,,,,Validated reconstruction
decode,1786170122657379419,1786170122806495265,149115846,8.0,0.0,1.0,0.0,,,,,,Validated reconstruction
decode,1786170122806495265,1786170123657379419,850884154,8.0,0.0,1.0,0.0,,,,,,Validated reconstruction
decode,1786170123657379419,1786170123806495265,149115846,8.0,0.0,1.0,0.0,,,,,,Validated reconstruction
decode,1786170123806495265,1786170124657379419,850884154,8.0,0.0,1.0,0.0,,,,,,Validated reconstruction
decode,1786170124657379419,1786170124806495265,149115846,8.0,0.0,1.0,0.0,,,,,,Validated reconstruction
decode,1786170124806495265,1786170125657379419,850884154,8.0,0.0,1.0,0.0,,,,,,Validated reconstruction
decode,1786170125657379419,1786170125806495265,149115846,8.0,0.0,1.0,0.0,,,,,,Validated reconstruction
decode,1786170125806495265,1786170126657379419,850884154,8.0,0.0,1.0,0.0,,,,,,Validated reconstruction
decode,1786170126657379419,1786170126806495265,149115846,8.0,0.0,1.0,0.0,,,,,,Validated reconstruction
decode,1786170126806495265,1786170127657379419,850884154,8.0,0.0,1.0,0.0,,,,,,Validated reconstruction
decode,1786170127657379419,1786170127806495265,149115846,8.0,0.0,1.0,0.0,,,,,,Validated reconstruction
decode,1786170127806495265,1786170128657379419,850884154,8.0,0.0,1.0,0.0,,,,,,Validated reconstruction
decode,1786170128657379419,1786170128806495265,149115846,8.0,0.0,1.0,0.0,,,,,,Validated reconstruction
decode,1786170128806495265,1786170129657379419,850884154,9.0,0.0,0.0,0.0,,,,,,Validated reconstruction
decode,1786170129657379419,1786170129806495265,149115846,9.0,0.0,0.0,0.0,,,,,,Validated reconstruction
decode,1786170129806495265,1786170130657379419,850884154,9.0,0.0,0.0,0.0,,,,,,Validated reconstruction
decode,1786170130657379419,1786170130806495265,149115846,9.0,0.0,0.0,0.0,,,,,,Validated reconstruction
decode,1786170130806495265,1786170131657379419,850884154,9.0,0.0,0.0,0.0,,,,,,Validated reconstruction
decode,1786170131657379419,1786170131806495265,149115846,9.0,0.0,0.0,0.0,,,,,,Validated reconstruction
decode,1786170131806495265,1786170132657379419,850884154,9.0,0.0,0.0,0.0,,,,,,Validated reconstruction
decode,1786170132657379419,1786170132806495265,149115846,9.0,0.0,0.0,0.0,,,,,,Validated reconstruction
decode,1786170132806495265,1786170133657379419,850884154,9.0,0.0,0.0,0.0,,,,,,Validated reconstruction
decode,1786170134657379419,1786170134806495265,149115846,9.0,0.0,0.0,0.0,,,,,,Validated reconstruction
decode,1786170134806495265,1786170135657379419,850884154,9.0,0.0,0.0,0.0,,,,,,Validated reconstruction
decode,1786170135657379419,1786170135806495265,149115846,9.0,0.0,0.0,0.0,,,,,,Validated reconstruction
decode,1786170135806495265,1786170136657379419,850884154,9.0,0.0,0.0,0.0,,,,,,Validated reconstruction
decode,1786170136657379419,1786170136806495265,149115846,9.0,0.0,0.0,0.0,,,,,,Validated reconstruction
decode,1786170136806495265,1786170137657379419,850884154,9.5,0.0,0.0,0.0,,,,,,Validated reconstruction
decode,1786170137657379419,1786170137806495265,149115846,9.5,0.0,0.0,0.0,,,,,,Validated reconstruction
decode,1786170137806495265,1786170138657379419,850884154,10.0,0.0,0.0,0.0,,,,,,Validated reconstruction
decode,1786170138657379419,1786170138806495265,149115846,3.0,0.0,0.0,0.0,,,,,,Validated reconstruction
decode,1786170139806495265,1786170140657379419,850884154,4.0,0.0,0.0,0.0,,,,,,Validated reconstruction
decode,1786170140657379419,1786170140806495265,149115846,4.0,0.0,0.0,0.0,,,,,,Validated reconstruction
decode,1786170140806495265,1786170141657379419,850884154,4.0,0.0,0.0,0.0,,,,,,Validated reconstruction
decode,1786170141657379419,1786170141806495265,149115846,4.0,0.0,0.0,0.0,,,,,,Validated reconstruction
decode,1786170141806495265,1786170142657379419,850884154,4.0,0.0,0.0,0.0,,,,,,Validated reconstruction
decode,1786170142657379419,1786170142806495265,149115846,4.5,0.0,0.0,0.0,,,,,,Validated reconstruction
decode,1786170142806495265,1786170143657379419,850884154,4.5,0.0,0.0,0.0,,,,,,Validated reconstruction
decode,1786170143657379419,1786170143806495265,149115846,5.0,0.0,0.0,0.0,,,,,,Validated reconstruction
decode,1786170143806495265,1786170144657379419,850884154,5.0,0.0,0.0,0.0,,,,,,Validated reconstruction
decode,1786170144657379419,1786170144806495265,149115846,5.0,0.0,0.0,0.0,,,,,,Validated reconstruction
decode,1786170144806495265,1786170145657379419,850884154,5.0,0.0,0.0,0.0,,,,,,Validated reconstruction
decode,1786170145657379419,1786170145806495265,149115846,5.0,0.0,0.0,0.0,,,,,,Validated reconstruction
decode,1786170145806495265,1786170146657379419,850884154,5.0,0.0,0.0,0.0,,,,,,Validated reconstruction
decode,1786170146657379419,1786170146806495265,149115846,5.0,0.0,0.0,0.0,,,,,,Validated reconstruction
decode,1786170146806495265,1786170147657379419,850884154,5.0,0.0,0.0,0.0,,,,,,Validated reconstruction
decode,1786170147657379419,1786170147806495265,149115846,5.0,0.0,0.0,0.0,,,,,,Validated reconstruction
decode,1786170147806495265,1786170148657379419,850884154,5.0,0.0,0.0,0.0,,,,,,Validated reconstruction
decode,1786170148657379419,1786170148806495265,149115846,4.333333333333333,0.0,0.0,0.0,,,,,,Validated reconstruction
decode,1786170148806495265,1786170149657379419,850884154,4.333333333333333,0.0,0.0,0.0,,,,,,Validated reconstruction
decode,1786170149657379419,1786170149806495265,149115846,4.0,0.0,0.0,0.0,,,,,,Validated reconstruction
decode,1786170149806495265,1786170150657379419,850884154,4.0,0.0,0.0,0.0,,,,,,Validated reconstruction
decode,1786170150657379419,1786170150806495265,149115846,4.0,0.0,0.0,0.0,,,,,,Validated reconstruction
decode,1786170150806495265,1786170151657379419,850884154,4.0,0.0,0.0,0.0,,,,,,Validated reconstruction
decode,1786170151657379419,1786170151806495265,149115846,4.0,0.0,0.0,0.0,,,,,,Validated reconstruction
decode,1786170151806495265,1786170152657379419,850884154,4.0,0.0,0.0,0.0,,,,,,Validated reconstruction
decode,1786170152657379419,1786170152806495265,149115846,4.0,0.0,0.0,0.0,,,,,,Validated reconstruction
decode,1786170152806495265,1786170153657379419,850884154,4.0,0.0,0.0,0.0,,,,,,Validated reconstruction
decode,1786170153657379419,1786170153806495265,149115846,4.0,0.0,0.0,0.0,,,,,,Validated reconstruction
decode,1786170153806495265,1786170154657379419,850884154,4.0,0.0,0.0,0.0,,,,,,Validated reconstruction
decode,1786170154657379419,1786170154806495265,149115846,4.0,0.0,0.0,0.0,,,,,,Validated reconstruction
decode,1786170154806495265,1786170155657379419,850884154,4.0,0.0,0.0,0.0,,,,,,Validated reconstruction
decode,1786170155657379419,1786170155806495265,149115846,4.0,0.0,0.0,0.0,,,,,,Validated reconstruction
decode,1786170155806495265,1786170156657379419,850884154,4.0,0.0,0.0,0.0,,,,,,Validated reconstruction
decode,1786170156657379419,1786170156806495265,149115846,4.0,0.0,0.0,0.0,,,,,,Validated reconstruction
decode,1786170156806495265,1786170157657379419,850884154,4.0,0.0,0.0,0.0,,,,,,Validated reconstruction
decode,1786170157657379419,1786170157806495265,149115846,4.0,0.0,0.0,0.0,,,,,,Validated reconstruction
decode,1786170157806495265,1786170158657379419,850884154,4.0,0.0,0.0,0.0,,,,,,Validated reconstruction
decode,1786170158657379419,1786170158806495265,149115846,4.0,0.0,0.0,0.0,,,,,,Validated reconstruction
decode,1786170158806495265,1786170159657379419,850884154,4.0,0.0,0.0,0.0,,,,,,Validated reconstruction
decode,1786170159657379419,1786170159806495265,149115846,4.0,0.0,0.0,0.0,,,,,,Validated reconstruction
decode,1786170159806495265,1786170160657379419,850884154,4.0,0.0,0.0,0.0,,,,,,Validated reconstruction
decode,1786170160657379419,1786170160806495265,149115846,4.0,0.0,0.0,0.0,,,,,,Validated reconstruction
decode,1786170160806495265,1786170161657379419,850884154,4.0,0.0,0.0,0.0,,,,,,Validated reconstruction
decode,1786170161657379419,1786170161806495265,149115846,4.0,0.0,0.0,0.0,,,,,,Validated reconstruction
decode,1786170161806495265,1786170162657379419,850884154,4.0,0.0,0.0,0.0,,,,,,Validated reconstruction
decode,1786170162657379419,1786170162806495265,149115846,4.0,0.0,0.0,0.0,,,,,,Validated reconstruction
decode,1786170162806495265,1786170163657379419,850884154,4.0,0.0,0.0,0.0,,,,,,Validated reconstruction
decode,1786170163657379419,1786170163806495265,149115846,4.0,0.0,0.0,0.0,,,,,,Validated reconstruction
decode,1786170163806495265,1786170164657379419,850884154,4.0,0.0,0.0,0.0,,,,,,Validated reconstruction
decode,1786170164657379419,1786170164806495265,149115846,4.0,0.0,0.0,0.0,,,,,,Validated reconstruction
decode,1786170164806495265,1786170165657379419,850884154,4.0,0.0,0.0,0.0,,,,,,Validated reconstruction
decode,1786170165657379419,1786170165806495265,149115846,4.0,0.0,0.0,0.0,,,,,,Validated reconstruction
decode,1786170165806495265,1786170166657379419,850884154,4.0,0.0,0.0,0.0,,,,,,Validated reconstruction
decode,1786170166657379419,1786170166806495265,149115846,4.0,0.0,0.0,0.0,,,,,,Validated reconstruction
decode,1786170166806495265,1786170167657379419,850884154,4.0,0.0,0.0,0.0,,,,,,Validated reconstruction
decode,1786170167657379419,1786170167806495265,149115846,4.0,0.0,0.0,0.0,,,,,,Validated reconstruction
decode,1786170167806495265,1786170168657379419,850884154,4.0,0.0,0.0,0.0,,,,,,Validated reconstruction
decode,1786170168657379419,1786170168806495265,149115846,4.0,0.0,0.0,0.0,,,,,,Validated reconstruction
decode,1786170168806495265,1786170169657379419,850884154,4.0,0.0,0.0,0.0,,,,,,Validated reconstruction
decode,1786170169657379419,1786170169806495265,149115846,4.0,0.0,0.0,0.0,,,,,,Validated reconstruction
decode,1786170169806495265,1786170170657379419,850884154,4.0,0.0,0.0,0.0,,,,,,Validated reconstruction
decode,1786170170657379419,1786170170806495265,149115846,4.0,0.0,0.0,0.0,,,,,,Validated reconstruction
decode,1786170170806495265,1786170171657379419,850884154,4.0,0.0,0.0,0.0,,,,,,Validated reconstruction
decode,1786170171657379419,1786170171806495265,149115846,5.0,0.0,0.0,0.0,,,,,,Validated reconstruction
decode,1786170171806495265,1786170172657379419,850884154,5.0,0.0,0.0,0.0,,,,,,Validated reconstruction
decode,1786170172657379419,1786170172806495265,149115846,6.0,0.0,1.0,0.0,,,,,,Validated reconstruction
decode,1786170172806495265,1786170173657379419,850884154,6.0,0.0,1.0,0.0,,,,,,Validated reconstruction
decode,1786170173657379419,1786170173806495265,149115846,6.0,0.0,1.0,0.0,,,,,,Validated reconstruction
decode,1786170173806495265,1786170174657379419,850884154,6.0,0.0,1.0,0.0,,,,,,Validated reconstruction
decode,1786170174657379419,1786170174806495265,149115846,6.0,0.0,1.0,0.0,,,,,,Validated reconstruction
decode,1786170174806495265,1786170175657379419,850884154,6.0,0.0,1.0,0.0,,,,,,Validated reconstruction
decode,1786170175657379419,1786170175806495265,149115846,6.0,0.0,1.0,0.0,,,,,,Validated reconstruction
decode,1786170175806495265,1786170176657379419,850884154,6.0,0.0,1.0,0.0,,,,,,Validated reconstruction
decode,1786170176657379419,1786170176806495265,149115846,6.0,0.0,1.0,0.0,,,,,,Validated reconstruction
decode,1786170176806495265,1786170177657379419,850884154,2.0,0.0,1.0,0.0,,,,,,Validated reconstruction
decode,1786170177657379419,1786170177806495265,149115846,2.0,0.0,1.0,0.0,,,,,,Validated reconstruction
decode,1786170177806495265,1786170178657379419,850884154,2.0,0.0,1.0,0.0,,,,,,Validated reconstruction
decode,1786170178657379419,1786170178806495265,149115846,2.5,0.0,1.0,0.0,,,,,,Validated reconstruction
decode,1786170178806495265,1786170179657379419,850884154,2.5,0.0,1.0,0.0,,,,,,Validated reconstruction
decode,1786170179657379419,1786170179806495265,149115846,3.0,0.0,1.0,0.0,,,,,,Validated reconstruction
decode,1786170179806495265,1786170180657379419,850884154,3.0,0.0,1.0,0.0,,,,,,Validated reconstruction
decode,1786170180657379419,1786170180806495265,149115846,3.0,0.0,1.0,0.0,,,,,,Validated reconstruction
decode,1786170180806495265,1786170181657379419,850884154,3.0,0.0,1.0,0.0,,,,,,Validated reconstruction
decode,1786170181657379419,1786170181806495265,149115846,3.0,0.0,1.0,0.0,,,,,,Validated reconstruction
decode,1786170181806495265,1786170182657379419,850884154,3.0,0.0,1.0,0.0,,,,,,Validated reconstruction
decode,1786170182657379419,1786170182806495265,149115846,3.0,0.0,1.0,0.0,,,,,,Validated reconstruction
decode,1786170182806495265,1786170183657379419,850884154,3.0,0.0,1.0,0.0,,,,,,Validated reconstruction
decode,1786170183657379419,1786170183806495265,149115846,3.0,0.0,1.0,0.0,,,,,,Validated reconstruction
decode,1786170183806495265,1786170184657379419,850884154,3.0,0.0,1.0,0.0,,,,,,Validated reconstruction
decode,1786170184657379419,1786170184806495265,149115846,3.0,0.0,2.0,0.0,,,,,,Validated reconstruction
decode,1786170184806495265,1786170185657379419,850884154,3.0,0.0,2.0,0.0,,,,,,Validated reconstruction
decode,1786170185657379419,1786170185806495265,149115846,3.0,0.0,1.0,0.0,,,,,,Validated reconstruction
decode,1786170185806495265,1786170186657379419,850884154,3.0,0.0,1.0,0.0,,,,,,Validated reconstruction
decode,1786170186657379419,1786170186806495265,149115846,3.0,0.0,1.0,0.0,,,,,,Validated reconstruction
decode,1786170186806495265,1786170187657379419,850884154,3.0,0.0,1.0,0.0,,,,,,Validated reconstruction
decode,1786170187657379419,1786170187806495265,149115846,3.0,0.0,1.0,0.0,,,,,,Validated reconstruction
decode,1786170187806495265,1786170188657379419,850884154,3.0,0.0,1.0,0.0,,,,,,Validated reconstruction
decode,1786170188657379419,1786170188806495265,149115846,3.0,0.0,1.0,0.0,,,,,,Validated reconstruction
decode,1786170188806495265,1786170189657379419,850884154,3.0,0.0,1.0,0.0,,,,,,Validated reconstruction
decode,1786170189657379419,1786170189806495265,149115846,3.0,0.0,1.0,0.0,,,,,,Validated reconstruction
decode,1786170189806495265,1786170190657379419,850884154,3.0,0.0,1.0,0.0,,,,,,Validated reconstruction
decode,1786170190657379419,1786170190806495265,149115846,3.0,0.0,1.0,0.0,,,,,,Validated reconstruction
decode,1786170190806495265,1786170191657379419,850884154,3.0,0.0,1.0,0.0,,,,,,Validated reconstruction
decode,1786170191657379419,1786170191806495265,149115846,3.0,0.0,1.0,0.0,,,,,,Validated reconstruction
decode,1786170191806495265,1786170192657379419,850884154,3.0,0.0,1.0,0.0,,,,,,Validated reconstruction
decode,1786170192657379419,1786170192806495265,149115846,3.0,0.0,1.0,0.0,,,,,,Validated reconstruction
decode,1786170192806495265,1786170193657379419,850884154,3.0,0.0,1.0,0.0,,,,,,Validated reconstruction
decode,1786170193657379419,1786170193806495265,149115846,3.0,0.0,1.0,0.0,,,,,,Validated reconstruction
decode,1786170193806495265,1786170194657379419,850884154,3.5,0.0,1.0,0.0,,,,,,Validated reconstruction
decode,1786170194657379419,1786170194806495265,149115846,3.5,0.0,1.0,0.0,,,,,,Validated reconstruction
decode,1786170194806495265,1786170195657379419,850884154,4.0,0.0,1.0,0.0,,,,,,Validated reconstruction
decode,1786170195657379419,1786170195806495265,149115846,4.0,0.0,0.0,0.0,,,,,,Validated reconstruction
decode,1786170195806495265,1786170196657379419,850884154,4.0,0.0,0.0,0.0,,,,,,Validated reconstruction
decode,1786170196657379419,1786170196806495265,149115846,4.0,0.0,0.0,0.0,,,,,,Validated reconstruction
decode,1786170196806495265,1786170197657379419,850884154,4.0,0.0,0.0,0.0,,,,,,Validated reconstruction
decode,1786170197657379419,1786170197806495265,149115846,4.0,0.0,0.0,0.0,,,,,,Validated reconstruction
decode,1786170197806495265,1786170198657379419,850884154,4.0,0.0,0.0,0.0,,,,,,Validated reconstruction
decode,1786170198657379419,1786170198806495265,149115846,4.0,0.0,0.0,0.0,,,,,,Validated reconstruction
decode,1786170198806495265,1786170199657379419,850884154,4.0,0.0,0.0,0.0,,,,,,Validated reconstruction
decode,1786170199657379419,1786170199806495265,149115846,4.0,0.0,0.0,0.0,,,,,,Validated reconstruction
decode,1786170199806495265,1786170200657379419,850884154,4.0,0.0,0.0,0.0,,,,,,Validated reconstruction
decode,1786170200657379419,1786170200806495265,149115846,4.0,0.0,0.0,0.0,,,,,,Validated reconstruction
decode,1786170200806495265,1786170201657379419,850884154,4.0,0.0,0.0,0.0,,,,,,Validated reconstruction
decode,1786170201657379419,1786170201806495265,149115846,4.0,0.0,0.0,0.0,,,,,,Validated reconstruction
decode,1786170201806495265,1786170202657379419,850884154,4.0,0.0,0.0,0.0,,,,,,Validated reconstruction
decode,1786170202657379419,1786170202806495265,149115846,4.0,0.0,0.0,0.0,,,,,,Validated reconstruction
decode,1786170202806495265,1786170203657379419,850884154,3.0,0.0,0.0,0.0,,,,,,Validated reconstruction
decode,1786170203657379419,1786170203806495265,149115846,3.0,0.0,0.0,0.0,,,,,,Validated reconstruction
decode,1786170203806495265,1786170204657379419,850884154,3.0,0.0,0.0,0.0,,,,,,Validated reconstruction
decode,1786170204657379419,1786170204806495265,149115846,3.0,0.0,0.0,0.0,,,,,,Validated reconstruction
decode,1786170204806495265,1786170205657379419,850884154,3.0,0.0,0.0,0.0,,,,,,Validated reconstruction
decode,1786170205657379419,1786170205806495265,149115846,3.0,0.0,0.0,0.0,,,,,,Validated reconstruction
decode,1786170205806495265,1786170206657379419,850884154,3.0,0.0,0.0,0.0,,,,,,Validated reconstruction
decode,1786170206657379419,1786170206806495265,149115846,3.0,0.0,0.0,0.0,,,,,,Validated reconstruction
decode,1786170206806495265,1786170207657379419,850884154,3.0,0.0,0.0,0.0,,,,,,Validated reconstruction
decode,1786170207657379419,1786170207806495265,149115846,3.0,0.0,0.0,0.0,,,,,,Validated reconstruction
decode,1786170207806495265,1786170208657379419,850884154,3.0,0.0,0.0,0.0,,,,,,Validated reconstruction
decode,1786170208657379419,1786170208806495265,149115846,3.0,0.0,0.0,0.0,,,,,,Validated reconstruction
decode,1786170208806495265,1786170209657379419,850884154,3.0,0.0,0.0,0.0,,,,,,Validated reconstruction
decode,1786170209657379419,1786170209806495265,149115846,3.0,0.0,0.0,0.0,,,,,,Validated reconstruction
decode,1786170209806495265,1786170210657379419,850884154,3.0,0.0,0.0,0.0,,,,,,Validated reconstruction
decode,1786170210657379419,1786170210806495265,149115846,3.0,0.0,0.0,0.0,,,,,,Validated reconstruction
decode,1786170210806495265,1786170211657379419,850884154,3.0,0.0,0.0,0.0,,,,,,Validated reconstruction
decode,1786170211657379419,1786170211806495265,149115846,3.0,0.0,0.0,0.0,,,,,,Validated reconstruction
decode,1786170211806495265,1786170212657379419,850884154,3.0,0.0,0.0,0.0,,,,,,Validated reconstruction
decode,1786170212657379419,1786170212806495265,149115846,3.0,0.0,0.0,0.0,,,,,,Validated reconstruction
decode,1786170212806495265,1786170213657379419,850884154,3.0,0.0,0.0,0.0,,,,,,Validated reconstruction
decode,1786170213657379419,1786170213806495265,149115846,3.0,0.0,0.0,0.0,,,,,,Validated reconstruction
decode,1786170213806495265,1786170214657379419,850884154,3.0,0.0,0.0,0.0,,,,,,Validated reconstruction
decode,1786170214657379419,1786170214806495265,149115846,3.0,0.0,0.0,0.0,,,,,,Validated reconstruction
decode,1786170214806495265,1786170215657379419,850884154,3.0,0.0,0.0,0.0,,,,,,Validated reconstruction
decode,1786170215657379419,1786170215806495265,149115846,3.0,0.0,0.0,0.0,,,,,,Validated reconstruction
decode,1786170215806495265,1786170216657379419,850884154,3.0,0.0,0.0,0.0,,,,,,Validated reconstruction
decode,1786170216657379419,1786170216806495265,149115846,3.0,0.0,0.0,0.0,,,,,,Validated reconstruction
decode,1786170216806495265,1786170217657379419,850884154,3.0,0.0,0.0,0.0,,,,,,Validated reconstruction
decode,1786170217657379419,1786170217806495265,149115846,3.0,0.0,0.0,0.0,,,,,,Validated reconstruction
decode,1786170217806495265,1786170218657379419,850884154,3.0,0.0,0.0,0.0,,,,,,Validated reconstruction
decode,1786170218657379419,1786170218806495265,149115846,3.0,0.0,0.0,0.0,,,,,,Validated reconstruction
decode,1786170218806495265,1786170219657379419,850884154,3.0,0.0,0.0,0.0,,,,,,Validated reconstruction
decode,1786170219657379419,1786170219806495265,149115846,3.0,0.0,0.0,0.0,,,,,,Validated reconstruction
decode,1786170219806495265,1786170220657379419,850884154,3.0,0.0,0.0,0.0,,,,,,Validated reconstruction
decode,1786170220657379419,1786170220806495265,149115846,3.0,0.0,0.0,0.0,,,,,,Validated reconstruction
decode,1786170220806495265,1786170221657379419,850884154,3.0,0.0,0.0,0.0,,,,,,Validated reconstruction
decode,1786170221657379419,1786170221806495265,149115846,3.0,0.0,0.0,0.0,,,,,,Validated reconstruction
decode,1786170221806495265,1786170222657379419,850884154,3.0,0.0,0.0,0.0,,,,,,Validated reconstruction
decode,1786170222657379419,1786170222806495265,149115846,3.0,0.0,0.0,0.0,,,,,,Validated reconstruction
decode,1786170222806495265,1786170223657379419,850884154,3.0,0.0,0.0,0.0,,,,,,Validated reconstruction
decode,1786170223657379419,1786170223806495265,149115846,3.0,0.0,0.0,0.0,,,,,,Validated reconstruction
decode,1786170223806495265,1786170224657379419,850884154,3.0,0.0,0.0,0.0,,,,,,Validated reconstruction
decode,1786170224657379419,1786170224806495265,149115846,0.0,0.0,0.0,0.0,,,,,,Validated reconstruction
decode,1786170224806495265,1786170225657379419,850884154,0.0,0.0,0.0,0.0,,,,,,Validated reconstruction
decode,1786170225657379419,1786170225806495265,149115846,0.0,0.0,0.0,0.0,,,,,,Validated reconstruction
decode,1786170225806495265,1786170226657379419,850884154,0.0,0.0,0.0,0.0,,,,,,Validated reconstruction
decode,1786170226657379419,1786170226806495265,149115846,0.0,0.0,0.0,0.0,,,,,,Validated reconstruction
decode,1786170226806495265,1786170227657379419,850884154,0.0,0.0,0.0,0.0,,,,,,Validated reconstruction
decode,1786170227657379419,1786170227806495265,149115846,0.0,0.0,0.0,0.0,,,,,,Validated reconstruction
decode,1786170227806495265,1786170228657379419,850884154,0.0,0.0,0.0,0.0,,,,,,Validated reconstruction
decode,1786170228657379419,1786170228806495265,149115846,0.0,0.0,0.0,0.0,,,,,,Validated reconstruction
decode,1786170228806495265,1786170229657379419,850884154,0.0,0.0,0.0,0.0,,,,,,Validated reconstruction
decode,1786170229657379419,1786170229806495265,149115846,0.0,0.0,0.0,0.0,,,,,,Validated reconstruction
decode,1786170229806495265,1786170230657379419,850884154,0.0,0.0,0.0,0.0,,,,,,Validated reconstruction
decode,1786170230657379419,1786170230806495265,149115846,0.0,0.0,0.0,0.0,,,,,,Validated reconstruction
decode,1786170230806495265,1786170231657379419,850884154,0.0,0.0,0.0,0.0,,,,,,Validated reconstruction
decode,1786170231657379419,1786170231806495265,149115846,0.0,0.0,0.0,0.0,,,,,,Validated reconstruction
decode,1786170231806495265,1786170232657379419,850884154,0.0,0.0,0.0,0.0,,,,,,Validated reconstruction
decode,1786170232657379419,1786170232806495265,149115846,0.0,0.0,0.0,0.0,,,,,,Validated reconstruction
decode,1786170232806495265,1786170233656961586,850466321,0.0,0.0,0.0,0.0,,,,,,Validated reconstruction
