request_identity_key,root_trace_id,source_trace_id,source_outer_idx,source_inner_idx,source_conversation_path,source_branch_type,exact_source_key,session_num,turn_index,request_start_ns,request_ack_ns,request_end_ns,ttft_ms,itl_ms,e2e_ms,output_tokens,worker_id,x_request_id,interval_valid,branch_concurrency_group,system_inflight_before_start,system_inflight_at_start,root_inflight_at_start,subagent_inflight_at_start,system_inflight_before_end,system_inflight_after_end
31235207041|8|9017979109|0|063179eb93f4337a662e859c5a2c5638e03f::aux:001|0|1786166593662181632|88,063179eb93f4337a662e859c5a2c5638e03f,063179eb93f4337a662e859c5a2c5638e03f,2,,063179eb93f4337a662e859c5a2c5638e03f,root,063179eb93f4337a662e859c5a2c5638e03f|2|-1,0,0,1786166593662181632,1786166593677108736,1786166605108670720,2684.420421,438.0963025,11446.346470999999,21.0,worker_8a32eb3d,77a95b11-e304-4181-97a3-4b9f8c22fbc1,True,root,0,1,1,0,1,0
31235207041|8|9017979109|1|063179eb93f4337a662e859c5a2c5638e03f::fa:000|1|1786166610512069376|89,063179eb93f4337a662e859c5a2c5638e03f,063179eb93f4337a662e859c5a2c5638e03f,3,,063179eb93f4337a662e859c5a2c5638e03f,root,063179eb93f4337a662e859c5a2c5638e03f|3|-1,1,1,1786166610512069376,1786166610625672704,1786166620967706880,616.551817,10.907878413525498,10455.458145999999,903.0,worker_52cdd4a9,10997e63-5f93-4d01-8b86-ccaa96aaae59,True,root,0,1,1,0,2,1
31235207041|8|9017979109|2|05c249572509162371b7b82339674db64b5d|6|1786166616520158464|90,05c249572509162371b7b82339674db64b5d,05c249572509162371b7b82339674db64b5d,6,,05c249572509162371b7b82339674db64b5d,root,05c249572509162371b7b82339674db64b5d|6|-1,2,6,1786166616520158464,1786166616785223680,1786166631880692736,923.2064879999999,22.007823474085363,15360.338687,657.0,worker_29a49ec4,53513d10-d292-4995-bd66-f8febce2d544,True,root,1,2,2,0,1,0
31235207041|8|9017979109|3|05c249572509162371b7b82339674db64b5d|7|1786166633086070016|91,05c249572509162371b7b82339674db64b5d,05c249572509162371b7b82339674db64b5d,7,,05c249572509162371b7b82339674db64b5d,root,05c249572509162371b7b82339674db64b5d|7|-1,3,7,1786166633086070016,1786166633387215360,1786166640911534080,881.432323,11.869927001709401,7825.339618999999,586.0,worker_29a49ec4,b9716d82-c37b-4dec-b134-98aedf3ca921,True,root,0,1,1,0,1,0
31235207041|8|9017979109|4|05c249572509162371b7b82339674db64b5d|8|1786166642166718208|92,05c249572509162371b7b82339674db64b5d,05c249572509162371b7b82339674db64b5d,8,,05c249572509162371b7b82339674db64b5d,root,05c249572509162371b7b82339674db64b5d|8|-1,4,8,1786166642166718208,1786166642437222912,1786166644323887872,884.458987,127.2585839,2157.044826,11.0,worker_29a49ec4,720a54fc-438a-4213-916e-14ebd169fd2c,True,root,0,1,1,0,1,0
31235207041|8|9017979109|5|063179eb93f4337a662e859c5a2c5638e03f::fa:000|2|1786166652989475328|93,063179eb93f4337a662e859c5a2c5638e03f,063179eb93f4337a662e859c5a2c5638e03f,4,,063179eb93f4337a662e859c5a2c5638e03f,root,063179eb93f4337a662e859c5a2c5638e03f|4|-1,5,2,1786166652989475328,1786166653119518208,1786166681156018176,1976.86753,10.238282196637998,28166.393388999997,2559.0,worker_8a32eb3d,94b5fdb6-42d9-4c48-b585-d8c78c72fa60,True,root,0,1,1,0,1,0
31235207041|8|9017979109|6|05f72f78a037cfa5cd4e4541960a574701d9|5|1786166686982918656|94,05f72f78a037cfa5cd4e4541960a574701d9,05f72f78a037cfa5cd4e4541960a574701d9,5,,05f72f78a037cfa5cd4e4541960a574701d9,root,05f72f78a037cfa5cd4e4541960a574701d9|5|-1,6,5,1786166686982918656,1786166687184588544,1786166692301485312,710.6958639999999,13.016106562146891,5318.3975869999995,355.0,worker_6e24a6ae,33627f67-6262-4a87-b681-f208bf4ecdc4,True,root,0,1,1,0,1,0
31235207041|8|9017979109|7|05f72f78a037cfa5cd4e4541960a574701d9|6|1786166692994830080|95,05f72f78a037cfa5cd4e4541960a574701d9,05f72f78a037cfa5cd4e4541960a574701d9,6,,05f72f78a037cfa5cd4e4541960a574701d9,root,05f72f78a037cfa5cd4e4541960a574701d9|6|-1,7,6,1786166692994830080,1786166693204465664,1786166700291766528,813.2093299999999,12.268556098484847,7291.00695,529.0,worker_6e24a6ae,78fb4304-2fed-4493-a7db-2186bd037459,True,root,0,1,1,0,1,0
31235207041|8|9017979109|8|05c249572509162371b7b82339674db64b5d|9|1786166710294891520|96,05c249572509162371b7b82339674db64b5d,05c249572509162371b7b82339674db64b5d,9,,05c249572509162371b7b82339674db64b5d,root,05c249572509162371b7b82339674db64b5d|9|-1,8,9,1786166710294891520,1786166710537327360,1786166715031079936,1228.7680599999999,9.905539881355931,4735.329178,355.0,worker_29a49ec4,4e47925a-31f1-45cb-be81-11330f241a14,True,root,0,1,1,0,1,0
31235207041|8|9017979109|9|05c249572509162371b7b82339674db64b5d|10|1786166717054521088|97,05c249572509162371b7b82339674db64b5d,05c249572509162371b7b82339674db64b5d,10,,05c249572509162371b7b82339674db64b5d,root,05c249572509162371b7b82339674db64b5d|10|-1,9,10,1786166717054521088,1786166717355251456,1786166756332860672,1076.149091,9.843349432105127,39278.188236999995,3882.0,worker_29a49ec4,58fd1d4d-b3e7-4e56-a575-bd1b8260b30f,True,root,0,1,1,0,1,0
31235207041|8|9017979109|10|05c249572509162371b7b82339674db64b5d|11|1786166759036430592|98,05c249572509162371b7b82339674db64b5d,05c249572509162371b7b82339674db64b5d,11,,05c249572509162371b7b82339674db64b5d,root,05c249572509162371b7b82339674db64b5d|11|-1,10,11,1786166759036430592,1786166759244868096,1786166768251180032,811.5040319999999,11.606513602209944,9214.61988,725.0,worker_29a49ec4,baf26a74-d1b6-4c12-b6e7-359218af8989,True,root,0,1,1,0,1,0
31235207041|8|9017979109|11|05c249572509162371b7b82339674db64b5d|12|1786166769417100544|99,05c249572509162371b7b82339674db64b5d,05c249572509162371b7b82339674db64b5d,12,,05c249572509162371b7b82339674db64b5d,root,05c249572509162371b7b82339674db64b5d|12|-1,11,12,1786166769417100544,1786166769650976768,1786166772944484864,836.8609329999999,10.001449717472118,3527.2509069999996,270.0,worker_29a49ec4,dac0dbdd-68d8-489b-830c-2874be9d3369,True,root,0,1,1,0,1,0
31235207041|8|9017979109|12|05f72f78a037cfa5cd4e4541960a574701d9|7|1786166774178035968|100,05f72f78a037cfa5cd4e4541960a574701d9,05f72f78a037cfa5cd4e4541960a574701d9,7,,05f72f78a037cfa5cd4e4541960a574701d9,root,05f72f78a037cfa5cd4e4541960a574701d9|7|-1,12,7,1786166774178035968,1786166774352169216,1786166782547983616,732.1942819999999,11.971191081504703,8369.814192,639.0,worker_6e24a6ae,ad99c69d-ffa3-4af9-ab27-2653bba1316c,True,root,0,1,1,0,1,0
31235207041|8|9017979109|13|05f72f78a037cfa5cd4e4541960a574701d9|8|1786166783362751232|101,05f72f78a037cfa5cd4e4541960a574701d9,05f72f78a037cfa5cd4e4541960a574701d9,8,,05f72f78a037cfa5cd4e4541960a574701d9,root,05f72f78a037cfa5cd4e4541960a574701d9|8|-1,13,8,1786166783362751232,1786166783551312384,1786166787284549888,754.637844,16.31673404639175,3920.084249,195.0,worker_6e24a6ae,8afa5772-3183-40fa-bd98-1df016522fb0,True,root,0,1,1,0,1,0
31235207041|8|9017979109|14|05c249572509162371b7b82339674db64b5d|13|1786166792453508352|102,05c249572509162371b7b82339674db64b5d,05c249572509162371b7b82339674db64b5d,13,,05c249572509162371b7b82339674db64b5d,root,05c249572509162371b7b82339674db64b5d|13|-1,14,13,1786166792453508352,1786166792964546304,1786166801412711936,1124.460008,10.148415113989637,8959.036476,773.0,worker_29a49ec4,add7f65f-548c-4d15-9243-560c09fcd2a3,True,root,0,1,1,0,1,0
31235207041|8|9017979109|15|05c249572509162371b7b82339674db64b5d|14|1786166809780338432|103,05c249572509162371b7b82339674db64b5d,05c249572509162371b7b82339674db64b5d,14,,05c249572509162371b7b82339674db64b5d,root,05c249572509162371b7b82339674db64b5d|14|-1,15,14,1786166809780338432,1786166810024590336,1786166819199083776,1236.648444,11.9440504,9418.322968,686.0,worker_29a49ec4,32ff703f-5537-44e0-9c42-39db1520832e,True,root,0,1,1,0,2,1
31235207041|8|9017979109|16|063179eb93f4337a662e859c5a2c5638e03f::fa:000|3|1786166810532049920|104,063179eb93f4337a662e859c5a2c5638e03f,063179eb93f4337a662e859c5a2c5638e03f,5,,063179eb93f4337a662e859c5a2c5638e03f,root,063179eb93f4337a662e859c5a2c5638e03f|5|-1,16,3,1786166810532049920,1786166810681072896,1786166830694095104,1013.861101,11.790664016625614,20161.899464,1625.0,worker_52cdd4a9,01d3b68e-199a-476e-826a-3fa8c6ae65df,True,root,1,2,2,0,2,1
31235207041|8|9017979109|17|05c249572509162371b7b82339674db64b5d|15|1786166820662189568|105,05c249572509162371b7b82339674db64b5d,05c249572509162371b7b82339674db64b5d,15,,05c249572509162371b7b82339674db64b5d,root,05c249572509162371b7b82339674db64b5d|15|-1,17,15,1786166820662189568,1786166820889139200,1786166835701579264,1205.6731049999999,11.45152698013245,15039.117697,1209.0,worker_29a49ec4,7aff2ab6-dd15-46bb-b6fb-07ff6f2eebe0,True,root,1,2,2,0,1,0
31235207041|8|9017979109|18|05c249572509162371b7b82339674db64b5d|16|1786166837149256192|106,05c249572509162371b7b82339674db64b5d,05c249572509162371b7b82339674db64b5d,16,,05c249572509162371b7b82339674db64b5d,root,05c249572509162371b7b82339674db64b5d|16|-1,18,16,1786166837149256192,1786166837775530240,1786166841130539008,1154.037546,10.431683501845018,3981.0237749999997,272.0,worker_29a49ec4,c5efcff2-1f51-4185-8570-80130a6aadfa,True,root,0,1,1,0,1,0
31235207041|8|9017979109|19|05c249572509162371b7b82339674db64b5d|17|1786166842236750336|107,05c249572509162371b7b82339674db64b5d,05c249572509162371b7b82339674db64b5d,17,,05c249572509162371b7b82339674db64b5d,root,05c249572509162371b7b82339674db64b5d|17|-1,19,17,1786166842236750336,1786166842956184320,1786166852676777984,1987.370117,10.435180891358025,10439.866639,811.0,worker_29a49ec4,37ba256a-bca6-4967-968a-416ea36d9dfd,True,root,0,1,1,0,1,0
31235207041|8|9017979109|21|05f72f78a037cfa5cd4e4541960a574701d9|9|1786166863298402560|108,05f72f78a037cfa5cd4e4541960a574701d9,05f72f78a037cfa5cd4e4541960a574701d9,9,,05f72f78a037cfa5cd4e4541960a574701d9,root,05f72f78a037cfa5cd4e4541960a574701d9|9|-1,21,9,1786166863298402560,1786166863821538560,1786166867102931200,1112.5112769999998,15.38227313142857,3804.409075,176.0,worker_6e24a6ae,9b3b7fda-19c4-458c-8858-3b0badb5da2d,True,root,1,2,2,0,3,2
31235207041|8|9017979109|22|05c249572509162371b7b82339674db64b5d::aux:000|0|1786166866957543936|109,05c249572509162371b7b82339674db64b5d,05c249572509162371b7b82339674db64b5d,19,,05c249572509162371b7b82339674db64b5d,root,05c249572509162371b7b82339674db64b5d|19|-1,22,0,1786166866957543936,1786166866975019776,1786166879003407872,584.6932489999999,10.691276611940298,12045.741777,1073.0,worker_29a49ec4,35781683-aebb-4a6b-acc7-cf2ab8e2aaaa,True,root,2,3,3,0,3,2
31235207041|8|9017979109|23|05f72f78a037cfa5cd4e4541960a574701d9|10|1786166868048738048|110,05f72f78a037cfa5cd4e4541960a574701d9,05f72f78a037cfa5cd4e4541960a574701d9,10,,05f72f78a037cfa5cd4e4541960a574701d9,root,05f72f78a037cfa5cd4e4541960a574701d9|10|-1,23,10,1786166868048738048,1786166868298912000,1786166879478908928,896.889961,10.704444281504065,11430.063134,985.0,worker_6e24a6ae,46f5a2c1-57a6-4bf1-a2db-ad499fdb19b1,True,root,2,3,3,0,2,1
31235207041|8|9017979109|20|05c249572509162371b7b82339674db64b5d|18|1786166853925576192|111,05c249572509162371b7b82339674db64b5d,05c249572509162371b7b82339674db64b5d,18,,05c249572509162371b7b82339674db64b5d,root,05c249572509162371b7b82339674db64b5d|18|-1,20,18,1786166853925576192,1786166854403469312,1786166886846120960,2851.860244,10.85504108231047,32920.324042,2771.0,worker_29a49ec4,ce2e3e2a-cc6e-4076-b961-2a195916ce61,True,root,0,1,1,0,2,1
31235207041|8|9017979109|28|0196085d85d2075a50b74cd8795ffbdcea9a|92|1786166893664163584|112,0196085d85d2075a50b74cd8795ffbdcea9a,0196085d85d2075a50b74cd8795ffbdcea9a,98,,0196085d85d2075a50b74cd8795ffbdcea9a,root,0196085d85d2075a50b74cd8795ffbdcea9a|98|-1,28,92,1786166893664163584,1786166895216478208,1786166895921499904,2257.191532,,2257.191532,1.0,worker_775bd273,dff401ae-6c62-4140-bdbc-86161d04b2f4,True,root,5,6,6,0,7,6
31235207041|8|9017979109|29|03e110ac6921c2fe9ac7772a9654314a2beb|29|1786166893664027392|113,03e110ac6921c2fe9ac7772a9654314a2beb,03e110ac6921c2fe9ac7772a9654314a2beb,34,,03e110ac6921c2fe9ac7772a9654314a2beb,root,03e110ac6921c2fe9ac7772a9654314a2beb|34|-1,29,29,1786166893664027392,1786166894694502400,1786166896228781824,2564.61221,,2564.61221,1.0,worker_e00f4dfb,005569fd-ed74-4ea1-964c-6d2ba635bb96,True,root,4,5,5,0,6,5
31235207041|8|9017979109|30|0470d446a4514dfe0c6ad0be92853bd13287::aux:011|0|1786166893663650048|114,0470d446a4514dfe0c6ad0be92853bd13287,0470d446a4514dfe0c6ad0be92853bd13287,402,,0470d446a4514dfe0c6ad0be92853bd13287,root,0470d446a4514dfe0c6ad0be92853bd13287|402|-1,30,0,1786166893663650048,1786166893671490048,1786166896969543936,1101.485433,10.446781995260663,3305.756434,212.0,worker_8a32eb3d,1000d368-25f0-4413-abed-14cbfc4fb25a,True,root,3,4,4,0,5,4
31235207041|8|9017979109|27|006c98de37d819e95b0840e25426bb7ca99d|15|1786166893663293952|115,006c98de37d819e95b0840e25426bb7ca99d,006c98de37d819e95b0840e25426bb7ca99d,15,,006c98de37d819e95b0840e25426bb7ca99d,root,006c98de37d819e95b0840e25426bb7ca99d|15|-1,27,15,1786166893663293952,1786166893969681920,1786166897926655488,1024.365308,12.895466747999999,4248.231995,251.0,worker_4c4f3206,f20b8a75-8bdd-4eb8-8fab-37367980f409,True,root,2,3,3,0,4,3
31235207041|8|9017979109|24|05f72f78a037cfa5cd4e4541960a574701d9|11|1786166880505946880|116,05f72f78a037cfa5cd4e4541960a574701d9,05f72f78a037cfa5cd4e4541960a574701d9,11,,05f72f78a037cfa5cd4e4541960a574701d9,root,05f72f78a037cfa5cd4e4541960a574701d9|11|-1,24,11,1786166880505946880,1786166880705686272,1786166902783300096,794.427204,10.348147006743737,22277.180389999998,2077.0,worker_6e24a6ae,fc0975b5-9b88-499e-8738-5c6f50b0890e,True,root,1,2,2,0,5,4
31235207041|8|9017979109|32|03e110ac6921c2fe9ac7772a9654314a2beb|30|1786166900855999744|117,03e110ac6921c2fe9ac7772a9654314a2beb,03e110ac6921c2fe9ac7772a9654314a2beb,35,,03e110ac6921c2fe9ac7772a9654314a2beb,root,03e110ac6921c2fe9ac7772a9654314a2beb|35|-1,32,30,1786166900855999744,1786166901850785280,1786166904282310400,3426.1308689999996,,3426.1308689999996,1.0,worker_e00f4dfb,f05da05a-5bee-4f58-9dea-1a28c8a0073e,True,root,4,5,5,0,5,4
31235207041|8|9017979109|31|006c98de37d819e95b0840e25426bb7ca99d|16|1786166899444298240|118,006c98de37d819e95b0840e25426bb7ca99d,006c98de37d819e95b0840e25426bb7ca99d,16,,006c98de37d819e95b0840e25426bb7ca99d,root,006c98de37d819e95b0840e25426bb7ca99d|16|-1,31,16,1786166899444298240,1786166899704948224,1786166906210211840,923.81525,10.32144551943463,6765.753414,567.0,worker_4c4f3206,1f0a1e9b-5317-4245-9517-50ca79c333b7,True,root,3,4,4,0,4,3
31235207041|8|9017979109|25|05c249572509162371b7b82339674db64b5d::aux:001|0|1786166886848699136|119,05c249572509162371b7b82339674db64b5d,05c249572509162371b7b82339674db64b5d,20,,05c249572509162371b7b82339674db64b5d,root,05c249572509162371b7b82339674db64b5d|20|-1,25,0,1786166886848699136,1786166886864849664,1786166909249984512,1277.2619869999999,10.264279044703596,22401.148261,2059.0,worker_29a49ec4,ddacd443-c6aa-49cc-9b64-bd8a1358874a,True,root,1,2,2,0,3,2
31235207041|8|9017979109|26|002001296e8a8c38ad9d7cc436d691afc602|94|1786166893667488256|120,002001296e8a8c38ad9d7cc436d691afc602,002001296e8a8c38ad9d7cc436d691afc602,99,,002001296e8a8c38ad9d7cc436d691afc602,root,002001296e8a8c38ad9d7cc436d691afc602|99|-1,26,94,1786166893667488256,1786166896281198848,1786166914696322816,21028.582002,,21028.582002,1.0,worker_764e719b,13d84da7-8d41-4289-967b-65dbf135484c,True,root,6,7,7,0,3,2
31235207041|8|9017979109|33|0470d446a4514dfe0c6ad0be92853bd13287::fa:009|48|1786166903358977536|121,0470d446a4514dfe0c6ad0be92853bd13287,0470d446a4514dfe0c6ad0be92853bd13287,403,,0470d446a4514dfe0c6ad0be92853bd13287,root,0470d446a4514dfe0c6ad0be92853bd13287|403|-1,33,48,1786166903358977536,1786166903670289408,1786166919531448576,13433.136274999999,10.454412297709922,16172.192297,263.0,worker_52cdd4a9,4f3fa454-e1f8-4204-9223-a865f3b57c3b,True,root,4,5,5,0,2,1
31235207041|8|9017979109|35|063179eb93f4337a662e859c5a2c5638e03f::fa:000|4|1786166921619015424|122,063179eb93f4337a662e859c5a2c5638e03f,063179eb93f4337a662e859c5a2c5638e03f,6,,063179eb93f4337a662e859c5a2c5638e03f,root,063179eb93f4337a662e859c5a2c5638e03f|6|-1,35,4,1786166921619015424,1786166921770773248,1786166926282169344,3591.7005329999997,10.301177298076924,4663.022972,105.0,worker_8a32eb3d,eeef0fca-c69a-4f30-a4c6-144728ae9367,True,root,1,2,2,0,4,3
31235207041|8|9017979109|38|063179eb93f4337a662e859c5a2c5638e03f::fa:000|5|1786166926853519360|123,063179eb93f4337a662e859c5a2c5638e03f,063179eb93f4337a662e859c5a2c5638e03f,7,,063179eb93f4337a662e859c5a2c5638e03f,root,063179eb93f4337a662e859c5a2c5638e03f|7|-1,38,5,1786166926853519360,1786166927014585088,1786166930206553088,1731.7665419999998,10.953457,3352.878178,149.0,worker_8a32eb3d,55c3f111-c52f-4f23-8fdb-6d3365493e46,True,root,3,4,4,0,4,3
31235207041|8|9017979109|39|063179eb93f4337a662e859c5a2c5638e03f::fa:000|6|1786166931384524544|124,063179eb93f4337a662e859c5a2c5638e03f,063179eb93f4337a662e859c5a2c5638e03f,8,,063179eb93f4337a662e859c5a2c5638e03f,root,063179eb93f4337a662e859c5a2c5638e03f|8|-1,39,6,1786166931384524544,1786166931551252224,1786166935933432576,2285.938967,14.69376975974026,4548.779509999999,155.0,worker_8a32eb3d,3a460a23-cf29-474c-83e5-7017111584da,True,root,3,4,4,0,5,4
31235207041|8|9017979109|36|0470d446a4514dfe0c6ad0be92853bd13287::fa:009|49|1786166923008797696|125,0470d446a4514dfe0c6ad0be92853bd13287,0470d446a4514dfe0c6ad0be92853bd13287,404,,0470d446a4514dfe0c6ad0be92853bd13287,root,0470d446a4514dfe0c6ad0be92853bd13287|404|-1,36,49,1786166923008797696,1786166923341007104,1786166936101359872,5576.799265,11.706268087227413,13092.223377,643.0,worker_52cdd4a9,51947048-bb6b-4bef-892c-c7fbeffa9f42,True,root,2,3,3,0,4,3
31235207041|8|9017979109|40|0196085d85d2075a50b74cd8795ffbdcea9a|93|1786166935088214528|126,0196085d85d2075a50b74cd8795ffbdcea9a,0196085d85d2075a50b74cd8795ffbdcea9a,99,,0196085d85d2075a50b74cd8795ffbdcea9a,root,0196085d85d2075a50b74cd8795ffbdcea9a|99|-1,40,93,1786166935088214528,1786166936757671424,1786166942731114240,7637.706601999999,,7637.706601999999,1.0,worker_775bd273,54c37e99-356f-43fc-88e6-72cdb7ae6bda,True,root,4,5,5,0,5,4
31235207041|8|9017979109|42|0470d446a4514dfe0c6ad0be92853bd13287::fa:009|50|1786166939833271552|127,0470d446a4514dfe0c6ad0be92853bd13287,0470d446a4514dfe0c6ad0be92853bd13287,405,,0470d446a4514dfe0c6ad0be92853bd13287,root,0470d446a4514dfe0c6ad0be92853bd13287|405|-1,42,50,1786166939833271552,1786166940161194240,1786166942764897792,1002.7920939999999,15.678690252032519,2931.270995,124.0,worker_8a32eb3d,8e19ba4c-5dd1-4bfa-bcc0-c0802ed73aa7,True,root,4,5,5,0,4,3
31235207041|8|9017979109|41|063179eb93f4337a662e859c5a2c5638e03f::fa:000|7|1786166936591287040|128,063179eb93f4337a662e859c5a2c5638e03f,063179eb93f4337a662e859c5a2c5638e03f,9,,063179eb93f4337a662e859c5a2c5638e03f,root,063179eb93f4337a662e859c5a2c5638e03f|9|-1,41,7,1786166936591287040,1786166936774687232,1786166944703726592,757.1854109999999,11.730641114832535,8112.29739,628.0,worker_52cdd4a9,ca934f60-2e66-4c5c-95fc-8362d35251a3,True,root,3,4,4,0,3,2
31235207041|8|9017979109|43|0470d446a4514dfe0c6ad0be92853bd13287::fa:009|51|1786166945036399104|129,0470d446a4514dfe0c6ad0be92853bd13287,0470d446a4514dfe0c6ad0be92853bd13287,406,,0470d446a4514dfe0c6ad0be92853bd13287,root,0470d446a4514dfe0c6ad0be92853bd13287|406|-1,43,51,1786166945036399104,1786166945336288512,1786166949150205952,2509.8888589999997,12.43605775,4101.704251,129.0,worker_52cdd4a9,7650de8d-b104-4533-b92b-7a53be509fee,True,root,2,3,3,0,4,3
31235207041|8|9017979109|44|063179eb93f4337a662e859c5a2c5638e03f::fa:000|8|1786166945268999168|130,063179eb93f4337a662e859c5a2c5638e03f,063179eb93f4337a662e859c5a2c5638e03f,10,,063179eb93f4337a662e859c5a2c5638e03f,root,063179eb93f4337a662e859c5a2c5638e03f|10|-1,44,8,1786166945268999168,1786166945448255488,1786166951558075648,2314.8517079999997,10.268449155038759,6288.741531,388.0,worker_8a32eb3d,8c00c613-1f55-4e01-8284-7583f95cf77a,True,root,3,4,4,0,4,3
31235207041|8|9017979109|45|0470d446a4514dfe0c6ad0be92853bd13287::fa:009|52|1786166951513163776|131,0470d446a4514dfe0c6ad0be92853bd13287,0470d446a4514dfe0c6ad0be92853bd13287,407,,0470d446a4514dfe0c6ad0be92853bd13287,root,0470d446a4514dfe0c6ad0be92853bd13287|407|-1,45,52,1786166951513163776,1786166951841611520,1786166957084886784,968.904354,10.204869600886918,5571.300544,452.0,worker_52cdd4a9,dd91e3e7-75f9-49f2-890f-19736fb11e46,True,root,3,4,4,0,4,3
31235207041|8|9017979109|46|063179eb93f4337a662e859c5a2c5638e03f::fa:000|9|1786166955231246848|132,063179eb93f4337a662e859c5a2c5638e03f,063179eb93f4337a662e859c5a2c5638e03f,11,,063179eb93f4337a662e859c5a2c5638e03f,root,063179eb93f4337a662e859c5a2c5638e03f|11|-1,46,9,1786166955231246848,1786166955381411072,1786166958137736448,818.552406,10.761123221649484,2906.210311,195.0,worker_8a32eb3d,55e38a55-1a8b-40e4-93c8-2bab658f0fdd,True,root,3,4,4,0,3,2
31235207041|8|9017979109|47|0470d446a4514dfe0c6ad0be92853bd13287::fa:009|53|1786166959689364480|133,0470d446a4514dfe0c6ad0be92853bd13287,0470d446a4514dfe0c6ad0be92853bd13287,408,,0470d446a4514dfe0c6ad0be92853bd13287,root,0470d446a4514dfe0c6ad0be92853bd13287|408|-1,47,53,1786166959689364480,1786166960536837120,1786166963681786112,1447.992697,18.844460985185183,3991.99493,136.0,worker_52cdd4a9,4d8e3da4-e7b2-43cc-bf80-3aa2ab32f6cf,True,root,2,3,3,0,3,2
31235207041|8|9017979109|48|0470d446a4514dfe0c6ad0be92853bd13287::fa:009|54|1786166965515096576|134,0470d446a4514dfe0c6ad0be92853bd13287,0470d446a4514dfe0c6ad0be92853bd13287,409,,0470d446a4514dfe0c6ad0be92853bd13287,root,0470d446a4514dfe0c6ad0be92853bd13287|409|-1,48,54,1786166965515096576,1786166965860805632,1786166968057661952,930.8027199999999,10.46487411038961,2542.393333,155.0,worker_8a32eb3d,51182959-aadd-4c74-87d4-ba56e2efedad,True,root,2,3,3,0,3,2
31235207041|8|9017979109|37|006c98de37d819e95b0840e25426bb7ca99d|17|1786166924566085888|135,006c98de37d819e95b0840e25426bb7ca99d,006c98de37d819e95b0840e25426bb7ca99d,17,,006c98de37d819e95b0840e25426bb7ca99d,root,006c98de37d819e95b0840e25426bb7ca99d|17|-1,37,17,1786166924566085888,1786166924925219328,1786166974016082688,4637.356089,11.081266257418397,49449.996834,4045.0,worker_4c4f3206,893c4494-9693-45f2-be29-6ede29299cd4,True,root,3,4,4,0,4,3
31235207041|8|9017979109|49|0470d446a4514dfe0c6ad0be92853bd13287::fa:009|55|1786166969631015424|136,0470d446a4514dfe0c6ad0be92853bd13287,0470d446a4514dfe0c6ad0be92853bd13287,410,,0470d446a4514dfe0c6ad0be92853bd13287,root,0470d446a4514dfe0c6ad0be92853bd13287|410|-1,49,55,1786166969631015424,1786166970512474112,1786166974444097792,1495.932852,10.364883584374999,4812.695599,321.0,worker_52cdd4a9,241ff887-2fda-4232-ab48-a5c10ad7daf5,True,root,2,3,3,0,3,2
31235207041|8|9017979109|50|03e110ac6921c2fe9ac7772a9654314a2beb|31|1786166972329927680|137,03e110ac6921c2fe9ac7772a9654314a2beb,03e110ac6921c2fe9ac7772a9654314a2beb,36,,03e110ac6921c2fe9ac7772a9654314a2beb,root,03e110ac6921c2fe9ac7772a9654314a2beb|36|-1,50,31,1786166972329927680,1786166973364063488,1786166974514754048,2184.670765,,2184.670765,1.0,worker_e00f4dfb,2720c6e9-cfe2-4de6-9149-48981ae7af4f,True,root,3,4,4,0,2,1
31235207041|8|9017979109|53|03e110ac6921c2fe9ac7772a9654314a2beb|32|1786166979370737920|138,03e110ac6921c2fe9ac7772a9654314a2beb,03e110ac6921c2fe9ac7772a9654314a2beb,37,,03e110ac6921c2fe9ac7772a9654314a2beb,root,03e110ac6921c2fe9ac7772a9654314a2beb|37|-1,53,32,1786166979370737920,1786166980967286272,1786166981590726912,2219.790779,,2219.790779,1.0,worker_e00f4dfb,08ed4752-52b0-4012-93b0-122b4988395f,True,root,3,4,4,0,4,3
31235207041|8|9017979109|52|0470d446a4514dfe0c6ad0be92853bd13287::fa:009|56|1786166976630000896|139,0470d446a4514dfe0c6ad0be92853bd13287,0470d446a4514dfe0c6ad0be92853bd13287,411,,0470d446a4514dfe0c6ad0be92853bd13287,root,0470d446a4514dfe0c6ad0be92853bd13287|411|-1,52,56,1786166976630000896,1786166977096249344,1786166982687582720,4409.044388,10.634610599999998,6057.409031,156.0,worker_8a32eb3d,7fd2075c-e271-4488-ae84-42d4e5845076,True,root,2,3,3,0,3,2
31235207041|8|9017979109|54|0470d446a4514dfe0c6ad0be92853bd13287::fa:009|57|1786166984343848192|140,0470d446a4514dfe0c6ad0be92853bd13287,0470d446a4514dfe0c6ad0be92853bd13287,412,,0470d446a4514dfe0c6ad0be92853bd13287,root,0470d446a4514dfe0c6ad0be92853bd13287|412|-1,54,57,1786166984343848192,1786166984682022144,1786166986777869568,997.9979659999999,10.481383708029197,2433.947534,138.0,worker_52cdd4a9,f38f1aec-f67a-45eb-9aa9-c2540b462147,True,root,2,3,3,0,4,3
31235207041|8|9017979109|55|03e110ac6921c2fe9ac7772a9654314a2beb|33|1786166986023432704|141,03e110ac6921c2fe9ac7772a9654314a2beb,03e110ac6921c2fe9ac7772a9654314a2beb,38,,03e110ac6921c2fe9ac7772a9654314a2beb,root,03e110ac6921c2fe9ac7772a9654314a2beb|38|-1,55,33,1786166986023432704,1786166986952724224,1786166987575930624,1552.359234,,1552.359234,1.0,worker_e00f4dfb,d8c461e0-4196-4dee-b90d-2f9030df0c86,True,root,3,4,4,0,3,2
31235207041|8|9017979109|56|0196085d85d2075a50b74cd8795ffbdcea9a|94|1786166988467596544|142,0196085d85d2075a50b74cd8795ffbdcea9a,0196085d85d2075a50b74cd8795ffbdcea9a,100,,0196085d85d2075a50b74cd8795ffbdcea9a,root,0196085d85d2075a50b74cd8795ffbdcea9a|100|-1,56,94,1786166988467596544,1786166989998582528,1786166990607528448,2139.80741,,2139.80741,1.0,worker_775bd273,54306ec4-1f24-4feb-88aa-c79ae179e3e2,True,root,2,3,3,0,4,3
31235207041|8|9017979109|57|0470d446a4514dfe0c6ad0be92853bd13287::fa:009|58|1786166988470169600|143,0470d446a4514dfe0c6ad0be92853bd13287,0470d446a4514dfe0c6ad0be92853bd13287,413,,0470d446a4514dfe0c6ad0be92853bd13287,root,0470d446a4514dfe0c6ad0be92853bd13287|413|-1,57,58,1786166988470169600,1786166988811861760,1786166990821619968,1022.3582349999999,10.716642911290323,2351.221956,125.0,worker_8a32eb3d,f100a03e-ec43-4d74-8081-d299b8a6cfa2,True,root,3,4,4,0,3,2
31235207041|8|9017979109|58|03e110ac6921c2fe9ac7772a9654314a2beb|34|1786166992072503552|144,03e110ac6921c2fe9ac7772a9654314a2beb,03e110ac6921c2fe9ac7772a9654314a2beb,39,,03e110ac6921c2fe9ac7772a9654314a2beb,root,03e110ac6921c2fe9ac7772a9654314a2beb|39|-1,58,34,1786166992072503552,1786166993087182336,1786166994120335616,2047.684976,,2047.684976,1.0,worker_e00f4dfb,0e3d5589-29c1-46b5-aadc-aad9cb0c7715,True,root,2,3,3,0,4,3
31235207041|8|9017979109|59|0470d446a4514dfe0c6ad0be92853bd13287::fa:009|59|1786166992448110336|145,0470d446a4514dfe0c6ad0be92853bd13287,0470d446a4514dfe0c6ad0be92853bd13287,414,,0470d446a4514dfe0c6ad0be92853bd13287,root,0470d446a4514dfe0c6ad0be92853bd13287|414|-1,59,59,1786166992448110336,1786166992788103424,1786166995321256704,1635.072917,10.671965913793104,2873.020963,117.0,worker_52cdd4a9,d00d20c8-7d3c-4695-abe2-89d8b00f429e,True,root,3,4,4,0,3,2
31235207041|8|9017979109|60|0470d446a4514dfe0c6ad0be92853bd13287::fa:009|60|1786166996982605312|146,0470d446a4514dfe0c6ad0be92853bd13287,0470d446a4514dfe0c6ad0be92853bd13287,415,,0470d446a4514dfe0c6ad0be92853bd13287,root,0470d446a4514dfe0c6ad0be92853bd13287|415|-1,60,60,1786166996982605312,1786166997323184896,1786166999141450496,993.348859,10.586889909090909,2157.9067489999998,111.0,worker_8a32eb3d,4c25b450-84e9-4b0d-8ccb-3ca2c1ac970e,True,root,2,3,3,0,4,3
31235207041|8|9017979109|61|03e110ac6921c2fe9ac7772a9654314a2beb|35|1786166998734176256|147,03e110ac6921c2fe9ac7772a9654314a2beb,03e110ac6921c2fe9ac7772a9654314a2beb,40,,03e110ac6921c2fe9ac7772a9654314a2beb,root,03e110ac6921c2fe9ac7772a9654314a2beb|40|-1,61,35,1786166998734176256,1786166999710651648,1786167000294999040,1560.5831739999999,,1560.5831739999999,1.0,worker_e00f4dfb,0ae5244b-71d2-4624-91fb-6ebc83859c47,True,root,3,4,4,0,3,2
31235207041|8|9017979109|51|006c98de37d819e95b0840e25426bb7ca99d|18|1786166975613876992|148,006c98de37d819e95b0840e25426bb7ca99d,006c98de37d819e95b0840e25426bb7ca99d,18,,006c98de37d819e95b0840e25426bb7ca99d,root,006c98de37d819e95b0840e25426bb7ca99d|18|-1,51,18,1786166975613876992,1786166976237714176,1786167004343469824,5388.600512,10.653071331811958,28729.479799999997,2192.0,worker_4c4f3206,9000cf38-7ab0-44d9-ab08-71a8d1cc906a,True,root,1,2,2,0,6,5
31235207041|8|9017979109|62|03e110ac6921c2fe9ac7772a9654314a2beb::sa:subagent_005_c0c87fc2|0|1786167000299121408|149,03e110ac6921c2fe9ac7772a9654314a2beb,03e110ac6921c2fe9ac7772a9654314a2beb,41,0.0,03e110ac6921c2fe9ac7772a9654314a2beb::sa:subagent_005_c0c87fc2,subagent,03e110ac6921c2fe9ac7772a9654314a2beb|41|0,62,0,1786167000299121408,1786167000388952832,1786167005618854912,2883.921266,14.760653151515152,5319.4290359999995,166.0,worker_e00f4dfb,a5adbf53-91c1-4ee7-98cc-e1977aa1a3ce,True,subagent,2,3,2,1,5,4
31235207041|8|9017979109|64|0470d446a4514dfe0c6ad0be92853bd13287::fa:009|61|1786167000983984896|150,0470d446a4514dfe0c6ad0be92853bd13287,0470d446a4514dfe0c6ad0be92853bd13287,416,,0470d446a4514dfe0c6ad0be92853bd13287,root,0470d446a4514dfe0c6ad0be92853bd13287|416|-1,64,61,1786167000983984896,1786167001371008768,1786167005734980864,3565.1942,10.87792405504587,4750.887922,110.0,worker_52cdd4a9,f50c4a3a-12a9-46d4-9ffe-1cc494822d95,True,root,4,5,3,2,4,3
31235207041|8|9017979109|63|03e110ac6921c2fe9ac7772a9654314a2beb::sa:subagent_006_ddf1bcea|0|1786167000300779264|151,03e110ac6921c2fe9ac7772a9654314a2beb,03e110ac6921c2fe9ac7772a9654314a2beb,42,0.0,03e110ac6921c2fe9ac7772a9654314a2beb::sa:subagent_006_ddf1bcea,subagent,03e110ac6921c2fe9ac7772a9654314a2beb|42|0,63,0,1786167000300779264,1786167001003785216,1786167006457807104,3563.2929569999997,10.760867427385893,6156.662007,242.0,worker_e00f4dfb,02e08efe-53dd-408a-a75a-aacabf043748,True,subagent,3,4,2,2,5,4
31235207041|8|9017979109|66|006c98de37d819e95b0840e25426bb7ca99d|19|1786167005910826240|152,006c98de37d819e95b0840e25426bb7ca99d,006c98de37d819e95b0840e25426bb7ca99d,19,,006c98de37d819e95b0840e25426bb7ca99d,root,006c98de37d819e95b0840e25426bb7ca99d|19|-1,66,19,1786167005910826240,1786167006269988608,1786167009200588288,1558.92164,10.749624434782609,3289.6111739999997,162.0,worker_4c4f3206,4f196b4c-deb2-4727-9e02-347816e4dac1,True,root,3,4,2,2,6,5
31235207041|8|9017979109|67|03e110ac6921c2fe9ac7772a9654314a2beb::sa:subagent_005_c0c87fc2|1|1786167006279308288|153,03e110ac6921c2fe9ac7772a9654314a2beb,03e110ac6921c2fe9ac7772a9654314a2beb,41,1.0,03e110ac6921c2fe9ac7772a9654314a2beb::sa:subagent_005_c0c87fc2,subagent,03e110ac6921c2fe9ac7772a9654314a2beb|41|1,67,1,1786167006279308288,1786167006389465856,1786167009706050560,1146.731308,13.987085073619632,3426.626175,164.0,worker_e00f4dfb,ccec2f4a-73e3-487e-9bf9-8e3a88fae352,True,subagent,4,5,2,3,5,4
31235207041|8|9017979109|69|0470d446a4514dfe0c6ad0be92853bd13287::fa:009|62|1786167007521195776|154,0470d446a4514dfe0c6ad0be92853bd13287,0470d446a4514dfe0c6ad0be92853bd13287,417,,0470d446a4514dfe0c6ad0be92853bd13287,root,0470d446a4514dfe0c6ad0be92853bd13287|417|-1,69,62,1786167007521195776,1786167007922524160,1786167010118167296,1309.632975,11.001884452991451,2596.853456,118.0,worker_8a32eb3d,2573879f-9e6d-451a-b25a-01df97cd14a2,True,root,5,6,3,3,4,3
31235207041|8|9017979109|65|03e110ac6921c2fe9ac7772a9654314a2beb::sa:subagent_007_3182b3ea|0|1786167002326526464|155,03e110ac6921c2fe9ac7772a9654314a2beb,03e110ac6921c2fe9ac7772a9654314a2beb,43,0.0,03e110ac6921c2fe9ac7772a9654314a2beb::sa:subagent_007_3182b3ea,subagent,03e110ac6921c2fe9ac7772a9654314a2beb|43|0,65,0,1786167002326526464,1786167002430735360,1786167012838933248,2288.49714,11.534028527349227,10512.259479999999,714.0,worker_e00f4dfb,e5643302-c167-4825-a7ea-80e2791244bc,True,subagent,5,6,3,3,6,5
31235207041|8|9017979109|72|0470d446a4514dfe0c6ad0be92853bd13287::fa:009|63|1786167011824093696|156,0470d446a4514dfe0c6ad0be92853bd13287,0470d446a4514dfe0c6ad0be92853bd13287,418,,0470d446a4514dfe0c6ad0be92853bd13287,root,0470d446a4514dfe0c6ad0be92853bd13287|418|-1,72,63,1786167011824093696,1786167012157439488,1786167013851939328,1057.443022,11.832852670731706,2027.736941,83.0,worker_52cdd4a9,faf909f6-05eb-4a51-ba4a-6bd231d0808a,True,root,5,6,3,3,5,4
31235207041|8|9017979109|70|03e110ac6921c2fe9ac7772a9654314a2beb::sa:subagent_005_c0c87fc2|2|1786167010256346112|157,03e110ac6921c2fe9ac7772a9654314a2beb,03e110ac6921c2fe9ac7772a9654314a2beb,41,2.0,03e110ac6921c2fe9ac7772a9654314a2beb::sa:subagent_005_c0c87fc2,subagent,03e110ac6921c2fe9ac7772a9654314a2beb|41|2,70,2,1786167010256346112,1786167010884632576,1786167014534870784,1270.35015,13.991007995348836,4278.416869,216.0,worker_e00f4dfb,c29c9a8f-5d07-4549-86f6-8658329410e8,True,subagent,3,4,1,3,4,3
31235207041|8|9017979109|71|006c98de37d819e95b0840e25426bb7ca99d|20|1786167010512430336|158,006c98de37d819e95b0840e25426bb7ca99d,006c98de37d819e95b0840e25426bb7ca99d,20,,006c98de37d819e95b0840e25426bb7ca99d,root,006c98de37d819e95b0840e25426bb7ca99d|20|-1,71,20,1786167010512430336,1786167010832693504,1786167016836678656,1433.088622,10.210838436325679,6324.080233,480.0,worker_4c4f3206,3498a30d-5df1-4929-bc8d-93679da466c1,True,root,4,5,2,3,5,4
31235207041|8|9017979109|73|0470d446a4514dfe0c6ad0be92853bd13287::fa:009|64|1786167015600832256|159,0470d446a4514dfe0c6ad0be92853bd13287,0470d446a4514dfe0c6ad0be92853bd13287,419,,0470d446a4514dfe0c6ad0be92853bd13287,root,0470d446a4514dfe0c6ad0be92853bd13287|419|-1,73,64,1786167015600832256,1786167016082971136,1786167019344317440,1206.858371,10.657622966386555,3743.372637,239.0,worker_8a32eb3d,d184de61-55c0-43ff-a82b-97cf43a32bda,True,root,3,4,3,1,6,5
31235207041|8|9017979109|74|03e110ac6921c2fe9ac7772a9654314a2beb::sa:subagent_007_3182b3ea|1|1786167016444409088|160,03e110ac6921c2fe9ac7772a9654314a2beb,03e110ac6921c2fe9ac7772a9654314a2beb,43,1.0,03e110ac6921c2fe9ac7772a9654314a2beb::sa:subagent_007_3182b3ea,subagent,03e110ac6921c2fe9ac7772a9654314a2beb|43|1,74,1,1786167016444409088,1786167016550733568,1786167020132395008,671.206927,10.621995387323944,3687.8536169999998,285.0,worker_e00f4dfb,1caa4a26-89da-439b-84de-9a2af7899739,True,subagent,4,5,3,2,5,4
31235207041|8|9017979109|78|0470d446a4514dfe0c6ad0be92853bd13287::fa:009|65|1786167021060704000|161,0470d446a4514dfe0c6ad0be92853bd13287,0470d446a4514dfe0c6ad0be92853bd13287,420,,0470d446a4514dfe0c6ad0be92853bd13287,root,0470d446a4514dfe0c6ad0be92853bd13287|420|-1,78,65,1786167021060704000,1786167021384634368,1786167026471657984,1094.114033,11.182283393782383,5410.475423,387.0,worker_52cdd4a9,36fd26bf-997e-4fb9-b231-73df0aafe9c3,True,root,5,6,3,3,6,5
31235207041|8|9017979109|75|03e110ac6921c2fe9ac7772a9654314a2beb::sa:subagent_005_c0c87fc2|3|1786167017800596736|162,03e110ac6921c2fe9ac7772a9654314a2beb,03e110ac6921c2fe9ac7772a9654314a2beb,41,3.0,03e110ac6921c2fe9ac7772a9654314a2beb::sa:subagent_005_c0c87fc2,subagent,03e110ac6921c2fe9ac7772a9654314a2beb|41|3,75,3,1786167017800596736,1786167017932398080,1786167026740523520,772.4996299999999,10.511357898326898,8939.824717,778.0,worker_e00f4dfb,a6bfa4c9-cb8a-446c-804c-25ebc3b45fb1,True,subagent,4,5,2,3,5,4
31235207041|8|9017979109|68|03e110ac6921c2fe9ac7772a9654314a2beb::sa:subagent_006_ddf1bcea|1|1786167007029067008|163,03e110ac6921c2fe9ac7772a9654314a2beb,03e110ac6921c2fe9ac7772a9654314a2beb,42,1.0,03e110ac6921c2fe9ac7772a9654314a2beb::sa:subagent_006_ddf1bcea,subagent,03e110ac6921c2fe9ac7772a9654314a2beb|42|1,68,1,1786167007029067008,1786167007165677056,1786167037822985984,708.311483,11.093471459070795,30793.80608,2713.0,worker_e00f4dfb,8a9f0912-ac1a-4d34-b238-61d5ae4df116,True,subagent,4,5,2,3,8,7
31235207041|8|9017979109|82|03e110ac6921c2fe9ac7772a9654314a2beb::sa:subagent_005_c0c87fc2|4|1786167029984762112|164,03e110ac6921c2fe9ac7772a9654314a2beb,03e110ac6921c2fe9ac7772a9654314a2beb,41,4.0,03e110ac6921c2fe9ac7772a9654314a2beb::sa:subagent_005_c0c87fc2,subagent,03e110ac6921c2fe9ac7772a9654314a2beb|41|4,82,4,1786167029984762112,1786167030088426752,1786167039054285824,686.348002,12.044583567528734,9069.378165,697.0,worker_e00f4dfb,f3a0e2b2-1f03-44ec-b684-337c4ab50e01,True,subagent,7,8,5,3,7,6
31235207041|8|9017979109|77|03e110ac6921c2fe9ac7772a9654314a2beb::sa:subagent_007_3182b3ea|2|1786167020722587904|165,03e110ac6921c2fe9ac7772a9654314a2beb,03e110ac6921c2fe9ac7772a9654314a2beb,43,2.0,03e110ac6921c2fe9ac7772a9654314a2beb::sa:subagent_007_3182b3ea,subagent,03e110ac6921c2fe9ac7772a9654314a2beb|43|2,77,2,1786167020722587904,1786167020852954624,1786167041758045440,784.147522,10.697783653988377,21035.051979,1894.0,worker_e00f4dfb,510aea15-2d44-4d2b-a054-6111a9f0be89,True,subagent,4,5,2,3,8,7
31235207041|8|9017979109|80|0196085d85d2075a50b74cd8795ffbdcea9a|95|1786167029017429760|166,0196085d85d2075a50b74cd8795ffbdcea9a,0196085d85d2075a50b74cd8795ffbdcea9a,101,,0196085d85d2075a50b74cd8795ffbdcea9a,root,0196085d85d2075a50b74cd8795ffbdcea9a|101|-1,80,95,1786167029017429760,1786167030584632832,1786167054537916672,25516.285334,,25516.285334,1.0,worker_775bd273,52ca8d7a-74c3-4fb8-86e5-fd1cb3ea5abf,True,root,5,6,4,2,7,6
31235207041|8|9017979109|81|002001296e8a8c38ad9d7cc436d691afc602|95|1786167029946902528|167,002001296e8a8c38ad9d7cc436d691afc602,002001296e8a8c38ad9d7cc436d691afc602,100,,002001296e8a8c38ad9d7cc436d691afc602,root,002001296e8a8c38ad9d7cc436d691afc602|100|-1,81,95,1786167029946902528,1786167031177366528,1786167054538295296,24591.25741,,24591.25741,1.0,worker_764e719b,e69acef5-a122-4d41-8acd-2f00d5b96525,True,root,6,7,5,2,6,5
31235207041|8|9017979109|83|03e110ac6921c2fe9ac7772a9654314a2beb::sa:subagent_006_ddf1bcea|2|1786167040311475456|168,03e110ac6921c2fe9ac7772a9654314a2beb,03e110ac6921c2fe9ac7772a9654314a2beb,42,2.0,03e110ac6921c2fe9ac7772a9654314a2beb::sa:subagent_006_ddf1bcea,subagent,03e110ac6921c2fe9ac7772a9654314a2beb|42|2,83,2,1786167040311475456,1786167040411483136,1786167058794680064,14235.942450999999,14.849849993006993,18482.999549,287.0,worker_e00f4dfb,2d54d828-61b0-46fd-ac50-1454c35f2bb3,True,subagent,6,7,5,2,6,5
31235207041|8|9017979109|85|002001296e8a8c38ad9d7cc436d691afc602|96|1786167058540551168|169,002001296e8a8c38ad9d7cc436d691afc602,002001296e8a8c38ad9d7cc436d691afc602,101,,002001296e8a8c38ad9d7cc436d691afc602,root,002001296e8a8c38ad9d7cc436d691afc602|101|-1,85,96,1786167058540551168,1786167059698917120,1786167060333074432,1788.206357,,1788.206357,1.0,worker_764e719b,60623b9c-eddf-43a3-8e53-9478f10054fb,True,root,5,6,4,2,6,5
31235207041|8|9017979109|84|03e110ac6921c2fe9ac7772a9654314a2beb::sa:subagent_005_c0c87fc2|5|1786167041653082368|170,03e110ac6921c2fe9ac7772a9654314a2beb,03e110ac6921c2fe9ac7772a9654314a2beb,41,5.0,03e110ac6921c2fe9ac7772a9654314a2beb::sa:subagent_005_c0c87fc2,subagent,03e110ac6921c2fe9ac7772a9654314a2beb|41|5,84,5,1786167041653082368,1786167054537871360,1786167063717637888,13505.713243,12.350174746031746,22064.384341999998,694.0,worker_e00f4dfb,9c0f529b-1265-4b7b-9882-5b249051e87b,True,subagent,7,8,5,3,6,5
31235207041|8|9017979109|34|05c249572509162371b7b82339674db64b5d|19|1786166910586162688|171,05c249572509162371b7b82339674db64b5d,05c249572509162371b7b82339674db64b5d,21,,05c249572509162371b7b82339674db64b5d,root,05c249572509162371b7b82339674db64b5d|21|-1,34,19,1786166910586162688,1786166911048353536,1786167065522389248,2558.1030379999997,10.748987376763543,154935.748091,14177.0,worker_29a49ec4,2e247c93-83bd-4d11-bcbf-bdae3936100c,True,root,2,3,3,0,5,4
31235207041|8|9017979109|87|03e110ac6921c2fe9ac7772a9654314a2beb::sa:subagent_007_3182b3ea|3|1786167062205049856|172,03e110ac6921c2fe9ac7772a9654314a2beb,03e110ac6921c2fe9ac7772a9654314a2beb,43,3.0,03e110ac6921c2fe9ac7772a9654314a2beb::sa:subagent_007_3182b3ea,subagent,03e110ac6921c2fe9ac7772a9654314a2beb|43|3,87,3,1786167062205049856,1786167062349722880,1786167065743230720,680.039853,11.617967613821136,3538.059886,247.0,worker_e00f4dfb,6cb55eea-5fc7-4eb1-be9e-e016179248c7,True,subagent,5,6,3,3,4,3
31235207041|8|9017979109|89|03e110ac6921c2fe9ac7772a9654314a2beb::sa:subagent_007_3182b3ea|4|1786167066420828416|173,03e110ac6921c2fe9ac7772a9654314a2beb,03e110ac6921c2fe9ac7772a9654314a2beb,43,4.0,03e110ac6921c2fe9ac7772a9654314a2beb::sa:subagent_007_3182b3ea,subagent,03e110ac6921c2fe9ac7772a9654314a2beb|43|4,89,4,1786167066420828416,1786167066552214528,1786167069580663040,1286.816985,10.702283605714285,3159.7166159999997,176.0,worker_e00f4dfb,46e96ce1-1742-4db0-8aa8-4aca3e0c596d,True,subagent,4,5,2,3,6,5
31235207041|8|9017979109|88|03e110ac6921c2fe9ac7772a9654314a2beb::sa:subagent_005_c0c87fc2|6|1786167066320239616|174,03e110ac6921c2fe9ac7772a9654314a2beb,03e110ac6921c2fe9ac7772a9654314a2beb,41,6.0,03e110ac6921c2fe9ac7772a9654314a2beb::sa:subagent_005_c0c87fc2,subagent,03e110ac6921c2fe9ac7772a9654314a2beb|41|6,88,6,1786167066320239616,1786167066447813888,1786167071938326016,1349.73507,10.61749015920398,5617.966114,403.0,worker_e00f4dfb,45eb9394-15ab-4b3f-b92d-b4ed8fb9544f,True,subagent,3,4,2,2,6,5
31235207041|8|9017979109|76|006c98de37d819e95b0840e25426bb7ca99d|21|1786167018130632704|175,006c98de37d819e95b0840e25426bb7ca99d,006c98de37d819e95b0840e25426bb7ca99d,21,,006c98de37d819e95b0840e25426bb7ca99d,root,006c98de37d819e95b0840e25426bb7ca99d|21|-1,76,21,1786167018130632704,1786167018480794624,1786167074612637952,47591.921508,10.629946105263159,56478.556452,837.0,worker_4c4f3206,aec8da4f-ee14-41a7-b983-f0b0b08bfa6f,True,root,5,6,3,3,6,5
31235207041|8|9017979109|90|05c249572509162371b7b82339674db64b5d|20|1786167067445746432|176,05c249572509162371b7b82339674db64b5d,05c249572509162371b7b82339674db64b5d,22,,05c249572509162371b7b82339674db64b5d,root,05c249572509162371b7b82339674db64b5d|22|-1,90,20,1786167067445746432,1786167067933863424,1786167077315246080,7915.970949,11.55858400591716,9869.371646,170.0,worker_29a49ec4,b2562c47-e1fb-4f21-b1d9-c1b178256b6c,True,root,5,6,3,3,6,5
31235207041|8|9017979109|86|03e110ac6921c2fe9ac7772a9654314a2beb::sa:subagent_006_ddf1bcea|3|1786167059507861760|177,03e110ac6921c2fe9ac7772a9654314a2beb,03e110ac6921c2fe9ac7772a9654314a2beb,42,3.0,03e110ac6921c2fe9ac7772a9654314a2beb::sa:subagent_006_ddf1bcea,subagent,03e110ac6921c2fe9ac7772a9654314a2beb|42|3,86,3,1786167059507861760,1786167059684588288,1786167077515721216,1455.0776429999999,10.918640810686016,18007.737112,1517.0,worker_e00f4dfb,44f45ef3-97b9-4f08-a271-ccf511921f1a,True,subagent,5,6,4,2,5,4
31235207041|8|9017979109|92|03e110ac6921c2fe9ac7772a9654314a2beb::sa:subagent_005_c0c87fc2|7|1786167074290409984|178,03e110ac6921c2fe9ac7772a9654314a2beb,03e110ac6921c2fe9ac7772a9654314a2beb,41,7.0,03e110ac6921c2fe9ac7772a9654314a2beb::sa:subagent_005_c0c87fc2,subagent,03e110ac6921c2fe9ac7772a9654314a2beb|41|7,92,7,1786167074290409984,1786167074430821632,1786167078319681536,1071.6378439999999,11.245254178707224,4029.1396929999996,264.0,worker_e00f4dfb,630a5f82-3a5d-4ce5-af8c-b4c9b803d2c8,True,subagent,5,6,3,3,4,3
31235207041|8|9017979109|94|03e110ac6921c2fe9ac7772a9654314a2beb::sa:subagent_006_ddf1bcea|4|1786167078731247616|179,03e110ac6921c2fe9ac7772a9654314a2beb,03e110ac6921c2fe9ac7772a9654314a2beb,42,4.0,03e110ac6921c2fe9ac7772a9654314a2beb::sa:subagent_006_ddf1bcea,subagent,03e110ac6921c2fe9ac7772a9654314a2beb|42|4,94,4,1786167078731247616,1786167078899681280,1786167082358962176,3577.2981919999997,50.289018999999996,3627.587211,2.0,worker_e00f4dfb,bbeb32ca-3ee0-482f-9c8b-2dbed4aa35a2,True,subagent,3,4,2,2,6,5
31235207041|8|9017979109|96|03e110ac6921c2fe9ac7772a9654314a2beb::sa:subagent_005_c0c87fc2|8|1786167080898908672|180,03e110ac6921c2fe9ac7772a9654314a2beb,03e110ac6921c2fe9ac7772a9654314a2beb,41,8.0,03e110ac6921c2fe9ac7772a9654314a2beb::sa:subagent_005_c0c87fc2,subagent,03e110ac6921c2fe9ac7772a9654314a2beb|41|8,96,8,1786167080898908672,1786167081133630464,1786167084715748608,901.741042,11.041527462121213,3816.704292,265.0,worker_e00f4dfb,397738b7-37e7-46fb-a598-536d3a4efab9,True,subagent,5,6,3,3,6,5
31235207041|8|9017979109|91|03e110ac6921c2fe9ac7772a9654314a2beb::sa:subagent_007_3182b3ea|5|1786167070308844032|181,03e110ac6921c2fe9ac7772a9654314a2beb,03e110ac6921c2fe9ac7772a9654314a2beb,43,5.0,03e110ac6921c2fe9ac7772a9654314a2beb::sa:subagent_007_3182b3ea,subagent,03e110ac6921c2fe9ac7772a9654314a2beb|43|5,91,5,1786167070308844032,1786167070443741952,1786167084813760512,4993.975867,10.844571842645381,14504.665373,878.0,worker_e00f4dfb,1e1405fb-7087-43f2-ae67-f8a85e68fa75,True,subagent,5,6,3,3,5,4
31235207041|8|9017979109|97|05f72f78a037cfa5cd4e4541960a574701d9|12|1786167084355420928|182,05f72f78a037cfa5cd4e4541960a574701d9,05f72f78a037cfa5cd4e4541960a574701d9,12,,05f72f78a037cfa5cd4e4541960a574701d9,root,05f72f78a037cfa5cd4e4541960a574701d9|12|-1,97,12,1786167084355420928,1786167084543746304,1786167088246480384,3066.6756029999997,9.690413517647059,3890.360752,86.0,worker_6e24a6ae,05deda15-7cc6-4510-9b7c-d16aaaf3b582,True,root,5,6,4,2,5,4
31235207041|8|9017979109|93|006c98de37d819e95b0840e25426bb7ca99d|22|1786167076330058752|183,006c98de37d819e95b0840e25426bb7ca99d,006c98de37d819e95b0840e25426bb7ca99d,22,,006c98de37d819e95b0840e25426bb7ca99d,root,006c98de37d819e95b0840e25426bb7ca99d|22|-1,93,22,1786167076330058752,1786167076671030784,1786167092470051840,6606.3631589999995,10.099051897245763,16139.868149999998,945.0,worker_4c4f3206,2f43ebd7-270c-4206-b974-450b8a4ee673,True,root,5,6,3,3,4,3
31235207041|8|9017979109|79|0470d446a4514dfe0c6ad0be92853bd13287::fa:009|66|1786167028245486848|184,0470d446a4514dfe0c6ad0be92853bd13287,0470d446a4514dfe0c6ad0be92853bd13287,421,,0470d446a4514dfe0c6ad0be92853bd13287,root,0470d446a4514dfe0c6ad0be92853bd13287|421|-1,79,66,1786167028245486848,1786167028579394048,1786167095387981312,995.043094,10.929825202412426,67142.345219,6053.0,worker_8a32eb3d,70df7be3-f1bc-4088-b521-486683910aa8,True,root,4,5,3,2,4,3
31235207041|8|9017979109|100|0196085d85d2075a50b74cd8795ffbdcea9a|96|1786167095735474944|185,0196085d85d2075a50b74cd8795ffbdcea9a,0196085d85d2075a50b74cd8795ffbdcea9a,102,,0196085d85d2075a50b74cd8795ffbdcea9a,root,0196085d85d2075a50b74cd8795ffbdcea9a|102|-1,100,96,1786167095735474944,1786167097386989824,1786167098043851776,2308.227117,,2308.227117,1.0,worker_775bd273,2dc5165f-2a7c-48d7-921a-77a538a6707d,True,root,3,4,3,1,5,4
31235207041|8|9017979109|101|0470d446a4514dfe0c6ad0be92853bd13287::fa:009|67|1786167097535405568|186,0470d446a4514dfe0c6ad0be92853bd13287,0470d446a4514dfe0c6ad0be92853bd13287,422,,0470d446a4514dfe0c6ad0be92853bd13287,root,0470d446a4514dfe0c6ad0be92853bd13287|422|-1,101,67,1786167097535405568,1786167097901412864,1786167104290650624,1890.795463,10.57456252826087,6755.094225999999,461.0,worker_52cdd4a9,a0bcf950-282e-4c38-92bc-0f48e8481e4c,True,root,4,5,4,1,7,6
31235207041|8|9017979109|99|006c98de37d819e95b0840e25426bb7ca99d|23|1786167093810227456|187,006c98de37d819e95b0840e25426bb7ca99d,006c98de37d819e95b0840e25426bb7ca99d,23,,006c98de37d819e95b0840e25426bb7ca99d,root,006c98de37d819e95b0840e25426bb7ca99d|23|-1,99,23,1786167093810227456,1786167094201123584,1786167108116676352,1099.720714,10.86065228536184,14306.273893,1217.0,worker_4c4f3206,332f2188-b758-4b9d-8331-d716e5226a4f,True,root,3,4,3,1,7,6
31235207041|8|9017979109|103|03e110ac6921c2fe9ac7772a9654314a2beb::sa:subagent_007_3182b3ea|6|1786167101241169408|188,03e110ac6921c2fe9ac7772a9654314a2beb,03e110ac6921c2fe9ac7772a9654314a2beb,43,6.0,03e110ac6921c2fe9ac7772a9654314a2beb::sa:subagent_007_3182b3ea,subagent,03e110ac6921c2fe9ac7772a9654314a2beb|43|6,103,6,1786167101241169408,1786167101378769664,1786167111935144448,746.611532,11.064679986651836,10693.75884,900.0,worker_e00f4dfb,53bb81ed-f6d8-4a16-832e-8e50b80aee14,True,subagent,5,6,4,2,7,6
31235207041|8|9017979109|104|063179eb93f4337a662e859c5a2c5638e03f::fa:000|10|1786167101950741248|189,063179eb93f4337a662e859c5a2c5638e03f,063179eb93f4337a662e859c5a2c5638e03f,12,,063179eb93f4337a662e859c5a2c5638e03f,root,063179eb93f4337a662e859c5a2c5638e03f|12|-1,104,10,1786167101950741248,1786167102102724864,1786167113593927168,2388.0183239999997,11.017907486904763,11643.060613,841.0,worker_8a32eb3d,82fde822-c5e2-41fa-a212-9791b86dccc5,True,root,6,7,5,2,7,6
31235207041|8|9017979109|98|03e110ac6921c2fe9ac7772a9654314a2beb::sa:subagent_005_c0c87fc2|9|1786167087225200128|190,03e110ac6921c2fe9ac7772a9654314a2beb,03e110ac6921c2fe9ac7772a9654314a2beb,41,9.0,03e110ac6921c2fe9ac7772a9654314a2beb::sa:subagent_005_c0c87fc2,subagent,03e110ac6921c2fe9ac7772a9654314a2beb|41|9,98,9,1786167087225200128,1786167087491172864,1786167114204771328,1065.918565,10.664007895061728,26979.457749999998,2431.0,worker_e00f4dfb,cd1fb34f-6168-4fbf-b5ae-b120fd2a62af,True,subagent,4,5,4,1,6,5
31235207041|8|9017979109|102|03e110ac6921c2fe9ac7772a9654314a2beb|36|1786167099091223552|191,03e110ac6921c2fe9ac7772a9654314a2beb,03e110ac6921c2fe9ac7772a9654314a2beb,44,,03e110ac6921c2fe9ac7772a9654314a2beb,root,03e110ac6921c2fe9ac7772a9654314a2beb|44|-1,102,36,1786167099091223552,1786167100055499264,1786167115099446272,16008.090714,,16008.090714,1.0,worker_e00f4dfb,fe449d91-bdf6-4c10-a917-b6647a65ddfb,True,root,4,5,4,1,5,4
31235207041|8|9017979109|107|03e110ac6921c2fe9ac7772a9654314a2beb::sa:subagent_007_3182b3ea|7|1786167112679263232|192,03e110ac6921c2fe9ac7772a9654314a2beb,03e110ac6921c2fe9ac7772a9654314a2beb,43,7.0,03e110ac6921c2fe9ac7772a9654314a2beb::sa:subagent_007_3182b3ea,subagent,03e110ac6921c2fe9ac7772a9654314a2beb|43|7,107,7,1786167112679263232,1786167115100463360,1786167115757199360,3038.672921,39.178473,3077.851394,2.0,worker_e00f4dfb,ad05d0fa-464d-435d-b77a-f466bbb4f949,True,subagent,6,7,5,2,4,3
31235207041|8|9017979109|106|006c98de37d819e95b0840e25426bb7ca99d|24|1786167109416434432|193,006c98de37d819e95b0840e25426bb7ca99d,006c98de37d819e95b0840e25426bb7ca99d,24,,006c98de37d819e95b0840e25426bb7ca99d,root,006c98de37d819e95b0840e25426bb7ca99d|24|-1,106,24,1786167109416434432,1786167109806196992,1786167117062723328,5730.056813,10.413718809782608,7646.181074,185.0,worker_4c4f3206,5fcd1d43-ee4e-49ab-8a68-9d05d384423b,True,root,6,7,5,2,3,2
31235207041|8|9017979109|105|0470d446a4514dfe0c6ad0be92853bd13287::fa:009|68|1786167106019849984|194,0470d446a4514dfe0c6ad0be92853bd13287,0470d446a4514dfe0c6ad0be92853bd13287,423,,0470d446a4514dfe0c6ad0be92853bd13287,root,0470d446a4514dfe0c6ad0be92853bd13287|423|-1,105,68,1786167106019849984,1786167106387618304,1786167124990118912,9108.822296999999,10.800990924424973,18970.127011,914.0,worker_52cdd4a9,9d6e5a08-1494-479e-b24e-bf9c8ae072f9,True,root,6,7,5,2,4,3
31235207041|8|9017979109|110|0470d446a4514dfe0c6ad0be92853bd13287::fa:009|69|1786167126880915200|195,0470d446a4514dfe0c6ad0be92853bd13287,0470d446a4514dfe0c6ad0be92853bd13287,424,,0470d446a4514dfe0c6ad0be92853bd13287,root,0470d446a4514dfe0c6ad0be92853bd13287|424|-1,110,69,1786167126880915200,1786167127453237760,1786167130191336704,1983.9376679999998,10.260329496124031,3307.520173,130.0,worker_8a32eb3d,9dc31e6b-8a7b-4b1c-835e-f1f712026587,True,root,3,4,3,1,5,4
31235207041|8|9017979109|111|063179eb93f4337a662e859c5a2c5638e03f::sa:subagent_001_d6570e3a|0|1786167127647954176|196,063179eb93f4337a662e859c5a2c5638e03f,063179eb93f4337a662e859c5a2c5638e03f,13,0.0,063179eb93f4337a662e859c5a2c5638e03f::sa:subagent_001_d6570e3a,subagent,063179eb93f4337a662e859c5a2c5638e03f|13|0,111,0,1786167127647954176,1786167127719385088,1786167130507465728,1278.36266,10.826306273972602,2859.0033759999997,147.0,worker_52cdd4a9,946a3b97-dfae-4c14-b67e-1c79de3e72f4,True,subagent,4,5,3,2,4,3
31235207041|8|9017979109|112|063179eb93f4337a662e859c5a2c5638e03f::sa:subagent_001_d6570e3a|1|1786167130910224896|197,063179eb93f4337a662e859c5a2c5638e03f,063179eb93f4337a662e859c5a2c5638e03f,13,1.0,063179eb93f4337a662e859c5a2c5638e03f::sa:subagent_001_d6570e3a,subagent,063179eb93f4337a662e859c5a2c5638e03f|13|1,112,1,1786167130910224896,1786167130971173888,1786167133245014528,1005.764456,10.981280066115701,2334.499344,122.0,worker_8a32eb3d,2491014c-b9ae-43b8-902b-7dccf4bf75f4,True,subagent,3,4,2,2,5,4
31235207041|8|9017979109|114|063179eb93f4337a662e859c5a2c5638e03f::sa:subagent_001_d6570e3a|2|1786167133587524608|198,063179eb93f4337a662e859c5a2c5638e03f,063179eb93f4337a662e859c5a2c5638e03f,13,2.0,063179eb93f4337a662e859c5a2c5638e03f::sa:subagent_001_d6570e3a,subagent,063179eb93f4337a662e859c5a2c5638e03f|13|2,114,2,1786167133587524608,1786167134169158656,1786167137031715840,1198.5054499999999,14.394263551282052,3444.0105639999997,157.0,worker_8a32eb3d,363aff52-523a-42f1-bbf4-83d014158e79,True,subagent,4,5,3,2,5,4
31235207041|8|9017979109|113|0470d446a4514dfe0c6ad0be92853bd13287::fa:009|70|1786167132106540032|199,0470d446a4514dfe0c6ad0be92853bd13287,0470d446a4514dfe0c6ad0be92853bd13287,425,,0470d446a4514dfe0c6ad0be92853bd13287,root,0470d446a4514dfe0c6ad0be92853bd13287|425|-1,113,70,1786167132106540032,1786167132475355904,1786167139147501824,5766.347616,10.619485641666667,7040.685893,121.0,worker_52cdd4a9,9283c95c-f0ac-4562-b4c8-98b815fd5d80,True,root,4,5,3,2,6,5
31235207041|8|9017979109|115|063179eb93f4337a662e859c5a2c5638e03f::sa:subagent_001_d6570e3a|3|1786167137367448064|200,063179eb93f4337a662e859c5a2c5638e03f,063179eb93f4337a662e859c5a2c5638e03f,13,3.0,063179eb93f4337a662e859c5a2c5638e03f::sa:subagent_001_d6570e3a,subagent,063179eb93f4337a662e859c5a2c5638e03f|13|3,115,3,1786167137367448064,1786167137821466368,1786167139791062016,1025.308634,10.43266423880597,2423.285642,135.0,worker_8a32eb3d,34d07cec-dc47-430e-804e-d1b2e9039371,True,subagent,4,5,3,2,5,4
31235207041|8|9017979109|116|0196085d85d2075a50b74cd8795ffbdcea9a|97|1786167138565037568|201,0196085d85d2075a50b74cd8795ffbdcea9a,0196085d85d2075a50b74cd8795ffbdcea9a,103,,0196085d85d2075a50b74cd8795ffbdcea9a,root,0196085d85d2075a50b74cd8795ffbdcea9a|103|-1,116,97,1786167138565037568,1786167140125115648,1786167140783503872,2202.123244,,2202.123244,1.0,worker_775bd273,b6758a38-2bda-40b5-bab6-62a9761d49bb,True,root,5,6,4,2,5,4
31235207041|8|9017979109|117|063179eb93f4337a662e859c5a2c5638e03f::sa:subagent_001_d6570e3a|4|1786167140198764800|202,063179eb93f4337a662e859c5a2c5638e03f,063179eb93f4337a662e859c5a2c5638e03f,13,4.0,063179eb93f4337a662e859c5a2c5638e03f::sa:subagent_001_d6570e3a,subagent,063179eb93f4337a662e859c5a2c5638e03f|13|4,117,4,1786167140198764800,1786167140356225024,1786167142725115136,920.876858,10.561455861842104,2526.218149,153.0,worker_52cdd4a9,bd172170-2935-4a98-aa7e-4693e550cdc8,True,subagent,4,5,3,2,5,4
31235207041|8|9017979109|118|0470d446a4514dfe0c6ad0be92853bd13287::fa:009|71|1786167140965345280|203,0470d446a4514dfe0c6ad0be92853bd13287,0470d446a4514dfe0c6ad0be92853bd13287,426,,0470d446a4514dfe0c6ad0be92853bd13287,root,0470d446a4514dfe0c6ad0be92853bd13287|426|-1,118,71,1786167140965345280,1786167141383319040,1786167143222378240,1069.953835,10.504132265486726,2256.920781,114.0,worker_8a32eb3d,ff07337e-6465-42d2-958b-9b1e04f7fd50,True,root,4,5,3,2,4,3
31235207041|8|9017979109|108|03e110ac6921c2fe9ac7772a9654314a2beb::sa:subagent_005_c0c87fc2|10|1786167117636604416|204,03e110ac6921c2fe9ac7772a9654314a2beb,03e110ac6921c2fe9ac7772a9654314a2beb,41,10.0,03e110ac6921c2fe9ac7772a9654314a2beb::sa:subagent_005_c0c87fc2,subagent,03e110ac6921c2fe9ac7772a9654314a2beb|41|10,108,10,1786167117636604416,1786167117846836224,1786167176360915712,841.170809,10.821278256122639,58724.188201,5350.0,worker_e00f4dfb,90dcaf2d-2145-48d5-9b73-923b538101ad,True,subagent,2,3,2,1,5,4
31235207041|8|9017979109|122|0196085d85d2075a50b74cd8795ffbdcea9a|98|1786167182073964800|205,0196085d85d2075a50b74cd8795ffbdcea9a,0196085d85d2075a50b74cd8795ffbdcea9a,104,,0196085d85d2075a50b74cd8795ffbdcea9a,root,0196085d85d2075a50b74cd8795ffbdcea9a|104|-1,122,98,1786167182073964800,1786167183669687808,1786167202153100288,20078.930389999998,,20078.930389999998,1.0,worker_775bd273,982c60fa-be44-4fa0-bbf2-7a986b08a161,True,root,5,6,4,2,6,5
31235207041|8|9017979109|121|03e110ac6921c2fe9ac7772a9654314a2beb::sa:subagent_005_c0c87fc2|11|1786167179462987776|206,03e110ac6921c2fe9ac7772a9654314a2beb,03e110ac6921c2fe9ac7772a9654314a2beb,41,11.0,03e110ac6921c2fe9ac7772a9654314a2beb::sa:subagent_005_c0c87fc2,subagent,03e110ac6921c2fe9ac7772a9654314a2beb|41|11,121,11,1786167179462987776,1786167179651887360,1786167221064050176,817.2451189999999,10.673561684114105,41600.924313999996,3822.0,worker_e00f4dfb,606e00c5-6a68-4229-94ac-0104b4228068,True,subagent,4,5,3,2,5,4
31235207041|8|9017979109|124|0196085d85d2075a50b74cd8795ffbdcea9a|99|1786167244938070784|207,0196085d85d2075a50b74cd8795ffbdcea9a,0196085d85d2075a50b74cd8795ffbdcea9a,105,,0196085d85d2075a50b74cd8795ffbdcea9a,root,0196085d85d2075a50b74cd8795ffbdcea9a|105|-1,124,99,1786167244938070784,1786167246548879104,1786167247116087040,2177.646828,,2177.646828,1.0,worker_775bd273,25729d0f-486c-44cc-b807-4c0a7744bcaa,True,root,5,6,4,2,6,5
31235207041|8|9017979109|125|063179eb93f4337a662e859c5a2c5638e03f::fa:000|11|1786167256369436928|208,063179eb93f4337a662e859c5a2c5638e03f,063179eb93f4337a662e859c5a2c5638e03f,14,,063179eb93f4337a662e859c5a2c5638e03f,root,063179eb93f4337a662e859c5a2c5638e03f|14|-1,125,11,1786167256369436928,1786167256561549312,1786167261666993408,2601.59319,11.047032577868853,5297.069139,245.0,worker_764e719b,e3c43eef-db2b-4a31-840a-7fbed740b2f0,True,root,5,6,4,2,6,5
31235207041|8|9017979109|123|03e110ac6921c2fe9ac7772a9654314a2beb::sa:subagent_005_c0c87fc2|12|1786167224125088256|209,03e110ac6921c2fe9ac7772a9654314a2beb,03e110ac6921c2fe9ac7772a9654314a2beb,41,12.0,03e110ac6921c2fe9ac7772a9654314a2beb::sa:subagent_005_c0c87fc2,subagent,03e110ac6921c2fe9ac7772a9654314a2beb|41|12,123,12,1786167224125088256,1786167224398868480,1786167287149455616,860.6499249999999,10.712309000516973,63024.179055,5804.0,worker_e00f4dfb,9f931bca-f47f-477f-b6f7-fd1aea30325e,True,subagent,4,5,3,2,6,5
31235207041|8|9017979109|95|05c249572509162371b7b82339674db64b5d|21|1786167079206960640|210,05c249572509162371b7b82339674db64b5d,05c249572509162371b7b82339674db64b5d,23,,05c249572509162371b7b82339674db64b5d,root,05c249572509162371b7b82339674db64b5d|23|-1,95,21,1786167079206960640,1786167079672783616,1786167289291367424,13944.355801,10.717260734331456,210080.94449999998,18302.0,worker_29a49ec4,71f5d6f9-0936-46e2-a19a-9436c6d53688,True,root,4,5,3,2,7,6
31235207041|8|9017979109|127|03e110ac6921c2fe9ac7772a9654314a2beb::sa:subagent_005_c0c87fc2|13|1786167288243854336|211,03e110ac6921c2fe9ac7772a9654314a2beb,03e110ac6921c2fe9ac7772a9654314a2beb,41,13.0,03e110ac6921c2fe9ac7772a9654314a2beb::sa:subagent_005_c0c87fc2,subagent,03e110ac6921c2fe9ac7772a9654314a2beb|41|13,127,13,1786167288243854336,1786167288479278336,1786167290635533568,1471.857696,7.743141847457626,2385.548434,119.0,worker_e00f4dfb,a8fc2363-0204-4c06-9a02-dc6f20cfe421,True,subagent,5,6,4,2,6,5
31235207041|8|9017979109|128|0196085d85d2075a50b74cd8795ffbdcea9a|100|1786167288758593536|212,0196085d85d2075a50b74cd8795ffbdcea9a,0196085d85d2075a50b74cd8795ffbdcea9a,106,,0196085d85d2075a50b74cd8795ffbdcea9a,root,0196085d85d2075a50b74cd8795ffbdcea9a|106|-1,128,100,1786167288758593536,1786167290411019264,1786167290974193920,2215.455509,,2215.455509,1.0,worker_775bd273,32f79b33-ad45-403a-9c0b-507e6a8752bc,True,root,6,7,5,2,5,4
31235207041|8|9017979109|119|063179eb93f4337a662e859c5a2c5638e03f::sa:subagent_001_d6570e3a|5|1786167143324477696|213,063179eb93f4337a662e859c5a2c5638e03f,063179eb93f4337a662e859c5a2c5638e03f,13,5.0,063179eb93f4337a662e859c5a2c5638e03f::sa:subagent_001_d6570e3a,subagent,063179eb93f4337a662e859c5a2c5638e03f|13|5,119,5,1786167143324477696,1786167143476402176,1786167292100824320,146926.00113699998,15.165659581967212,148776.211606,123.0,worker_52cdd4a9,90bf948e-bc37-4df4-aefb-ec8de2be9795,True,subagent,3,4,2,2,5,4
31235207041|8|9017979109|109|006c98de37d819e95b0840e25426bb7ca99d|25|1786167118382315520|214,006c98de37d819e95b0840e25426bb7ca99d,006c98de37d819e95b0840e25426bb7ca99d,25,,006c98de37d819e95b0840e25426bb7ca99d,root,006c98de37d819e95b0840e25426bb7ca99d|25|-1,109,25,1786167118382315520,1786167118747228160,1786167292544264192,171637.722552,13.497859219251335,174161.822226,188.0,worker_4c4f3206,6ac20171-1238-4ec5-a604-d56a70148a6b,True,root,3,4,3,1,4,3
31235207041|8|9017979109|120|0470d446a4514dfe0c6ad0be92853bd13287::fa:009|72|1786167145000663552|215,0470d446a4514dfe0c6ad0be92853bd13287,0470d446a4514dfe0c6ad0be92853bd13287,427,,0470d446a4514dfe0c6ad0be92853bd13287,root,0470d446a4514dfe0c6ad0be92853bd13287|427|-1,120,72,1786167145000663552,1786167145355718144,1786167295149022976,148499.755376,10.424525537974683,150146.830411,159.0,worker_8a32eb3d,d199e45b-af3f-412a-b521-2650cfff26d0,True,root,4,5,3,2,5,4
31235207041|8|9017979109|130|063179eb93f4337a662e859c5a2c5638e03f::sa:subagent_001_d6570e3a|6|1786167292758704128|216,063179eb93f4337a662e859c5a2c5638e03f,063179eb93f4337a662e859c5a2c5638e03f,13,6.0,063179eb93f4337a662e859c5a2c5638e03f::sa:subagent_001_d6570e3a,subagent,063179eb93f4337a662e859c5a2c5638e03f|13|6,130,6,1786167292758704128,1786167292886682112,1786167301033817088,7266.285315,10.728345351063828,8274.749778,95.0,worker_52cdd4a9,dfae80ac-b7d3-4982-9a67-9f099ae1101d,True,subagent,3,4,3,1,6,5
31235207041|8|9017979109|133|0470d446a4514dfe0c6ad0be92853bd13287::fa:009|73|1786167297065044736|217,0470d446a4514dfe0c6ad0be92853bd13287,0470d446a4514dfe0c6ad0be92853bd13287,428,,0470d446a4514dfe0c6ad0be92853bd13287,root,0470d446a4514dfe0c6ad0be92853bd13287|428|-1,133,73,1786167297065044736,1786167297460729856,1786167301526313984,2995.9004729999997,10.617771427536232,4461.15293,139.0,worker_8a32eb3d,de8c5b49-b36e-4563-8e85-ec79efa072c8,True,root,5,6,4,2,5,4
31235207041|8|9017979109|129|05c249572509162371b7b82339674db64b5d|22|1786167291448490752|218,05c249572509162371b7b82339674db64b5d,05c249572509162371b7b82339674db64b5d,24,,05c249572509162371b7b82339674db64b5d,root,05c249572509162371b7b82339674db64b5d|24|-1,129,22,1786167291448490752,1786167292052909568,1786167302775722752,8561.556175,10.509871479087453,11325.652374,264.0,worker_29a49ec4,aed37f04-4d1b-41cd-9848-058bf47b8b98,True,root,4,5,4,1,5,4
31235207041|8|9017979109|134|063179eb93f4337a662e859c5a2c5638e03f::sa:subagent_001_d6570e3a|7|1786167301690412288|219,063179eb93f4337a662e859c5a2c5638e03f,063179eb93f4337a662e859c5a2c5638e03f,13,7.0,063179eb93f4337a662e859c5a2c5638e03f::sa:subagent_001_d6570e3a,subagent,063179eb93f4337a662e859c5a2c5638e03f|13|7,134,7,1786167301690412288,1786167301835898880,1786167303401720576,730.486311,10.545242301075268,1711.193845,94.0,worker_52cdd4a9,48845301-6640-4b91-9ebd-0c12e010fc7c,True,subagent,4,5,3,2,4,3
31235207041|8|9017979109|136|063179eb93f4337a662e859c5a2c5638e03f::sa:subagent_001_d6570e3a|8|1786167304045638400|220,063179eb93f4337a662e859c5a2c5638e03f,063179eb93f4337a662e859c5a2c5638e03f,13,8.0,063179eb93f4337a662e859c5a2c5638e03f::sa:subagent_001_d6570e3a,subagent,063179eb93f4337a662e859c5a2c5638e03f|13|8,136,8,1786167304045638400,1786167304407294976,1786167305745338112,966.460801,10.777272779411764,1699.3153499999999,69.0,worker_8a32eb3d,29cf0d17-d948-4f17-85e0-00c9d803f6b8,True,subagent,4,5,3,2,6,5
31235207041|8|9017979109|135|0470d446a4514dfe0c6ad0be92853bd13287::fa:009|74|1786167303430256896|221,0470d446a4514dfe0c6ad0be92853bd13287,0470d446a4514dfe0c6ad0be92853bd13287,429,,0470d446a4514dfe0c6ad0be92853bd13287,root,0470d446a4514dfe0c6ad0be92853bd13287|429|-1,135,74,1786167303430256896,1786167303787110144,1786167306002298880,1069.826333,10.653141,2571.919214,142.0,worker_52cdd4a9,cf13ce28-23bb-4f8e-af3d-0fa462bf9c43,True,root,3,4,3,1,5,4
31235207041|8|9017979109|138|063179eb93f4337a662e859c5a2c5638e03f::sa:subagent_001_d6570e3a|9|1786167306392145920|222,063179eb93f4337a662e859c5a2c5638e03f,063179eb93f4337a662e859c5a2c5638e03f,13,9.0,063179eb93f4337a662e859c5a2c5638e03f::sa:subagent_001_d6570e3a,subagent,063179eb93f4337a662e859c5a2c5638e03f|13|9,138,9,1786167306392145920,1786167306598448128,1786167307962981376,813.120277,10.670311887323944,1570.712421,72.0,worker_52cdd4a9,f62b915a-0dac-44dc-b200-7a1ddc6f1560,True,subagent,4,5,3,2,6,5
31235207041|8|9017979109|126|063179eb93f4337a662e859c5a2c5638e03f::fa:000|12|1786167262329218304|223,063179eb93f4337a662e859c5a2c5638e03f,063179eb93f4337a662e859c5a2c5638e03f,15,,063179eb93f4337a662e859c5a2c5638e03f,root,063179eb93f4337a662e859c5a2c5638e03f|15|-1,126,12,1786167262329218304,1786167262514134528,1786167309056274432,37693.440661,10.62778292117647,46727.056143999995,851.0,worker_764e719b,70932031-1696-404e-8091-f6f3ac7146eb,True,root,5,6,4,2,6,5
31235207041|8|9017979109|140|063179eb93f4337a662e859c5a2c5638e03f::sa:subagent_001_d6570e3a|10|1786167308631032576|224,063179eb93f4337a662e859c5a2c5638e03f,063179eb93f4337a662e859c5a2c5638e03f,13,10.0,063179eb93f4337a662e859c5a2c5638e03f::sa:subagent_001_d6570e3a,subagent,063179eb93f4337a662e859c5a2c5638e03f|13|10,140,10,1786167308631032576,1786167308851401984,1786167311150300160,1439.752233,11.360752905263157,2519.0237589999997,96.0,worker_52cdd4a9,3b7abc65-ec4a-4660-af91-96b6bb13f7a3,True,subagent,5,6,4,2,7,6
31235207041|8|9017979109|131|006c98de37d819e95b0840e25426bb7ca99d|26|1786167293828986368|225,006c98de37d819e95b0840e25426bb7ca99d,006c98de37d819e95b0840e25426bb7ca99d,26,,006c98de37d819e95b0840e25426bb7ca99d,root,006c98de37d819e95b0840e25426bb7ca99d|26|-1,131,26,1786167293828986368,1786167294212226048,1786167311652492800,9582.71316,10.660666276843468,17823.408192,774.0,worker_4c4f3206,9794ccc4-8532-407a-b101-e2fd2a5162ac,True,root,4,5,4,1,6,5
31235207041|8|9017979109|139|0470d446a4514dfe0c6ad0be92853bd13287::fa:009|75|1786167307852327680|226,0470d446a4514dfe0c6ad0be92853bd13287,0470d446a4514dfe0c6ad0be92853bd13287,430,,0470d446a4514dfe0c6ad0be92853bd13287,root,0470d446a4514dfe0c6ad0be92853bd13287|430|-1,139,75,1786167307852327680,1786167308373515520,1786167311981814272,1229.9313889999999,10.934594656603773,4127.598973,266.0,worker_8a32eb3d,0e4e1adc-1993-4d87-9a9c-da2154c3a76d,True,root,5,6,4,2,6,5
31235207041|8|9017979109|137|05c249572509162371b7b82339674db64b5d|23|1786167305425181440|227,05c249572509162371b7b82339674db64b5d,05c249572509162371b7b82339674db64b5d,25,,05c249572509162371b7b82339674db64b5d,root,05c249572509162371b7b82339674db64b5d|25|-1,137,23,1786167305425181440,1786167305916230400,1786167312835715840,4685.253716,10.64508302734375,7410.394971,257.0,worker_29a49ec4,59a2bbce-07fa-49b4-b1b7-7a5da5704ff3,True,root,5,6,4,2,5,4
31235207041|8|9017979109|143|063179eb93f4337a662e859c5a2c5638e03f::sa:subagent_001_d6570e3a|11|1786167311830895360|228,063179eb93f4337a662e859c5a2c5638e03f,063179eb93f4337a662e859c5a2c5638e03f,13,11.0,063179eb93f4337a662e859c5a2c5638e03f::sa:subagent_001_d6570e3a,subagent,063179eb93f4337a662e859c5a2c5638e03f|13|11,143,11,1786167311830895360,1786167311974452224,1786167313673491968,747.8363979999999,10.42512056190476,1842.474057,106.0,worker_52cdd4a9,2ee6241e-5049-4435-b67f-e1a81bb3f2bd,True,subagent,5,6,4,2,5,4
31235207041|8|9017979109|145|063179eb93f4337a662e859c5a2c5638e03f::sa:subagent_001_d6570e3a|12|1786167314408070400|229,063179eb93f4337a662e859c5a2c5638e03f,063179eb93f4337a662e859c5a2c5638e03f,13,12.0,063179eb93f4337a662e859c5a2c5638e03f::sa:subagent_001_d6570e3a,subagent,063179eb93f4337a662e859c5a2c5638e03f|13|12,145,12,1786167314408070400,1786167314571700224,1786167316455525888,818.619432,10.77824993859649,2047.339925,115.0,worker_8a32eb3d,cbf1accb-4f25-4f5a-9404-98a6eff482dd,True,subagent,4,5,3,2,7,6
31235207041|8|9017979109|146|0470d446a4514dfe0c6ad0be92853bd13287::fa:009|76|1786167314801414656|230,0470d446a4514dfe0c6ad0be92853bd13287,0470d446a4514dfe0c6ad0be92853bd13287,431,,0470d446a4514dfe0c6ad0be92853bd13287,root,0470d446a4514dfe0c6ad0be92853bd13287|431|-1,146,76,1786167314801414656,1786167315179013120,1786167317549204736,1090.002141,10.763697467532467,2747.611551,155.0,worker_52cdd4a9,57937cd6-7f56-4cb6-808c-ee5bb60d0ccc,True,root,5,6,4,2,7,6
31235207041|8|9017979109|132|03e110ac6921c2fe9ac7772a9654314a2beb::sa:subagent_005_c0c87fc2|14|1786167297023507968|231,03e110ac6921c2fe9ac7772a9654314a2beb,03e110ac6921c2fe9ac7772a9654314a2beb,41,14.0,03e110ac6921c2fe9ac7772a9654314a2beb::sa:subagent_005_c0c87fc2,subagent,03e110ac6921c2fe9ac7772a9654314a2beb|41|14,132,14,1786167297023507968,1786167297321742336,1786167319071091200,906.310898,10.629019536953242,22047.430757,1990.0,worker_e00f4dfb,af30a305-2a90-41f9-ae92-b5b6c242b033,True,subagent,4,5,3,2,6,5
31235207041|8|9017979109|148|063179eb93f4337a662e859c5a2c5638e03f::sa:subagent_001_d6570e3a|13|1786167317147089408|232,063179eb93f4337a662e859c5a2c5638e03f,063179eb93f4337a662e859c5a2c5638e03f,13,13.0,063179eb93f4337a662e859c5a2c5638e03f::sa:subagent_001_d6570e3a,subagent,063179eb93f4337a662e859c5a2c5638e03f|13|13,148,13,1786167317147089408,1786167317347693056,1786167319164896512,858.385236,10.644874824074074,2008.0317169999998,109.0,worker_8a32eb3d,d621f2e8-2138-44f6-bde1-6938df4ef65b,True,subagent,6,7,5,2,5,4
31235207041|8|9017979109|150|063179eb93f4337a662e859c5a2c5638e03f::sa:subagent_001_d6570e3a|14|1786167319882825984|233,063179eb93f4337a662e859c5a2c5638e03f,063179eb93f4337a662e859c5a2c5638e03f,13,14.0,063179eb93f4337a662e859c5a2c5638e03f::sa:subagent_001_d6570e3a,subagent,063179eb93f4337a662e859c5a2c5638e03f|13|14,150,14,1786167319882825984,1786167320165458944,1786167322910700544,1525.120435,16.880609786516853,3027.494706,90.0,worker_8a32eb3d,9a9cc133-4d3b-4a8f-9d93-446a2d921888,True,subagent,5,6,5,1,7,6
31235207041|8|9017979109|149|0470d446a4514dfe0c6ad0be92853bd13287::fa:009|77|1786167319498787072|234,0470d446a4514dfe0c6ad0be92853bd13287,0470d446a4514dfe0c6ad0be92853bd13287,432,,0470d446a4514dfe0c6ad0be92853bd13287,root,0470d446a4514dfe0c6ad0be92853bd13287|432|-1,149,77,1786167319498787072,1786167320167772672,1786167322999230976,1880.047051,10.947690621621621,3500.3052629999997,149.0,worker_52cdd4a9,4aa7229a-cc5e-4328-879d-5cd513345741,True,root,4,5,5,0,6,5
31235207041|8|9017979109|152|063179eb93f4337a662e859c5a2c5638e03f::sa:subagent_001_d6570e3a|15|1786167323598262528|235,063179eb93f4337a662e859c5a2c5638e03f,063179eb93f4337a662e859c5a2c5638e03f,13,15.0,063179eb93f4337a662e859c5a2c5638e03f::sa:subagent_001_d6570e3a,subagent,063179eb93f4337a662e859c5a2c5638e03f|13|15,152,15,1786167323598262528,1786167323749550080,1786167325699527680,819.4521669999999,13.772963096774193,2100.337735,94.0,worker_52cdd4a9,58f8d665-b64a-465d-8f87-f85d6a60c2ea,True,subagent,5,6,4,2,7,6
31235207041|8|9017979109|142|05f72f78a037cfa5cd4e4541960a574701d9|13|1786167310809508096|236,05f72f78a037cfa5cd4e4541960a574701d9,05f72f78a037cfa5cd4e4541960a574701d9,13,,05f72f78a037cfa5cd4e4541960a574701d9,root,05f72f78a037cfa5cd4e4541960a574701d9|13|-1,142,13,1786167310809508096,1786167311017381632,1786167326429029376,3085.3562779999997,11.082188681697613,15619.311677,1132.0,worker_6e24a6ae,ca66ca6d-4c31-4e42-ab92-40183795511b,True,root,6,7,5,2,6,5
31235207041|8|9017979109|153|0470d446a4514dfe0c6ad0be92853bd13287::fa:009|78|1786167325667126528|237,0470d446a4514dfe0c6ad0be92853bd13287,0470d446a4514dfe0c6ad0be92853bd13287,433,,0470d446a4514dfe0c6ad0be92853bd13287,root,0470d446a4514dfe0c6ad0be92853bd13287|433|-1,153,78,1786167325667126528,1786167326037456128,1786167328432274944,1083.2791009999999,10.780306262820512,2765.0068779999997,157.0,worker_8a32eb3d,c3df45d7-d79f-47e9-b7c9-80673fd56f3d,True,root,6,7,5,2,6,5
31235207041|8|9017979109|154|063179eb93f4337a662e859c5a2c5638e03f::sa:subagent_001_d6570e3a|16|1786167326439717632|238,063179eb93f4337a662e859c5a2c5638e03f,063179eb93f4337a662e859c5a2c5638e03f,13,16.0,063179eb93f4337a662e859c5a2c5638e03f::sa:subagent_001_d6570e3a,subagent,063179eb93f4337a662e859c5a2c5638e03f|13|16,154,16,1786167326439717632,1786167326604840960,1786167328458451200,707.3276,10.490308967999999,2018.616221,126.0,worker_52cdd4a9,8d783f8e-0a80-420a-919c-a9e2395109b6,True,subagent,5,6,4,2,5,4
31235207041|8|9017979109|155|063179eb93f4337a662e859c5a2c5638e03f::sa:subagent_001_d6570e3a|17|1786167329157642496|239,063179eb93f4337a662e859c5a2c5638e03f,063179eb93f4337a662e859c5a2c5638e03f,13,17.0,063179eb93f4337a662e859c5a2c5638e03f::sa:subagent_001_d6570e3a,subagent,063179eb93f4337a662e859c5a2c5638e03f|13|17,155,17,1786167329157642496,1786167329353397248,1786167331157950976,790.724788,11.095856706422017,2000.173169,110.0,worker_8a32eb3d,ad511693-495c-41e3-bd2e-f45f3ffde878,True,subagent,4,5,3,2,7,6
31235207041|8|9017979109|158|063179eb93f4337a662e859c5a2c5638e03f::sa:subagent_001_d6570e3a|18|1786167331900287744|240,063179eb93f4337a662e859c5a2c5638e03f,063179eb93f4337a662e859c5a2c5638e03f,13,18.0,063179eb93f4337a662e859c5a2c5638e03f::sa:subagent_001_d6570e3a,subagent,063179eb93f4337a662e859c5a2c5638e03f|13|18,158,18,1786167331900287744,1786167332115227392,1786167333593965056,877.372389,10.728958960526315,1692.77327,77.0,worker_8a32eb3d,efe3faa3-3a88-40ff-94f1-e390a149d211,True,subagent,6,7,5,2,7,6
31235207041|8|9017979109|159|063179eb93f4337a662e859c5a2c5638e03f::sa:subagent_001_d6570e3a|19|1786167334397421568|241,063179eb93f4337a662e859c5a2c5638e03f,063179eb93f4337a662e859c5a2c5638e03f,13,19.0,063179eb93f4337a662e859c5a2c5638e03f::sa:subagent_001_d6570e3a,subagent,063179eb93f4337a662e859c5a2c5638e03f|13|19,159,19,1786167334397421568,1786167334547323904,1786167336474904832,721.2239609999999,10.762908111111111,2077.350383,127.0,worker_8a32eb3d,0cb2b495-8982-42a8-8ec1-9afa321c1f50,True,subagent,6,7,5,2,7,6
31235207041|8|9017979109|141|063179eb93f4337a662e859c5a2c5638e03f::fa:000|13|1786167309729740544|242,063179eb93f4337a662e859c5a2c5638e03f,063179eb93f4337a662e859c5a2c5638e03f,16,,063179eb93f4337a662e859c5a2c5638e03f,root,063179eb93f4337a662e859c5a2c5638e03f|16|-1,141,13,1786167309729740544,1786167309904532480,1786167337592056832,1021.181608,10.676613351630866,27862.187574,2515.0,worker_764e719b,d85133b6-cdb9-4dc9-8f97-9884a0ff4955,True,root,5,6,4,2,7,6
31235207041|8|9017979109|156|0470d446a4514dfe0c6ad0be92853bd13287::fa:009|79|1786167331031171328|243,0470d446a4514dfe0c6ad0be92853bd13287,0470d446a4514dfe0c6ad0be92853bd13287,434,,0470d446a4514dfe0c6ad0be92853bd13287,root,0470d446a4514dfe0c6ad0be92853bd13287|434|-1,156,79,1786167331031171328,1786167331562789888,1786167338770788096,1220.848641,10.774672570247933,7739.525546,606.0,worker_52cdd4a9,55662106-a50c-4d10-935b-7f46a2883f49,True,root,5,6,4,2,6,5
31235207041|8|9017979109|160|063179eb93f4337a662e859c5a2c5638e03f::sa:subagent_001_d6570e3a|20|1786167337379218176|244,063179eb93f4337a662e859c5a2c5638e03f,063179eb93f4337a662e859c5a2c5638e03f,13,20.0,063179eb93f4337a662e859c5a2c5638e03f::sa:subagent_001_d6570e3a,subagent,063179eb93f4337a662e859c5a2c5638e03f|13|20,160,20,1786167337379218176,1786167338003210240,1786167339477798912,1145.094733,10.476588626373626,2098.464298,92.0,worker_8a32eb3d,daa11c84-34c3-400b-8ef8-4700533619b3,True,subagent,6,7,5,2,5,4
31235207041|8|9017979109|161|063179eb93f4337a662e859c5a2c5638e03f::sa:subagent_001_d6570e3a|21|1786167340265172224|245,063179eb93f4337a662e859c5a2c5638e03f,063179eb93f4337a662e859c5a2c5638e03f,13,21.0,063179eb93f4337a662e859c5a2c5638e03f::sa:subagent_001_d6570e3a,subagent,063179eb93f4337a662e859c5a2c5638e03f|13|21,161,21,1786167340265172224,1786167340427619072,1786167341872925696,814.146258,9.216319081395348,1606.749699,87.0,worker_52cdd4a9,c0f9e1e0-e8eb-403f-996e-ed88b933eba2,True,subagent,4,5,3,2,6,5
31235207041|8|9017979109|147|05c249572509162371b7b82339674db64b5d|24|1786167315340339200|246,05c249572509162371b7b82339674db64b5d,05c249572509162371b7b82339674db64b5d,26,,05c249572509162371b7b82339674db64b5d,root,05c249572509162371b7b82339674db64b5d|26|-1,147,24,1786167315340339200,1786167315855722752,1786167343138191104,1260.573903,10.78306527021536,27797.697533,2462.0,worker_29a49ec4,0e52c30f-713c-4175-8f14-06cdf0385465,True,root,6,7,5,2,6,5
31235207041|8|9017979109|163|063179eb93f4337a662e859c5a2c5638e03f::sa:subagent_001_d6570e3a|22|1786167342662987776|247,063179eb93f4337a662e859c5a2c5638e03f,063179eb93f4337a662e859c5a2c5638e03f,13,22.0,063179eb93f4337a662e859c5a2c5638e03f::sa:subagent_001_d6570e3a,subagent,063179eb93f4337a662e859c5a2c5638e03f|13|22,163,22,1786167342662987776,1786167342865886976,1786167344274995712,822.22002,10.670924959459459,1611.868467,75.0,worker_52cdd4a9,b4f5881e-7260-4b02-ba0a-1f070943ed96,True,subagent,5,6,4,2,5,4
31235207041|8|9017979109|157|0196085d85d2075a50b74cd8795ffbdcea9a|101|1786167331049185024|248,0196085d85d2075a50b74cd8795ffbdcea9a,0196085d85d2075a50b74cd8795ffbdcea9a,107,,0196085d85d2075a50b74cd8795ffbdcea9a,root,0196085d85d2075a50b74cd8795ffbdcea9a|107|-1,157,101,1786167331049185024,1786167332661948672,1786167347150091520,16100.75188,,16100.75188,1.0,worker_775bd273,de4346c2-c1c7-4127-9193-69f888c95158,True,root,6,7,5,2,6,5
31235207041|8|9017979109|164|063179eb93f4337a662e859c5a2c5638e03f::sa:subagent_001_d6570e3a|23|1786167345096682240|249,063179eb93f4337a662e859c5a2c5638e03f,063179eb93f4337a662e859c5a2c5638e03f,13,23.0,063179eb93f4337a662e859c5a2c5638e03f::sa:subagent_001_d6570e3a,subagent,063179eb93f4337a662e859c5a2c5638e03f|13|23,164,23,1786167345096682240,1786167345281633280,1786167348117043968,2031.1962549999998,10.409939326315788,3020.1404909999997,96.0,worker_52cdd4a9,c60e1a6a-d701-4ea3-b4a5-d844b12fd775,True,subagent,4,5,3,2,5,4
31235207041|8|9017979109|151|03e110ac6921c2fe9ac7772a9654314a2beb::sa:subagent_005_c0c87fc2|15|1786167320224631040|250,03e110ac6921c2fe9ac7772a9654314a2beb,03e110ac6921c2fe9ac7772a9654314a2beb,41,15.0,03e110ac6921c2fe9ac7772a9654314a2beb::sa:subagent_005_c0c87fc2,subagent,03e110ac6921c2fe9ac7772a9654314a2beb|41|15,151,15,1786167320224631040,1786167320452940800,1786167348447143680,26919.160926999997,10.860098608333333,28222.37276,121.0,worker_e00f4dfb,c248001e-7699-4def-83f0-07a5eada91dd,True,subagent,6,7,5,2,4,3
31235207041|8|9017979109|162|0470d446a4514dfe0c6ad0be92853bd13287::fa:009|80|1786167340971205376|251,0470d446a4514dfe0c6ad0be92853bd13287,0470d446a4514dfe0c6ad0be92853bd13287,435,,0470d446a4514dfe0c6ad0be92853bd13287,root,0470d446a4514dfe0c6ad0be92853bd13287|435|-1,162,80,1786167340971205376,1786167347157538560,1786167350723270144,6925.8117999999995,10.745676015209124,9751.924592,264.0,worker_8a32eb3d,fd23183e-a3a5-4cc5-9b9c-41b4a57f931e,True,root,5,6,4,2,4,3
31235207041|8|9017979109|166|063179eb93f4337a662e859c5a2c5638e03f::sa:subagent_001_d6570e3a|24|1786167349017006592|252,063179eb93f4337a662e859c5a2c5638e03f,063179eb93f4337a662e859c5a2c5638e03f,13,24.0,063179eb93f4337a662e859c5a2c5638e03f::sa:subagent_001_d6570e3a,subagent,063179eb93f4337a662e859c5a2c5638e03f|13|24,166,24,1786167349017006592,1786167349181410304,1786167351235883520,839.664217,10.85912123622047,2218.772614,128.0,worker_52cdd4a9,ec09b588-550c-4d8d-9a04-8057c19a98dd,True,subagent,3,4,3,1,3,2
31235207041|8|9017979109|144|006c98de37d819e95b0840e25426bb7ca99d|27|1786167312982482176|253,006c98de37d819e95b0840e25426bb7ca99d,006c98de37d819e95b0840e25426bb7ca99d,27,,006c98de37d819e95b0840e25426bb7ca99d,root,006c98de37d819e95b0840e25426bb7ca99d|27|-1,144,27,1786167312982482176,1786167313422342400,1786167353805170688,1175.3917159999999,10.735753799350121,40822.530497,3694.0,worker_4c4f3206,4b5ffcc7-3931-41de-a2fc-0ba5964bace5,True,root,4,5,3,2,5,4
31235207041|8|9017979109|167|063179eb93f4337a662e859c5a2c5638e03f::sa:subagent_001_d6570e3a|25|1786167352074532864|254,063179eb93f4337a662e859c5a2c5638e03f,063179eb93f4337a662e859c5a2c5638e03f,13,25.0,063179eb93f4337a662e859c5a2c5638e03f::sa:subagent_001_d6570e3a,subagent,063179eb93f4337a662e859c5a2c5638e03f|13|25,167,25,1786167352074532864,1786167352249071872,1786167354066014976,767.969936,10.544505241379309,1991.1325439999998,117.0,worker_8a32eb3d,d2868124-373f-4ecf-b14f-b50e44902a60,True,subagent,2,3,2,1,4,3
31235207041|8|9017979109|169|0470d446a4514dfe0c6ad0be92853bd13287::fa:009|81|1786167352585092352|255,0470d446a4514dfe0c6ad0be92853bd13287,0470d446a4514dfe0c6ad0be92853bd13287,436,,0470d446a4514dfe0c6ad0be92853bd13287,root,0470d446a4514dfe0c6ad0be92853bd13287|436|-1,169,81,1786167352585092352,1786167353032923136,1786167356514119680,1102.890461,10.58445590636704,3928.940188,268.0,worker_52cdd4a9,7592ca69-4b3a-40e7-9544-3290c67817ce,True,root,4,5,3,2,5,4
31235207041|8|9017979109|171|006c98de37d819e95b0840e25426bb7ca99d|28|1786167355433753600|256,006c98de37d819e95b0840e25426bb7ca99d,006c98de37d819e95b0840e25426bb7ca99d,28,,006c98de37d819e95b0840e25426bb7ca99d,root,006c98de37d819e95b0840e25426bb7ca99d|28|-1,171,28,1786167355433753600,1786167355853780480,1786167359318615552,1072.4026099999999,10.377359357933578,3884.666996,272.0,worker_4c4f3206,37854336-b6a9-4ef1-9196-688bcfc2041a,True,root,4,5,3,2,5,4
31235207041|8|9017979109|172|0470d446a4514dfe0c6ad0be92853bd13287::fa:009|82|1786167358389344768|257,0470d446a4514dfe0c6ad0be92853bd13287,0470d446a4514dfe0c6ad0be92853bd13287,437,,0470d446a4514dfe0c6ad0be92853bd13287,root,0470d446a4514dfe0c6ad0be92853bd13287|437|-1,172,82,1786167358389344768,1786167358838471680,1786167361239525888,1128.879006,15.917544074074074,2847.973766,109.0,worker_52cdd4a9,b2d28895-aa19-46c4-81e7-81eccbc3917d,True,root,4,5,3,2,6,5
31235207041|8|9017979109|165|05c249572509162371b7b82339674db64b5d|25|1786167346055683584|258,05c249572509162371b7b82339674db64b5d,05c249572509162371b7b82339674db64b5d,27,,05c249572509162371b7b82339674db64b5d,root,05c249572509162371b7b82339674db64b5d|27|-1,165,25,1786167346055683584,1786167346765993472,1786167361752643328,8610.174342,11.636523875205254,15696.817382,610.0,worker_29a49ec4,cf5c50d3-7674-44ea-9468-d94b8e0a39ad,True,root,5,6,4,2,5,4
31235207041|8|9017979109|170|063179eb93f4337a662e859c5a2c5638e03f::sa:subagent_001_d6570e3a|26|1786167355011412736|259,063179eb93f4337a662e859c5a2c5638e03f,063179eb93f4337a662e859c5a2c5638e03f,13,26.0,063179eb93f4337a662e859c5a2c5638e03f::sa:subagent_001_d6570e3a,subagent,063179eb93f4337a662e859c5a2c5638e03f|13|26,170,26,1786167355011412736,1786167355194095360,1786167363918814464,7587.716237,10.72821962601626,8907.287251,124.0,worker_8a32eb3d,2021ad95-5cde-426e-9951-15d8c0585fd0,True,subagent,3,4,2,2,5,4
31235207041|8|9017979109|176|05c249572509162371b7b82339674db64b5d|26|1786167363922465536|260,05c249572509162371b7b82339674db64b5d,05c249572509162371b7b82339674db64b5d,28,,05c249572509162371b7b82339674db64b5d,root,05c249572509162371b7b82339674db64b5d|28|-1,176,26,1786167363922465536,1786167364461425664,1786167367071207424,1294.672016,10.963253852071006,3147.4619169999996,170.0,worker_29a49ec4,6784e7fe-fcb6-416e-8c49-ec47819ac47f,True,root,4,5,4,1,6,5
31235207041|8|9017979109|174|006c98de37d819e95b0840e25426bb7ca99d|29|1786167360733437696|261,006c98de37d819e95b0840e25426bb7ca99d,006c98de37d819e95b0840e25426bb7ca99d,29,,006c98de37d819e95b0840e25426bb7ca99d,root,006c98de37d819e95b0840e25426bb7ca99d|29|-1,174,29,1786167360733437696,1786167361188267008,1786167371592356608,1523.3480949999998,9.88598698940678,10855.719813,945.0,worker_4c4f3206,cd2648fc-e3b5-47d6-88b1-594001ddb4ec,True,root,5,6,4,2,6,5
31235207041|8|9017979109|168|03e110ac6921c2fe9ac7772a9654314a2beb::sa:subagent_005_c0c87fc2|16|1786167352110842112|262,03e110ac6921c2fe9ac7772a9654314a2beb,03e110ac6921c2fe9ac7772a9654314a2beb,41,16.0,03e110ac6921c2fe9ac7772a9654314a2beb::sa:subagent_005_c0c87fc2,subagent,03e110ac6921c2fe9ac7772a9654314a2beb|41|16,168,16,1786167352110842112,1786167352341112832,1786167372210017280,2516.902498,10.873300223252937,20099.028959,1618.0,worker_e00f4dfb,5f48101c-621f-466a-ad99-82b54f434633,True,subagent,3,4,2,2,5,4
31235207041|8|9017979109|180|03e110ac6921c2fe9ac7772a9654314a2beb::sa:subagent_005_c0c87fc2|17|1786167373390086656|263,03e110ac6921c2fe9ac7772a9654314a2beb,03e110ac6921c2fe9ac7772a9654314a2beb,41,17.0,03e110ac6921c2fe9ac7772a9654314a2beb::sa:subagent_005_c0c87fc2,subagent,03e110ac6921c2fe9ac7772a9654314a2beb|41|17,180,17,1786167373390086656,1786167373672420864,1786167375421578496,792.30665,10.497177016949152,2030.973538,119.0,worker_e00f4dfb,5e9eeb67-f901-4d49-8761-93939ae26ff0,True,subagent,5,6,4,2,6,5
31235207041|8|9017979109|173|002001296e8a8c38ad9d7cc436d691afc602|97|1786167360338049280|264,002001296e8a8c38ad9d7cc436d691afc602,002001296e8a8c38ad9d7cc436d691afc602,102,,002001296e8a8c38ad9d7cc436d691afc602,root,002001296e8a8c38ad9d7cc436d691afc602|102|-1,173,97,1786167360338049280,1786167361715380480,1786167379632206336,19287.118309999998,,19287.118309999998,1.0,worker_764e719b,e1f6c410-395e-4d52-8416-bf79c1d68cb1,True,root,4,5,3,2,5,4
31235207041|8|9017979109|177|063179eb93f4337a662e859c5a2c5638e03f::sa:subagent_001_d6570e3a|27|1786167364860618752|265,063179eb93f4337a662e859c5a2c5638e03f,063179eb93f4337a662e859c5a2c5638e03f,13,27.0,063179eb93f4337a662e859c5a2c5638e03f::sa:subagent_001_d6570e3a,subagent,063179eb93f4337a662e859c5a2c5638e03f|13|27,177,27,1786167364860618752,1786167365093589248,1786167380849196032,14788.165702999999,10.528709315789474,15988.438564999999,115.0,worker_8a32eb3d,5929ec23-b289-4df8-8277-938b5282af5a,True,subagent,5,6,4,2,5,4
31235207041|8|9017979109|175|0470d446a4514dfe0c6ad0be92853bd13287::fa:009|83|1786167363122725376|266,0470d446a4514dfe0c6ad0be92853bd13287,0470d446a4514dfe0c6ad0be92853bd13287,438,,0470d446a4514dfe0c6ad0be92853bd13287,root,0470d446a4514dfe0c6ad0be92853bd13287|438|-1,175,83,1786167363122725376,1786167363506240768,1786167382028119296,16563.47874,10.590440230769229,18903.966031,222.0,worker_52cdd4a9,f5f22633-b2b7-4f2b-a93e-b176e9a3a5e6,True,root,4,5,3,2,5,4
31235207041|8|9017979109|181|03e110ac6921c2fe9ac7772a9654314a2beb::sa:subagent_005_c0c87fc2|18|1786167379656646656|267,03e110ac6921c2fe9ac7772a9654314a2beb,03e110ac6921c2fe9ac7772a9654314a2beb,41,18.0,03e110ac6921c2fe9ac7772a9654314a2beb::sa:subagent_005_c0c87fc2,subagent,03e110ac6921c2fe9ac7772a9654314a2beb|41|18,181,18,1786167379656646656,1786167379905631744,1786167385330648320,784.595247,10.40268434255319,5673.856887999999,471.0,worker_e00f4dfb,8d42c93a-9209-4c80-8eb9-6ec1b458a1bf,True,subagent,4,5,3,2,6,5
31235207041|8|9017979109|184|002001296e8a8c38ad9d7cc436d691afc602|98|1786167383978217728|268,002001296e8a8c38ad9d7cc436d691afc602,002001296e8a8c38ad9d7cc436d691afc602,103,,002001296e8a8c38ad9d7cc436d691afc602,root,002001296e8a8c38ad9d7cc436d691afc602|103|-1,184,98,1786167383978217728,1786167385036652032,1786167392375781376,8394.285055,,8394.285055,1.0,worker_764e719b,8f71ae68-8f6b-4cb4-8276-3072a8782662,True,root,5,6,4,2,7,6
31235207041|8|9017979109|182|063179eb93f4337a662e859c5a2c5638e03f::sa:subagent_001_d6570e3a|28|1786167381811961856|269,063179eb93f4337a662e859c5a2c5638e03f,063179eb93f4337a662e859c5a2c5638e03f,13,28.0,063179eb93f4337a662e859c5a2c5638e03f::sa:subagent_001_d6570e3a,subagent,063179eb93f4337a662e859c5a2c5638e03f|13|28,182,28,1786167381811961856,1786167382059835648,1786167393307298048,10452.764629,10.746824237113401,11495.20658,98.0,worker_8a32eb3d,f717e6a0-8b14-4540-b4be-fb7062303bcd,True,subagent,4,5,3,2,6,5
31235207041|8|9017979109|179|006c98de37d819e95b0840e25426bb7ca99d|30|1786167373002940416|270,006c98de37d819e95b0840e25426bb7ca99d,006c98de37d819e95b0840e25426bb7ca99d,30,,006c98de37d819e95b0840e25426bb7ca99d,root,006c98de37d819e95b0840e25426bb7ca99d|30|-1,179,30,1786167373002940416,1786167373437999616,1786167393891709696,12555.879765,10.41595753625,20888.645794,801.0,worker_4c4f3206,4afd961b-153e-4bf9-a6c2-664663233d3c,True,root,4,5,4,1,5,4
31235207041|8|9017979109|183|0470d446a4514dfe0c6ad0be92853bd13287::fa:009|84|1786167383912735744|271,0470d446a4514dfe0c6ad0be92853bd13287,0470d446a4514dfe0c6ad0be92853bd13287,439,,0470d446a4514dfe0c6ad0be92853bd13287,root,0470d446a4514dfe0c6ad0be92853bd13287|439|-1,183,84,1786167383912735744,1786167384311847680,1786167394170419200,8459.680916,10.513620385964911,10257.510001999999,172.0,worker_52cdd4a9,f4ede026-7346-41fa-967b-c7589a47b95e,True,root,4,5,3,2,4,3
31235207041|8|9017979109|178|05c249572509162371b7b82339674db64b5d|27|1786167369488499456|272,05c249572509162371b7b82339674db64b5d,05c249572509162371b7b82339674db64b5d,29,,05c249572509162371b7b82339674db64b5d,root,05c249572509162371b7b82339674db64b5d|29|-1,178,27,1786167369488499456,1786167379701819136,1786167396076267520,22876.859841999998,10.482403197740114,26587.630574,355.0,worker_29a49ec4,05c5f016-1265-4ff7-a764-5f2e2fa6593b,True,root,5,6,4,2,4,3
31235207041|8|9017979109|186|0196085d85d2075a50b74cd8795ffbdcea9a|102|1786167392296751104|273,0196085d85d2075a50b74cd8795ffbdcea9a,0196085d85d2075a50b74cd8795ffbdcea9a,108,,0196085d85d2075a50b74cd8795ffbdcea9a,root,0196085d85d2075a50b74cd8795ffbdcea9a|108|-1,186,102,1786167392296751104,1786167393984319488,1786167398768998656,6472.016366,,6472.016366,1.0,worker_775bd273,8ac628ff-3a58-4c43-813f-6b05f9c0fab6,True,root,6,7,5,2,5,4
31235207041|8|9017979109|187|063179eb93f4337a662e859c5a2c5638e03f::sa:subagent_001_d6570e3a|29|1786167394399584256|274,063179eb93f4337a662e859c5a2c5638e03f,063179eb93f4337a662e859c5a2c5638e03f,13,29.0,063179eb93f4337a662e859c5a2c5638e03f::sa:subagent_001_d6570e3a,subagent,063179eb93f4337a662e859c5a2c5638e03f|13|29,187,29,1786167394399584256,1786167394691161600,1786167399963619072,4374.44834,10.91214556880734,5563.872206999999,110.0,worker_8a32eb3d,a2df3809-86f2-43a9-825d-eb4341688f4d,True,subagent,3,4,2,2,4,3
31235207041|8|9017979109|188|0470d446a4514dfe0c6ad0be92853bd13287::fa:009|85|1786167397057172992|275,0470d446a4514dfe0c6ad0be92853bd13287,0470d446a4514dfe0c6ad0be92853bd13287,440,,0470d446a4514dfe0c6ad0be92853bd13287,root,0470d446a4514dfe0c6ad0be92853bd13287|440|-1,188,85,1786167397057172992,1786167397522011392,1786167399993896704,1131.6777379999999,10.680071940828402,2936.609896,170.0,worker_52cdd4a9,7ce15733-ab0c-43c8-9efb-bd130887ef5d,True,root,3,4,2,2,3,2
31235207041|8|9017979109|189|05c249572509162371b7b82339674db64b5d|28|1786167398256006400|276,05c249572509162371b7b82339674db64b5d,05c249572509162371b7b82339674db64b5d,30,,05c249572509162371b7b82339674db64b5d,root,05c249572509162371b7b82339674db64b5d|30|-1,189,28,1786167398256006400,1786167398887015680,1786167400435706880,1388.849119,10.68585322972973,2179.602258,75.0,worker_29a49ec4,a6f4b96d-56a0-4a47-8b01-a05c17ca4c21,True,root,4,5,3,2,2,1
31235207041|8|9017979109|190|063179eb93f4337a662e859c5a2c5638e03f::sa:subagent_001_d6570e3a|30|1786167401057790464|277,063179eb93f4337a662e859c5a2c5638e03f,063179eb93f4337a662e859c5a2c5638e03f,13,30.0,063179eb93f4337a662e859c5a2c5638e03f::sa:subagent_001_d6570e3a,subagent,063179eb93f4337a662e859c5a2c5638e03f|13|30,190,30,1786167401057790464,1786167401302943488,1786167402870366208,755.6999639999999,10.360420421568627,1812.462847,103.0,worker_8a32eb3d,aa6a6680-682c-4f65-b58e-7fc7d7729ffb,True,subagent,1,2,0,2,4,3
31235207041|8|9017979109|193|063179eb93f4337a662e859c5a2c5638e03f::sa:subagent_001_d6570e3a|31|1786167403949531136|278,063179eb93f4337a662e859c5a2c5638e03f,063179eb93f4337a662e859c5a2c5638e03f,13,31.0,063179eb93f4337a662e859c5a2c5638e03f::sa:subagent_001_d6570e3a,subagent,063179eb93f4337a662e859c5a2c5638e03f|13|31,193,31,1786167403949531136,1786167404209992192,1786167406105891072,893.241895,11.587023972477063,2156.227508,110.0,worker_8a32eb3d,c65e7b01-9c34-4192-9ef3-16c7b36b7e66,True,subagent,3,4,2,2,4,3
31235207041|8|9017979109|185|03e110ac6921c2fe9ac7772a9654314a2beb::sa:subagent_005_c0c87fc2|19|1786167388048030464|279,03e110ac6921c2fe9ac7772a9654314a2beb,03e110ac6921c2fe9ac7772a9654314a2beb,41,19.0,03e110ac6921c2fe9ac7772a9654314a2beb::sa:subagent_005_c0c87fc2,subagent,03e110ac6921c2fe9ac7772a9654314a2beb|41|19,185,19,1786167388048030464,1786167388297856000,1786167406204340480,10752.237238,10.592202915593706,18156.187076,700.0,worker_e00f4dfb,de00f07e-e1da-4eff-b551-c943beda26b0,True,subagent,5,6,4,2,3,2
31235207041|8|9017979109|192|0470d446a4514dfe0c6ad0be92853bd13287::fa:009|86|1786167402744054016|280,0470d446a4514dfe0c6ad0be92853bd13287,0470d446a4514dfe0c6ad0be92853bd13287,441,,0470d446a4514dfe0c6ad0be92853bd13287,root,0470d446a4514dfe0c6ad0be92853bd13287|441|-1,192,86,1786167402744054016,1786167403184286208,1786167409111866112,4652.304892,10.396148193939393,6367.669344,166.0,worker_52cdd4a9,8c49a82e-f3d8-49c9-9f5c-c51a797b562e,True,root,3,4,2,2,4,3
31235207041|8|9017979109|195|03e110ac6921c2fe9ac7772a9654314a2beb::sa:subagent_005_c0c87fc2|20|1786167407392515072|281,03e110ac6921c2fe9ac7772a9654314a2beb,03e110ac6921c2fe9ac7772a9654314a2beb,41,20.0,03e110ac6921c2fe9ac7772a9654314a2beb::sa:subagent_005_c0c87fc2,subagent,03e110ac6921c2fe9ac7772a9654314a2beb|41|20,195,20,1786167407392515072,1786167407643777280,1786167409647024640,948.762066,10.701863081967211,2254.389362,123.0,worker_e00f4dfb,1aed7afe-75c2-4f72-8728-3a1537862765,True,subagent,3,4,2,2,3,2
31235207041|8|9017979109|194|063179eb93f4337a662e859c5a2c5638e03f::sa:subagent_001_d6570e3a|32|1786167407052880128|282,063179eb93f4337a662e859c5a2c5638e03f,063179eb93f4337a662e859c5a2c5638e03f,13,32.0,063179eb93f4337a662e859c5a2c5638e03f::sa:subagent_001_d6570e3a,subagent,063179eb93f4337a662e859c5a2c5638e03f|13|32,194,32,1786167407052880128,1786167407324973056,1786167409714033920,872.023868,10.777282524096384,2661.0527669999997,167.0,worker_8a32eb3d,353a968b-b9df-4893-8fca-7ad467e4cb50,True,subagent,2,3,2,1,2,1
31235207041|8|9017979109|191|05c249572509162371b7b82339674db64b5d|29|1786167402576626176|283,05c249572509162371b7b82339674db64b5d,05c249572509162371b7b82339674db64b5d,31,,05c249572509162371b7b82339674db64b5d,root,05c249572509162371b7b82339674db64b5d|31|-1,191,29,1786167402576626176,1786167403132349696,1786167415844739328,2792.679674,10.656401746693794,13267.922590999999,984.0,worker_29a49ec4,e5345e2b-8117-4155-a6e3-766cf12d7481,True,root,2,3,1,2,4,3
31235207041|8|9017979109|197|0470d446a4514dfe0c6ad0be92853bd13287::fa:009|87|1786167411849480192|284,0470d446a4514dfe0c6ad0be92853bd13287,0470d446a4514dfe0c6ad0be92853bd13287,442,,0470d446a4514dfe0c6ad0be92853bd13287,root,0470d446a4514dfe0c6ad0be92853bd13287|442|-1,197,87,1786167411849480192,1786167412286625280,1786167417119762688,1642.3898219999999,11.855099669934638,5270.050321,307.0,worker_8a32eb3d,0071fe22-a8fa-4d0e-858e-d2caecb58ecd,True,root,2,3,2,1,3,2
31235207041|8|9017979109|199|0470d446a4514dfe0c6ad0be92853bd13287::fa:009|88|1786167419973096704|285,0470d446a4514dfe0c6ad0be92853bd13287,0470d446a4514dfe0c6ad0be92853bd13287,443,,0470d446a4514dfe0c6ad0be92853bd13287,root,0470d446a4514dfe0c6ad0be92853bd13287|443|-1,199,88,1786167419973096704,1786167420352937472,1786167422868030976,1085.337377,10.644000776470588,2894.817509,171.0,worker_8a32eb3d,810fcde8-0c15-4504-9137-861c987dfa8a,True,root,2,3,1,2,3,2
31235207041|8|9017979109|198|03e110ac6921c2fe9ac7772a9654314a2beb::sa:subagent_005_c0c87fc2|21|1786167412241071104|286,03e110ac6921c2fe9ac7772a9654314a2beb,03e110ac6921c2fe9ac7772a9654314a2beb,41,21.0,03e110ac6921c2fe9ac7772a9654314a2beb::sa:subagent_005_c0c87fc2,subagent,03e110ac6921c2fe9ac7772a9654314a2beb|41|21,198,21,1786167412241071104,1786167412488036864,1786167423030259968,1228.1842319999998,10.778538425028184,10788.747814999999,888.0,worker_e00f4dfb,006e13b6-0565-4d1f-b247-363aa7551e79,True,subagent,3,4,2,2,2,1
31235207041|8|9017979109|200|03e110ac6921c2fe9ac7772a9654314a2beb::sa:subagent_005_c0c87fc2|22|1786167424272496896|287,03e110ac6921c2fe9ac7772a9654314a2beb,03e110ac6921c2fe9ac7772a9654314a2beb,41,22.0,03e110ac6921c2fe9ac7772a9654314a2beb::sa:subagent_005_c0c87fc2,subagent,03e110ac6921c2fe9ac7772a9654314a2beb|41|22,200,22,1786167424272496896,1786167424645151744,1786167429724805632,4128.026271,10.593441191999998,5452.2064199999995,126.0,worker_e00f4dfb,21ddf15e-3ccc-4f11-9413-6f456d18f76b,True,subagent,1,2,0,2,3,2
31235207041|8|9017979109|201|0470d446a4514dfe0c6ad0be92853bd13287::fa:009|89|1786167425429103616|288,0470d446a4514dfe0c6ad0be92853bd13287,0470d446a4514dfe0c6ad0be92853bd13287,444,,0470d446a4514dfe0c6ad0be92853bd13287,root,0470d446a4514dfe0c6ad0be92853bd13287|444|-1,201,89,1786167425429103616,1786167425814582784,1786167430351362816,2937.225445,10.614574566844919,4922.150889,188.0,worker_8a32eb3d,6b85c01f-abe7-407c-896f-3006ad677784,True,root,2,3,1,2,2,1
31235207041|8|9017979109|203|0196085d85d2075a50b74cd8795ffbdcea9a|103|1786167438174168832|289,0196085d85d2075a50b74cd8795ffbdcea9a,0196085d85d2075a50b74cd8795ffbdcea9a,109,,0196085d85d2075a50b74cd8795ffbdcea9a,root,0196085d85d2075a50b74cd8795ffbdcea9a|109|-1,203,103,1786167438174168832,1786167440390944256,1786167440978669056,2804.3459479999997,,2804.3459479999997,1.0,worker_775bd273,cd938a4b-c53d-45fd-a8c7-a1d05c6cbca3,True,root,2,3,1,2,3,2
31235207041|8|9017979109|202|03e110ac6921c2fe9ac7772a9654314a2beb::sa:subagent_005_c0c87fc2|23|1786167437386586880|290,03e110ac6921c2fe9ac7772a9654314a2beb,03e110ac6921c2fe9ac7772a9654314a2beb,41,23.0,03e110ac6921c2fe9ac7772a9654314a2beb::sa:subagent_005_c0c87fc2,subagent,03e110ac6921c2fe9ac7772a9654314a2beb|41|23,202,23,1786167437386586880,1786167437688667392,1786167444970437120,962.310435,10.64534604823151,7583.715676999999,623.0,worker_e00f4dfb,9c843a60-e638-4bb1-9972-cb30c227ae86,True,subagent,1,2,0,2,3,2
31235207041|8|9017979109|204|0470d446a4514dfe0c6ad0be92853bd13287::fa:009|90|1786167443391970048|291,0470d446a4514dfe0c6ad0be92853bd13287,0470d446a4514dfe0c6ad0be92853bd13287,445,,0470d446a4514dfe0c6ad0be92853bd13287,root,0470d446a4514dfe0c6ad0be92853bd13287|445|-1,204,90,1786167443391970048,1786167443894136320,1786167446710742528,1188.1672039999999,10.64778508,3317.72422,201.0,worker_8a32eb3d,36c445b5-531a-42fb-b8ce-e74f493f1d55,True,root,2,3,1,2,3,2
31235207041|8|9017979109|205|03e110ac6921c2fe9ac7772a9654314a2beb::sa:subagent_005_c0c87fc2|24|1786167446205613056|292,03e110ac6921c2fe9ac7772a9654314a2beb,03e110ac6921c2fe9ac7772a9654314a2beb,41,24.0,03e110ac6921c2fe9ac7772a9654314a2beb::sa:subagent_005_c0c87fc2,subagent,03e110ac6921c2fe9ac7772a9654314a2beb|41|24,205,24,1786167446205613056,1786167446605301248,1786167448427101440,976.541885,10.549355788135593,2221.365868,119.0,worker_e00f4dfb,271e4236-78ff-4efa-834c-bb79e207db3f,True,subagent,2,3,1,2,2,1
31235207041|8|9017979109|206|03e110ac6921c2fe9ac7772a9654314a2beb::sa:subagent_005_c0c87fc2|25|1786167452432679424|293,03e110ac6921c2fe9ac7772a9654314a2beb,03e110ac6921c2fe9ac7772a9654314a2beb,41,25.0,03e110ac6921c2fe9ac7772a9654314a2beb::sa:subagent_005_c0c87fc2,subagent,03e110ac6921c2fe9ac7772a9654314a2beb|41|25,206,25,1786167452432679424,1786167452700995584,1786167455042198784,960.095389,10.572492775641026,2609.404262,157.0,worker_e00f4dfb,4b218788-5058-4a05-b078-69879f53a854,True,subagent,1,2,0,2,2,1
31235207041|8|9017979109|196|063179eb93f4337a662e859c5a2c5638e03f::sa:subagent_001_d6570e3a|33|1786167410746955520|294,063179eb93f4337a662e859c5a2c5638e03f,063179eb93f4337a662e859c5a2c5638e03f,13,33.0,063179eb93f4337a662e859c5a2c5638e03f::sa:subagent_001_d6570e3a,subagent,063179eb93f4337a662e859c5a2c5638e03f|13|33,196,33,1786167410746955520,1786167411024167424,1786167455572672000,886.12761,10.499251850896057,44825.496606,4186.0,worker_52cdd4a9,55b2350c-80b0-4630-a0be-2db3cb79323e,True,subagent,1,2,1,1,2,1
31235207041|8|9017979109|207|0470d446a4514dfe0c6ad0be92853bd13287::fa:009|91|1786167455380265984|295,0470d446a4514dfe0c6ad0be92853bd13287,0470d446a4514dfe0c6ad0be92853bd13287,446,,0470d446a4514dfe0c6ad0be92853bd13287,root,0470d446a4514dfe0c6ad0be92853bd13287|446|-1,207,91,1786167455380265984,1786167455796252928,1786167469878545664,997.2365249999999,10.64742439511041,14498.170658,1269.0,worker_8a32eb3d,ab249de3-2a69-45ac-ab33-2d365a92cb79,True,root,1,2,1,1,4,3
31235207041|8|9017979109|208|03e110ac6921c2fe9ac7772a9654314a2beb::sa:subagent_005_c0c87fc2|26|1786167456333714688|296,03e110ac6921c2fe9ac7772a9654314a2beb,03e110ac6921c2fe9ac7772a9654314a2beb,41,26.0,03e110ac6921c2fe9ac7772a9654314a2beb::sa:subagent_005_c0c87fc2,subagent,03e110ac6921c2fe9ac7772a9654314a2beb|41|26,208,26,1786167456333714688,1786167456599106304,1786167471695316736,853.099747,10.355733470378302,15361.482339,1402.0,worker_e00f4dfb,b8c7c342-ec1e-4d64-be73-6fef763ca345,True,subagent,1,2,1,1,3,2
31235207041|8|9017979109|210|05f72f78a037cfa5cd4e4541960a574701d9|14|1786167463141497856|297,05f72f78a037cfa5cd4e4541960a574701d9,05f72f78a037cfa5cd4e4541960a574701d9,14,,05f72f78a037cfa5cd4e4541960a574701d9,root,05f72f78a037cfa5cd4e4541960a574701d9|14|-1,210,14,1786167463141497856,1786167463437338112,1786167472832325632,3613.3923219999997,10.699514054577463,9690.716305,569.0,worker_6e24a6ae,1cc5d926-4162-4134-b372-71efc3f2de4a,True,root,3,4,2,2,3,2
31235207041|8|9017979109|212|03e110ac6921c2fe9ac7772a9654314a2beb::sa:subagent_005_c0c87fc2|27|1786167472962942464|298,03e110ac6921c2fe9ac7772a9654314a2beb,03e110ac6921c2fe9ac7772a9654314a2beb,41,27.0,03e110ac6921c2fe9ac7772a9654314a2beb::sa:subagent_005_c0c87fc2,subagent,03e110ac6921c2fe9ac7772a9654314a2beb|41|27,212,27,1786167472962942464,1786167473214073088,1786167473831248896,832.453932,35.761813,868.215745,2.0,worker_e00f4dfb,bf9ec0ee-0cca-4e8d-8172-300db6eeef4a,True,subagent,2,3,1,2,4,3
31235207041|8|9017979109|211|0470d446a4514dfe0c6ad0be92853bd13287::fa:009|92|1786167471846235136|299,0470d446a4514dfe0c6ad0be92853bd13287,0470d446a4514dfe0c6ad0be92853bd13287,447,,0470d446a4514dfe0c6ad0be92853bd13287,root,0470d446a4514dfe0c6ad0be92853bd13287|447|-1,211,92,1786167471846235136,1786167472245501696,1786167474459382528,1060.1614379999999,10.63473956849315,2612.833415,147.0,worker_8a32eb3d,cf03cebf-1821-4bc2-b38e-51d9da882d69,True,root,2,3,2,1,3,2
31235207041|8|9017979109|209|063179eb93f4337a662e859c5a2c5638e03f::sa:subagent_001_d6570e3a|34|1786167456619963392|300,063179eb93f4337a662e859c5a2c5638e03f,063179eb93f4337a662e859c5a2c5638e03f,13,34.0,063179eb93f4337a662e859c5a2c5638e03f::sa:subagent_001_d6570e3a,subagent,063179eb93f4337a662e859c5a2c5638e03f|13|34,209,34,1786167456619963392,1786167456871760128,1786167479810827520,1013.105551,10.621460418103448,23190.714904,2089.0,worker_52cdd4a9,81d70e94-f5f7-4d93-84df-bbfc645e9ed2,True,subagent,2,3,1,2,3,2
31235207041|8|9017979109|214|0470d446a4514dfe0c6ad0be92853bd13287::fa:009|93|1786167476727272192|301,0470d446a4514dfe0c6ad0be92853bd13287,0470d446a4514dfe0c6ad0be92853bd13287,448,,0470d446a4514dfe0c6ad0be92853bd13287,root,0470d446a4514dfe0c6ad0be92853bd13287|448|-1,214,93,1786167476727272192,1786167477147661568,1786167485625005312,1036.009215,10.368768308707123,8895.535592999999,759.0,worker_8a32eb3d,abe8616c-edf7-4609-a7c4-18a84cde065b,True,root,2,3,2,1,2,1
31235207041|8|9017979109|213|05f72f78a037cfa5cd4e4541960a574701d9|15|1786167473751887360|302,05f72f78a037cfa5cd4e4541960a574701d9,05f72f78a037cfa5cd4e4541960a574701d9,15,,05f72f78a037cfa5cd4e4541960a574701d9,root,05f72f78a037cfa5cd4e4541960a574701d9|15|-1,213,15,1786167473751887360,1786167473971443712,1786167486308643072,1035.411636,10.342186591561939,12556.607499,1115.0,worker_6e24a6ae,571878dc-9022-4a33-834f-b85984d57ad4,True,root,3,4,2,2,1,0
31235207041|8|9017979109|215|05f72f78a037cfa5cd4e4541960a574701d9|16|1786167487143025152|303,05f72f78a037cfa5cd4e4541960a574701d9,05f72f78a037cfa5cd4e4541960a574701d9,16,,05f72f78a037cfa5cd4e4541960a574701d9,root,05f72f78a037cfa5cd4e4541960a574701d9|16|-1,215,16,1786167487143025152,1786167487383284224,1786167492192339712,773.475241,10.373014398058253,5047.157173,413.0,worker_6e24a6ae,2bb2b66d-e80a-46ff-8199-d4512f36e1f5,True,root,0,1,1,0,2,1
31235207041|8|9017979109|218|0196085d85d2075a50b74cd8795ffbdcea9a|104|1786167495819776000|304,0196085d85d2075a50b74cd8795ffbdcea9a,0196085d85d2075a50b74cd8795ffbdcea9a,110,,0196085d85d2075a50b74cd8795ffbdcea9a,root,0196085d85d2075a50b74cd8795ffbdcea9a|110|-1,218,104,1786167495819776000,1786167497318397952,1786167497962223872,2142.335802,,2142.335802,1.0,worker_775bd273,389a1e5e-5f54-42bb-8015-c012e2e1bd8f,True,root,2,3,3,0,3,2
31235207041|8|9017979109|216|0470d446a4514dfe0c6ad0be92853bd13287::fa:009|94|1786167487660834304|305,0470d446a4514dfe0c6ad0be92853bd13287,0470d446a4514dfe0c6ad0be92853bd13287,449,,0470d446a4514dfe0c6ad0be92853bd13287,root,0470d446a4514dfe0c6ad0be92853bd13287|449|-1,216,94,1786167487660834304,1786167488094896640,1786167498569441280,1096.63882,10.482730003205127,10908.474102999999,937.0,worker_52cdd4a9,a2e44eba-cdb0-4789-a916-8b4e6ba789ba,True,root,1,2,2,0,2,1
31235207041|8|9017979109|219|0470d446a4514dfe0c6ad0be92853bd13287::fa:009|95|1786167500595537152|306,0470d446a4514dfe0c6ad0be92853bd13287,0470d446a4514dfe0c6ad0be92853bd13287,450,,0470d446a4514dfe0c6ad0be92853bd13287,root,0470d446a4514dfe0c6ad0be92853bd13287|450|-1,219,95,1786167500595537152,1786167501060310272,1786167503030833408,1144.5826809999999,10.666178247933885,2435.1902489999998,122.0,worker_52cdd4a9,15be52c8-7673-4206-ae02-2a879f8291df,True,root,1,2,2,0,2,1
31235207041|8|9017979109|217|05f72f78a037cfa5cd4e4541960a574701d9|17|1786167495337175552|307,05f72f78a037cfa5cd4e4541960a574701d9,05f72f78a037cfa5cd4e4541960a574701d9,17,,05f72f78a037cfa5cd4e4541960a574701d9,root,05f72f78a037cfa5cd4e4541960a574701d9|17|-1,217,17,1786167495337175552,1786167495567187712,1786167504981277952,805.264945,10.435360079102715,9644.014932,848.0,worker_6e24a6ae,de367267-7ef1-4f2b-abb1-1db7a165bfc0,True,root,1,2,2,0,1,0
31235207041|8|9017979109|220|0470d446a4514dfe0c6ad0be92853bd13287::fa:009|96|1786167505066945536|308,0470d446a4514dfe0c6ad0be92853bd13287,0470d446a4514dfe0c6ad0be92853bd13287,451,,0470d446a4514dfe0c6ad0be92853bd13287,root,0470d446a4514dfe0c6ad0be92853bd13287|451|-1,220,96,1786167505066945536,1786167505533261056,1786167509005412096,1461.26192,9.20893901486989,3938.4665149999996,270.0,worker_52cdd4a9,d8c8e6a9-c5ec-45f4-b280-7fcad617cf4a,True,root,0,1,1,0,2,1
31235207041|8|9017979109|222|0470d446a4514dfe0c6ad0be92853bd13287::fa:009|97|1786167511042195968|309,0470d446a4514dfe0c6ad0be92853bd13287,0470d446a4514dfe0c6ad0be92853bd13287,452,,0470d446a4514dfe0c6ad0be92853bd13287,root,0470d446a4514dfe0c6ad0be92853bd13287|452|-1,222,97,1786167511042195968,1786167511532472320,1786167513139061248,1147.0488759999998,10.668340640449438,2096.531193,90.0,worker_52cdd4a9,f50ac559-67c0-4154-8e3f-61a7470ba727,True,root,1,2,2,0,2,1
31235207041|8|9017979109|223|0470d446a4514dfe0c6ad0be92853bd13287::fa:009|98|1786167515305503232|310,0470d446a4514dfe0c6ad0be92853bd13287,0470d446a4514dfe0c6ad0be92853bd13287,453,,0470d446a4514dfe0c6ad0be92853bd13287,root,0470d446a4514dfe0c6ad0be92853bd13287|453|-1,223,98,1786167515305503232,1786167515806000640,1786167517534825216,1383.424963,10.06639320238095,2229.001992,85.0,worker_52cdd4a9,bb6a663b-9c08-41df-9d3d-d0517ca443f1,True,root,1,2,2,0,2,1
31235207041|8|9017979109|221|05f72f78a037cfa5cd4e4541960a574701d9|18|1786167505868628224|311,05f72f78a037cfa5cd4e4541960a574701d9,05f72f78a037cfa5cd4e4541960a574701d9,18,,05f72f78a037cfa5cd4e4541960a574701d9,root,05f72f78a037cfa5cd4e4541960a574701d9|18|-1,221,18,1786167505868628224,1786167506527632640,1786167527291968000,4027.502379,10.485669013863774,21423.227273,1660.0,worker_6e24a6ae,06749720-4f0c-444c-8060-798695086c7d,True,root,1,2,2,0,2,1
31235207041|8|9017979109|224|0470d446a4514dfe0c6ad0be92853bd13287::fa:009|99|1786167519505051136|312,0470d446a4514dfe0c6ad0be92853bd13287,0470d446a4514dfe0c6ad0be92853bd13287,454,,0470d446a4514dfe0c6ad0be92853bd13287,root,0470d446a4514dfe0c6ad0be92853bd13287|454|-1,224,99,1786167519505051136,1786167519991815936,1786167529116009472,8255.26902,10.589436078124999,9610.716838,129.0,worker_52cdd4a9,c6749b02-7325-4e65-8961-a4afceac5ff1,True,root,1,2,2,0,2,1
31235207041|8|9017979109|225|05f72f78a037cfa5cd4e4541960a574701d9|19|1786167528255786496|313,05f72f78a037cfa5cd4e4541960a574701d9,05f72f78a037cfa5cd4e4541960a574701d9,19,,05f72f78a037cfa5cd4e4541960a574701d9,root,05f72f78a037cfa5cd4e4541960a574701d9|19|-1,225,19,1786167528255786496,1786167528494141952,1786167530697153792,887.6076419999999,10.357688206666667,2441.2608729999997,151.0,worker_6e24a6ae,792c8f16-1054-49f1-9efb-9f7f3ddc9cd2,True,root,1,2,2,0,1,0
31235207041|8|9017979109|226|0470d446a4514dfe0c6ad0be92853bd13287::fa:009|100|1786167531184493056|314,0470d446a4514dfe0c6ad0be92853bd13287,0470d446a4514dfe0c6ad0be92853bd13287,455,,0470d446a4514dfe0c6ad0be92853bd13287,root,0470d446a4514dfe0c6ad0be92853bd13287|455|-1,226,100,1786167531184493056,1786167531652425984,1786167536967464448,1115.453156,10.464960558295964,5782.825565,447.0,worker_8a32eb3d,0ca44660-9498-45b8-a70d-85b8241deb13,True,root,0,1,1,0,1,0
31235207041|8|9017979109|227|0470d446a4514dfe0c6ad0be92853bd13287::fa:009|101|1786167539001239552|315,0470d446a4514dfe0c6ad0be92853bd13287,0470d446a4514dfe0c6ad0be92853bd13287,456,,0470d446a4514dfe0c6ad0be92853bd13287,root,0470d446a4514dfe0c6ad0be92853bd13287|456|-1,227,101,1786167539001239552,1786167539495340032,1786167541094821120,1167.9944779999998,10.398320764044943,2093.445026,90.0,worker_52cdd4a9,06c14aa3-834d-4c47-aa72-2daf044ae850,True,root,0,1,1,0,1,0
31235207041|8|9017979109|229|0470d446a4514dfe0c6ad0be92853bd13287::fa:009|102|1786167543151741440|316,0470d446a4514dfe0c6ad0be92853bd13287,0470d446a4514dfe0c6ad0be92853bd13287,457,,0470d446a4514dfe0c6ad0be92853bd13287,root,0470d446a4514dfe0c6ad0be92853bd13287|457|-1,229,102,1786167543151741440,1786167543580545024,1786167545236802304,1084.484052,10.756788569892473,2084.865389,94.0,worker_8a32eb3d,4f3237d1-656b-460c-918d-ef0ae74e8068,True,root,1,2,2,0,2,1
31235207041|8|9017979109|230|0470d446a4514dfe0c6ad0be92853bd13287::fa:009|103|1786167547343948800|317,0470d446a4514dfe0c6ad0be92853bd13287,0470d446a4514dfe0c6ad0be92853bd13287,458,,0470d446a4514dfe0c6ad0be92853bd13287,root,0470d446a4514dfe0c6ad0be92853bd13287|458|-1,230,103,1786167547343948800,1786167547862853120,1786167549462500352,1152.059199,10.857595606741572,2118.3852079999997,90.0,worker_52cdd4a9,3deebda2-2680-4d07-8d0c-433c11cf9ce2,True,root,1,2,2,0,2,1
31235207041|8|9017979109|231|0470d446a4514dfe0c6ad0be92853bd13287::fa:009|104|1786167551507539968|318,0470d446a4514dfe0c6ad0be92853bd13287,0470d446a4514dfe0c6ad0be92853bd13287,459,,0470d446a4514dfe0c6ad0be92853bd13287,root,0470d446a4514dfe0c6ad0be92853bd13287|459|-1,231,104,1786167551507539968,1786167551999190272,1786167554154981376,1400.410646,10.657286786324786,2647.3132,118.0,worker_8a32eb3d,baa0a035-5d5d-4da7-9f60-3939bbade567,True,root,1,2,2,0,2,1
31235207041|8|9017979109|232|0470d446a4514dfe0c6ad0be92853bd13287::fa:009|105|1786167556299936000|319,0470d446a4514dfe0c6ad0be92853bd13287,0470d446a4514dfe0c6ad0be92853bd13287,460,,0470d446a4514dfe0c6ad0be92853bd13287,root,0470d446a4514dfe0c6ad0be92853bd13287|460|-1,232,105,1786167556299936000,1786167556736966656,1786167558814931968,1145.074535,10.455977175572517,2514.8075449999997,132.0,worker_52cdd4a9,2c3e53b1-71a5-485a-a39d-1dba559770dd,True,root,1,2,2,0,2,1
31235207041|8|9017979109|228|002001296e8a8c38ad9d7cc436d691afc602|99|1786167541637191424|320,002001296e8a8c38ad9d7cc436d691afc602,002001296e8a8c38ad9d7cc436d691afc602,104,,002001296e8a8c38ad9d7cc436d691afc602,root,002001296e8a8c38ad9d7cc436d691afc602|104|-1,228,99,1786167541637191424,1786167542846014464,1786167558871025920,17233.550089,,17233.550089,1.0,worker_764e719b,6cd41063-0c28-4dfe-ba50-4f2c4386f8ff,True,root,0,1,1,0,1,0
31235207041|8|9017979109|234|0470d446a4514dfe0c6ad0be92853bd13287::fa:009|106|1786167560968498176|321,0470d446a4514dfe0c6ad0be92853bd13287,0470d446a4514dfe0c6ad0be92853bd13287,461,,0470d446a4514dfe0c6ad0be92853bd13287,root,0470d446a4514dfe0c6ad0be92853bd13287|461|-1,234,106,1786167560968498176,1786167561441914112,1786167563006712320,1152.694831,10.294861813953489,2038.052947,87.0,worker_8a32eb3d,1a07e012-146c-4843-8bbf-4dd0c0d8d678,True,root,1,2,2,0,2,1
31235207041|8|9017979109|235|002001296e8a8c38ad9d7cc436d691afc602|100|1786167563156223744|322,002001296e8a8c38ad9d7cc436d691afc602,002001296e8a8c38ad9d7cc436d691afc602,105,,002001296e8a8c38ad9d7cc436d691afc602,root,002001296e8a8c38ad9d7cc436d691afc602|105|-1,235,100,1786167563156223744,1786167564811528192,1786167565344785408,2188.435046,,2188.435046,1.0,worker_764e719b,f9b637a8-b098-4102-b21d-5a5b1d4a62b6,True,root,1,2,2,0,3,2
31235207041|8|9017979109|233|0196085d85d2075a50b74cd8795ffbdcea9a|105|1786167559325856512|323,0196085d85d2075a50b74cd8795ffbdcea9a,0196085d85d2075a50b74cd8795ffbdcea9a,111,,0196085d85d2075a50b74cd8795ffbdcea9a,root,0196085d85d2075a50b74cd8795ffbdcea9a|111|-1,233,105,1786167559325856512,1786167560884753920,1786167586064826624,26738.302894,,26738.302894,1.0,worker_775bd273,5a1ed106-e70e-49a0-a02b-68437e61faf0,True,root,0,1,1,0,3,2
31235207041|8|9017979109|237|006c98de37d819e95b0840e25426bb7ca99d|31|1786167575564153088|324,006c98de37d819e95b0840e25426bb7ca99d,006c98de37d819e95b0840e25426bb7ca99d,31,,006c98de37d819e95b0840e25426bb7ca99d,root,006c98de37d819e95b0840e25426bb7ca99d|31|-1,237,31,1786167575564153088,1786167575922850048,1786167590807661312,14496.639869999999,10.48440276056338,15241.032465999999,72.0,worker_4c4f3206,f3c9fb63-8d1d-4742-b252-6d083bdad7f4,True,root,2,3,3,0,2,1
31235207041|8|9017979109|236|0470d446a4514dfe0c6ad0be92853bd13287::fa:009|107|1786167565103312128|325,0470d446a4514dfe0c6ad0be92853bd13287,0470d446a4514dfe0c6ad0be92853bd13287,462,,0470d446a4514dfe0c6ad0be92853bd13287,root,0470d446a4514dfe0c6ad0be92853bd13287|462|-1,236,107,1786167565103312128,1786167587589409792,1786167591429476096,24959.462798,10.352860189393938,26326.040343,133.0,worker_52cdd4a9,61a52bd6-8568-48a0-aec1-1f4000d7928d,True,root,2,3,3,0,1,0
31235207041|8|9017979109|238|0470d446a4514dfe0c6ad0be92853bd13287::fa:009|108|1786167593486327040|326,0470d446a4514dfe0c6ad0be92853bd13287,0470d446a4514dfe0c6ad0be92853bd13287,463,,0470d446a4514dfe0c6ad0be92853bd13287,root,0470d446a4514dfe0c6ad0be92853bd13287|463|-1,238,108,1786167593486327040,1786167593944529920,1786167596856550144,1121.5237849999999,10.50731789719626,3370.089815,215.0,worker_8a32eb3d,ad6c398d-e7a5-4519-bac0-23b360cfc2b6,True,root,0,1,1,0,2,1
31235207041|8|9017979109|241|0470d446a4514dfe0c6ad0be92853bd13287::fa:009|109|1786167599133073920|327,0470d446a4514dfe0c6ad0be92853bd13287,0470d446a4514dfe0c6ad0be92853bd13287,464,,0470d446a4514dfe0c6ad0be92853bd13287,root,0470d446a4514dfe0c6ad0be92853bd13287|464|-1,241,109,1786167599133073920,1786167599579708928,1786167601050495744,1040.0240549999999,10.697907207317073,1917.252446,83.0,worker_52cdd4a9,453976b4-7c75-4733-b79f-cc4320091787,True,root,2,3,3,0,3,2
31235207041|8|9017979109|239|05f72f78a037cfa5cd4e4541960a574701d9|20|1786167595463009280|328,05f72f78a037cfa5cd4e4541960a574701d9,05f72f78a037cfa5cd4e4541960a574701d9,20,,05f72f78a037cfa5cd4e4541960a574701d9,root,05f72f78a037cfa5cd4e4541960a574701d9|20|-1,239,20,1786167595463009280,1786167595693137408,1786167602323846400,795.85367,10.31405044047619,6860.515329,589.0,worker_6e24a6ae,f2eb7f3f-e827-4c28-952e-388d42f714a2,True,root,1,2,2,0,2,1
31235207041|8|9017979109|242|0470d446a4514dfe0c6ad0be92853bd13287::fa:009|110|1786167603232715264|329,0470d446a4514dfe0c6ad0be92853bd13287,0470d446a4514dfe0c6ad0be92853bd13287,465,,0470d446a4514dfe0c6ad0be92853bd13287,root,0470d446a4514dfe0c6ad0be92853bd13287|465|-1,242,110,1786167603232715264,1786167603730376448,1786167606500067840,1136.395111,10.539227648514851,3265.3190959999997,203.0,worker_8a32eb3d,541d16ce-364e-4f48-b3d5-fb073608e972,True,root,1,2,2,0,4,3
31235207041|8|9017979109|240|05c249572509162371b7b82339674db64b5d|30|1786167598700008704|330,05c249572509162371b7b82339674db64b5d,05c249572509162371b7b82339674db64b5d,32,,05c249572509162371b7b82339674db64b5d,root,05c249572509162371b7b82339674db64b5d|32|-1,240,30,1786167598700008704,1786167599328826368,1786167608465323776,8702.1085,10.420381078431372,9764.987369999999,103.0,worker_29a49ec4,b31116e0-d342-4992-9a08-ba0581dafe0c,True,root,1,2,2,0,3,2
31235207041|8|9017979109|243|05f72f78a037cfa5cd4e4541960a574701d9|21|1786167603235428096|331,05f72f78a037cfa5cd4e4541960a574701d9,05f72f78a037cfa5cd4e4541960a574701d9,21,,05f72f78a037cfa5cd4e4541960a574701d9,root,05f72f78a037cfa5cd4e4541960a574701d9|21|-1,243,21,1786167603235428096,1786167603516648960,1786167620245859328,4129.807435,10.34580029879518,17010.328806999998,1246.0,worker_6e24a6ae,b4b362ee-4f77-439e-a73e-902edf40210e,True,root,2,3,3,0,3,2
31235207041|8|9017979109|244|03e110ac6921c2fe9ac7772a9654314a2beb|37|1786167604674677504|332,03e110ac6921c2fe9ac7772a9654314a2beb,03e110ac6921c2fe9ac7772a9654314a2beb,45,,03e110ac6921c2fe9ac7772a9654314a2beb,root,03e110ac6921c2fe9ac7772a9654314a2beb|45|-1,244,37,1786167604674677504,1786167605730213376,1786167620332344064,15657.408254999998,,15657.408254999998,1.0,worker_e00f4dfb,bfd166ab-c02e-4844-adb0-adb3eb5b0d23,True,root,3,4,4,0,2,1
31235207041|8|9017979109|245|0470d446a4514dfe0c6ad0be92853bd13287::fa:009|111|1786167608748454656|333,0470d446a4514dfe0c6ad0be92853bd13287,0470d446a4514dfe0c6ad0be92853bd13287,466,,0470d446a4514dfe0c6ad0be92853bd13287,root,0470d446a4514dfe0c6ad0be92853bd13287|466|-1,245,111,1786167608748454656,1786167609232761344,1786167622217358336,11635.259338,10.358774502824858,13468.762424999999,178.0,worker_52cdd4a9,2a318159-3224-4ae1-a5f4-d775083686f1,True,root,2,3,3,0,1,0
31235207041|8|9017979109|248|0196085d85d2075a50b74cd8795ffbdcea9a|106|1786167624431610624|334,0196085d85d2075a50b74cd8795ffbdcea9a,0196085d85d2075a50b74cd8795ffbdcea9a,112,,0196085d85d2075a50b74cd8795ffbdcea9a,root,0196085d85d2075a50b74cd8795ffbdcea9a|112|-1,248,106,1786167624431610624,1786167626022989568,1786167626701545984,2263.626229,,2263.626229,1.0,worker_775bd273,862fa147-2a47-4522-8782-0119c1dfdf10,True,root,2,3,3,0,4,3
31235207041|8|9017979109|247|0470d446a4514dfe0c6ad0be92853bd13287::fa:009|112|1786167624333615104|335,0470d446a4514dfe0c6ad0be92853bd13287,0470d446a4514dfe0c6ad0be92853bd13287,467,,0470d446a4514dfe0c6ad0be92853bd13287,root,0470d446a4514dfe0c6ad0be92853bd13287|467|-1,247,112,1786167624333615104,1786167624815823872,1786167627508905984,1106.8644769999999,10.44597348989899,3175.167228,199.0,worker_8a32eb3d,093b7a28-5a42-479f-ac91-77f44521e30f,True,root,1,2,2,0,3,2
31235207041|8|9017979109|246|05f72f78a037cfa5cd4e4541960a574701d9|22|1786167622368890880|336,05f72f78a037cfa5cd4e4541960a574701d9,05f72f78a037cfa5cd4e4541960a574701d9,22,,05f72f78a037cfa5cd4e4541960a574701d9,root,05f72f78a037cfa5cd4e4541960a574701d9|22|-1,246,22,1786167622368890880,1786167622613846784,1786167640418863104,861.725017,10.35428533433735,18049.838671999998,1661.0,worker_6e24a6ae,65db44f4-8c29-41cc-ba1b-cd1ddf4603b5,True,root,0,1,1,0,3,2
31235207041|8|9017979109|249|03e110ac6921c2fe9ac7772a9654314a2beb|38|1786167625602361600|337,03e110ac6921c2fe9ac7772a9654314a2beb,03e110ac6921c2fe9ac7772a9654314a2beb,46,,03e110ac6921c2fe9ac7772a9654314a2beb,root,03e110ac6921c2fe9ac7772a9654314a2beb|46|-1,249,38,1786167625602361600,1786167626596772608,1786167641451647744,15845.676602,,15845.676602,1.0,worker_e00f4dfb,bc6f8f25-de7b-43ac-936c-d76a765efc49,True,root,3,4,4,0,2,1
31235207041|8|9017979109|250|0470d446a4514dfe0c6ad0be92853bd13287::fa:009|113|1786167629827767040|338,0470d446a4514dfe0c6ad0be92853bd13287,0470d446a4514dfe0c6ad0be92853bd13287,468,,0470d446a4514dfe0c6ad0be92853bd13287,root,0470d446a4514dfe0c6ad0be92853bd13287|468|-1,250,113,1786167629827767040,1786167630274013184,1786167643084056576,12053.568855,7.964186503311258,13256.161016999999,152.0,worker_52cdd4a9,c65a2e4a-4532-4b55-8b43-c46215826f66,True,root,2,3,3,0,2,1
31235207041|8|9017979109|252|0470d446a4514dfe0c6ad0be92853bd13287::fa:009|114|1786167645239682304|339,0470d446a4514dfe0c6ad0be92853bd13287,0470d446a4514dfe0c6ad0be92853bd13287,469,,0470d446a4514dfe0c6ad0be92853bd13287,root,0470d446a4514dfe0c6ad0be92853bd13287|469|-1,252,114,1786167645239682304,1786167645670591744,1786167650316332032,1100.1751789999998,10.40927870418848,5076.519644,383.0,worker_8a32eb3d,748e73ba-4977-4748-9c47-aba962687234,True,root,1,2,2,0,2,1
31235207041|8|9017979109|254|002001296e8a8c38ad9d7cc436d691afc602|101|1786167654981182976|340,002001296e8a8c38ad9d7cc436d691afc602,002001296e8a8c38ad9d7cc436d691afc602,106,,002001296e8a8c38ad9d7cc436d691afc602,root,002001296e8a8c38ad9d7cc436d691afc602|106|-1,254,101,1786167654981182976,1786167656061419008,1786167656932683520,1951.360033,,1951.360033,1.0,worker_764e719b,21882ee6-38cf-4646-b6f4-8e57c68c713d,True,root,2,3,3,0,3,2
31235207041|8|9017979109|253|0470d446a4514dfe0c6ad0be92853bd13287::fa:009|115|1786167652550754560|341,0470d446a4514dfe0c6ad0be92853bd13287,0470d446a4514dfe0c6ad0be92853bd13287,470,,0470d446a4514dfe0c6ad0be92853bd13287,root,0470d446a4514dfe0c6ad0be92853bd13287|470|-1,253,115,1786167652550754560,1786167653012389376,1786167664962960640,1081.4215669999999,10.414029934742645,12411.886136,1089.0,worker_52cdd4a9,db84fc44-196e-4a65-9442-5b6810f973a4,True,root,1,2,2,0,4,3
31235207041|8|9017979109|256|0196085d85d2075a50b74cd8795ffbdcea9a|107|1786167664603346688|342,0196085d85d2075a50b74cd8795ffbdcea9a,0196085d85d2075a50b74cd8795ffbdcea9a,113,,0196085d85d2075a50b74cd8795ffbdcea9a,root,0196085d85d2075a50b74cd8795ffbdcea9a|113|-1,256,107,1786167664603346688,1786167666106901504,1786167680355510528,15752.028202,,15752.028202,1.0,worker_775bd273,c35ae24d-cb2b-4fd4-8b3b-ded296b54469,True,root,3,4,4,0,4,3
31235207041|8|9017979109|255|002001296e8a8c38ad9d7cc436d691afc602|102|1786167662527438336|343,002001296e8a8c38ad9d7cc436d691afc602,002001296e8a8c38ad9d7cc436d691afc602,107,,002001296e8a8c38ad9d7cc436d691afc602,root,002001296e8a8c38ad9d7cc436d691afc602|107|-1,255,102,1786167662527438336,1786167663559886592,1786167680389296384,17861.736844,,17861.736844,1.0,worker_764e719b,c70ef352-8b42-4d0c-bd62-8b5d09ded80c,True,root,2,3,3,0,3,2
31235207041|8|9017979109|251|05f72f78a037cfa5cd4e4541960a574701d9|23|1786167642643756032|344,05f72f78a037cfa5cd4e4541960a574701d9,05f72f78a037cfa5cd4e4541960a574701d9,23,,05f72f78a037cfa5cd4e4541960a574701d9,root,05f72f78a037cfa5cd4e4541960a574701d9|23|-1,251,23,1786167642643756032,1786167642905054976,1786167681355541760,836.204791,10.40534939423077,38711.676586,3641.0,worker_6e24a6ae,e421c15f-69c6-45cc-94a6-4142208d93c1,True,root,1,2,2,0,2,1
31235207041|8|9017979109|257|0470d446a4514dfe0c6ad0be92853bd13287::fa:009|116|1786167667246765056|345,0470d446a4514dfe0c6ad0be92853bd13287,0470d446a4514dfe0c6ad0be92853bd13287,471,,0470d446a4514dfe0c6ad0be92853bd13287,root,0470d446a4514dfe0c6ad0be92853bd13287|471|-1,257,116,1786167667246765056,1786167680398449152,1786167682724632064,13849.963955,10.50154155483871,15477.702895999999,156.0,worker_8a32eb3d,b5234f72-10e9-4682-b31d-83775278f8b6,True,root,3,4,4,0,2,1
31235207041|8|9017979109|258|05f72f78a037cfa5cd4e4541960a574701d9|24|1786167682358533888|346,05f72f78a037cfa5cd4e4541960a574701d9,05f72f78a037cfa5cd4e4541960a574701d9,24,,05f72f78a037cfa5cd4e4541960a574701d9,root,05f72f78a037cfa5cd4e4541960a574701d9|24|-1,258,24,1786167682358533888,1786167682630791168,1786167683621853184,932.439487,10.669784806451613,1263.202816,32.0,worker_6e24a6ae,5a10a143-b59f-40d0-aa23-53213288f847,True,root,1,2,2,0,1,0
31235207041|8|9017979109|259|0470d446a4514dfe0c6ad0be92853bd13287::fa:009|117|1786167685052452352|347,0470d446a4514dfe0c6ad0be92853bd13287,0470d446a4514dfe0c6ad0be92853bd13287,472,,0470d446a4514dfe0c6ad0be92853bd13287,root,0470d446a4514dfe0c6ad0be92853bd13287|472|-1,259,117,1786167685052452352,1786167685587732224,1786167687761166848,1213.27382,10.529708288732394,2708.492397,143.0,worker_52cdd4a9,bdb59bb7-ed86-41a8-bb3d-bebd2603b3fe,True,root,0,1,1,0,1,0
31235207041|8|9017979109|260|0470d446a4514dfe0c6ad0be92853bd13287::fa:009|118|1786167689955741440|348,0470d446a4514dfe0c6ad0be92853bd13287,0470d446a4514dfe0c6ad0be92853bd13287,473,,0470d446a4514dfe0c6ad0be92853bd13287,root,0470d446a4514dfe0c6ad0be92853bd13287|473|-1,260,118,1786167689955741440,1786167690418893568,1786167697095636224,1139.363013,10.39919240034662,7139.697028,578.0,worker_8a32eb3d,a1240d9d-1a74-4c6b-906f-bd02798d0fde,True,root,0,1,1,0,1,0
31235207041|8|9017979109|261|0470d446a4514dfe0c6ad0be92853bd13287::fa:009|119|1786167699602179328|349,0470d446a4514dfe0c6ad0be92853bd13287,0470d446a4514dfe0c6ad0be92853bd13287,474,,0470d446a4514dfe0c6ad0be92853bd13287,root,0470d446a4514dfe0c6ad0be92853bd13287|474|-1,261,119,1786167699602179328,1786167700077762048,1786167702959449088,1101.565979,11.986252914893617,3354.981527,189.0,worker_52cdd4a9,26efbb72-579a-4b8b-970c-43faf785b6d7,True,root,0,1,1,0,1,0
31235207041|8|9017979109|262|0470d446a4514dfe0c6ad0be92853bd13287::fa:009|120|1786167705580713472|350,0470d446a4514dfe0c6ad0be92853bd13287,0470d446a4514dfe0c6ad0be92853bd13287,475,,0470d446a4514dfe0c6ad0be92853bd13287,root,0470d446a4514dfe0c6ad0be92853bd13287|475|-1,262,120,1786167705580713472,1786167706056115968,1786167708824312320,1221.301768,9.858230170731707,3242.238953,206.0,worker_8a32eb3d,04765e6f-a513-499a-8b63-22432e1bda87,True,root,0,1,1,0,1,0
31235207041|8|9017979109|263|05f72f78a037cfa5cd4e4541960a574701d9|25|1786167709823397632|351,05f72f78a037cfa5cd4e4541960a574701d9,05f72f78a037cfa5cd4e4541960a574701d9,25,,05f72f78a037cfa5cd4e4541960a574701d9,root,05f72f78a037cfa5cd4e4541960a574701d9|25|-1,263,25,1786167709823397632,1786167710109125888,1786167713791004672,889.104802,10.193234394039735,3967.461589,303.0,worker_6e24a6ae,6200be9c-02e1-4369-ba00-ea4c70c3b481,True,root,0,1,1,0,1,0
31235207041|8|9017979109|264|0196085d85d2075a50b74cd8795ffbdcea9a|108|1786167718889443072|352,0196085d85d2075a50b74cd8795ffbdcea9a,0196085d85d2075a50b74cd8795ffbdcea9a,114,,0196085d85d2075a50b74cd8795ffbdcea9a,root,0196085d85d2075a50b74cd8795ffbdcea9a|114|-1,264,108,1786167718889443072,1786167720439209984,1786167721016410624,2126.8238969999998,,2126.8238969999998,1.0,worker_775bd273,fc3d1272-70e0-415e-9917-ba4f683f45be,True,root,0,1,1,0,1,0
31235207041|8|9017979109|265|0470d446a4514dfe0c6ad0be92853bd13287::fa:009|121|1786167721056401408|353,0470d446a4514dfe0c6ad0be92853bd13287,0470d446a4514dfe0c6ad0be92853bd13287,476,,0470d446a4514dfe0c6ad0be92853bd13287,root,0470d446a4514dfe0c6ad0be92853bd13287|476|-1,265,121,1786167721056401408,1786167721597348864,1786167724561495296,1189.199645,10.3848142735426,3505.013228,224.0,worker_52cdd4a9,4dde65d6-1c31-4e27-bc73-ee5873a4405d,True,root,0,1,1,0,1,0
31235207041|8|9017979109|266|05f72f78a037cfa5cd4e4541960a574701d9|26|1786167731650963968|354,05f72f78a037cfa5cd4e4541960a574701d9,05f72f78a037cfa5cd4e4541960a574701d9,26,,05f72f78a037cfa5cd4e4541960a574701d9,root,05f72f78a037cfa5cd4e4541960a574701d9|26|-1,266,26,1786167731650963968,1786167731929716224,1786167744300954112,4149.407383,10.341195169099757,12649.869811999999,823.0,worker_6e24a6ae,003394b8-ab52-4b09-904a-bd12b19aefa6,True,root,0,1,1,0,1,0
31235207041|8|9017979109|267|05f72f78a037cfa5cd4e4541960a574701d9|27|1786167745520125696|355,05f72f78a037cfa5cd4e4541960a574701d9,05f72f78a037cfa5cd4e4541960a574701d9,27,,05f72f78a037cfa5cd4e4541960a574701d9,root,05f72f78a037cfa5cd4e4541960a574701d9|27|-1,267,27,1786167745520125696,1786167745799535872,1786167752769363456,841.60317,10.40179233116883,7249.107246,617.0,worker_6e24a6ae,8a70c6d7-412e-432b-91ff-8c5de62faaae,True,root,0,1,1,0,2,1
31235207041|8|9017979109|268|0470d446a4514dfe0c6ad0be92853bd13287::fa:009|122|1786167748380850944|356,0470d446a4514dfe0c6ad0be92853bd13287,0470d446a4514dfe0c6ad0be92853bd13287,477,,0470d446a4514dfe0c6ad0be92853bd13287,root,0470d446a4514dfe0c6ad0be92853bd13287|477|-1,268,122,1786167748380850944,1786167748972420096,1786167754377329408,1251.563034,10.428089437362637,5996.343728,456.0,worker_8a32eb3d,a43808f0-3f8f-441f-8055-f316b58fec37,True,root,1,2,2,0,2,1
31235207041|8|9017979109|269|05f72f78a037cfa5cd4e4541960a574701d9|28|1786167753857972736|357,05f72f78a037cfa5cd4e4541960a574701d9,05f72f78a037cfa5cd4e4541960a574701d9,28,,05f72f78a037cfa5cd4e4541960a574701d9,root,05f72f78a037cfa5cd4e4541960a574701d9|28|-1,269,28,1786167753857972736,1786167754155901184,1786167759083360768,849.814636,10.343921631205674,5225.293486,424.0,worker_6e24a6ae,537706a2-32de-4d9b-8557-2cb7f0c40c1a,True,root,1,2,2,0,2,1
31235207041|8|9017979109|270|0470d446a4514dfe0c6ad0be92853bd13287::fa:009|123|1786167756663304960|358,0470d446a4514dfe0c6ad0be92853bd13287,0470d446a4514dfe0c6ad0be92853bd13287,478,,0470d446a4514dfe0c6ad0be92853bd13287,root,0470d446a4514dfe0c6ad0be92853bd13287|478|-1,270,123,1786167756663304960,1786167757142691840,1786167759146926336,1179.599826,10.51533954032258,2483.501929,125.0,worker_52cdd4a9,f0e72b46-219b-44fb-9f77-f2bef82b212a,True,root,1,2,2,0,1,0
31235207041|8|9017979109|271|0196085d85d2075a50b74cd8795ffbdcea9a|109|1786167760170745856|359,0196085d85d2075a50b74cd8795ffbdcea9a,0196085d85d2075a50b74cd8795ffbdcea9a,115,,0196085d85d2075a50b74cd8795ffbdcea9a,root,0196085d85d2075a50b74cd8795ffbdcea9a|115|-1,271,109,1786167760170745856,1786167761919245568,1786167782619490304,22446.458521,,22446.458521,1.0,worker_775bd273,ac47d71c-100d-489a-9a80-830277fda5f2,True,root,0,1,1,0,3,2
31235207041|8|9017979109|272|0470d446a4514dfe0c6ad0be92853bd13287::fa:009|124|1786167761365118208|360,0470d446a4514dfe0c6ad0be92853bd13287,0470d446a4514dfe0c6ad0be92853bd13287,479,,0470d446a4514dfe0c6ad0be92853bd13287,root,0470d446a4514dfe0c6ad0be92853bd13287|479|-1,272,124,1786167761365118208,1786167782654820608,1786167787258627840,21992.234216,11.21008706321839,25893.344514,349.0,worker_8a32eb3d,c5ccb6ff-ec7c-46cb-a4d9-852bc696b8fb,True,root,1,2,2,0,2,1
31235207041|8|9017979109|273|063179eb93f4337a662e859c5a2c5638e03f::fa:000|14|1786167779813893632|361,063179eb93f4337a662e859c5a2c5638e03f,063179eb93f4337a662e859c5a2c5638e03f,17,,063179eb93f4337a662e859c5a2c5638e03f,root,063179eb93f4337a662e859c5a2c5638e03f|17|-1,273,14,1786167779813893632,1786167780009007872,1786167790040044288,2854.3473209999997,10.856238164948454,10225.733035,680.0,worker_52cdd4a9,7e3d8fb7-0dc3-4d7e-b584-b506af59a753,True,root,2,3,3,0,1,0
31235207041|8|9017979109|274|063179eb93f4337a662e859c5a2c5638e03f::fa:000|15|1786167790725044480|362,063179eb93f4337a662e859c5a2c5638e03f,063179eb93f4337a662e859c5a2c5638e03f,18,,063179eb93f4337a662e859c5a2c5638e03f,root,063179eb93f4337a662e859c5a2c5638e03f|18|-1,274,15,1786167790725044480,1786167790917297152,1786167794486469376,787.21809,10.583879928825622,3761.28835,282.0,worker_8a32eb3d,f0a48dee-e819-4e29-b841-2a072c08c10f,True,root,0,1,1,0,3,2
31235207041|8|9017979109|276|0470d446a4514dfe0c6ad0be92853bd13287::fa:009|125|1786167792004011776|363,0470d446a4514dfe0c6ad0be92853bd13287,0470d446a4514dfe0c6ad0be92853bd13287,480,,0470d446a4514dfe0c6ad0be92853bd13287,root,0470d446a4514dfe0c6ad0be92853bd13287|480|-1,276,125,1786167792004011776,1786167792473145088,1786167795124453632,1229.2440649999999,10.58551835955056,3113.466333,179.0,worker_52cdd4a9,5f43836a-f869-4cb3-96c0-4f0af3e38d74,True,root,2,3,3,0,2,1
31235207041|8|9017979109|275|05f72f78a037cfa5cd4e4541960a574701d9|29|1786167791181278720|364,05f72f78a037cfa5cd4e4541960a574701d9,05f72f78a037cfa5cd4e4541960a574701d9,29,,05f72f78a037cfa5cd4e4541960a574701d9,root,05f72f78a037cfa5cd4e4541960a574701d9|29|-1,275,29,1786167791181278720,1786167791512175616,1786167796498505984,945.4597249999999,10.48350645323741,5317.081916,418.0,worker_6e24a6ae,ef23eaae-f129-475d-a801-427bd6b60d9f,True,root,1,2,2,0,2,1
31235207041|8|9017979109|278|0470d446a4514dfe0c6ad0be92853bd13287::fa:009|126|1786167797323250688|365,0470d446a4514dfe0c6ad0be92853bd13287,0470d446a4514dfe0c6ad0be92853bd13287,481,,0470d446a4514dfe0c6ad0be92853bd13287,root,0470d446a4514dfe0c6ad0be92853bd13287|481|-1,278,126,1786167797323250688,1786167797867177728,1786167803084767232,1229.461884,10.63834360798122,5761.396261,427.0,worker_52cdd4a9,95a71a54-7d0e-4ffa-a625-d4da98338b2f,True,root,1,2,2,0,3,2
31235207041|8|9017979109|277|063179eb93f4337a662e859c5a2c5638e03f::fa:000|16|1786167795201785344|366,063179eb93f4337a662e859c5a2c5638e03f,063179eb93f4337a662e859c5a2c5638e03f,19,,063179eb93f4337a662e859c5a2c5638e03f,root,063179eb93f4337a662e859c5a2c5638e03f|19|-1,277,16,1786167795201785344,1786167795525399296,1786167803976336384,1056.580983,10.235858383289125,8774.418204,755.0,worker_8a32eb3d,50f0ddc4-2d97-463f-b131-59baa6f441eb,True,root,1,2,2,0,2,1
31235207041|8|9017979109|279|05f72f78a037cfa5cd4e4541960a574701d9|30|1786167798217702656|367,05f72f78a037cfa5cd4e4541960a574701d9,05f72f78a037cfa5cd4e4541960a574701d9,30,,05f72f78a037cfa5cd4e4541960a574701d9,root,05f72f78a037cfa5cd4e4541960a574701d9|30|-1,279,30,1786167798217702656,1786167798512379904,1786167805920669184,914.5494309999999,10.52444587751938,7702.817021999999,646.0,worker_6e24a6ae,3552c84b-ec02-405a-872b-587b59b1ad15,True,root,2,3,3,0,3,2
31235207041|8|9017979109|280|063179eb93f4337a662e859c5a2c5638e03f::fa:000|17|1786167804851969280|368,063179eb93f4337a662e859c5a2c5638e03f,063179eb93f4337a662e859c5a2c5638e03f,20,,063179eb93f4337a662e859c5a2c5638e03f,root,063179eb93f4337a662e859c5a2c5638e03f|20|-1,280,17,1786167804851969280,1786167805111446016,1786167817045924096,4725.34966,10.684504858369099,12193.818556,700.0,worker_8a32eb3d,98b6667a-8c09-4ed6-808c-eb43a55ed6ab,True,root,1,2,2,0,3,2
31235207041|8|9017979109|282|05f72f78a037cfa5cd4e4541960a574701d9|31|1786167807468892416|369,05f72f78a037cfa5cd4e4541960a574701d9,05f72f78a037cfa5cd4e4541960a574701d9,31,,05f72f78a037cfa5cd4e4541960a574701d9,root,05f72f78a037cfa5cd4e4541960a574701d9|31|-1,282,31,1786167807468892416,1786167807817758464,1786167820347216384,2137.462744,10.666085916583912,12878.211261999999,1008.0,worker_6e24a6ae,4cd4e1fc-6291-48d8-8059-ed54edd3fa6c,True,root,2,3,3,0,3,2
31235207041|8|9017979109|284|0196085d85d2075a50b74cd8795ffbdcea9a|110|1786167821545656320|370,0196085d85d2075a50b74cd8795ffbdcea9a,0196085d85d2075a50b74cd8795ffbdcea9a,116,,0196085d85d2075a50b74cd8795ffbdcea9a,root,0196085d85d2075a50b74cd8795ffbdcea9a|116|-1,284,110,1786167821545656320,1786167823117607680,1786167823738111744,2191.8719849999998,,2191.8719849999998,1.0,worker_775bd273,ef35f759-feb5-4b56-bb76-95d94b883570,True,root,2,3,3,0,4,3
31235207041|8|9017979109|286|03e110ac6921c2fe9ac7772a9654314a2beb|39|1786167826889670400|371,03e110ac6921c2fe9ac7772a9654314a2beb,03e110ac6921c2fe9ac7772a9654314a2beb,47,,03e110ac6921c2fe9ac7772a9654314a2beb,root,03e110ac6921c2fe9ac7772a9654314a2beb|47|-1,286,39,1786167826889670400,1786167827954403840,1786167842679757824,15789.940292,,15789.940292,1.0,worker_e00f4dfb,d73e201e-538a-438d-9320-592c57859ae5,True,root,3,4,4,0,4,3
31235207041|8|9017979109|287|069d7bf5f1efb4e76e3c84510367e6af78a5|0|1786167842762328832|372,069d7bf5f1efb4e76e3c84510367e6af78a5,069d7bf5f1efb4e76e3c84510367e6af78a5,0,,069d7bf5f1efb4e76e3c84510367e6af78a5,root,069d7bf5f1efb4e76e3c84510367e6af78a5|0|-1,287,0,1786167842762328832,1786167842773083904,1786167843399050240,445.17588,10.635200166666666,636.609483,19.0,worker_e00f4dfb,aa03e95f-c244-4b80-985b-484626cb27ab,True,root,3,4,4,0,4,3
31235207041|8|9017979109|283|063179eb93f4337a662e859c5a2c5638e03f::fa:000|18|1786167818057970176|373,063179eb93f4337a662e859c5a2c5638e03f,063179eb93f4337a662e859c5a2c5638e03f,21,,063179eb93f4337a662e859c5a2c5638e03f,root,063179eb93f4337a662e859c5a2c5638e03f|21|-1,283,18,1786167818057970176,1786167818363227904,1786167843748085248,1010.7971299999999,10.338994178885631,25689.976235,2388.0,worker_8a32eb3d,690edb6a-d97b-40aa-85ba-4cff96792860,True,root,2,3,3,0,4,3
31235207041|8|9017979109|288|069d7bf5f1efb4e76e3c84510367e6af78a5|1|1786167843400679168|374,069d7bf5f1efb4e76e3c84510367e6af78a5,069d7bf5f1efb4e76e3c84510367e6af78a5,1,,069d7bf5f1efb4e76e3c84510367e6af78a5,root,069d7bf5f1efb4e76e3c84510367e6af78a5|1|-1,288,1,1786167843400679168,1786167843594725120,1786167854414826496,2197.91164,10.924182319702602,11013.726772,808.0,worker_e00f4dfb,414a46c6-98f6-4d6d-b029-7ad6567b1cdc,True,root,3,4,4,0,4,3
31235207041|8|9017979109|281|0470d446a4514dfe0c6ad0be92853bd13287::fa:009|127|1786167805304070912|375,0470d446a4514dfe0c6ad0be92853bd13287,0470d446a4514dfe0c6ad0be92853bd13287,482,,0470d446a4514dfe0c6ad0be92853bd13287,root,0470d446a4514dfe0c6ad0be92853bd13287|482|-1,281,127,1786167805304070912,1786167805767393024,1786167863915033088,4335.1832699999995,10.682044795315882,58610.652875,5082.0,worker_52cdd4a9,16bbbc86-fb6b-4252-a0fa-ce6bdd7311a5,True,root,2,3,3,0,4,3
31235207041|8|9017979109|291|0196085d85d2075a50b74cd8795ffbdcea9a|111|1786167864527592448|376,0196085d85d2075a50b74cd8795ffbdcea9a,0196085d85d2075a50b74cd8795ffbdcea9a,117,,0196085d85d2075a50b74cd8795ffbdcea9a,root,0196085d85d2075a50b74cd8795ffbdcea9a|117|-1,291,111,1786167864527592448,1786167866104668928,1786167866665859840,2138.080348,,2138.080348,1.0,worker_775bd273,1fedc86e-c64b-4c18-985e-92ffb9fc73a8,True,root,3,4,4,0,5,4
31235207041|8|9017979109|290|069d7bf5f1efb4e76e3c84510367e6af78a5|2|1786167855097728768|377,069d7bf5f1efb4e76e3c84510367e6af78a5,069d7bf5f1efb4e76e3c84510367e6af78a5,2,,069d7bf5f1efb4e76e3c84510367e6af78a5,root,069d7bf5f1efb4e76e3c84510367e6af78a5|2|-1,290,2,1786167855097728768,1786167855244766464,1786167873670863616,9510.510790999999,11.784790942782834,18573.015026,770.0,worker_e00f4dfb,dc67a498-808b-4435-b8f9-3cc0c2012d99,True,root,3,4,4,0,4,3
31235207041|8|9017979109|289|063179eb93f4337a662e859c5a2c5638e03f::fa:000|19|1786167844825515776|378,063179eb93f4337a662e859c5a2c5638e03f,063179eb93f4337a662e859c5a2c5638e03f,22,,063179eb93f4337a662e859c5a2c5638e03f,root,063179eb93f4337a662e859c5a2c5638e03f|22|-1,289,19,1786167844825515776,1786167845115827968,1786167878169870592,19783.074552,11.356976462311557,33343.304447999995,1195.0,worker_8a32eb3d,b47c4d6c-ce12-4c9e-8b4a-d8a1991fc7bf,True,root,3,4,4,0,3,2
31235207041|8|9017979109|292|0470d446a4514dfe0c6ad0be92853bd13287::fa:009|128|1786167866593392128|379,0470d446a4514dfe0c6ad0be92853bd13287,0470d446a4514dfe0c6ad0be92853bd13287,483,,0470d446a4514dfe0c6ad0be92853bd13287,root,0470d446a4514dfe0c6ad0be92853bd13287|483|-1,292,128,1786167866593392128,1786167866758376448,1786167879071274496,1250.800015,10.30940411570248,12477.741097,1090.0,worker_52cdd4a9,5485d30a-d6a3-4a36-8f8e-b4e809da333b,True,root,4,5,5,0,3,2
31235207041|8|9017979109|285|05f72f78a037cfa5cd4e4541960a574701d9|32|1786167821923236608|380,05f72f78a037cfa5cd4e4541960a574701d9,05f72f78a037cfa5cd4e4541960a574701d9,32,,05f72f78a037cfa5cd4e4541960a574701d9,root,05f72f78a037cfa5cd4e4541960a574701d9|32|-1,285,32,1786167821923236608,1786167822267750656,1786167883310824192,1043.58204,10.874732806631826,61387.474383999994,5550.0,worker_6e24a6ae,05ed7d7d-4e35-4a8a-a05a-746d3300fe95,True,root,3,4,4,0,4,3
31235207041|8|9017979109|294|063179eb93f4337a662e859c5a2c5638e03f::fa:000|20|1786167879330091264|381,063179eb93f4337a662e859c5a2c5638e03f,063179eb93f4337a662e859c5a2c5638e03f,23,,063179eb93f4337a662e859c5a2c5638e03f,root,063179eb93f4337a662e859c5a2c5638e03f|23|-1,294,20,1786167879330091264,1786167879642964480,1786167884350985984,859.5801309999999,10.300009014851485,5020.783773,405.0,worker_52cdd4a9,31aebfbf-72fc-4fda-b42d-d32a13efaaac,True,root,2,3,3,0,3,2
31235207041|8|9017979109|293|069d7bf5f1efb4e76e3c84510367e6af78a5|3|1786167878580283904|382,069d7bf5f1efb4e76e3c84510367e6af78a5,069d7bf5f1efb4e76e3c84510367e6af78a5,3,,069d7bf5f1efb4e76e3c84510367e6af78a5,root,069d7bf5f1efb4e76e3c84510367e6af78a5|3|-1,293,3,1786167878580283904,1786167878758881792,1786167888172463872,755.5736989999999,10.684965314389359,9592.040014,828.0,worker_e00f4dfb,501565d6-a029-4da8-a010-a94355152f03,True,root,2,3,3,0,4,3
31235207041|8|9017979109|295|0470d446a4514dfe0c6ad0be92853bd13287::fa:009|129|1786167880687046400|383,0470d446a4514dfe0c6ad0be92853bd13287,0470d446a4514dfe0c6ad0be92853bd13287,484,,0470d446a4514dfe0c6ad0be92853bd13287,root,0470d446a4514dfe0c6ad0be92853bd13287|484|-1,295,129,1786167880687046400,1786167880858282752,1786167890818938112,1183.968145,10.551623714622641,10131.745055,849.0,worker_8a32eb3d,60561b82-fdd4-4bf8-82ef-354342cd37d4,True,root,3,4,4,0,5,4
31235207041|8|9017979109|296|05f72f78a037cfa5cd4e4541960a574701d9|33|1786167885096338176|384,05f72f78a037cfa5cd4e4541960a574701d9,05f72f78a037cfa5cd4e4541960a574701d9,33,,05f72f78a037cfa5cd4e4541960a574701d9,root,05f72f78a037cfa5cd4e4541960a574701d9|33|-1,296,33,1786167885096338176,1786167885439450112,1786167893995485184,1029.352161,10.57752781451613,8899.032855,745.0,worker_6e24a6ae,e7408147-8b94-4c2e-bbaa-85e3d24213e4,True,root,2,3,3,0,5,4
31235207041|8|9017979109|299|006c98de37d819e95b0840e25426bb7ca99d|32|1786167890811646464|385,006c98de37d819e95b0840e25426bb7ca99d,006c98de37d819e95b0840e25426bb7ca99d,32,,006c98de37d819e95b0840e25426bb7ca99d,root,006c98de37d819e95b0840e25426bb7ca99d|32|-1,299,32,1786167890811646464,1786167891166286080,1786167899859856640,8505.064564999999,10.647462843137255,9048.08517,52.0,worker_4c4f3206,ebe395c6-e052-485d-8eee-c054e44db6b0,True,root,4,5,5,0,5,4
31235207041|8|9017979109|297|063179eb93f4337a662e859c5a2c5638e03f::fa:000|21|1786167885468264192|386,063179eb93f4337a662e859c5a2c5638e03f,063179eb93f4337a662e859c5a2c5638e03f,24,,063179eb93f4337a662e859c5a2c5638e03f,root,063179eb93f4337a662e859c5a2c5638e03f|24|-1,297,21,1786167885468264192,1786167885780014336,1786167900387688448,872.206291,10.405042683703703,14919.013914,1351.0,worker_52cdd4a9,e575b9ff-68b2-4cd9-b07c-c24e88549287,True,root,3,4,4,0,5,4
31235207041|8|9017979109|301|05f72f78a037cfa5cd4e4541960a574701d9|34|1786167895557254912|387,05f72f78a037cfa5cd4e4541960a574701d9,05f72f78a037cfa5cd4e4541960a574701d9,34,,05f72f78a037cfa5cd4e4541960a574701d9,root,05f72f78a037cfa5cd4e4541960a574701d9|34|-1,301,34,1786167895557254912,1786167895871892480,1786167906878481920,3902.1166209999997,10.39074624509804,11321.10944,715.0,worker_6e24a6ae,aa41fb1f-3488-4e09-8ab6-9fd8400be771,True,root,4,5,5,0,6,5
31235207041|8|9017979109|302|077ea9e6554f45bbad9c24a8462bae9a8512|0|1786167899865195008|388,077ea9e6554f45bbad9c24a8462bae9a8512,077ea9e6554f45bbad9c24a8462bae9a8512,0,,077ea9e6554f45bbad9c24a8462bae9a8512,root,077ea9e6554f45bbad9c24a8462bae9a8512|0|-1,302,0,1786167899865195008,1786167900012421632,1786167908810529280,2842.726881,10.650027146596857,8945.192436,574.0,worker_4c4f3206,1c7daefa-2384-4e30-ba2f-5219dff664bf,True,root,4,5,5,0,6,5
31235207041|8|9017979109|304|0196085d85d2075a50b74cd8795ffbdcea9a|112|1786167906428272896|389,0196085d85d2075a50b74cd8795ffbdcea9a,0196085d85d2075a50b74cd8795ffbdcea9a,118,,0196085d85d2075a50b74cd8795ffbdcea9a,root,0196085d85d2075a50b74cd8795ffbdcea9a|118|-1,304,112,1786167906428272896,1786167908114507520,1786167908812912384,2384.4540669999997,,2384.4540669999997,1.0,worker_775bd273,f218092a-e772-4125-814a-6fd7b6d1459f,True,root,5,6,6,0,5,4
31235207041|8|9017979109|303|063179eb93f4337a662e859c5a2c5638e03f::fa:000|22|1786167901581529600|390,063179eb93f4337a662e859c5a2c5638e03f,063179eb93f4337a662e859c5a2c5638e03f,25,,063179eb93f4337a662e859c5a2c5638e03f,root,063179eb93f4337a662e859c5a2c5638e03f|25|-1,303,22,1786167901581529600,1786167901900039680,1786167910610147328,1160.690734,10.60308841374663,9028.182337,743.0,worker_52cdd4a9,a95b192d-7777-49d6-837c-752d0178c987,True,root,4,5,5,0,5,4
31235207041|8|9017979109|306|077ea9e6554f45bbad9c24a8462bae9a8512|1|1786167910526474496|391,077ea9e6554f45bbad9c24a8462bae9a8512,077ea9e6554f45bbad9c24a8462bae9a8512,1,,077ea9e6554f45bbad9c24a8462bae9a8512,root,077ea9e6554f45bbad9c24a8462bae9a8512|1|-1,306,1,1786167910526474496,1786167910673115392,1786167913379721984,638.43371,10.49627960663507,2853.148707,212.0,worker_4c4f3206,d9eb215a-8370-48b9-ba5f-20a92a05b7bc,True,root,4,5,5,0,5,4
31235207041|8|9017979109|307|063179eb93f4337a662e859c5a2c5638e03f::fa:000|23|1786167911857434112|392,063179eb93f4337a662e859c5a2c5638e03f,063179eb93f4337a662e859c5a2c5638e03f,26,,063179eb93f4337a662e859c5a2c5638e03f,root,063179eb93f4337a662e859c5a2c5638e03f|26|-1,307,23,1786167911857434112,1786167912147173120,1786167926186409984,9895.431057,10.969427923267327,14327.079937999999,405.0,worker_52cdd4a9,b885c015-2ce3-4df2-963c-5b0d7e9adcf9,True,root,4,5,5,0,5,4
31235207041|8|9017979109|300|0470d446a4514dfe0c6ad0be92853bd13287::fa:009|130|1786167891748516864|393,0470d446a4514dfe0c6ad0be92853bd13287,0470d446a4514dfe0c6ad0be92853bd13287,485,,0470d446a4514dfe0c6ad0be92853bd13287,root,0470d446a4514dfe0c6ad0be92853bd13287|485|-1,300,130,1786167891748516864,1786167892195944704,1786167932335349504,1042.9068849999999,10.667333740760723,40586.713061999995,3708.0,worker_8a32eb3d,15c6aaf3-cfef-42b1-8a7c-88425757ea60,True,root,4,5,5,0,5,4
31235207041|8|9017979109|305|05c249572509162371b7b82339674db64b5d|31|1786167908468926208|394,05c249572509162371b7b82339674db64b5d,05c249572509162371b7b82339674db64b5d,33,,05c249572509162371b7b82339674db64b5d,root,05c249572509162371b7b82339674db64b5d|33|-1,305,31,1786167908468926208,1786167909000496384,1786167933196931328,10818.78751,10.569139824468085,24727.775519,1317.0,worker_29a49ec4,7ce9e2a4-6abd-410b-bea1-66566f250261,True,root,5,6,6,0,4,3
31235207041|8|9017979109|309|063179eb93f4337a662e859c5a2c5638e03f::fa:000|24|1786167927320542208|395,063179eb93f4337a662e859c5a2c5638e03f,063179eb93f4337a662e859c5a2c5638e03f,27,,063179eb93f4337a662e859c5a2c5638e03f,root,063179eb93f4337a662e859c5a2c5638e03f|27|-1,309,24,1786167927320542208,1786167927634337024,1786167934667580416,940.0008379999999,10.607439337748344,7346.894198,605.0,worker_52cdd4a9,e4e87ed7-0cdc-456a-b478-54b767baf22e,True,root,4,5,5,0,5,4
31235207041|8|9017979109|312|063179eb93f4337a662e859c5a2c5638e03f::fa:000|25|1786167935788460032|396,063179eb93f4337a662e859c5a2c5638e03f,063179eb93f4337a662e859c5a2c5638e03f,28,,063179eb93f4337a662e859c5a2c5638e03f,root,063179eb93f4337a662e859c5a2c5638e03f|28|-1,312,25,1786167935788460032,1786167936095114752,1786167944276406784,2561.251283,11.643537548133594,8487.811894999999,510.0,worker_52cdd4a9,8da476e1-1902-4162-8bab-182353b3f494,True,root,4,5,5,0,5,4
31235207041|8|9017979109|298|069d7bf5f1efb4e76e3c84510367e6af78a5|4|1786167890807051520|397,069d7bf5f1efb4e76e3c84510367e6af78a5,069d7bf5f1efb4e76e3c84510367e6af78a5,4,,069d7bf5f1efb4e76e3c84510367e6af78a5,root,069d7bf5f1efb4e76e3c84510367e6af78a5|4|-1,298,4,1786167890807051520,1786167890999479552,1786167944909719296,4623.168199,10.768080823939064,54102.499585,4596.0,worker_e00f4dfb,34db43ce-7706-48dd-ab71-4bd1bbced3c7,True,root,3,4,4,0,4,3
31235207041|8|9017979109|314|069d7bf5f1efb4e76e3c84510367e6af78a5|5|1786167946363779072|398,069d7bf5f1efb4e76e3c84510367e6af78a5,069d7bf5f1efb4e76e3c84510367e6af78a5,5,,069d7bf5f1efb4e76e3c84510367e6af78a5,root,069d7bf5f1efb4e76e3c84510367e6af78a5|5|-1,314,5,1786167946363779072,1786167946530132736,1786167951060102656,2656.415173,10.679377267015706,4696.1762309999995,192.0,worker_e00f4dfb,e3243df6-ccbf-43e7-b7be-54f2d8868f2a,True,root,4,5,5,0,6,5
31235207041|8|9017979109|311|002001296e8a8c38ad9d7cc436d691afc602|103|1786167933479472896|399,002001296e8a8c38ad9d7cc436d691afc602,002001296e8a8c38ad9d7cc436d691afc602,108,,002001296e8a8c38ad9d7cc436d691afc602,root,002001296e8a8c38ad9d7cc436d691afc602|108|-1,311,103,1786167933479472896,1786167934960706816,1786167952008313856,18528.699843,,18528.699843,1.0,worker_764e719b,2ff8b405-fe9b-4e68-a5a1-37e9a024cd81,True,root,4,5,5,0,6,5
31235207041|8|9017979109|310|0470d446a4514dfe0c6ad0be92853bd13287::fa:009|131|1786167933348410112|400,0470d446a4514dfe0c6ad0be92853bd13287,0470d446a4514dfe0c6ad0be92853bd13287,486,,0470d446a4514dfe0c6ad0be92853bd13287,root,0470d446a4514dfe0c6ad0be92853bd13287|486|-1,310,131,1786167933348410112,1786167933535988224,1786167952611382016,4991.049954,10.548106963045084,19262.638675,1354.0,worker_8a32eb3d,73c87b85-5371-4ce7-9847-da391a427e27,True,root,3,4,4,0,5,4
31235207041|8|9017979109|308|077ea9e6554f45bbad9c24a8462bae9a8512|2|1786167914104914432|401,077ea9e6554f45bbad9c24a8462bae9a8512,077ea9e6554f45bbad9c24a8462bae9a8512,2,,077ea9e6554f45bbad9c24a8462bae9a8512,root,077ea9e6554f45bbad9c24a8462bae9a8512|2|-1,308,2,1786167914104914432,1786167914244838912,1786167953921193216,23455.722105999997,10.54152380090206,39816.167044999995,1553.0,worker_4c4f3206,bea59ed6-f8b9-4be3-b3cd-1ab0c7ef0870,True,root,4,5,5,0,4,3
31235207041|8|9017979109|313|063179eb93f4337a662e859c5a2c5638e03f::fa:000|26|1786167945554145280|402,063179eb93f4337a662e859c5a2c5638e03f,063179eb93f4337a662e859c5a2c5638e03f,29,,063179eb93f4337a662e859c5a2c5638e03f,root,063179eb93f4337a662e859c5a2c5638e03f|29|-1,313,26,1786167945554145280,1786167945927965952,1786167955245419776,6470.104442999999,10.457855753246752,9691.124015,309.0,worker_52cdd4a9,d20a6ca1-2e97-4916-ab1d-3f22da075ccc,True,root,3,4,4,0,3,2
31235207041|8|9017979109|315|0196085d85d2075a50b74cd8795ffbdcea9a|113|1786167948196323328|403,0196085d85d2075a50b74cd8795ffbdcea9a,0196085d85d2075a50b74cd8795ffbdcea9a,119,,0196085d85d2075a50b74cd8795ffbdcea9a,root,0196085d85d2075a50b74cd8795ffbdcea9a|119|-1,315,113,1786167948196323328,1786167949934104064,1786167969888184832,21691.753386,,21691.753386,1.0,worker_775bd273,6d7e5bad-19fb-48e9-9563-f4771e8369c5,True,root,5,6,6,0,4,3
31235207041|8|9017979109|316|069d7bf5f1efb4e76e3c84510367e6af78a5|6|1786167951598240768|404,069d7bf5f1efb4e76e3c84510367e6af78a5,069d7bf5f1efb4e76e3c84510367e6af78a5,6,,069d7bf5f1efb4e76e3c84510367e6af78a5,root,069d7bf5f1efb4e76e3c84510367e6af78a5|6|-1,316,6,1786167951598240768,1786167951848337920,1786167973272093184,18334.59306,10.77045997096774,21673.435651,311.0,worker_e00f4dfb,540a0c1d-2ee2-44c9-803e-e3f83cc0bb94,True,root,5,6,6,0,3,2
31235207041|8|9017979109|317|063179eb93f4337a662e859c5a2c5638e03f::fa:000|27|1786167956357942784|405,063179eb93f4337a662e859c5a2c5638e03f,063179eb93f4337a662e859c5a2c5638e03f,30,,063179eb93f4337a662e859c5a2c5638e03f,root,063179eb93f4337a662e859c5a2c5638e03f|30|-1,317,27,1786167956357942784,1786167969926626048,1786167974090735360,14223.252419999999,10.634591439393938,17732.667595,331.0,worker_8a32eb3d,5534c139-eff9-4afc-a323-1c2cc144092a,True,root,2,3,3,0,3,2
31235207041|8|9017979109|318|002001296e8a8c38ad9d7cc436d691afc602|104|1786167956427874560|406,002001296e8a8c38ad9d7cc436d691afc602,002001296e8a8c38ad9d7cc436d691afc602,109,,002001296e8a8c38ad9d7cc436d691afc602,root,002001296e8a8c38ad9d7cc436d691afc602|109|-1,318,104,1786167956427874560,1786167957712716288,1786167974946901504,18519.026848999998,,18519.026848999998,1.0,worker_764e719b,5be957d1-0cc1-4144-8322-f02426f13a4f,True,root,3,4,4,0,2,1
31235207041|8|9017979109|320|063179eb93f4337a662e859c5a2c5638e03f::fa:000|28|1786167975343360768|407,063179eb93f4337a662e859c5a2c5638e03f,063179eb93f4337a662e859c5a2c5638e03f,31,,063179eb93f4337a662e859c5a2c5638e03f,root,063179eb93f4337a662e859c5a2c5638e03f|31|-1,320,28,1786167975343360768,1786167975674919936,1786167979620868096,971.015316,10.463172810126581,4277.377923999999,317.0,worker_8a32eb3d,5b5518d5-1c73-46b8-aaec-c966379e5258,True,root,1,2,2,0,3,2
31235207041|8|9017979109|321|002001296e8a8c38ad9d7cc436d691afc602|105|1786167979016322304|408,002001296e8a8c38ad9d7cc436d691afc602,002001296e8a8c38ad9d7cc436d691afc602,110,,002001296e8a8c38ad9d7cc436d691afc602,root,002001296e8a8c38ad9d7cc436d691afc602|110|-1,321,105,1786167979016322304,1786167980190967552,1786167980744149248,1727.712304,,1727.712304,1.0,worker_764e719b,14d2352f-456b-4384-bcc5-10dd7ba110a7,True,root,2,3,3,0,3,2
31235207041|8|9017979109|322|063179eb93f4337a662e859c5a2c5638e03f::fa:000|29|1786167980732023808|409,063179eb93f4337a662e859c5a2c5638e03f,063179eb93f4337a662e859c5a2c5638e03f,32,,063179eb93f4337a662e859c5a2c5638e03f,root,063179eb93f4337a662e859c5a2c5638e03f|32|-1,322,29,1786167980732023808,1786167981053217792,1786167984695597056,1020.0704039999999,10.1495366,3963.436018,291.0,worker_8a32eb3d,acc16cbd-9f19-4a65-8016-f9091c22eea6,True,root,2,3,3,0,2,1
31235207041|8|9017979109|323|002001296e8a8c38ad9d7cc436d691afc602|106|1786167984819488768|410,002001296e8a8c38ad9d7cc436d691afc602,002001296e8a8c38ad9d7cc436d691afc602,111,,002001296e8a8c38ad9d7cc436d691afc602,root,002001296e8a8c38ad9d7cc436d691afc602|111|-1,323,106,1786167984819488768,1786167985951587584,1786167987030070272,2209.128877,,2209.128877,1.0,worker_764e719b,79e04864-7ef5-48a1-987e-ddeef4701e0d,True,root,1,2,2,0,3,2
31235207041|8|9017979109|324|063179eb93f4337a662e859c5a2c5638e03f::fa:000|30|1786167985801047296|411,063179eb93f4337a662e859c5a2c5638e03f,063179eb93f4337a662e859c5a2c5638e03f,33,,063179eb93f4337a662e859c5a2c5638e03f,root,063179eb93f4337a662e859c5a2c5638e03f|33|-1,324,30,1786167985801047296,1786167986213268480,1786167991330280960,1237.140343,10.621413794554455,5528.191516,405.0,worker_52cdd4a9,5b34c674-a697-47bc-a8b2-a79bdc6f2a24,True,root,2,3,3,0,2,1
31235207041|8|9017979109|325|002001296e8a8c38ad9d7cc436d691afc602|107|1786167992320890112|412,002001296e8a8c38ad9d7cc436d691afc602,002001296e8a8c38ad9d7cc436d691afc602,112,,002001296e8a8c38ad9d7cc436d691afc602,root,002001296e8a8c38ad9d7cc436d691afc602|112|-1,325,107,1786167992320890112,1786167993483265536,1786167994155443456,1830.061948,,1830.061948,1.0,worker_764e719b,1ebbeca3-b380-4771-82e3-dae09b4f5c21,True,root,1,2,2,0,3,2
31235207041|8|9017979109|326|063179eb93f4337a662e859c5a2c5638e03f::fa:000|31|1786167992535802880|413,063179eb93f4337a662e859c5a2c5638e03f,063179eb93f4337a662e859c5a2c5638e03f,34,,063179eb93f4337a662e859c5a2c5638e03f,root,063179eb93f4337a662e859c5a2c5638e03f|34|-1,326,31,1786167992535802880,1786167992894750720,1786167998668268800,1057.684379,10.57218600625,6132.333662,481.0,worker_8a32eb3d,9f100546-e986-4410-b2e1-93bec15330fe,True,root,2,3,3,0,3,2
31235207041|8|9017979109|327|002001296e8a8c38ad9d7cc436d691afc602|108|1786167998418987520|414,002001296e8a8c38ad9d7cc436d691afc602,002001296e8a8c38ad9d7cc436d691afc602,113,,002001296e8a8c38ad9d7cc436d691afc602,root,002001296e8a8c38ad9d7cc436d691afc602|113|-1,327,108,1786167998418987520,1786167999665522944,1786168000238676992,1816.760985,,1816.760985,1.0,worker_764e719b,c57b8774-59d3-4843-ba81-dfebb32dc61b,True,root,2,3,3,0,3,2
31235207041|8|9017979109|328|063179eb93f4337a662e859c5a2c5638e03f::fa:000|32|1786167999874953216|415,063179eb93f4337a662e859c5a2c5638e03f,063179eb93f4337a662e859c5a2c5638e03f,35,,063179eb93f4337a662e859c5a2c5638e03f,root,063179eb93f4337a662e859c5a2c5638e03f|35|-1,328,32,1786167999874953216,1786168000199259136,1786168002970781440,930.3630899999999,10.410236860576923,3095.692357,209.0,worker_52cdd4a9,8d60d03f-7db3-473e-a48c-18e5c4b5e5d3,True,root,2,3,3,0,2,1
31235207041|8|9017979109|329|063179eb93f4337a662e859c5a2c5638e03f::fa:000|33|1786168004129931776|416,063179eb93f4337a662e859c5a2c5638e03f,063179eb93f4337a662e859c5a2c5638e03f,36,,063179eb93f4337a662e859c5a2c5638e03f,root,063179eb93f4337a662e859c5a2c5638e03f|36|-1,329,33,1786168004129931776,1786168004549314560,1786168010897248512,1013.318009,10.47890314025501,6766.235833,550.0,worker_8a32eb3d,63fc321d-2410-41bb-a751-c625c513aa05,True,root,1,2,2,0,3,2
31235207041|8|9017979109|330|0196085d85d2075a50b74cd8795ffbdcea9a|114|1786168009252791040|417,0196085d85d2075a50b74cd8795ffbdcea9a,0196085d85d2075a50b74cd8795ffbdcea9a,120,,0196085d85d2075a50b74cd8795ffbdcea9a,root,0196085d85d2075a50b74cd8795ffbdcea9a|120|-1,330,114,1786168009252791040,1786168010875342336,1786168011432455168,2179.349166,,2179.349166,1.0,worker_775bd273,60a2c33a-c995-4adc-bdff-ae80f6a2dd28,True,root,2,3,3,0,2,1
31235207041|8|9017979109|319|069d7bf5f1efb4e76e3c84510367e6af78a5|7|1786167973874892544|418,069d7bf5f1efb4e76e3c84510367e6af78a5,069d7bf5f1efb4e76e3c84510367e6af78a5,7,,069d7bf5f1efb4e76e3c84510367e6af78a5,root,069d7bf5f1efb4e76e3c84510367e6af78a5|7|-1,319,7,1786167973874892544,1786167974108132096,1786168015141908480,1119.086755,10.433423650467775,41266.900962,3849.0,worker_e00f4dfb,3ef66c4f-495c-4ea5-82dc-12d15d538b43,True,root,2,3,3,0,2,1
31235207041|8|9017979109|331|063179eb93f4337a662e859c5a2c5638e03f::fa:000|34|1786168012836964096|419,063179eb93f4337a662e859c5a2c5638e03f,063179eb93f4337a662e859c5a2c5638e03f,37,,063179eb93f4337a662e859c5a2c5638e03f,root,063179eb93f4337a662e859c5a2c5638e03f|37|-1,331,34,1786168012836964096,1786168013329240832,1786168020782528768,1124.237032,10.491306456923077,7943.586229,651.0,worker_52cdd4a9,f9ee30ff-0a90-40d1-8556-50e2a43b3e31,True,root,1,2,2,0,2,1
31235207041|8|9017979109|333|063179eb93f4337a662e859c5a2c5638e03f::fa:000|35|1786168022708541184|420,063179eb93f4337a662e859c5a2c5638e03f,063179eb93f4337a662e859c5a2c5638e03f,38,,063179eb93f4337a662e859c5a2c5638e03f,root,063179eb93f4337a662e859c5a2c5638e03f|38|-1,333,35,1786168022708541184,1786168023109053952,1786168029910267904,1029.203912,10.40772039629005,7200.982107,594.0,worker_8a32eb3d,84221dfc-29e1-4f71-bcb6-cae068c261e2,True,root,1,2,2,0,2,1
31235207041|8|9017979109|332|069d7bf5f1efb4e76e3c84510367e6af78a5|8|1786168017084607488|421,069d7bf5f1efb4e76e3c84510367e6af78a5,069d7bf5f1efb4e76e3c84510367e6af78a5,8,,069d7bf5f1efb4e76e3c84510367e6af78a5,root,069d7bf5f1efb4e76e3c84510367e6af78a5|8|-1,332,8,1786168017084607488,1786168017363897344,1786168030519199488,937.2486869999999,10.44045861152882,13434.477644999999,1198.0,worker_e00f4dfb,1a14e576-69a1-4186-a886-b0633725be7a,True,root,1,2,2,0,2,1
31235207041|8|9017979109|334|07dd40536557a1d6440a923557c3129dc929|0|1786168029914192384|422,07dd40536557a1d6440a923557c3129dc929,07dd40536557a1d6440a923557c3129dc929,0,,07dd40536557a1d6440a923557c3129dc929,root,07dd40536557a1d6440a923557c3129dc929|0|-1,334,0,1786168029914192384,1786168030104636160,1786168034533620736,2488.659435,10.495801182266009,4619.307075,204.0,worker_52cdd4a9,fd1c1cd8-3313-44a8-af16-364e6e4ee48c,True,root,1,2,2,0,2,1
31235207041|8|9017979109|336|07dd40536557a1d6440a923557c3129dc929|1|1786168035375517952|423,07dd40536557a1d6440a923557c3129dc929,07dd40536557a1d6440a923557c3129dc929,1,,07dd40536557a1d6440a923557c3129dc929,root,07dd40536557a1d6440a923557c3129dc929|1|-1,336,1,1786168035375517952,1786168035587773184,1786168040000086528,2552.269871,10.57232975,4624.446502,197.0,worker_52cdd4a9,0447552e-a8c5-4999-9b22-c9eaeb402b3b,True,root,1,2,2,0,2,1
31235207041|8|9017979109|337|07dd40536557a1d6440a923557c3129dc929|2|1786168041007448320|424,07dd40536557a1d6440a923557c3129dc929,07dd40536557a1d6440a923557c3129dc929,2,,07dd40536557a1d6440a923557c3129dc929,root,07dd40536557a1d6440a923557c3129dc929|2|-1,337,2,1786168041007448320,1786168041158902528,1786168042945233408,697.959086,10.41767944537815,1937.66294,120.0,worker_52cdd4a9,071fadf7-4e0b-4214-a2ea-9ac2fb7f44f6,True,root,1,2,2,0,3,2
31235207041|8|9017979109|339|07dd40536557a1d6440a923557c3129dc929|3|1786168043653183744|425,07dd40536557a1d6440a923557c3129dc929,07dd40536557a1d6440a923557c3129dc929,3,,07dd40536557a1d6440a923557c3129dc929,root,07dd40536557a1d6440a923557c3129dc929|3|-1,339,3,1786168043653183744,1786168043843953408,1786168047678719232,2529.4943909999997,11.869946111111112,4025.1076009999997,127.0,worker_52cdd4a9,600cb2b8-b421-4a5e-90ac-104537b1176c,True,root,2,3,3,0,3,2
31235207041|8|9017979109|340|07dd40536557a1d6440a923557c3129dc929|4|1786168048504240128|426,07dd40536557a1d6440a923557c3129dc929,07dd40536557a1d6440a923557c3129dc929,4,,07dd40536557a1d6440a923557c3129dc929,root,07dd40536557a1d6440a923557c3129dc929|4|-1,340,4,1786168048504240128,1786168048921163520,1786168051677552640,978.579492,10.551029721153846,3173.1936739999996,209.0,worker_52cdd4a9,0eaf649d-dad8-4318-a3a4-b226e101896e,True,root,2,3,3,0,4,3
31235207041|8|9017979109|338|0470d446a4514dfe0c6ad0be92853bd13287::fa:009|132|1786168042517675008|427,0470d446a4514dfe0c6ad0be92853bd13287,0470d446a4514dfe0c6ad0be92853bd13287,487,,0470d446a4514dfe0c6ad0be92853bd13287,root,0470d446a4514dfe0c6ad0be92853bd13287|487|-1,338,132,1786168042517675008,1786168042730983424,1786168054319799808,3664.994045,10.806114929614873,11801.998587,754.0,worker_8a32eb3d,b01a6db6-1a7e-4f34-8ce2-142b4cefd5d3,True,root,2,3,3,0,4,3
31235207041|8|9017979109|342|07dd40536557a1d6440a923557c3129dc929|5|1786168052437248256|428,07dd40536557a1d6440a923557c3129dc929,07dd40536557a1d6440a923557c3129dc929,5,,07dd40536557a1d6440a923557c3129dc929,root,07dd40536557a1d6440a923557c3129dc929|5|-1,342,5,1786168052437248256,1786168052609823744,1786168058431430400,740.080436,10.341965836614172,5993.799081,509.0,worker_52cdd4a9,cea694ec-bcc4-42b9-96f2-e1e2ee6825a0,True,root,3,4,4,0,4,3
31235207041|8|9017979109|343|0470d446a4514dfe0c6ad0be92853bd13287::fa:009|133|1786168055461796096|429,0470d446a4514dfe0c6ad0be92853bd13287,0470d446a4514dfe0c6ad0be92853bd13287,488,,0470d446a4514dfe0c6ad0be92853bd13287,root,0470d446a4514dfe0c6ad0be92853bd13287|488|-1,343,133,1786168055461796096,1786168056059550208,1786168059214856448,1182.574809,10.709798454166666,3752.926438,241.0,worker_8a32eb3d,cd8874d1-2372-4dd8-9303-4a7aa2df31f3,True,root,3,4,4,0,3,2
31235207041|8|9017979109|335|069d7bf5f1efb4e76e3c84510367e6af78a5|9|1786168031582067712|430,069d7bf5f1efb4e76e3c84510367e6af78a5,069d7bf5f1efb4e76e3c84510367e6af78a5,9,,069d7bf5f1efb4e76e3c84510367e6af78a5,root,069d7bf5f1efb4e76e3c84510367e6af78a5|9|-1,335,9,1786168031582067712,1786168031922874880,1786168062909476096,1870.2004909999998,10.558138965591397,31327.408205,2791.0,worker_e00f4dfb,910645c3-32ec-4b45-b63c-60fe2f6af1c5,True,root,1,2,2,0,4,3
31235207041|8|9017979109|341|0196085d85d2075a50b74cd8795ffbdcea9a|115|1786168050174257664|431,0196085d85d2075a50b74cd8795ffbdcea9a,0196085d85d2075a50b74cd8795ffbdcea9a,121,,0196085d85d2075a50b74cd8795ffbdcea9a,root,0196085d85d2075a50b74cd8795ffbdcea9a|121|-1,341,115,1786168050174257664,1786168051745552384,1786168074374461184,24199.828923999998,,24199.828923999998,1.0,worker_775bd273,0b10a578-96ed-41fd-a472-4250a2614a41,True,root,3,4,4,0,4,3
31235207041|8|9017979109|345|0470d446a4514dfe0c6ad0be92853bd13287::fa:009|134|1786168060388039424|432,0470d446a4514dfe0c6ad0be92853bd13287,0470d446a4514dfe0c6ad0be92853bd13287,489,,0470d446a4514dfe0c6ad0be92853bd13287,root,0470d446a4514dfe0c6ad0be92853bd13287|489|-1,345,134,1786168060388039424,1786168074378972928,1786168078835975936,17263.572076,10.386619245614035,18447.64667,115.0,worker_8a32eb3d,3297124b-e037-4274-a4a5-dc1393498e92,True,root,3,4,4,0,3,2
31235207041|8|9017979109|346|069d7bf5f1efb4e76e3c84510367e6af78a5|10|1786168063801522944|433,069d7bf5f1efb4e76e3c84510367e6af78a5,069d7bf5f1efb4e76e3c84510367e6af78a5,10,,069d7bf5f1efb4e76e3c84510367e6af78a5,root,069d7bf5f1efb4e76e3c84510367e6af78a5|10|-1,346,10,1786168063801522944,1786168064130998016,1786168080202992384,10606.398237,10.632933622018347,16401.347061,546.0,worker_e00f4dfb,1f28b685-a601-466c-8213-130cad1ea6b8,True,root,3,4,4,0,3,2
31235207041|8|9017979109|347|0470d446a4514dfe0c6ad0be92853bd13287::fa:009|135|1786168079928501760|434,0470d446a4514dfe0c6ad0be92853bd13287,0470d446a4514dfe0c6ad0be92853bd13287,490,,0470d446a4514dfe0c6ad0be92853bd13287,root,0470d446a4514dfe0c6ad0be92853bd13287|490|-1,347,135,1786168079928501760,1786168080187307520,1786168083207594496,770.7134239999999,10.538694466386554,3278.9227069999997,239.0,worker_8a32eb3d,eaa5e6e7-1b49-4ca1-865b-17c36b16f001,True,root,2,3,3,0,3,2
31235207041|8|9017979109|350|05f72f78a037cfa5cd4e4541960a574701d9|35|1786168088638080768|435,05f72f78a037cfa5cd4e4541960a574701d9,05f72f78a037cfa5cd4e4541960a574701d9,35,,05f72f78a037cfa5cd4e4541960a574701d9,root,05f72f78a037cfa5cd4e4541960a574701d9|35|-1,350,35,1786168088638080768,1786168088961297664,1786168094807775488,5128.542399999999,11.074621787234042,6169.556848,95.0,worker_6e24a6ae,b89bbe01-d116-4769-bbfa-baf69ab80711,True,root,3,4,4,0,4,3
31235207041|8|9017979109|344|07dd40536557a1d6440a923557c3129dc929|6|1786168059251952640|436,07dd40536557a1d6440a923557c3129dc929,07dd40536557a1d6440a923557c3129dc929,6,,07dd40536557a1d6440a923557c3129dc929,root,07dd40536557a1d6440a923557c3129dc929|6|-1,344,6,1786168059251952640,1786168059490583296,1786168106038228736,814.188357,10.464822970635101,46786.155667,4394.0,worker_52cdd4a9,122dcd66-3a64-46af-b928-42f5873db431,True,root,2,3,3,0,3,2
31235207041|8|9017979109|349|0470d446a4514dfe0c6ad0be92853bd13287::fa:009|136|1786168085164406528|437,0470d446a4514dfe0c6ad0be92853bd13287,0470d446a4514dfe0c6ad0be92853bd13287,491,,0470d446a4514dfe0c6ad0be92853bd13287,root,0470d446a4514dfe0c6ad0be92853bd13287|491|-1,349,136,1786168085164406528,1786168085377734912,1786168109378104832,791.603978,10.660885091033228,24213.568522999998,2198.0,worker_8a32eb3d,b35269c7-9df0-411e-afcb-b7c7175f4a2f,True,root,2,3,3,0,3,2
31235207041|8|9017979109|348|069d7bf5f1efb4e76e3c84510367e6af78a5|11|1786168081326687488|438,069d7bf5f1efb4e76e3c84510367e6af78a5,069d7bf5f1efb4e76e3c84510367e6af78a5,11,,069d7bf5f1efb4e76e3c84510367e6af78a5,root,069d7bf5f1efb4e76e3c84510367e6af78a5|11|-1,348,11,1786168081326687488,1786168081741030912,1786168112525100800,2023.0205139999998,10.667368473126142,31198.273288,2736.0,worker_e00f4dfb,932ed68b-d310-4b82-9306-688fc514f320,True,root,2,3,3,0,2,1
31235207041|8|9017979109|352|0470d446a4514dfe0c6ad0be92853bd13287::fa:009|137|1786168112781615616|439,0470d446a4514dfe0c6ad0be92853bd13287,0470d446a4514dfe0c6ad0be92853bd13287,492,,0470d446a4514dfe0c6ad0be92853bd13287,root,0470d446a4514dfe0c6ad0be92853bd13287|492|-1,352,137,1786168112781615616,1786168113002097664,1786168115844200704,838.775628,10.439640211267605,3062.418993,214.0,worker_8a32eb3d,64df3915-a8c3-44a5-8521-d65a5bd8a8c9,True,root,1,2,2,0,3,2
31235207041|8|9017979109|354|0470d446a4514dfe0c6ad0be92853bd13287::fa:009|138|1786168118646207488|440,0470d446a4514dfe0c6ad0be92853bd13287,0470d446a4514dfe0c6ad0be92853bd13287,493,,0470d446a4514dfe0c6ad0be92853bd13287,root,0470d446a4514dfe0c6ad0be92853bd13287|493|-1,354,138,1786168118646207488,1786168118867817984,1786168123044094208,884.078231,10.646824639393937,4397.5303619999995,331.0,worker_8a32eb3d,f7b61a3e-3385-4f3d-82d1-3c245d794608,True,root,2,3,3,0,3,2
31235207041|8|9017979109|355|0470d446a4514dfe0c6ad0be92853bd13287::fa:009|139|1786168124215886080|441,0470d446a4514dfe0c6ad0be92853bd13287,0470d446a4514dfe0c6ad0be92853bd13287,494,,0470d446a4514dfe0c6ad0be92853bd13287,root,0470d446a4514dfe0c6ad0be92853bd13287|494|-1,355,139,1786168124215886080,1786168124588741632,1786168127512602880,1037.799137,10.704531843601895,3296.455356,212.0,worker_8a32eb3d,be2e8105-fe11-4bdb-8a34-7a02f8997f7a,True,root,2,3,3,0,4,3
31235207041|8|9017979109|356|07dd40536557a1d6440a923557c3129dc929::sa:subagent_001_1a28c42b|0|1786168126830161920|442,07dd40536557a1d6440a923557c3129dc929,07dd40536557a1d6440a923557c3129dc929,8,0.0,07dd40536557a1d6440a923557c3129dc929::sa:subagent_001_1a28c42b,subagent,07dd40536557a1d6440a923557c3129dc929|8|0,356,0,1786168126830161920,1786168126931620352,1786168129691997952,1531.2402519999998,10.728569322580645,2861.582848,125.0,worker_52cdd4a9,3fe27dcf-9e08-4876-8089-9dff378a603c,True,subagent,3,4,3,1,3,2
31235207041|8|9017979109|357|07dd40536557a1d6440a923557c3129dc929::sa:subagent_001_1a28c42b|1|1786168130365415936|443,07dd40536557a1d6440a923557c3129dc929,07dd40536557a1d6440a923557c3129dc929,8,1.0,07dd40536557a1d6440a923557c3129dc929::sa:subagent_001_1a28c42b,subagent,07dd40536557a1d6440a923557c3129dc929|8|1,357,1,1786168130365415936,1786168130475646208,1786168134571106816,2097.9133659999998,10.753431025510205,4205.585846999999,197.0,worker_52cdd4a9,a8b8e53f-589d-444b-bb1d-f6442ea73017,True,subagent,2,3,2,1,5,4
31235207041|8|9017979109|358|0470d446a4514dfe0c6ad0be92853bd13287::fa:009|140|1786168130600788992|444,0470d446a4514dfe0c6ad0be92853bd13287,0470d446a4514dfe0c6ad0be92853bd13287,495,,0470d446a4514dfe0c6ad0be92853bd13287,root,0470d446a4514dfe0c6ad0be92853bd13287|495|-1,358,140,1786168130600788992,1786168130874959872,1786168135112146688,911.9200589999999,10.712248345238095,4511.235503,337.0,worker_8a32eb3d,1f07fcbb-d342-45e8-b123-c0e74513e781,True,root,3,4,3,1,4,3
31235207041|8|9017979109|359|0196085d85d2075a50b74cd8795ffbdcea9a|116|1786168134357773568|445,0196085d85d2075a50b74cd8795ffbdcea9a,0196085d85d2075a50b74cd8795ffbdcea9a,122,,0196085d85d2075a50b74cd8795ffbdcea9a,root,0196085d85d2075a50b74cd8795ffbdcea9a|122|-1,359,116,1786168134357773568,1786168136144139008,1786168136823247616,2456.577997,,2456.577997,1.0,worker_775bd273,ead58f20-237b-4878-a498-3c53bb34cc75,True,root,4,5,4,1,4,3
31235207041|8|9017979109|360|07dd40536557a1d6440a923557c3129dc929::sa:subagent_001_1a28c42b|2|1786168135320967936|446,07dd40536557a1d6440a923557c3129dc929,07dd40536557a1d6440a923557c3129dc929,8,2.0,07dd40536557a1d6440a923557c3129dc929::sa:subagent_001_1a28c42b,subagent,07dd40536557a1d6440a923557c3129dc929|8|2,360,2,1786168135320967936,1786168135452438016,1786168138343215872,797.43679,10.695588697115383,3022.1192389999997,209.0,worker_52cdd4a9,3cd93ec8-b232-448b-ab24-4dee293ee777,True,subagent,3,4,3,1,5,4
31235207041|8|9017979109|361|07dd40536557a1d6440a923557c3129dc929::sa:subagent_002_23b2d9e6|0|1786168136830004480|447,07dd40536557a1d6440a923557c3129dc929,07dd40536557a1d6440a923557c3129dc929,9,0.0,07dd40536557a1d6440a923557c3129dc929::sa:subagent_002_23b2d9e6,subagent,07dd40536557a1d6440a923557c3129dc929|9|0,361,0,1786168136830004480,1786168136956443904,1786168139514789888,754.044821,10.66626432596685,2684.638664,182.0,worker_52cdd4a9,6786b21e-5680-41c3-961e-00d89726a545,True,subagent,3,4,2,2,5,4
31235207041|8|9017979109|362|0470d446a4514dfe0c6ad0be92853bd13287::fa:009|141|1786168137691936256|448,0470d446a4514dfe0c6ad0be92853bd13287,0470d446a4514dfe0c6ad0be92853bd13287,496,,0470d446a4514dfe0c6ad0be92853bd13287,root,0470d446a4514dfe0c6ad0be92853bd13287|496|-1,362,141,1786168137691936256,1786168137918312448,1786168140739847424,845.387875,10.631235739130435,3046.053673,208.0,worker_8a32eb3d,90108af6-274c-41ff-ae35-2cb8d344796b,True,root,4,5,3,2,5,4
31235207041|8|9017979109|364|07dd40536557a1d6440a923557c3129dc929::sa:subagent_002_23b2d9e6|1|1786168140094143488|449,07dd40536557a1d6440a923557c3129dc929,07dd40536557a1d6440a923557c3129dc929,9,1.0,07dd40536557a1d6440a923557c3129dc929::sa:subagent_002_23b2d9e6,subagent,07dd40536557a1d6440a923557c3129dc929|9|1,364,1,1786168140094143488,1786168140234079488,1786168142083946496,717.918541,10.68693520168067,1989.66383,120.0,worker_52cdd4a9,640a5c0c-e4b0-4fd3-9490-a980eaf986fd,True,subagent,4,5,3,2,4,3
31235207041|8|9017979109|363|07dd40536557a1d6440a923557c3129dc929::sa:subagent_001_1a28c42b|3|1786168139231706624|450,07dd40536557a1d6440a923557c3129dc929,07dd40536557a1d6440a923557c3129dc929,8,3.0,07dd40536557a1d6440a923557c3129dc929::sa:subagent_001_1a28c42b,subagent,07dd40536557a1d6440a923557c3129dc929|8|3,363,3,1786168139231706624,1786168139373877248,1786168142402353408,1004.6429949999999,10.616975485294118,3170.5059939999996,205.0,worker_52cdd4a9,74baf788-b2d3-4fdc-b54e-8959cfdd38e9,True,subagent,4,5,3,2,3,2
31235207041|8|9017979109|365|07dd40536557a1d6440a923557c3129dc929::sa:subagent_002_23b2d9e6|2|1786168142752760576|451,07dd40536557a1d6440a923557c3129dc929,07dd40536557a1d6440a923557c3129dc929,9,2.0,07dd40536557a1d6440a923557c3129dc929::sa:subagent_002_23b2d9e6,subagent,07dd40536557a1d6440a923557c3129dc929|9|2,365,2,1786168142752760576,1786168142900979456,1786168145909076992,796.406709,10.67776266515837,3156.192258,222.0,worker_52cdd4a9,bfa75cf2-2cf5-47f6-b2ae-290793711985,True,subagent,2,3,2,1,5,4
31235207041|8|9017979109|367|07dd40536557a1d6440a923557c3129dc929::sa:subagent_001_1a28c42b|4|1786168143516365312|452,07dd40536557a1d6440a923557c3129dc929,07dd40536557a1d6440a923557c3129dc929,8,4.0,07dd40536557a1d6440a923557c3129dc929::sa:subagent_001_1a28c42b,subagent,07dd40536557a1d6440a923557c3129dc929|8|4,367,4,1786168143516365312,1786168143675542016,1786168146462391552,740.416605,10.864490640394088,2945.9082049999997,204.0,worker_52cdd4a9,66b5f7f9-1d6b-4384-b5e8-1564b855b657,True,subagent,4,5,3,2,5,4
31235207041|8|9017979109|366|0470d446a4514dfe0c6ad0be92853bd13287::fa:009|142|1786168143510487296|453,0470d446a4514dfe0c6ad0be92853bd13287,0470d446a4514dfe0c6ad0be92853bd13287,497,,0470d446a4514dfe0c6ad0be92853bd13287,root,0470d446a4514dfe0c6ad0be92853bd13287|497|-1,366,142,1786168143510487296,1786168143750500352,1786168146997722112,938.881223,10.81416415319149,3480.2097989999997,236.0,worker_8a32eb3d,4ac0ec72-60a2-4930-ba4e-91fc5242360b,True,root,3,4,3,1,5,4
31235207041|8|9017979109|368|07dd40536557a1d6440a923557c3129dc929::sa:subagent_003_35f49cca|0|1786168146356044544|454,07dd40536557a1d6440a923557c3129dc929,07dd40536557a1d6440a923557c3129dc929,10,0.0,07dd40536557a1d6440a923557c3129dc929::sa:subagent_003_35f49cca,subagent,07dd40536557a1d6440a923557c3129dc929|10|0,368,0,1786168146356044544,1786168146474722816,1786168148499602688,765.67404,11.110842766129032,2143.4185429999998,125.0,worker_52cdd4a9,e11e45be-ccfb-4f1e-9672-034b9195fdb2,True,subagent,4,5,3,2,5,4
31235207041|8|9017979109|369|07dd40536557a1d6440a923557c3129dc929::sa:subagent_002_23b2d9e6|3|1786168146682841856|455,07dd40536557a1d6440a923557c3129dc929,07dd40536557a1d6440a923557c3129dc929,9,3.0,07dd40536557a1d6440a923557c3129dc929::sa:subagent_002_23b2d9e6,subagent,07dd40536557a1d6440a923557c3129dc929|9|3,369,3,1786168146682841856,1786168146885919488,1786168149214464768,987.136259,11.031113935714286,2531.49221,141.0,worker_52cdd4a9,63461cc1-65ca-4755-aadf-7059d68a7d66,True,subagent,4,5,3,2,5,4
31235207041|8|9017979109|370|07dd40536557a1d6440a923557c3129dc929::sa:subagent_001_1a28c42b|5|1786168147490774528|456,07dd40536557a1d6440a923557c3129dc929,07dd40536557a1d6440a923557c3129dc929,8,5.0,07dd40536557a1d6440a923557c3129dc929::sa:subagent_001_1a28c42b,subagent,07dd40536557a1d6440a923557c3129dc929|8|5,370,5,1786168147490774528,1786168147667118336,1786168150538602752,779.087998,11.012606800970872,3047.684999,207.0,worker_52cdd4a9,2b0f9ebb-6a15-4d99-927b-aeb5c998d6f4,True,subagent,4,5,2,3,5,4
31235207041|8|9017979109|371|07dd40536557a1d6440a923557c3129dc929::sa:subagent_003_35f49cca|1|1786168149138748672|457,07dd40536557a1d6440a923557c3129dc929,07dd40536557a1d6440a923557c3129dc929,10,1.0,07dd40536557a1d6440a923557c3129dc929::sa:subagent_003_35f49cca,subagent,07dd40536557a1d6440a923557c3129dc929|10|1,371,1,1786168149138748672,1786168149243669504,1786168151319292416,666.473083,10.8903355323741,2180.229722,140.0,worker_52cdd4a9,8aae8c14-54a8-45b6-867c-0dcdd6a5a6da,True,subagent,4,5,2,3,4,3
31235207041|8|9017979109|351|07dd40536557a1d6440a923557c3129dc929|7|1786168107464587520|458,07dd40536557a1d6440a923557c3129dc929,07dd40536557a1d6440a923557c3129dc929,7,,07dd40536557a1d6440a923557c3129dc929,root,07dd40536557a1d6440a923557c3129dc929|7|-1,351,7,1786168107464587520,1786168107897552640,1786168151659898624,1155.2709109999998,10.523174633251834,44195.055161,4091.0,worker_52cdd4a9,50d79516-2828-4f02-b42e-6cde63071188,True,root,2,3,3,0,3,2
31235207041|8|9017979109|372|07dd40536557a1d6440a923557c3129dc929::sa:subagent_002_23b2d9e6|4|1786168150184329984|459,07dd40536557a1d6440a923557c3129dc929,07dd40536557a1d6440a923557c3129dc929,9,4.0,07dd40536557a1d6440a923557c3129dc929::sa:subagent_002_23b2d9e6,subagent,07dd40536557a1d6440a923557c3129dc929|9|4,372,4,1786168150184329984,1786168150340670464,1786168153359179520,829.389859,10.758505573394496,3174.7440739999997,219.0,worker_52cdd4a9,ee172f37-8f3c-496f-8423-12a05cf92c2a,True,subagent,4,5,2,3,4,3
31235207041|8|9017979109|374|07dd40536557a1d6440a923557c3129dc929::sa:subagent_003_35f49cca|2|1786168152077411584|460,07dd40536557a1d6440a923557c3129dc929,07dd40536557a1d6440a923557c3129dc929,10,2.0,07dd40536557a1d6440a923557c3129dc929::sa:subagent_003_35f49cca,subagent,07dd40536557a1d6440a923557c3129dc929|10|2,374,2,1786168152077411584,1786168152225324544,1786168154860472832,1312.0290169999998,10.7365610729927,2782.937884,138.0,worker_52cdd4a9,6314bdc4-6464-45b0-b68f-d6671794faf8,True,subagent,3,4,1,3,4,3
31235207041|8|9017979109|373|07dd40536557a1d6440a923557c3129dc929::sa:subagent_001_1a28c42b|6|1786168151725042688|461,07dd40536557a1d6440a923557c3129dc929,07dd40536557a1d6440a923557c3129dc929,8,6.0,07dd40536557a1d6440a923557c3129dc929::sa:subagent_001_1a28c42b,subagent,07dd40536557a1d6440a923557c3129dc929|8|6,373,6,1786168151725042688,1786168151981814016,1786168155403269120,1593.6717409999999,10.47453669849246,3678.104544,200.0,worker_52cdd4a9,e557089d-8d5e-44c3-b0fc-870bf78ed294,True,subagent,2,3,1,2,3,2
31235207041|8|9017979109|375|07dd40536557a1d6440a923557c3129dc929::sa:subagent_002_23b2d9e6|5|1786168154352782080|462,07dd40536557a1d6440a923557c3129dc929,07dd40536557a1d6440a923557c3129dc929,9,5.0,07dd40536557a1d6440a923557c3129dc929::sa:subagent_002_23b2d9e6,subagent,07dd40536557a1d6440a923557c3129dc929|9|5,375,5,1786168154352782080,1786168154520599040,1786168157393906176,766.5245639999999,10.291791438914027,3041.010472,222.0,worker_52cdd4a9,3e6ee963-7f74-4144-80b5-7bbe5f517211,True,subagent,3,4,1,3,2,1
31235207041|8|9017979109|376|07dd40536557a1d6440a923557c3129dc929::sa:subagent_003_35f49cca|3|1786168157796403456|463,07dd40536557a1d6440a923557c3129dc929,07dd40536557a1d6440a923557c3129dc929,10,3.0,07dd40536557a1d6440a923557c3129dc929::sa:subagent_003_35f49cca,subagent,07dd40536557a1d6440a923557c3129dc929|10|3,376,3,1786168157796403456,1786168158044429568,1786168162871544064,3603.6273079999996,10.655618956521737,5074.102723999999,139.0,worker_52cdd4a9,55e0bef1-5f86-42c5-88ca-1cf6657eadb3,True,subagent,1,2,1,1,5,4
31235207041|8|9017979109|378|07dd40536557a1d6440a923557c3129dc929::sa:subagent_001_1a28c42b|7|1786168159672117760|464,07dd40536557a1d6440a923557c3129dc929,07dd40536557a1d6440a923557c3129dc929,8,7.0,07dd40536557a1d6440a923557c3129dc929::sa:subagent_001_1a28c42b,subagent,07dd40536557a1d6440a923557c3129dc929|8|7,378,7,1786168159672117760,1786168159880026880,1786168162998421248,1806.057681,10.5556995,3326.0784089999997,145.0,worker_52cdd4a9,578510d2-6046-4544-812a-944787e36841,True,subagent,3,4,1,3,4,3
31235207041|8|9017979109|377|07dd40536557a1d6440a923557c3129dc929::sa:subagent_002_23b2d9e6|6|1786168158395809024|465,07dd40536557a1d6440a923557c3129dc929,07dd40536557a1d6440a923557c3129dc929,9,6.0,07dd40536557a1d6440a923557c3129dc929::sa:subagent_002_23b2d9e6,subagent,07dd40536557a1d6440a923557c3129dc929|9|6,377,6,1786168158395809024,1786168158565716224,1786168163690841600,2978.89506,10.623979,5294.922482,219.0,worker_52cdd4a9,404fd9ab-2141-4813-88b7-0f80ade15836,True,subagent,2,3,1,2,3,2
31235207041|8|9017979109|379|0470d446a4514dfe0c6ad0be92853bd13287::fa:009|143|1786168161075352064|466,0470d446a4514dfe0c6ad0be92853bd13287,0470d446a4514dfe0c6ad0be92853bd13287,498,,0470d446a4514dfe0c6ad0be92853bd13287,root,0470d446a4514dfe0c6ad0be92853bd13287|498|-1,379,143,1786168161075352064,1786168161308739328,1786168164689286144,876.284936,10.368870530303031,3613.6667559999996,265.0,worker_8a32eb3d,f3a11f58-ab68-4031-ac94-781bdb360c98,True,root,4,5,2,3,4,3
31235207041|8|9017979109|380|07dd40536557a1d6440a923557c3129dc929::sa:subagent_003_35f49cca|4|1786168164192743936|467,07dd40536557a1d6440a923557c3129dc929,07dd40536557a1d6440a923557c3129dc929,10,4.0,07dd40536557a1d6440a923557c3129dc929::sa:subagent_003_35f49cca,subagent,07dd40536557a1d6440a923557c3129dc929|10|4,380,4,1786168164192743936,1786168164444376832,1786168167996135680,1432.965809,10.395934942982455,3803.2389759999996,229.0,worker_52cdd4a9,f67ab071-4a99-44ac-acc7-2ba5de23101c,True,subagent,2,3,2,1,4,3
31235207041|8|9017979109|382|07dd40536557a1d6440a923557c3129dc929::sa:subagent_002_23b2d9e6|7|1786168164843596032|468,07dd40536557a1d6440a923557c3129dc929,07dd40536557a1d6440a923557c3129dc929,9,7.0,07dd40536557a1d6440a923557c3129dc929::sa:subagent_002_23b2d9e6,subagent,07dd40536557a1d6440a923557c3129dc929|9|7,382,7,1786168164843596032,1786168165015808000,1786168168094538752,814.6512409999999,10.779368853982302,3250.7886019999996,227.0,worker_52cdd4a9,a9d3b8ef-5ecb-4dad-8163-7b26c9aca8d8,True,subagent,3,4,1,3,3,2
31235207041|8|9017979109|383|07dd40536557a1d6440a923557c3129dc929::sa:subagent_002_23b2d9e6|8|1786168169146349568|469,07dd40536557a1d6440a923557c3129dc929,07dd40536557a1d6440a923557c3129dc929,9,8.0,07dd40536557a1d6440a923557c3129dc929::sa:subagent_002_23b2d9e6,subagent,07dd40536557a1d6440a923557c3129dc929|9|8,383,8,1786168169146349568,1786168169320802816,1786168172629415424,1238.087517,10.297562334862384,3482.9561059999996,219.0,worker_52cdd4a9,1a110dbc-e1f2-46b7-afe2-68b6e7eb5fa3,True,subagent,2,3,1,2,4,3
31235207041|8|9017979109|384|07dd40536557a1d6440a923557c3129dc929::sa:subagent_003_35f49cca|5|1786168169266350848|470,07dd40536557a1d6440a923557c3129dc929,07dd40536557a1d6440a923557c3129dc929,10,5.0,07dd40536557a1d6440a923557c3129dc929::sa:subagent_003_35f49cca,subagent,07dd40536557a1d6440a923557c3129dc929|10|5,384,5,1786168169266350848,1786168169488715264,1786168173732194048,1179.590183,10.70405883061889,4465.736244,308.0,worker_52cdd4a9,039c34e4-11fd-487d-80a8-7e9add07266e,True,subagent,3,4,1,3,3,2
31235207041|8|9017979109|385|07dd40536557a1d6440a923557c3129dc929::sa:subagent_002_23b2d9e6|9|1786168173819090176|471,07dd40536557a1d6440a923557c3129dc929,07dd40536557a1d6440a923557c3129dc929,9,9.0,07dd40536557a1d6440a923557c3129dc929::sa:subagent_002_23b2d9e6,subagent,07dd40536557a1d6440a923557c3129dc929|9|9,385,9,1786168173819090176,1786168174006720512,1786168176993357568,812.083495,10.736642959090908,3174.144946,221.0,worker_52cdd4a9,ff36e614-49b5-42f6-bbc8-b1a8a944ea58,True,subagent,2,3,1,2,5,4
31235207041|8|9017979109|386|0196085d85d2075a50b74cd8795ffbdcea9a|117|1786168175009843200|472,0196085d85d2075a50b74cd8795ffbdcea9a,0196085d85d2075a50b74cd8795ffbdcea9a,123,,0196085d85d2075a50b74cd8795ffbdcea9a,root,0196085d85d2075a50b74cd8795ffbdcea9a|123|-1,386,117,1786168175009843200,1786168176923979776,1786168177632899840,2622.918343,,2622.918343,1.0,worker_775bd273,7f4da8fd-fcb8-404b-ad96-866923a9859d,True,root,3,4,2,2,4,3
31235207041|8|9017979109|387|07dd40536557a1d6440a923557c3129dc929::sa:subagent_003_35f49cca|6|1786168175059875840|473,07dd40536557a1d6440a923557c3129dc929,07dd40536557a1d6440a923557c3129dc929,10,6.0,07dd40536557a1d6440a923557c3129dc929::sa:subagent_003_35f49cca,subagent,07dd40536557a1d6440a923557c3129dc929|10|6,387,6,1786168175059875840,1786168175337363456,1786168178282474240,855.0807189999999,10.293104369565217,3222.4947239999997,231.0,worker_52cdd4a9,ab7fd6fd-b268-4623-a90c-75d412cc72a5,True,subagent,4,5,2,3,4,3
31235207041|8|9017979109|388|07dd40536557a1d6440a923557c3129dc929::sa:subagent_002_23b2d9e6|10|1786168178177189120|474,07dd40536557a1d6440a923557c3129dc929,07dd40536557a1d6440a923557c3129dc929,9,10.0,07dd40536557a1d6440a923557c3129dc929::sa:subagent_002_23b2d9e6,subagent,07dd40536557a1d6440a923557c3129dc929|9|10,388,10,1786168178177189120,1786168178375340544,1786168181525247488,989.287619,10.970549897674418,3347.9558469999997,216.0,worker_52cdd4a9,bf849f62-0810-40da-8b6a-3479f83345e0,True,subagent,3,4,1,3,5,4
31235207041|8|9017979109|389|0470d446a4514dfe0c6ad0be92853bd13287::fa:009|144|1786168178527840000|475,0470d446a4514dfe0c6ad0be92853bd13287,0470d446a4514dfe0c6ad0be92853bd13287,499,,0470d446a4514dfe0c6ad0be92853bd13287,root,0470d446a4514dfe0c6ad0be92853bd13287|499|-1,389,144,1786168178527840000,1786168178803076352,1786168182476308992,828.11581,12.374586837301587,3946.511693,253.0,worker_8a32eb3d,075b92f9-5c1f-451e-a9b9-a88fb87a3165,True,root,3,4,2,2,4,3
31235207041|8|9017979109|390|07dd40536557a1d6440a923557c3129dc929::sa:subagent_003_35f49cca|7|1786168179646015488|476,07dd40536557a1d6440a923557c3129dc929,07dd40536557a1d6440a923557c3129dc929,10,7.0,07dd40536557a1d6440a923557c3129dc929::sa:subagent_003_35f49cca,subagent,07dd40536557a1d6440a923557c3129dc929|10|7,390,7,1786168179646015488,1786168179954122752,1786168183257610496,1008.331741,10.891603744769874,3611.4250359999996,240.0,worker_52cdd4a9,c293ee35-3653-442b-8c34-e8ec78ad2960,True,subagent,4,5,2,3,4,3
31235207041|8|9017979109|391|07dd40536557a1d6440a923557c3129dc929::sa:subagent_002_23b2d9e6|11|1786168182688887296|477,07dd40536557a1d6440a923557c3129dc929,07dd40536557a1d6440a923557c3129dc929,9,11.0,07dd40536557a1d6440a923557c3129dc929::sa:subagent_002_23b2d9e6,subagent,07dd40536557a1d6440a923557c3129dc929|9|11,391,11,1786168182688887296,1786168182901733888,1786168185809069568,836.005496,10.429456360730594,3120.056439,220.0,worker_52cdd4a9,58239010-2d2e-48d9-acaf-19d4a78f9e00,True,subagent,3,4,1,3,5,4
31235207041|8|9017979109|393|07dd40536557a1d6440a923557c3129dc929::sa:subagent_003_35f49cca|8|1786168184643607040|478,07dd40536557a1d6440a923557c3129dc929,07dd40536557a1d6440a923557c3129dc929,10,8.0,07dd40536557a1d6440a923557c3129dc929::sa:subagent_003_35f49cca,subagent,07dd40536557a1d6440a923557c3129dc929|10|8,393,8,1786168184643607040,1786168184925347072,1786168186423430400,880.408519,10.835250867469878,1779.7343409999999,84.0,worker_52cdd4a9,2bb2a93f-7b10-41f3-8860-dbe329ad72a5,True,subagent,4,5,2,3,4,3
31235207041|8|9017979109|394|07dd40536557a1d6440a923557c3129dc929::sa:subagent_002_23b2d9e6|12|1786168187229602560|479,07dd40536557a1d6440a923557c3129dc929,07dd40536557a1d6440a923557c3129dc929,9,12.0,07dd40536557a1d6440a923557c3129dc929::sa:subagent_002_23b2d9e6,subagent,07dd40536557a1d6440a923557c3129dc929|9|12,394,12,1786168187229602560,1786168187467895552,1786168190196744704,748.547929,10.366620009345793,2967.004611,215.0,worker_52cdd4a9,d0904326-d4f6-4002-bedf-a8f7cf23cd41,True,subagent,3,4,2,2,4,3
31235207041|8|9017979109|395|07dd40536557a1d6440a923557c3129dc929::sa:subagent_003_35f49cca|9|1786168191326805248|480,07dd40536557a1d6440a923557c3129dc929,07dd40536557a1d6440a923557c3129dc929,10,9.0,07dd40536557a1d6440a923557c3129dc929::sa:subagent_003_35f49cca,subagent,07dd40536557a1d6440a923557c3129dc929|10|9,395,9,1786168191326805248,1786168191564905472,1786168193711356928,740.397705,14.73393745045045,2375.8647619999997,112.0,worker_52cdd4a9,86d4a565-d2f9-4126-8fba-e94817da3e90,True,subagent,3,4,2,2,5,4
31235207041|8|9017979109|397|07dd40536557a1d6440a923557c3129dc929::sa:subagent_003_35f49cca|10|1786168195066869248|481,07dd40536557a1d6440a923557c3129dc929,07dd40536557a1d6440a923557c3129dc929,10,10.0,07dd40536557a1d6440a923557c3129dc929::sa:subagent_003_35f49cca,subagent,07dd40536557a1d6440a923557c3129dc929|10|10,397,10,1786168195066869248,1786168195295151104,1786168197204359936,920.888831,10.957673945945945,2137.190639,112.0,worker_52cdd4a9,dde425a7-100a-4938-911b-78192dc42095,True,subagent,4,5,2,3,5,4
31235207041|8|9017979109|353|069d7bf5f1efb4e76e3c84510367e6af78a5|12|1786168113845548544|482,069d7bf5f1efb4e76e3c84510367e6af78a5,069d7bf5f1efb4e76e3c84510367e6af78a5,12,,069d7bf5f1efb4e76e3c84510367e6af78a5,root,069d7bf5f1efb4e76e3c84510367e6af78a5|12|-1,353,12,1786168113845548544,1786168114293396736,1786168202073982720,1081.768279,10.596599343385213,88228.201279,8225.0,worker_e00f4dfb,e8b33636-4dcf-4a14-a7dd-b616a839455a,True,root,2,3,3,0,5,4
31235207041|8|9017979109|398|07dd40536557a1d6440a923557c3129dc929::sa:subagent_003_35f49cca|11|1786168198690960384|483,07dd40536557a1d6440a923557c3129dc929,07dd40536557a1d6440a923557c3129dc929,10,11.0,07dd40536557a1d6440a923557c3129dc929::sa:subagent_003_35f49cca,subagent,07dd40536557a1d6440a923557c3129dc929|10|11,398,11,1786168198690960384,1786168198945001472,1786168202103184128,884.818326,10.754122161702128,3412.037034,236.0,worker_52cdd4a9,799ba1ce-aff0-4bc0-a582-15bc2b20e8b6,True,subagent,4,5,2,3,4,3
31235207041|8|9017979109|392|002001296e8a8c38ad9d7cc436d691afc602|109|1786168184643276032|484,002001296e8a8c38ad9d7cc436d691afc602,002001296e8a8c38ad9d7cc436d691afc602,114,,002001296e8a8c38ad9d7cc436d691afc602,root,002001296e8a8c38ad9d7cc436d691afc602|114|-1,392,109,1786168184643276032,1786168185904125952,1786168205554203648,20910.810729,,20910.810729,1.0,worker_764e719b,1b16164d-95ff-4a65-bb76-dbbcaace6340,True,root,3,4,2,2,5,4
31235207041|8|9017979109|400|07dd40536557a1d6440a923557c3129dc929::sa:subagent_003_35f49cca|12|1786168203489817088|485,07dd40536557a1d6440a923557c3129dc929,07dd40536557a1d6440a923557c3129dc929,10,12.0,07dd40536557a1d6440a923557c3129dc929::sa:subagent_003_35f49cca,subagent,07dd40536557a1d6440a923557c3129dc929|10|12,400,12,1786168203489817088,1786168204062068224,1786168206685755904,1154.6766519999999,10.630920484375,3195.813385,193.0,worker_52cdd4a9,b01795e4-b47e-4144-8ebf-22f3d1356b8c,True,subagent,4,5,2,3,4,3
31235207041|8|9017979109|381|07dd40536557a1d6440a923557c3129dc929::sa:subagent_001_1a28c42b|8|1786168164331244288|486,07dd40536557a1d6440a923557c3129dc929,07dd40536557a1d6440a923557c3129dc929,8,8.0,07dd40536557a1d6440a923557c3129dc929::sa:subagent_001_1a28c42b,subagent,07dd40536557a1d6440a923557c3129dc929|8|8,381,8,1786168164331244288,1786168164969179904,1786168207088642560,41283.290926999995,10.453515921985815,42757.236672,142.0,worker_52cdd4a9,e953fdd3-73bb-40db-9ef8-cf1777f9f781,True,subagent,3,4,2,2,3,2
31235207041|8|9017979109|402|07dd40536557a1d6440a923557c3129dc929::sa:subagent_003_35f49cca|13|1786168208171875840|487,07dd40536557a1d6440a923557c3129dc929,07dd40536557a1d6440a923557c3129dc929,10,13.0,07dd40536557a1d6440a923557c3129dc929::sa:subagent_003_35f49cca,subagent,07dd40536557a1d6440a923557c3129dc929|10|13,402,13,1786168208171875840,1786168208416662016,1786168213218710784,3306.623982,15.818642509090909,5046.674658,111.0,worker_52cdd4a9,0e0a4871-faeb-4ac8-bf42-09ca97768aeb,True,subagent,3,4,2,2,5,4
31235207041|8|9017979109|403|07dd40536557a1d6440a923557c3129dc929::sa:subagent_001_1a28c42b|9|1786168208549552896|488,07dd40536557a1d6440a923557c3129dc929,07dd40536557a1d6440a923557c3129dc929,8,9.0,07dd40536557a1d6440a923557c3129dc929::sa:subagent_001_1a28c42b,subagent,07dd40536557a1d6440a923557c3129dc929|8|9,403,9,1786168208549552896,1786168208877254912,1786168213606301952,3404.198853,11.801809607142856,5056.452198,141.0,worker_52cdd4a9,2afeb224-e4f1-4763-9933-cb6b71c0ed1f,True,subagent,4,5,2,3,4,3
31235207041|8|9017979109|396|07dd40536557a1d6440a923557c3129dc929::sa:subagent_002_23b2d9e6|13|1786168191373880064|489,07dd40536557a1d6440a923557c3129dc929,07dd40536557a1d6440a923557c3129dc929,9,13.0,07dd40536557a1d6440a923557c3129dc929::sa:subagent_002_23b2d9e6,subagent,07dd40536557a1d6440a923557c3129dc929|9|13,396,13,1786168191373880064,1786168205547292160,1786168213677355008,20104.736996,14.955389156462585,22303.179202,148.0,worker_52cdd4a9,e31d550f-12ab-4dbf-89e6-2912fe6cdff1,True,subagent,4,5,2,3,3,2
31235207041|8|9017979109|399|069d7bf5f1efb4e76e3c84510367e6af78a5|13|1786168203227912448|490,069d7bf5f1efb4e76e3c84510367e6af78a5,069d7bf5f1efb4e76e3c84510367e6af78a5,13,,069d7bf5f1efb4e76e3c84510367e6af78a5,root,069d7bf5f1efb4e76e3c84510367e6af78a5|13|-1,399,13,1786168203227912448,1786168203651740928,1786168214918271232,8212.161257,13.480922829457365,11690.239346999999,259.0,worker_e00f4dfb,b636f9d5-9671-45bf-964a-f18f77e3ceba,True,root,3,4,2,2,4,3
31235207041|8|9017979109|404|07dd40536557a1d6440a923557c3129dc929::sa:subagent_003_35f49cca|14|1786168214789023744|491,07dd40536557a1d6440a923557c3129dc929,07dd40536557a1d6440a923557c3129dc929,10,14.0,07dd40536557a1d6440a923557c3129dc929::sa:subagent_003_35f49cca,subagent,07dd40536557a1d6440a923557c3129dc929|10|14,404,14,1786168214789023744,1786168215042267904,1786168216969482752,807.007291,10.729254359375,2180.3518489999997,129.0,worker_52cdd4a9,ad51546b-6b4e-4b11-8ade-521f8b898c05,True,subagent,2,3,2,1,6,5
31235207041|8|9017979109|406|07dd40536557a1d6440a923557c3129dc929::sa:subagent_001_1a28c42b|10|1786168215231983360|492,07dd40536557a1d6440a923557c3129dc929,07dd40536557a1d6440a923557c3129dc929,8,10.0,07dd40536557a1d6440a923557c3129dc929::sa:subagent_001_1a28c42b,subagent,07dd40536557a1d6440a923557c3129dc929|8|10,406,10,1786168215231983360,1786168215533102336,1786168218369623552,1656.3692489999999,10.655752489208632,3137.518845,140.0,worker_52cdd4a9,8cf16ddb-ab3e-4c5c-add4-05a7ae8ed90c,True,subagent,3,4,1,3,5,4
31235207041|8|9017979109|405|07dd40536557a1d6440a923557c3129dc929::sa:subagent_002_23b2d9e6|14|1786168214910397440|493,07dd40536557a1d6440a923557c3129dc929,07dd40536557a1d6440a923557c3129dc929,9,14.0,07dd40536557a1d6440a923557c3129dc929::sa:subagent_002_23b2d9e6,subagent,07dd40536557a1d6440a923557c3129dc929|9|14,405,14,1786168214910397440,1786168215145099776,1786168218370883072,1934.0503079999999,10.599239381944443,3460.3407789999997,145.0,worker_52cdd4a9,d9b4bd39-d1b0-4960-a6c2-d4cf37b77285,True,subagent,3,4,2,2,4,3
31235207041|8|9017979109|401|0470d446a4514dfe0c6ad0be92853bd13287::fa:009|145|1786168207738914816|494,0470d446a4514dfe0c6ad0be92853bd13287,0470d446a4514dfe0c6ad0be92853bd13287,500,,0470d446a4514dfe0c6ad0be92853bd13287,root,0470d446a4514dfe0c6ad0be92853bd13287|500|-1,401,145,1786168207738914816,1786168208005182464,1786168219113056768,3739.039201,11.656411841221374,11373.988957,656.0,worker_8a32eb3d,841df3a0-d37f-4534-8a39-3b0cd454e318,True,root,2,3,2,1,4,3
31235207041|8|9017979109|407|0196085d85d2075a50b74cd8795ffbdcea9a|118|1786168215694869504|495,0196085d85d2075a50b74cd8795ffbdcea9a,0196085d85d2075a50b74cd8795ffbdcea9a,124,,0196085d85d2075a50b74cd8795ffbdcea9a,root,0196085d85d2075a50b74cd8795ffbdcea9a|124|-1,407,118,1786168215694869504,1786168217371479808,1786168232076644352,16381.397758,,16381.397758,1.0,worker_775bd273,45783495-966d-4dca-8a78-6a2c257fe57c,True,root,4,5,2,3,7,6
31235207041|8|9017979109|413|069d7bf5f1efb4e76e3c84510367e6af78a5::sa:subagent_001_fa6f386b|0|1786168226153587968|496,069d7bf5f1efb4e76e3c84510367e6af78a5,069d7bf5f1efb4e76e3c84510367e6af78a5,15,0.0,069d7bf5f1efb4e76e3c84510367e6af78a5::sa:subagent_001_fa6f386b,subagent,069d7bf5f1efb4e76e3c84510367e6af78a5|15|0,413,0,1786168226153587968,1786168226282408704,1786168233719225856,1473.607603,11.851782797665368,7565.4239609999995,515.0,worker_e00f4dfb,b01edb24-5e20-4aaf-8a2b-318e95401f90,True,subagent,6,7,3,4,7,6
31235207041|8|9017979109|410|07dd40536557a1d6440a923557c3129dc929::sa:subagent_002_23b2d9e6|15|1786168219663269632|497,07dd40536557a1d6440a923557c3129dc929,07dd40536557a1d6440a923557c3129dc929,9,15.0,07dd40536557a1d6440a923557c3129dc929::sa:subagent_002_23b2d9e6,subagent,07dd40536557a1d6440a923557c3129dc929|9|15,410,15,1786168219663269632,1786168219910405120,1786168234243070976,12442.638097,15.049737176056338,14579.700776,143.0,worker_52cdd4a9,6846c6fe-5972-4695-aeca-976f5996d131,True,subagent,3,4,2,2,8,7
31235207041|8|9017979109|417|07dd40536557a1d6440a923557c3129dc929::sa:subagent_002_23b2d9e6|16|1786168235736753408|498,07dd40536557a1d6440a923557c3129dc929,07dd40536557a1d6440a923557c3129dc929,9,16.0,07dd40536557a1d6440a923557c3129dc929::sa:subagent_002_23b2d9e6,subagent,07dd40536557a1d6440a923557c3129dc929|9|16,417,16,1786168235736753408,1786168236223174656,1786168238498853632,1144.0592649999999,11.556420607142856,2761.95815,141.0,worker_52cdd4a9,a098384c-8439-4ef5-b74b-a0df0266dde3,True,subagent,7,8,3,5,9,8
31235207041|8|9017979109|415|069d7bf5f1efb4e76e3c84510367e6af78a5::sa:subagent_002_054ed02e|0|1786168233826956032|499,069d7bf5f1efb4e76e3c84510367e6af78a5,069d7bf5f1efb4e76e3c84510367e6af78a5,16,0.0,069d7bf5f1efb4e76e3c84510367e6af78a5::sa:subagent_002_054ed02e,subagent,069d7bf5f1efb4e76e3c84510367e6af78a5|16|0,415,0,1786168233826956032,1786168233926013952,1786168238930288896,1666.87232,10.196744094955488,5103.17508,338.0,worker_e00f4dfb,9cfd4dea-b373-4e78-82a2-ee26c0127b87,True,subagent,6,7,3,4,8,7
31235207041|8|9017979109|420|07dd40536557a1d6440a923557c3129dc929::sa:subagent_002_23b2d9e6|17|1786168240437376512|500,07dd40536557a1d6440a923557c3129dc929,07dd40536557a1d6440a923557c3129dc929,9,17.0,07dd40536557a1d6440a923557c3129dc929::sa:subagent_002_23b2d9e6,subagent,07dd40536557a1d6440a923557c3129dc929|9|17,420,17,1786168240437376512,1786168240689393408,1786168244043711488,1107.336969,12.071857415458938,3606.211454,208.0,worker_52cdd4a9,d92c74d8-13d3-4c4b-854c-0f6f1c7edbcd,True,subagent,8,9,3,6,10,9
31235207041|8|9017979109|416|069d7bf5f1efb4e76e3c84510367e6af78a5::sa:subagent_001_fa6f386b|1|1786168234045304576|501,069d7bf5f1efb4e76e3c84510367e6af78a5,069d7bf5f1efb4e76e3c84510367e6af78a5,15,1.0,069d7bf5f1efb4e76e3c84510367e6af78a5::sa:subagent_001_fa6f386b,subagent,069d7bf5f1efb4e76e3c84510367e6af78a5|15|1,416,1,1786168234045304576,1786168234147268096,1786168245470087936,7889.523835,12.317402216027874,11424.618271,288.0,worker_e00f4dfb,24632ce2-2b0f-47c9-849a-25cc173911e8,True,subagent,7,8,3,5,9,8
31235207041|8|9017979109|409|07dd40536557a1d6440a923557c3129dc929::sa:subagent_003_35f49cca|15|1786168218420628480|502,07dd40536557a1d6440a923557c3129dc929,07dd40536557a1d6440a923557c3129dc929,10,15.0,07dd40536557a1d6440a923557c3129dc929::sa:subagent_003_35f49cca,subagent,07dd40536557a1d6440a923557c3129dc929|10|15,409,15,1786168218420628480,1786168218667422208,1786168246117298432,869.967641,11.057801765773196,27685.136923,2426.0,worker_52cdd4a9,e1838662-6984-4d28-9f15-df2bc7d94bbc,True,subagent,3,4,3,1,10,9
31235207041|8|9017979109|419|069d7bf5f1efb4e76e3c84510367e6af78a5::sa:subagent_002_054ed02e|1|1786168240194522624|503,069d7bf5f1efb4e76e3c84510367e6af78a5,069d7bf5f1efb4e76e3c84510367e6af78a5,16,1.0,069d7bf5f1efb4e76e3c84510367e6af78a5::sa:subagent_002_054ed02e,subagent,069d7bf5f1efb4e76e3c84510367e6af78a5|16|1,419,1,1786168240194522624,1786168240435117056,1786168246648875264,1316.869728,12.319115776978416,6453.941006999999,418.0,worker_e00f4dfb,11440ad1-f4e8-4f94-805a-bf4af27d929a,True,subagent,7,8,3,5,9,8
31235207041|8|9017979109|418|069d7bf5f1efb4e76e3c84510367e6af78a5::sa:subagent_003_f92fe166|0|1786168236863782656|504,069d7bf5f1efb4e76e3c84510367e6af78a5,069d7bf5f1efb4e76e3c84510367e6af78a5,17,0.0,069d7bf5f1efb4e76e3c84510367e6af78a5::sa:subagent_003_f92fe166,subagent,069d7bf5f1efb4e76e3c84510367e6af78a5|17|0,418,0,1786168236863782656,1786168241907629568,1786168247397180160,5669.492499999999,12.1593729675,10533.241687,401.0,worker_e00f4dfb,9d2e61dc-b2cf-41cf-90c7-0d24665a2ddc,True,subagent,8,9,3,6,8,7
31235207041|8|9017979109|421|069d7bf5f1efb4e76e3c84510367e6af78a5::sa:subagent_004_6c916d1f|0|1786168243569955840|505,069d7bf5f1efb4e76e3c84510367e6af78a5,069d7bf5f1efb4e76e3c84510367e6af78a5,18,0.0,069d7bf5f1efb4e76e3c84510367e6af78a5::sa:subagent_004_6c916d1f,subagent,069d7bf5f1efb4e76e3c84510367e6af78a5|18|0,421,0,1786168243569955840,1786168243664613888,1786168249024698112,731.948366,12.17173773453608,5454.582606999999,389.0,worker_e00f4dfb,055dc3ec-7bfc-4744-9de2-ab76d078997e,True,subagent,9,10,3,7,9,8
31235207041|8|9017979109|422|07dd40536557a1d6440a923557c3129dc929::sa:subagent_002_23b2d9e6|18|1786168245524388864|506,07dd40536557a1d6440a923557c3129dc929,07dd40536557a1d6440a923557c3129dc929,9,18.0,07dd40536557a1d6440a923557c3129dc929::sa:subagent_002_23b2d9e6,subagent,07dd40536557a1d6440a923557c3129dc929|9|18,422,18,1786168245524388864,1786168246070088448,1786168249554509824,1882.52832,10.791166291457285,4029.9704119999997,200.0,worker_52cdd4a9,89bbcdbb-3812-4793-8e62-f4e9030d2efc,True,subagent,8,9,3,6,8,7
31235207041|8|9017979109|423|069d7bf5f1efb4e76e3c84510367e6af78a5::sa:subagent_001_fa6f386b|2|1786168245798881792|507,069d7bf5f1efb4e76e3c84510367e6af78a5,069d7bf5f1efb4e76e3c84510367e6af78a5,15,2.0,069d7bf5f1efb4e76e3c84510367e6af78a5::sa:subagent_001_fa6f386b,subagent,069d7bf5f1efb4e76e3c84510367e6af78a5|15|2,423,2,1786168245798881792,1786168245921809920,1786168250776155904,1592.23398,11.552518081911261,4977.121778,294.0,worker_e00f4dfb,08cba07e-285e-44be-bf74-adba89441cec,True,subagent,9,10,3,7,8,7
31235207041|8|9017979109|424|069d7bf5f1efb4e76e3c84510367e6af78a5::sa:subagent_003_f92fe166|1|1786168248027636224|508,069d7bf5f1efb4e76e3c84510367e6af78a5,069d7bf5f1efb4e76e3c84510367e6af78a5,17,1.0,069d7bf5f1efb4e76e3c84510367e6af78a5::sa:subagent_003_f92fe166,subagent,069d7bf5f1efb4e76e3c84510367e6af78a5|17|1,424,1,1786168248027636224,1786168248162079232,1786168253180820480,722.2465579999999,12.880253529069767,5153.053772,345.0,worker_e00f4dfb,36a5076d-4e76-45c7-9c85-731a9b26f549,True,subagent,7,8,3,5,9,8
31235207041|8|9017979109|425|069d7bf5f1efb4e76e3c84510367e6af78a5::sa:subagent_002_054ed02e|2|1786168248794154240|509,069d7bf5f1efb4e76e3c84510367e6af78a5,069d7bf5f1efb4e76e3c84510367e6af78a5,16,2.0,069d7bf5f1efb4e76e3c84510367e6af78a5::sa:subagent_002_054ed02e,subagent,069d7bf5f1efb4e76e3c84510367e6af78a5|16|2,425,2,1786168248794154240,1786168248894853632,1786168253915124736,752.651564,10.812317658415841,5120.827898,405.0,worker_e00f4dfb,91119310-0dc8-4766-a398-8b3cf1e6f8a5,True,subagent,8,9,3,6,9,8
31235207041|8|9017979109|426|069d7bf5f1efb4e76e3c84510367e6af78a5::sa:subagent_004_6c916d1f|1|1786168250289936896|510,069d7bf5f1efb4e76e3c84510367e6af78a5,069d7bf5f1efb4e76e3c84510367e6af78a5,18,1.0,069d7bf5f1efb4e76e3c84510367e6af78a5::sa:subagent_004_6c916d1f,subagent,069d7bf5f1efb4e76e3c84510367e6af78a5|18|1,426,1,1786168250289936896,1786168250392680192,1786168254587616256,752.8780499999999,14.065794801587302,4297.45834,253.0,worker_e00f4dfb,a82a28c1-2c21-495d-9bfc-a28622446c20,True,subagent,7,8,3,5,9,8
31235207041|8|9017979109|427|07dd40536557a1d6440a923557c3129dc929::sa:subagent_002_23b2d9e6|19|1786168251098892544|511,07dd40536557a1d6440a923557c3129dc929,07dd40536557a1d6440a923557c3129dc929,9,19.0,07dd40536557a1d6440a923557c3129dc929::sa:subagent_002_23b2d9e6,subagent,07dd40536557a1d6440a923557c3129dc929|9|19,427,19,1786168251098892544,1786168251571847424,1786168255768327936,1153.8513619999999,13.521082361538461,4669.332776,261.0,worker_52cdd4a9,b9256146-d4e6-45c9-a56b-ff7f520716e8,True,subagent,7,8,3,5,9,8
31235207041|8|9017979109|428|069d7bf5f1efb4e76e3c84510367e6af78a5::sa:subagent_001_fa6f386b|3|1786168251237343744|512,069d7bf5f1efb4e76e3c84510367e6af78a5,069d7bf5f1efb4e76e3c84510367e6af78a5,15,3.0,069d7bf5f1efb4e76e3c84510367e6af78a5::sa:subagent_001_fa6f386b,subagent,069d7bf5f1efb4e76e3c84510367e6af78a5|15|3,428,3,1786168251237343744,1786168251419702528,1786168260417055232,1498.7244329999999,12.020106683881064,9179.572603999999,640.0,worker_e00f4dfb,826e34e1-7ff0-4273-a6dc-a114cc8cebe4,True,subagent,8,9,3,6,10,9
31235207041|8|9017979109|431|069d7bf5f1efb4e76e3c84510367e6af78a5::sa:subagent_004_6c916d1f|2|1786168254905961728|513,069d7bf5f1efb4e76e3c84510367e6af78a5,069d7bf5f1efb4e76e3c84510367e6af78a5,18,2.0,069d7bf5f1efb4e76e3c84510367e6af78a5::sa:subagent_004_6c916d1f,subagent,069d7bf5f1efb4e76e3c84510367e6af78a5|18|2,431,2,1786168254905961728,1786168255037748224,1786168260669918976,2004.512788,12.448073870860926,5763.831096999999,303.0,worker_e00f4dfb,b69aa8b1-e9b4-4695-919e-37d22854604f,True,subagent,8,9,4,5,9,8
31235207041|8|9017979109|432|069d7bf5f1efb4e76e3c84510367e6af78a5::sa:subagent_002_054ed02e|3|1786168256751282176|514,069d7bf5f1efb4e76e3c84510367e6af78a5,069d7bf5f1efb4e76e3c84510367e6af78a5,16,3.0,069d7bf5f1efb4e76e3c84510367e6af78a5::sa:subagent_002_054ed02e,subagent,069d7bf5f1efb4e76e3c84510367e6af78a5|16|3,432,3,1786168256751282176,1786168256882040064,1786168261038011392,871.5736489999999,12.509263849816849,4286.60268,274.0,worker_e00f4dfb,8028e957-6766-4fa7-b9a9-baa91d09913c,True,subagent,8,9,4,5,8,7
31235207041|8|9017979109|433|07dd40536557a1d6440a923557c3129dc929::sa:subagent_002_23b2d9e6|20|1786168257351819264|515,07dd40536557a1d6440a923557c3129dc929,07dd40536557a1d6440a923557c3129dc929,9,20.0,07dd40536557a1d6440a923557c3129dc929::sa:subagent_002_23b2d9e6,subagent,07dd40536557a1d6440a923557c3129dc929|9|20,433,20,1786168257351819264,1786168257606852608,1786168261162276352,1277.1464859999999,10.732805991525424,3810.0887,237.0,worker_52cdd4a9,3e1e39d6-5a00-4710-aad3-280f274cc0fb,True,subagent,9,10,4,6,8,7
31235207041|8|9017979109|429|069d7bf5f1efb4e76e3c84510367e6af78a5::sa:subagent_003_f92fe166|2|1786168253518376192|516,069d7bf5f1efb4e76e3c84510367e6af78a5,069d7bf5f1efb4e76e3c84510367e6af78a5,17,2.0,069d7bf5f1efb4e76e3c84510367e6af78a5::sa:subagent_003_f92fe166,subagent,069d7bf5f1efb4e76e3c84510367e6af78a5|17|2,429,2,1786168253518376192,1786168253641942528,1786168261304141056,709.6152129999999,11.832775558528429,7785.614997,599.0,worker_e00f4dfb,93683131-0d7d-4ab5-8c82-7db6311455d0,True,subagent,8,9,3,6,7,6
31235207041|8|9017979109|434|069d7bf5f1efb4e76e3c84510367e6af78a5::sa:subagent_004_6c916d1f|3|1786168261101982464|517,069d7bf5f1efb4e76e3c84510367e6af78a5,069d7bf5f1efb4e76e3c84510367e6af78a5,18,3.0,069d7bf5f1efb4e76e3c84510367e6af78a5::sa:subagent_004_6c916d1f,subagent,069d7bf5f1efb4e76e3c84510367e6af78a5|18|3,434,3,1786168261101982464,1786168261233039872,1786168264607010048,732.770218,10.786727136186771,3504.959092,258.0,worker_e00f4dfb,a3eee2d1-3a97-475e-9fa9-ca44e37f2497,True,subagent,7,8,4,4,10,9
31235207041|8|9017979109|437|07dd40536557a1d6440a923557c3129dc929::sa:subagent_002_23b2d9e6|21|1786168262703329280|518,07dd40536557a1d6440a923557c3129dc929,07dd40536557a1d6440a923557c3129dc929,9,21.0,07dd40536557a1d6440a923557c3129dc929::sa:subagent_002_23b2d9e6,subagent,07dd40536557a1d6440a923557c3129dc929|9|21,437,21,1786168262703329280,1786168262959989760,1786168266342474752,950.085791,13.173625593137254,3637.505412,205.0,worker_52cdd4a9,570a3362-b987-4de7-bbe9-feb562490e27,True,subagent,8,9,4,5,10,9
31235207041|8|9017979109|435|069d7bf5f1efb4e76e3c84510367e6af78a5::sa:subagent_002_054ed02e|4|1786168261968428032|519,069d7bf5f1efb4e76e3c84510367e6af78a5,069d7bf5f1efb4e76e3c84510367e6af78a5,16,4.0,069d7bf5f1efb4e76e3c84510367e6af78a5::sa:subagent_002_054ed02e,subagent,069d7bf5f1efb4e76e3c84510367e6af78a5|16|4,435,4,1786168261968428032,1786168262130420224,1786168267761263360,1797.764311,10.826308428184282,5792.672121,370.0,worker_e00f4dfb,6b4c9123-2f4d-46bc-8963-e37e07079391,True,subagent,6,7,4,3,9,8
31235207041|8|9017979109|436|069d7bf5f1efb4e76e3c84510367e6af78a5::sa:subagent_001_fa6f386b|4|1786168262470675456|520,069d7bf5f1efb4e76e3c84510367e6af78a5,069d7bf5f1efb4e76e3c84510367e6af78a5,15,4.0,069d7bf5f1efb4e76e3c84510367e6af78a5::sa:subagent_001_fa6f386b,subagent,069d7bf5f1efb4e76e3c84510367e6af78a5|15|4,436,4,1786168262470675456,1786168262634331904,1786168267938996736,1320.107336,11.091064991978609,5468.165642999999,375.0,worker_e00f4dfb,ee89683a-f93e-46e3-99d0-60e61572474f,True,subagent,7,8,4,4,8,7
31235207041|8|9017979109|412|0470d446a4514dfe0c6ad0be92853bd13287::fa:009|146|1786168221670332416|521,0470d446a4514dfe0c6ad0be92853bd13287,0470d446a4514dfe0c6ad0be92853bd13287,501,,0470d446a4514dfe0c6ad0be92853bd13287,root,0470d446a4514dfe0c6ad0be92853bd13287|501|-1,412,146,1786168221670332416,1786168221919484160,1786168269810716160,790.89643,11.214899128375178,48140.20055,4223.0,worker_8a32eb3d,35804538-e249-4ab5-8aed-bd04fbb54cc7,True,root,5,6,3,3,10,9
31235207041|8|9017979109|440|07dd40536557a1d6440a923557c3129dc929::sa:subagent_002_23b2d9e6|22|1786168268212083968|522,07dd40536557a1d6440a923557c3129dc929,07dd40536557a1d6440a923557c3129dc929,9,22.0,07dd40536557a1d6440a923557c3129dc929::sa:subagent_002_23b2d9e6,subagent,07dd40536557a1d6440a923557c3129dc929|9|22,440,22,1786168268212083968,1786168268495028480,1786168272693098240,1411.405966,12.180349884920634,4480.854136999999,253.0,worker_52cdd4a9,da3589d0-f753-43fb-8df5-8a891f970363,True,subagent,7,8,4,4,11,10
31235207041|8|9017979109|442|069d7bf5f1efb4e76e3c84510367e6af78a5::sa:subagent_001_fa6f386b|5|1786168268449477376|523,069d7bf5f1efb4e76e3c84510367e6af78a5,069d7bf5f1efb4e76e3c84510367e6af78a5,15,5.0,069d7bf5f1efb4e76e3c84510367e6af78a5::sa:subagent_001_fa6f386b,subagent,069d7bf5f1efb4e76e3c84510367e6af78a5|15|5,442,5,1786168268449477376,1786168268718877696,1786168275574363392,1208.676017,11.55476709765625,7124.716770999999,513.0,worker_e00f4dfb,38794579-05ba-4e0a-8fe2-c71363f6d129,True,subagent,9,10,4,6,11,10
31235207041|8|9017979109|445|07dd40536557a1d6440a923557c3129dc929::sa:subagent_002_23b2d9e6|23|1786168274359331840|524,07dd40536557a1d6440a923557c3129dc929,07dd40536557a1d6440a923557c3129dc929,9,23.0,07dd40536557a1d6440a923557c3129dc929::sa:subagent_002_23b2d9e6,subagent,07dd40536557a1d6440a923557c3129dc929|9|23,445,23,1786168274359331840,1786168274650050816,1786168277883925760,920.740683,10.939971268907563,3524.453845,239.0,worker_52cdd4a9,b01d3ea3-4fa0-4c88-85fe-98eb5b55f4d7,True,subagent,10,11,5,6,11,10
31235207041|8|9017979109|441|069d7bf5f1efb4e76e3c84510367e6af78a5::sa:subagent_002_054ed02e|5|1786168268241270784|525,069d7bf5f1efb4e76e3c84510367e6af78a5,069d7bf5f1efb4e76e3c84510367e6af78a5,16,5.0,069d7bf5f1efb4e76e3c84510367e6af78a5::sa:subagent_002_054ed02e,subagent,069d7bf5f1efb4e76e3c84510367e6af78a5|16|5,441,5,1786168268241270784,1786168268426657536,1786168277991778560,913.5644749999999,10.80289781173594,9750.334885,819.0,worker_e00f4dfb,2a97929b-0671-46d0-8f5d-54281d8050e9,True,subagent,8,9,4,5,10,9
31235207041|8|9017979109|448|07dd40536557a1d6440a923557c3129dc929::sa:subagent_002_23b2d9e6|24|1786168279446580480|526,07dd40536557a1d6440a923557c3129dc929,07dd40536557a1d6440a923557c3129dc929,9,24.0,07dd40536557a1d6440a923557c3129dc929::sa:subagent_002_23b2d9e6,subagent,07dd40536557a1d6440a923557c3129dc929|9|24,448,24,1786168279446580480,1786168279746699520,1786168282241668352,947.2801979999999,12.075978209150326,2794.904864,154.0,worker_52cdd4a9,19b8c1a4-5b98-4689-8293-20b0a8e364b1,True,subagent,10,11,5,6,11,10
31235207041|8|9017979109|414|05c249572509162371b7b82339674db64b5d|32|1786168233202339072|527,05c249572509162371b7b82339674db64b5d,05c249572509162371b7b82339674db64b5d,34,,05c249572509162371b7b82339674db64b5d,root,05c249572509162371b7b82339674db64b5d|34|-1,414,32,1786168233202339072,1786168233766219776,1786168286053672960,8732.949644,11.576550779847807,52851.184666,3812.0,worker_29a49ec4,6e0dcfbe-b449-46e5-8284-ad99e8cf602f,True,root,6,7,3,4,11,10
31235207041|8|9017979109|449|07dd40536557a1d6440a923557c3129dc929::sa:subagent_002_23b2d9e6|25|1786168283920355072|528,07dd40536557a1d6440a923557c3129dc929,07dd40536557a1d6440a923557c3129dc929,9,25.0,07dd40536557a1d6440a923557c3129dc929::sa:subagent_002_23b2d9e6,subagent,07dd40536557a1d6440a923557c3129dc929|9|25,449,25,1786168283920355072,1786168284198838528,1786168287214929920,931.191505,11.632196866995073,3292.5274689999997,204.0,worker_52cdd4a9,3c333219-fc60-471c-802f-357b44580436,True,subagent,10,11,5,6,10,9
31235207041|8|9017979109|408|069d7bf5f1efb4e76e3c84510367e6af78a5|14|1786168216326856960|529,069d7bf5f1efb4e76e3c84510367e6af78a5,069d7bf5f1efb4e76e3c84510367e6af78a5,14,,069d7bf5f1efb4e76e3c84510367e6af78a5,root,069d7bf5f1efb4e76e3c84510367e6af78a5|14|-1,408,14,1786168216326856960,1786168216754801664,1786168287333103104,1164.344993,10.76142743990755,71006.009078,6491.0,worker_e00f4dfb,5042e703-63ac-442d-81d0-ecdff07018c5,True,root,5,6,3,3,9,8
31235207041|8|9017979109|447|069d7bf5f1efb4e76e3c84510367e6af78a5::sa:subagent_002_054ed02e|6|1786168278561260544|530,069d7bf5f1efb4e76e3c84510367e6af78a5,069d7bf5f1efb4e76e3c84510367e6af78a5,16,6.0,069d7bf5f1efb4e76e3c84510367e6af78a5::sa:subagent_002_054ed02e,subagent,069d7bf5f1efb4e76e3c84510367e6af78a5|16|6,447,6,1786168278561260544,1786168278880283904,1786168287976288768,1697.285709,11.088509722701149,9414.888476,697.0,worker_e00f4dfb,44f0ac02-2665-4d1c-9461-894e3da4f22c,True,subagent,9,10,5,5,8,7
31235207041|8|9017979109|444|0470d446a4514dfe0c6ad0be92853bd13287::fa:009|147|1786168271228768256|531,0470d446a4514dfe0c6ad0be92853bd13287,0470d446a4514dfe0c6ad0be92853bd13287,502,,0470d446a4514dfe0c6ad0be92853bd13287,root,0470d446a4514dfe0c6ad0be92853bd13287|502|-1,444,147,1786168271228768256,1786168271525117952,1786168288449810432,2865.8459479999997,10.736767894540016,17220.904623,1338.0,worker_8a32eb3d,c1436bec-714a-499a-af81-f821fbcbce92,True,root,10,11,5,6,7,6
31235207041|8|9017979109|451|07dd40536557a1d6440a923557c3129dc929::sa:subagent_002_23b2d9e6|26|1786168288874149376|532,07dd40536557a1d6440a923557c3129dc929,07dd40536557a1d6440a923557c3129dc929,9,26.0,07dd40536557a1d6440a923557c3129dc929::sa:subagent_002_23b2d9e6,subagent,07dd40536557a1d6440a923557c3129dc929|9|26,451,26,1786168288874149376,1786168289215909120,1786168291324479488,916.161622,11.363931074074074,2450.292317,136.0,worker_52cdd4a9,4b722c1a-f920-462a-9c1c-2e03bb5dd2a0,True,subagent,7,8,2,6,9,8
31235207041|8|9017979109|439|069d7bf5f1efb4e76e3c84510367e6af78a5::sa:subagent_004_6c916d1f|4|1786168265142050560|533,069d7bf5f1efb4e76e3c84510367e6af78a5,069d7bf5f1efb4e76e3c84510367e6af78a5,18,4.0,069d7bf5f1efb4e76e3c84510367e6af78a5::sa:subagent_004_6c916d1f,subagent,069d7bf5f1efb4e76e3c84510367e6af78a5|18|4,439,4,1786168265142050560,1786168265304626432,1786168291550959872,22072.790811,10.01380874364896,26408.769997,434.0,worker_e00f4dfb,cef03910-243c-4358-bd81-d5f1a695ab21,True,subagent,9,10,4,6,8,7
31235207041|8|9017979109|452|0470d446a4514dfe0c6ad0be92853bd13287::fa:009|148|1786168289910140928|534,0470d446a4514dfe0c6ad0be92853bd13287,0470d446a4514dfe0c6ad0be92853bd13287,503,,0470d446a4514dfe0c6ad0be92853bd13287,root,0470d446a4514dfe0c6ad0be92853bd13287|503|-1,452,148,1786168289910140928,1786168290217835776,1786168292597934592,936.1379119999999,10.74546699386503,2687.649032,164.0,worker_8a32eb3d,6a34b254-a2fe-4127-9399-4020a1a90a7c,True,root,8,9,3,6,8,7
31235207041|8|9017979109|411|07dd40536557a1d6440a923557c3129dc929::sa:subagent_001_1a28c42b|11|1786168219907963648|535,07dd40536557a1d6440a923557c3129dc929,07dd40536557a1d6440a923557c3129dc929,8,11.0,07dd40536557a1d6440a923557c3129dc929::sa:subagent_001_1a28c42b,subagent,07dd40536557a1d6440a923557c3129dc929|8|11,411,11,1786168219907963648,1786168220228599296,1786168293398230528,70141.215556,11.468930585616437,73490.143287,293.0,worker_52cdd4a9,8ceca485-1b46-46d1-ab3b-ef8dc223c78c,True,subagent,4,5,2,3,8,7
31235207041|8|9017979109|438|069d7bf5f1efb4e76e3c84510367e6af78a5::sa:subagent_003_f92fe166|3|1786168263074705920|536,069d7bf5f1efb4e76e3c84510367e6af78a5,069d7bf5f1efb4e76e3c84510367e6af78a5,17,3.0,069d7bf5f1efb4e76e3c84510367e6af78a5::sa:subagent_003_f92fe166,subagent,069d7bf5f1efb4e76e3c84510367e6af78a5|17|3,438,3,1786168263074705920,1786168263216069888,1786168293711093248,27008.393914,11.408178380503143,30636.194638999998,319.0,worker_e00f4dfb,d381d04c-1652-44c3-9c32-8b57b3c43344,True,subagent,9,10,4,6,7,6
31235207041|8|9017979109|430|077ea9e6554f45bbad9c24a8462bae9a8512|3|1786168253923671808|537,077ea9e6554f45bbad9c24a8462bae9a8512,077ea9e6554f45bbad9c24a8462bae9a8512,3,,077ea9e6554f45bbad9c24a8462bae9a8512,root,077ea9e6554f45bbad9c24a8462bae9a8512|3|-1,430,3,1786168253923671808,1786168254078958592,1786168295832344576,2986.736411,11.088850629059829,41908.602118999996,3511.0,worker_4c4f3206,b684a791-03ed-44ed-a2bf-4802af7f9806,True,root,8,9,4,5,9,8
31235207041|8|9017979109|443|0196085d85d2075a50b74cd8795ffbdcea9a|119|1786168270109400064|538,0196085d85d2075a50b74cd8795ffbdcea9a,0196085d85d2075a50b74cd8795ffbdcea9a,125,,0196085d85d2075a50b74cd8795ffbdcea9a,root,0196085d85d2075a50b74cd8795ffbdcea9a|125|-1,443,119,1786168270109400064,1786168271799461888,1786168297498045184,27388.409174,,27388.409174,1.0,worker_775bd273,5f2773da-fb20-4291-babf-f6530c23ffd2,True,root,9,10,4,6,8,7
31235207041|8|9017979109|454|07dd40536557a1d6440a923557c3129dc929::sa:subagent_002_23b2d9e6|27|1786168292992820480|539,07dd40536557a1d6440a923557c3129dc929,07dd40536557a1d6440a923557c3129dc929,9,27.0,07dd40536557a1d6440a923557c3129dc929::sa:subagent_002_23b2d9e6,subagent,07dd40536557a1d6440a923557c3129dc929|9|27,454,27,1786168292992820480,1786168293268689408,1786168299006596352,4635.255572,10.437872553030303,6013.054749,133.0,worker_52cdd4a9,fcdc9c60-b0e3-4faf-aaae-2f9f130b7f97,True,subagent,7,8,2,6,7,6
31235207041|8|9017979109|456|07dd40536557a1d6440a923557c3129dc929::sa:subagent_001_1a28c42b|12|1786168295013264640|540,07dd40536557a1d6440a923557c3129dc929,07dd40536557a1d6440a923557c3129dc929,8,12.0,07dd40536557a1d6440a923557c3129dc929::sa:subagent_001_1a28c42b,subagent,07dd40536557a1d6440a923557c3129dc929|8|12,456,12,1786168295013264640,1786168295303834880,1786168302162062336,3925.7493719999998,12.202551333333334,7147.222924,265.0,worker_52cdd4a9,bda59995-4c73-4ae7-947a-b23017161a12,True,subagent,7,8,2,6,8,7
31235207041|8|9017979109|453|069d7bf5f1efb4e76e3c84510367e6af78a5::sa:subagent_004_6c916d1f|5|1786168292107216384|541,069d7bf5f1efb4e76e3c84510367e6af78a5,069d7bf5f1efb4e76e3c84510367e6af78a5,18,5.0,069d7bf5f1efb4e76e3c84510367e6af78a5::sa:subagent_004_6c916d1f,subagent,069d7bf5f1efb4e76e3c84510367e6af78a5|18|5,453,5,1786168292107216384,1786168292253698560,1786168303719438592,5505.924427999999,12.187983568862276,11612.104196,502.0,worker_e00f4dfb,7f9d23dd-a24c-4f14-b597-0a65b53b2009,True,subagent,7,8,3,5,7,6
31235207041|8|9017979109|459|07dd40536557a1d6440a923557c3129dc929::sa:subagent_002_23b2d9e6|28|1786168300685824000|542,07dd40536557a1d6440a923557c3129dc929,07dd40536557a1d6440a923557c3129dc929,9,28.0,07dd40536557a1d6440a923557c3129dc929::sa:subagent_002_23b2d9e6,subagent,07dd40536557a1d6440a923557c3129dc929|9|28,459,28,1786168300685824000,1786168301089879296,1786168304102138880,2055.366176,12.371056718181817,3416.1824149999998,111.0,worker_52cdd4a9,92cff05d-5bd8-493d-974f-028e881f8434,True,subagent,7,8,2,6,7,6
31235207041|8|9017979109|446|069d7bf5f1efb4e76e3c84510367e6af78a5::sa:subagent_001_fa6f386b|6|1786168276109524224|543,069d7bf5f1efb4e76e3c84510367e6af78a5,069d7bf5f1efb4e76e3c84510367e6af78a5,15,6.0,069d7bf5f1efb4e76e3c84510367e6af78a5::sa:subagent_001_fa6f386b,subagent,069d7bf5f1efb4e76e3c84510367e6af78a5|15|6,446,6,1786168276109524224,1786168276325926400,1786168306876308480,21421.484457,10.778553951557093,30766.490733,868.0,worker_e00f4dfb,4c550188-cc53-4905-9778-4a333cf4250d,True,subagent,10,11,5,6,8,7
31235207041|8|9017979109|460|07dd40536557a1d6440a923557c3129dc929::sa:subagent_001_1a28c42b|13|1786168303819031808|544,07dd40536557a1d6440a923557c3129dc929,07dd40536557a1d6440a923557c3129dc929,8,13.0,07dd40536557a1d6440a923557c3129dc929::sa:subagent_001_1a28c42b,subagent,07dd40536557a1d6440a923557c3129dc929|8|13,460,13,1786168303819031808,1786168304108923904,1786168307488850688,948.767041,11.529347894067795,3669.693144,237.0,worker_52cdd4a9,b4a6a8f1-15e6-4bf0-addc-640a9b4fe719,True,subagent,6,7,2,5,8,7
31235207041|8|9017979109|450|069d7bf5f1efb4e76e3c84510367e6af78a5::sa:subagent_002_054ed02e|7|1786168288657336064|545,069d7bf5f1efb4e76e3c84510367e6af78a5,069d7bf5f1efb4e76e3c84510367e6af78a5,16,7.0,069d7bf5f1efb4e76e3c84510367e6af78a5::sa:subagent_002_054ed02e,subagent,069d7bf5f1efb4e76e3c84510367e6af78a5|16|7,450,7,1786168288657336064,1786168288932386560,1786168308321455360,8908.965054,11.60015450377562,19662.308279,928.0,worker_e00f4dfb,7372f34f-5f22-4b78-95b9-e0b42d44a5dc,True,subagent,6,7,2,5,7,6
31235207041|8|9017979109|462|07dd40536557a1d6440a923557c3129dc929::sa:subagent_002_23b2d9e6|29|1786168305702602240|546,07dd40536557a1d6440a923557c3129dc929,07dd40536557a1d6440a923557c3129dc929,9,29.0,07dd40536557a1d6440a923557c3129dc929::sa:subagent_002_23b2d9e6,subagent,07dd40536557a1d6440a923557c3129dc929|9|29,462,29,1786168305702602240,1786168305973747968,1786168308413474560,967.067719,11.035392816455696,2710.659784,159.0,worker_52cdd4a9,c001c5b3-87b5-4da7-9bc9-488abc509dc4,True,subagent,7,8,2,6,6,5
31235207041|8|9017979109|455|069d7bf5f1efb4e76e3c84510367e6af78a5::sa:subagent_003_f92fe166|4|1786168294087237376|547,069d7bf5f1efb4e76e3c84510367e6af78a5,069d7bf5f1efb4e76e3c84510367e6af78a5,17,4.0,069d7bf5f1efb4e76e3c84510367e6af78a5::sa:subagent_003_f92fe166,subagent,069d7bf5f1efb4e76e3c84510367e6af78a5|17|4,455,4,1786168294087237376,1786168294229589248,1786168308457450496,3526.272219,11.633250894849784,14368.462053,933.0,worker_e00f4dfb,e0ea5cfd-252a-4e54-b091-0331b7d55176,True,subagent,6,7,2,5,5,4
31235207041|8|9017979109|461|069d7bf5f1efb4e76e3c84510367e6af78a5::sa:subagent_004_6c916d1f|6|1786168304183524608|548,069d7bf5f1efb4e76e3c84510367e6af78a5,069d7bf5f1efb4e76e3c84510367e6af78a5,18,6.0,069d7bf5f1efb4e76e3c84510367e6af78a5::sa:subagent_004_6c916d1f,subagent,069d7bf5f1efb4e76e3c84510367e6af78a5|18|6,461,6,1786168304183524608,1786168304378804992,1786168311160020736,829.234192,11.095928842960289,6976.378771,555.0,worker_e00f4dfb,38167c0f-5c60-497e-9739-5e79b39aa7f4,True,subagent,6,7,2,5,8,7
31235207041|8|9017979109|457|0470d446a4514dfe0c6ad0be92853bd13287::fa:009|149|1786168295233854208|549,0470d446a4514dfe0c6ad0be92853bd13287,0470d446a4514dfe0c6ad0be92853bd13287,504,,0470d446a4514dfe0c6ad0be92853bd13287,root,0470d446a4514dfe0c6ad0be92853bd13287|504|-1,457,149,1786168295233854208,1786168295490769408,1786168311312382976,3742.249879,11.637809435849057,16078.327881,1061.0,worker_8a32eb3d,8493f2d2-574b-49e2-a057-cccd23e2b8e4,True,root,8,9,3,6,7,6
31235207041|8|9017979109|467|07dd40536557a1d6440a923557c3129dc929::sa:subagent_002_23b2d9e6|30|1786168310261248768|550,07dd40536557a1d6440a923557c3129dc929,07dd40536557a1d6440a923557c3129dc929,9,30.0,07dd40536557a1d6440a923557c3129dc929::sa:subagent_002_23b2d9e6,subagent,07dd40536557a1d6440a923557c3129dc929|9|30,467,30,1786168310261248768,1786168310554930688,1786168312775309312,1042.775776,12.158306231404957,2513.93083,122.0,worker_52cdd4a9,a8efea94-aa55-4cc1-ae0b-c427e63aaa73,True,subagent,7,8,2,6,7,6
31235207041|8|9017979109|466|07dd40536557a1d6440a923557c3129dc929::sa:subagent_001_1a28c42b|14|1786168309238360320|551,07dd40536557a1d6440a923557c3129dc929,07dd40536557a1d6440a923557c3129dc929,8,14.0,07dd40536557a1d6440a923557c3129dc929::sa:subagent_001_1a28c42b,subagent,07dd40536557a1d6440a923557c3129dc929|8|14,466,14,1786168309238360320,1786168309543004416,1786168314873372672,1013.909806,11.438017900990099,5634.869038,405.0,worker_52cdd4a9,0893a8f8-4959-491d-b490-3175a0019edd,True,subagent,6,7,2,5,8,7
31235207041|8|9017979109|465|069d7bf5f1efb4e76e3c84510367e6af78a5::sa:subagent_002_054ed02e|8|1786168308977514240|552,069d7bf5f1efb4e76e3c84510367e6af78a5,069d7bf5f1efb4e76e3c84510367e6af78a5,16,8.0,069d7bf5f1efb4e76e3c84510367e6af78a5::sa:subagent_002_054ed02e,subagent,069d7bf5f1efb4e76e3c84510367e6af78a5|16|8,465,8,1786168308977514240,1786168309227329280,1786168317723963136,1908.396882,10.958224073717947,8746.328704,625.0,worker_e00f4dfb,7624b9ce-0bd0-44bd-911c-a1877c22c614,True,subagent,5,6,2,4,8,7
31235207041|8|9017979109|470|07dd40536557a1d6440a923557c3129dc929::sa:subagent_002_23b2d9e6|31|1786168314397200128|553,07dd40536557a1d6440a923557c3129dc929,07dd40536557a1d6440a923557c3129dc929,9,31.0,07dd40536557a1d6440a923557c3129dc929::sa:subagent_002_23b2d9e6,subagent,07dd40536557a1d6440a923557c3129dc929|9|31,470,31,1786168314397200128,1786168314686485248,1786168318977984512,2816.6328909999997,15.881153,4579.440874,112.0,worker_52cdd4a9,280ed088-d557-49d1-9b09-e0b0aef7faa3,True,subagent,7,8,2,6,8,7
31235207041|8|9017979109|463|069d7bf5f1efb4e76e3c84510367e6af78a5::sa:subagent_001_fa6f386b|7|1786168307470288384|554,069d7bf5f1efb4e76e3c84510367e6af78a5,069d7bf5f1efb4e76e3c84510367e6af78a5,15,7.0,069d7bf5f1efb4e76e3c84510367e6af78a5::sa:subagent_001_fa6f386b,subagent,069d7bf5f1efb4e76e3c84510367e6af78a5|15|7,463,7,1786168307470288384,1786168307730643456,1786168319243684864,1032.411557,11.176736231009366,11773.255075,962.0,worker_e00f4dfb,7be71baa-7510-4bbf-8744-143266b4889a,True,subagent,7,8,2,6,7,6
31235207041|8|9017979109|458|077ea9e6554f45bbad9c24a8462bae9a8512|4|1786168299415982080|555,077ea9e6554f45bbad9c24a8462bae9a8512,077ea9e6554f45bbad9c24a8462bae9a8512,4,,077ea9e6554f45bbad9c24a8462bae9a8512,root,077ea9e6554f45bbad9c24a8462bae9a8512|4|-1,458,4,1786168299415982080,1786168299647220224,1786168320311147520,3337.569255,10.979906814258912,20894.440251,1600.0,worker_4c4f3206,ac6eb04c-eb0e-4e4b-a328-80d3e7344f83,True,root,6,7,2,5,7,6
31235207041|8|9017979109|471|07dd40536557a1d6440a923557c3129dc929::sa:subagent_001_1a28c42b|15|1786168316505695744|556,07dd40536557a1d6440a923557c3129dc929,07dd40536557a1d6440a923557c3129dc929,8,15.0,07dd40536557a1d6440a923557c3129dc929::sa:subagent_001_1a28c42b,subagent,07dd40536557a1d6440a923557c3129dc929|8|15,471,15,1786168316505695744,1786168316816098304,1786168321040006400,925.1725379999999,11.385293785488958,4534.310668,318.0,worker_52cdd4a9,ed8d13d6-9406-4f10-961d-dba3e2951bf6,True,subagent,7,8,2,6,7,6
31235207041|8|9017979109|474|07dd40536557a1d6440a923557c3129dc929::sa:subagent_002_23b2d9e6|32|1786168320541684224|557,07dd40536557a1d6440a923557c3129dc929,07dd40536557a1d6440a923557c3129dc929,9,32.0,07dd40536557a1d6440a923557c3129dc929::sa:subagent_002_23b2d9e6,subagent,07dd40536557a1d6440a923557c3129dc929|9|32,474,32,1786168320541684224,1786168320826043648,1786168322387984128,945.422968,10.852666710843373,1846.194305,84.0,worker_52cdd4a9,fbd92815-96a8-4716-a74d-eb999f5348ff,True,subagent,6,7,1,6,6,5
31235207041|8|9017979109|464|069d7bf5f1efb4e76e3c84510367e6af78a5::sa:subagent_003_f92fe166|5|1786168308889300224|558,069d7bf5f1efb4e76e3c84510367e6af78a5,069d7bf5f1efb4e76e3c84510367e6af78a5,17,5.0,069d7bf5f1efb4e76e3c84510367e6af78a5::sa:subagent_003_f92fe166,subagent,069d7bf5f1efb4e76e3c84510367e6af78a5|17|5,464,5,1786168308889300224,1786168309048398080,1786168323251833856,1962.6815729999998,10.944264887908208,14362.533690999999,1134.0,worker_e00f4dfb,e54ed474-e3ac-404c-b4cf-478f46cf5ff4,True,subagent,4,5,2,3,6,5
31235207041|8|9017979109|468|069d7bf5f1efb4e76e3c84510367e6af78a5::sa:subagent_004_6c916d1f|7|1786168311686153472|559,069d7bf5f1efb4e76e3c84510367e6af78a5,069d7bf5f1efb4e76e3c84510367e6af78a5,18,7.0,069d7bf5f1efb4e76e3c84510367e6af78a5::sa:subagent_004_6c916d1f,subagent,069d7bf5f1efb4e76e3c84510367e6af78a5|18|7,468,7,1786168311686153472,1786168312077110016,1786168324003070464,1386.140019,10.758499687007873,12316.775700999999,1017.0,worker_e00f4dfb,47dd0cc2-ae87-48f5-a5bb-446eafd6417a,True,subagent,6,7,1,6,5,4
31235207041|8|9017979109|473|069d7bf5f1efb4e76e3c84510367e6af78a5::sa:subagent_001_fa6f386b|8|1786168319944311040|560,069d7bf5f1efb4e76e3c84510367e6af78a5,069d7bf5f1efb4e76e3c84510367e6af78a5,15,8.0,069d7bf5f1efb4e76e3c84510367e6af78a5::sa:subagent_001_fa6f386b,subagent,069d7bf5f1efb4e76e3c84510367e6af78a5|15|8,473,8,1786168319944311040,1786168320175097856,1786168326071750144,886.427162,10.739509502049179,6127.307799,489.0,worker_e00f4dfb,c30b521d-c21d-488d-87ef-19b2e8e7980c,True,subagent,6,7,2,5,7,6
31235207041|8|9017979109|472|069d7bf5f1efb4e76e3c84510367e6af78a5::sa:subagent_002_054ed02e|9|1786168318441031168|561,069d7bf5f1efb4e76e3c84510367e6af78a5,069d7bf5f1efb4e76e3c84510367e6af78a5,16,9.0,069d7bf5f1efb4e76e3c84510367e6af78a5::sa:subagent_002_054ed02e,subagent,069d7bf5f1efb4e76e3c84510367e6af78a5|16|9,472,9,1786168318441031168,1786168318977754624,1786168326604182528,1121.209185,10.734424657012195,8162.99176,657.0,worker_e00f4dfb,24fa6942-b82d-4e1f-ac9f-2e56ed6e1c9a,True,subagent,7,8,2,6,6,5
31235207041|8|9017979109|475|07dd40536557a1d6440a923557c3129dc929::sa:subagent_001_1a28c42b|16|1786168322839948288|562,07dd40536557a1d6440a923557c3129dc929,07dd40536557a1d6440a923557c3129dc929,8,16.0,07dd40536557a1d6440a923557c3129dc929::sa:subagent_001_1a28c42b,subagent,07dd40536557a1d6440a923557c3129dc929|8|16,475,16,1786168322839948288,1786168323137288448,1786168328067016192,945.095322,11.667177920980926,5226.949619,368.0,worker_52cdd4a9,89ecac25-ea91-41f7-a000-485d40958678,True,subagent,5,6,1,5,7,6
31235207041|8|9017979109|469|0470d446a4514dfe0c6ad0be92853bd13287::fa:009|150|1786168312880277248|563,0470d446a4514dfe0c6ad0be92853bd13287,0470d446a4514dfe0c6ad0be92853bd13287,505,,0470d446a4514dfe0c6ad0be92853bd13287,root,0470d446a4514dfe0c6ad0be92853bd13287|505|-1,469,150,1786168312880277248,1786168313155465472,1786168329687600640,4359.351788,11.005789908045976,16806.900174,1132.0,worker_8a32eb3d,0a503e90-92f0-48c0-a50b-2fa3e7be2894,True,root,6,7,2,5,8,7
31235207041|8|9017979109|477|07dd40536557a1d6440a923557c3129dc929::sa:subagent_002_23b2d9e6|33|1786168324262337024|564,07dd40536557a1d6440a923557c3129dc929,07dd40536557a1d6440a923557c3129dc929,9,33.0,07dd40536557a1d6440a923557c3129dc929::sa:subagent_002_23b2d9e6,subagent,07dd40536557a1d6440a923557c3129dc929|9|33,477,33,1786168324262337024,1786168324541053440,1786168329958022912,2378.8987779999998,12.455516545112781,5692.0661789999995,267.0,worker_52cdd4a9,f3711ec4-d46f-41b8-8f86-03133fc8628b,True,subagent,5,6,1,5,7,6
31235207041|8|9017979109|476|069d7bf5f1efb4e76e3c84510367e6af78a5::sa:subagent_003_f92fe166|6|1786168324224233984|565,069d7bf5f1efb4e76e3c84510367e6af78a5,069d7bf5f1efb4e76e3c84510367e6af78a5,17,6.0,069d7bf5f1efb4e76e3c84510367e6af78a5::sa:subagent_003_f92fe166,subagent,069d7bf5f1efb4e76e3c84510367e6af78a5|17|6,476,6,1786168324224233984,1786168324371218176,1786168330042433024,1290.9996039999999,11.728135989637305,5818.060096,387.0,worker_e00f4dfb,ca0a37c8-26fe-443c-b731-63586bc14b62,True,subagent,4,5,1,4,6,5
31235207041|8|9017979109|479|069d7bf5f1efb4e76e3c84510367e6af78a5::sa:subagent_001_fa6f386b|9|1786168326730366976|566,069d7bf5f1efb4e76e3c84510367e6af78a5,069d7bf5f1efb4e76e3c84510367e6af78a5,15,9.0,069d7bf5f1efb4e76e3c84510367e6af78a5::sa:subagent_001_fa6f386b,subagent,069d7bf5f1efb4e76e3c84510367e6af78a5|15|9,479,9,1786168326730366976,1786168326934768128,1786168331590438656,828.6457809999999,10.717129489361701,4858.286469,377.0,worker_e00f4dfb,9784e008-1763-4b4c-acc1-2c2a668c15e6,True,subagent,5,6,1,5,8,7
31235207041|8|9017979109|481|07dd40536557a1d6440a923557c3129dc929::sa:subagent_001_1a28c42b|17|1786168328432685568|567,07dd40536557a1d6440a923557c3129dc929,07dd40536557a1d6440a923557c3129dc929,8,17.0,07dd40536557a1d6440a923557c3129dc929::sa:subagent_001_1a28c42b,subagent,07dd40536557a1d6440a923557c3129dc929|8|17,481,17,1786168328432685568,1786168328726148864,1786168332362368256,930.0515439999999,10.750934397849463,3929.5622409999996,280.0,worker_52cdd4a9,f4979590-4865-4b81-89aa-e839d280c35e,True,subagent,6,7,1,6,8,7
31235207041|8|9017979109|485|07dd40536557a1d6440a923557c3129dc929::sa:subagent_002_23b2d9e6|34|1786168331544939776|568,07dd40536557a1d6440a923557c3129dc929,07dd40536557a1d6440a923557c3129dc929,9,34.0,07dd40536557a1d6440a923557c3129dc929::sa:subagent_002_23b2d9e6,subagent,07dd40536557a1d6440a923557c3129dc929|9|34,485,34,1786168331544939776,1786168331841118720,1786168335077020160,1228.635644,11.687035385786801,3530.9816149999997,198.0,worker_52cdd4a9,38070aac-c440-407f-b84f-dc1177ecc064,True,subagent,7,8,2,6,8,7
31235207041|8|9017979109|480|069d7bf5f1efb4e76e3c84510367e6af78a5::sa:subagent_002_054ed02e|10|1786168327298720768|569,069d7bf5f1efb4e76e3c84510367e6af78a5,069d7bf5f1efb4e76e3c84510367e6af78a5,16,10.0,069d7bf5f1efb4e76e3c84510367e6af78a5::sa:subagent_002_054ed02e,subagent,069d7bf5f1efb4e76e3c84510367e6af78a5|16|10,480,10,1786168327298720768,1786168327572480000,1786168335325040384,963.049275,10.970608451010886,8017.150509,644.0,worker_e00f4dfb,96afcad5-cdae-40cf-852e-9137605f660a,True,subagent,6,7,1,6,7,6
31235207041|8|9017979109|486|069d7bf5f1efb4e76e3c84510367e6af78a5::sa:subagent_001_fa6f386b|10|1786168332257542144|570,069d7bf5f1efb4e76e3c84510367e6af78a5,069d7bf5f1efb4e76e3c84510367e6af78a5,15,10.0,069d7bf5f1efb4e76e3c84510367e6af78a5::sa:subagent_001_fa6f386b,subagent,069d7bf5f1efb4e76e3c84510367e6af78a5|15|10,486,10,1786168332257542144,1786168332464902912,1786168335909191680,892.495683,11.21550169512195,3651.5090999999998,247.0,worker_e00f4dfb,ab658cc6-7cf4-485b-9c91-afec8c0bf25d,True,subagent,7,8,2,6,7,6
31235207041|8|9017979109|483|069d7bf5f1efb4e76e3c84510367e6af78a5::sa:subagent_003_f92fe166|7|1786168330830351616|571,069d7bf5f1efb4e76e3c84510367e6af78a5,069d7bf5f1efb4e76e3c84510367e6af78a5,17,7.0,069d7bf5f1efb4e76e3c84510367e6af78a5::sa:subagent_003_f92fe166,subagent,069d7bf5f1efb4e76e3c84510367e6af78a5|17|7,483,7,1786168330830351616,1786168330984464896,1786168337053722368,1322.109139,11.39798500232558,6223.24269,431.0,worker_e00f4dfb,b74b40cd-8d03-4842-8637-3b60b7092869,True,subagent,5,6,1,5,9,8
31235207041|8|9017979109|491|07dd40536557a1d6440a923557c3129dc929::sa:subagent_002_23b2d9e6|35|1786168336660945920|572,07dd40536557a1d6440a923557c3129dc929,07dd40536557a1d6440a923557c3129dc929,9,35.0,07dd40536557a1d6440a923557c3129dc929::sa:subagent_002_23b2d9e6,subagent,07dd40536557a1d6440a923557c3129dc929|9|35,491,35,1786168336660945920,1786168337056989184,1786168339223236096,1080.569611,10.659074273381295,2562.180935,140.0,worker_52cdd4a9,03b42993-3de2-499c-86cf-0b8af2a76c97,True,subagent,8,9,3,6,9,8
31235207041|8|9017979109|487|07dd40536557a1d6440a923557c3129dc929::sa:subagent_001_1a28c42b|18|1786168334208828672|573,07dd40536557a1d6440a923557c3129dc929,07dd40536557a1d6440a923557c3129dc929,8,18.0,07dd40536557a1d6440a923557c3129dc929::sa:subagent_001_1a28c42b,subagent,07dd40536557a1d6440a923557c3129dc929|8|18,487,18,1786168334208828672,1786168334534023168,1786168340101164800,1047.0677739999999,12.360007846938775,5892.19085,393.0,worker_52cdd4a9,5e6ce395-1a36-4778-b6d7-7171f9bbe001,True,subagent,7,8,2,6,8,7
31235207041|8|9017979109|488|0196085d85d2075a50b74cd8795ffbdcea9a|120|1786168335852506368|574,0196085d85d2075a50b74cd8795ffbdcea9a,0196085d85d2075a50b74cd8795ffbdcea9a,126,,0196085d85d2075a50b74cd8795ffbdcea9a,root,0196085d85d2075a50b74cd8795ffbdcea9a|126|-1,488,120,1786168335852506368,1786168337596685056,1786168340415841024,4563.20234,,4563.20234,1.0,worker_775bd273,1c0fc40d-0eda-40f8-aa69-322031ade946,True,root,6,7,3,4,7,6
31235207041|8|9017979109|478|069d7bf5f1efb4e76e3c84510367e6af78a5::sa:subagent_004_6c916d1f|8|1786168324608235008|575,069d7bf5f1efb4e76e3c84510367e6af78a5,069d7bf5f1efb4e76e3c84510367e6af78a5,18,8.0,069d7bf5f1efb4e76e3c84510367e6af78a5::sa:subagent_004_6c916d1f,subagent,069d7bf5f1efb4e76e3c84510367e6af78a5|18|8,478,8,1786168324608235008,1786168325102068736,1786168340900903168,2052.9116639999997,11.520454792880258,16292.193787999999,1237.0,worker_e00f4dfb,1b0e4065-bfca-490b-9cdb-cba2d8f29a16,True,subagent,6,7,1,6,6,5
31235207041|8|9017979109|484|0470d446a4514dfe0c6ad0be92853bd13287::fa:009|151|1786168331098613504|576,0470d446a4514dfe0c6ad0be92853bd13287,0470d446a4514dfe0c6ad0be92853bd13287,506,,0470d446a4514dfe0c6ad0be92853bd13287,root,0470d446a4514dfe0c6ad0be92853bd13287|506|-1,484,151,1786168331098613504,1786168331369746944,1786168342164771840,1640.896311,10.770261449142856,11064.875079,876.0,worker_8a32eb3d,49733c86-f197-436f-b6e1-2e853d16e05f,True,root,6,7,2,5,8,7
31235207041|8|9017979109|492|069d7bf5f1efb4e76e3c84510367e6af78a5::sa:subagent_003_f92fe166|8|1786168337520911616|577,069d7bf5f1efb4e76e3c84510367e6af78a5,069d7bf5f1efb4e76e3c84510367e6af78a5,17,8.0,069d7bf5f1efb4e76e3c84510367e6af78a5::sa:subagent_003_f92fe166,subagent,069d7bf5f1efb4e76e3c84510367e6af78a5|17|8,492,8,1786168337520911616,1786168337685419264,1786168342446300160,2922.5830149999997,10.652102255319148,4925.178239,189.0,worker_e00f4dfb,42511d8b-f8fc-4577-9a02-bf751fb9728e,True,subagent,8,9,3,6,7,6
31235207041|8|9017979109|482|077ea9e6554f45bbad9c24a8462bae9a8512|5|1786168328673236224|578,077ea9e6554f45bbad9c24a8462bae9a8512,077ea9e6554f45bbad9c24a8462bae9a8512,5,,077ea9e6554f45bbad9c24a8462bae9a8512,root,077ea9e6554f45bbad9c24a8462bae9a8512|5|-1,482,5,1786168328673236224,1786168328856875008,1786168342610641920,795.743745,11.437164516100957,13937.045774,1150.0,worker_4c4f3206,29da0c3e-5688-4528-b5b0-5090878183e1,True,root,7,8,2,6,6,5
31235207041|8|9017979109|493|07dd40536557a1d6440a923557c3129dc929::sa:subagent_002_23b2d9e6|36|1786168340987452928|579,07dd40536557a1d6440a923557c3129dc929,07dd40536557a1d6440a923557c3129dc929,9,36.0,07dd40536557a1d6440a923557c3129dc929::sa:subagent_002_23b2d9e6,subagent,07dd40536557a1d6440a923557c3129dc929|9|36,493,36,1786168340987452928,1786168341390463744,1786168344287285760,2186.22357,10.810326155339805,3299.687164,104.0,worker_52cdd4a9,f9958ebd-b83b-407e-b62f-0b99fb9bb8a9,True,subagent,5,6,2,4,7,6
31235207041|8|9017979109|497|0470d446a4514dfe0c6ad0be92853bd13287::fa:009|152|1786168343615021312|580,0470d446a4514dfe0c6ad0be92853bd13287,0470d446a4514dfe0c6ad0be92853bd13287,507,,0470d446a4514dfe0c6ad0be92853bd13287,root,0470d446a4514dfe0c6ad0be92853bd13287|507|-1,497,152,1786168343615021312,1786168343964726528,1786168345943140864,1044.642971,12.222467457142857,2328.002054,106.0,worker_8a32eb3d,9fdd3976-1927-48c6-a8ed-235b78b9dd7b,True,root,6,7,1,6,7,6
31235207041|8|9017979109|495|07dd40536557a1d6440a923557c3129dc929::sa:subagent_001_1a28c42b|19|1786168341943521024|581,07dd40536557a1d6440a923557c3129dc929,07dd40536557a1d6440a923557c3129dc929,8,19.0,07dd40536557a1d6440a923557c3129dc929::sa:subagent_001_1a28c42b,subagent,07dd40536557a1d6440a923557c3129dc929|8|19,495,19,1786168341943521024,1786168342257274368,1786168347269360896,1899.278601,10.478475501529052,5325.740089999999,328.0,worker_52cdd4a9,2d4a4656-d27d-45ad-b5c1-b1b743071a72,True,subagent,7,8,2,6,7,6
31235207041|8|9017979109|489|069d7bf5f1efb4e76e3c84510367e6af78a5::sa:subagent_002_054ed02e|11|1786168336126761472|582,069d7bf5f1efb4e76e3c84510367e6af78a5,069d7bf5f1efb4e76e3c84510367e6af78a5,16,11.0,069d7bf5f1efb4e76e3c84510367e6af78a5::sa:subagent_002_054ed02e,subagent,069d7bf5f1efb4e76e3c84510367e6af78a5|16|11,489,11,1786168336126761472,1786168336379416064,1786168348314491648,972.6891089999999,11.77860492962185,12185.921002,953.0,worker_e00f4dfb,b43dbe70-cc6e-4b7a-bdb6-5e66a1fb7683,True,subagent,6,7,3,4,7,6
31235207041|8|9017979109|499|07dd40536557a1d6440a923557c3129dc929::sa:subagent_002_23b2d9e6|37|1786168346108127488|583,07dd40536557a1d6440a923557c3129dc929,07dd40536557a1d6440a923557c3129dc929,9,37.0,07dd40536557a1d6440a923557c3129dc929::sa:subagent_002_23b2d9e6,subagent,07dd40536557a1d6440a923557c3129dc929|9|37,499,37,1786168346108127488,1786168346470038016,1786168349353891072,987.949994,10.599039938967136,3245.545501,214.0,worker_52cdd4a9,ba65e5b2-3c3a-4d59-9b73-c2bf2db7ff46,True,subagent,6,7,1,6,8,7
31235207041|8|9017979109|490|069d7bf5f1efb4e76e3c84510367e6af78a5::sa:subagent_001_fa6f386b|11|1786168336637924352|584,069d7bf5f1efb4e76e3c84510367e6af78a5,069d7bf5f1efb4e76e3c84510367e6af78a5,15,11.0,069d7bf5f1efb4e76e3c84510367e6af78a5::sa:subagent_001_fa6f386b,subagent,069d7bf5f1efb4e76e3c84510367e6af78a5|15|11,490,11,1786168336637924352,1786168336928199168,1786168349785374464,935.048428,11.75387721462945,13147.326853999999,1040.0,worker_e00f4dfb,6bdf07ff-508c-4605-9a8e-e5e2ada1851b,True,subagent,7,8,3,5,7,6
31235207041|8|9017979109|496|069d7bf5f1efb4e76e3c84510367e6af78a5::sa:subagent_003_f92fe166|9|1786168342943138048|585,069d7bf5f1efb4e76e3c84510367e6af78a5,069d7bf5f1efb4e76e3c84510367e6af78a5,17,9.0,069d7bf5f1efb4e76e3c84510367e6af78a5::sa:subagent_003_f92fe166,subagent,069d7bf5f1efb4e76e3c84510367e6af78a5|17|9,496,9,1786168342943138048,1786168343146746624,1786168352690153728,860.699902,12.139555770491803,9746.854726,733.0,worker_e00f4dfb,fbd745b2-3b78-4a93-b95d-32513e132ddd,True,subagent,5,6,0,6,8,7
31235207041|8|9017979109|500|0470d446a4514dfe0c6ad0be92853bd13287::fa:009|153|1786168347283666944|586,0470d446a4514dfe0c6ad0be92853bd13287,0470d446a4514dfe0c6ad0be92853bd13287,508,,0470d446a4514dfe0c6ad0be92853bd13287,root,0470d446a4514dfe0c6ad0be92853bd13287|508|-1,500,153,1786168347283666944,1786168347553740288,1786168353336300032,1699.375036,12.024995640883978,6052.423457999999,363.0,worker_8a32eb3d,89ea2bb7-2380-4481-b919-9a66cbeec301,True,root,6,7,2,5,7,6
31235207041|8|9017979109|502|069d7bf5f1efb4e76e3c84510367e6af78a5::sa:subagent_002_054ed02e|12|1786168349045356800|587,069d7bf5f1efb4e76e3c84510367e6af78a5,069d7bf5f1efb4e76e3c84510367e6af78a5,16,12.0,069d7bf5f1efb4e76e3c84510367e6af78a5::sa:subagent_002_054ed02e,subagent,069d7bf5f1efb4e76e3c84510367e6af78a5|16|12,502,12,1786168349045356800,1786168349290111488,1786168353353789440,874.167104,10.56598726153846,4308.112964,326.0,worker_e00f4dfb,89211d3d-29cb-4c5a-84d2-810ce5856959,True,subagent,7,8,2,6,6,5
31235207041|8|9017979109|501|07dd40536557a1d6440a923557c3129dc929::sa:subagent_001_1a28c42b|20|1786168348970992896|588,07dd40536557a1d6440a923557c3129dc929,07dd40536557a1d6440a923557c3129dc929,8,20.0,07dd40536557a1d6440a923557c3129dc929::sa:subagent_001_1a28c42b,subagent,07dd40536557a1d6440a923557c3129dc929|8|20,501,20,1786168348970992896,1786168349302783232,1786168353540650240,1015.022979,10.515600923076924,4569.296091,339.0,worker_52cdd4a9,9cd491f2-ff51-4965-a31a-80c402c5dcc0,True,subagent,6,7,2,5,5,4
31235207041|8|9017979109|504|07dd40536557a1d6440a923557c3129dc929::sa:subagent_002_23b2d9e6|38|1786168350996275456|589,07dd40536557a1d6440a923557c3129dc929,07dd40536557a1d6440a923557c3129dc929,9,38.0,07dd40536557a1d6440a923557c3129dc929::sa:subagent_002_23b2d9e6,subagent,07dd40536557a1d6440a923557c3129dc929|9|38,504,38,1786168350996275456,1786168351288335360,1786168353597682432,973.61777,11.880877350364962,2601.297967,138.0,worker_52cdd4a9,1f96af72-952a-404f-9361-5d42f93de672,True,subagent,7,8,2,6,4,3
31235207041|8|9017979109|494|069d7bf5f1efb4e76e3c84510367e6af78a5::sa:subagent_004_6c916d1f|9|1786168341579780352|590,069d7bf5f1efb4e76e3c84510367e6af78a5,069d7bf5f1efb4e76e3c84510367e6af78a5,18,9.0,069d7bf5f1efb4e76e3c84510367e6af78a5::sa:subagent_004_6c916d1f,subagent,069d7bf5f1efb4e76e3c84510367e6af78a5|18|9,494,9,1786168341579780352,1786168341810873088,1786168355093724672,2262.655324,11.905848258201058,13513.681928,946.0,worker_e00f4dfb,8da547ad-de18-49d8-bc91-188e50e009ae,True,subagent,6,7,2,5,5,4
31235207041|8|9017979109|507|07dd40536557a1d6440a923557c3129dc929::sa:subagent_002_23b2d9e6|39|1786168355275274496|591,07dd40536557a1d6440a923557c3129dc929,07dd40536557a1d6440a923557c3129dc929,9,39.0,07dd40536557a1d6440a923557c3129dc929::sa:subagent_002_23b2d9e6,subagent,07dd40536557a1d6440a923557c3129dc929|9|39,507,39,1786168355275274496,1786168355570172928,1786168360102782720,1477.739748,10.600030439873418,4827.349367,317.0,worker_52cdd4a9,bff6dd3f-6d05-4623-89fd-83fcb9160574,True,subagent,4,5,1,4,7,6
31235207041|8|9017979109|508|07dd40536557a1d6440a923557c3129dc929::sa:subagent_001_1a28c42b|21|1786168355360664832|592,07dd40536557a1d6440a923557c3129dc929,07dd40536557a1d6440a923557c3129dc929,8,21.0,07dd40536557a1d6440a923557c3129dc929::sa:subagent_001_1a28c42b,subagent,07dd40536557a1d6440a923557c3129dc929|8|21,508,21,1786168355360664832,1786168355719502592,1786168360115517184,1446.341745,12.026581767272727,4753.651731,276.0,worker_52cdd4a9,371987f8-854e-4d8e-96ac-3a345c1dd34e,True,subagent,5,6,1,5,6,5
31235207041|8|9017979109|505|069d7bf5f1efb4e76e3c84510367e6af78a5::sa:subagent_003_f92fe166|10|1786168353788612608|593,069d7bf5f1efb4e76e3c84510367e6af78a5,069d7bf5f1efb4e76e3c84510367e6af78a5,17,10.0,069d7bf5f1efb4e76e3c84510367e6af78a5::sa:subagent_003_f92fe166,subagent,069d7bf5f1efb4e76e3c84510367e6af78a5|17|10,505,10,1786168353788612608,1786168353973998848,1786168361603333376,813.8603019999999,11.38332682113821,7814.606296999999,616.0,worker_e00f4dfb,f84c6505-29f1-45c9-ae54-2b892117de00,True,subagent,3,4,1,3,5,4
31235207041|8|9017979109|503|069d7bf5f1efb4e76e3c84510367e6af78a5::sa:subagent_001_fa6f386b|12|1786168350457836288|594,069d7bf5f1efb4e76e3c84510367e6af78a5,069d7bf5f1efb4e76e3c84510367e6af78a5,15,12.0,069d7bf5f1efb4e76e3c84510367e6af78a5::sa:subagent_001_fa6f386b,subagent,069d7bf5f1efb4e76e3c84510367e6af78a5|15|12,503,12,1786168350457836288,1786168350739222784,1786168362207909376,2871.020774,11.296387972010178,11749.98172,787.0,worker_e00f4dfb,32364b0a-8d52-4e60-b6e7-0508632df7f6,True,subagent,6,7,2,5,7,6
31235207041|8|9017979109|510|07dd40536557a1d6440a923557c3129dc929::sa:subagent_002_23b2d9e6|40|1786168361899865344|595,07dd40536557a1d6440a923557c3129dc929,07dd40536557a1d6440a923557c3129dc929,9,40.0,07dd40536557a1d6440a923557c3129dc929::sa:subagent_002_23b2d9e6,subagent,07dd40536557a1d6440a923557c3129dc929|9|40,510,40,1786168361899865344,1786168362197191424,1786168364897075456,1652.92812,10.74359436,2995.877415,126.0,worker_52cdd4a9,aacf37f4-3383-42b7-a154-ed9f55f0ea42,True,subagent,4,5,1,4,7,6
31235207041|8|9017979109|506|069d7bf5f1efb4e76e3c84510367e6af78a5::sa:subagent_002_054ed02e|13|1786168354232146432|596,069d7bf5f1efb4e76e3c84510367e6af78a5,069d7bf5f1efb4e76e3c84510367e6af78a5,16,13.0,069d7bf5f1efb4e76e3c84510367e6af78a5::sa:subagent_002_054ed02e,subagent,069d7bf5f1efb4e76e3c84510367e6af78a5|16|13,506,13,1786168354232146432,1786168354523116544,1786168365518271488,2574.873205,11.283837889896372,11285.996056,773.0,worker_e00f4dfb,473d0785-669f-4c4f-8cbe-b39b72862d4d,True,subagent,4,5,1,4,6,5
31235207041|8|9017979109|511|069d7bf5f1efb4e76e3c84510367e6af78a5::sa:subagent_003_f92fe166|11|1786168362126535936|597,069d7bf5f1efb4e76e3c84510367e6af78a5,069d7bf5f1efb4e76e3c84510367e6af78a5,17,11.0,069d7bf5f1efb4e76e3c84510367e6af78a5::sa:subagent_003_f92fe166,subagent,069d7bf5f1efb4e76e3c84510367e6af78a5|17|11,511,11,1786168362126535936,1786168362374007808,1786168367060318976,1918.5419009999998,10.924191608695653,4933.618785,277.0,worker_e00f4dfb,89c2f0ac-4295-4bc9-ab97-6e6c7688585d,True,subagent,5,6,1,5,7,6
31235207041|8|9017979109|515|07dd40536557a1d6440a923557c3129dc929::sa:subagent_002_23b2d9e6|41|1786168366571530752|598,07dd40536557a1d6440a923557c3129dc929,07dd40536557a1d6440a923557c3129dc929,9,41.0,07dd40536557a1d6440a923557c3129dc929::sa:subagent_002_23b2d9e6,subagent,07dd40536557a1d6440a923557c3129dc929|9|41,515,41,1786168366571530752,1786168366876452352,1786168368459586048,1014.6874439999999,12.472625857142855,1887.771254,71.0,worker_52cdd4a9,6b622e99-f4a1-4c04-be8d-f2b03cf2e151,True,subagent,6,7,1,6,7,6
31235207041|8|9017979109|509|069d7bf5f1efb4e76e3c84510367e6af78a5::sa:subagent_004_6c916d1f|10|1786168355811666176|599,069d7bf5f1efb4e76e3c84510367e6af78a5,069d7bf5f1efb4e76e3c84510367e6af78a5,18,10.0,069d7bf5f1efb4e76e3c84510367e6af78a5::sa:subagent_004_6c916d1f,subagent,069d7bf5f1efb4e76e3c84510367e6af78a5|18|10,509,10,1786168355811666176,1786168356790938368,1786168370239438848,1643.3293629999998,10.582988332781456,14427.579269,1209.0,worker_e00f4dfb,4a0bca44-f89d-4850-8e54-da37dff2eff2,True,subagent,6,7,1,6,7,6
31235207041|8|9017979109|512|07dd40536557a1d6440a923557c3129dc929::sa:subagent_001_1a28c42b|22|1786168362162834944|600,07dd40536557a1d6440a923557c3129dc929,07dd40536557a1d6440a923557c3129dc929,8,22.0,07dd40536557a1d6440a923557c3129dc929::sa:subagent_001_1a28c42b,subagent,07dd40536557a1d6440a923557c3129dc929|8|22,512,22,1786168362162834944,1786168362553508096,1786168371326764288,1936.246574,11.545644924920127,9163.820297,627.0,worker_52cdd4a9,015dc96a-e9d2-45af-bd09-e12c6c8a240f,True,subagent,6,7,1,6,7,6
31235207041|8|9017979109|514|069d7bf5f1efb4e76e3c84510367e6af78a5::sa:subagent_002_054ed02e|14|1786168366331909888|601,069d7bf5f1efb4e76e3c84510367e6af78a5,069d7bf5f1efb4e76e3c84510367e6af78a5,16,14.0,069d7bf5f1efb4e76e3c84510367e6af78a5::sa:subagent_002_054ed02e,subagent,069d7bf5f1efb4e76e3c84510367e6af78a5|16|14,514,14,1786168366331909888,1786168366620989440,1786168371935278848,895.695895,11.978347229007634,5603.186356,394.0,worker_e00f4dfb,dcbe2523-3684-4526-a9d1-4a96aba213a8,True,subagent,5,6,1,5,6,5
31235207041|8|9017979109|517|07dd40536557a1d6440a923557c3129dc929::sa:subagent_002_23b2d9e6|42|1786168370155344640|602,07dd40536557a1d6440a923557c3129dc929,07dd40536557a1d6440a923557c3129dc929,9,42.0,07dd40536557a1d6440a923557c3129dc929::sa:subagent_002_23b2d9e6,subagent,07dd40536557a1d6440a923557c3129dc929|9|42,517,42,1786168370155344640,1786168370477739264,1786168373073106944,1091.6998529999998,11.133724713414633,2917.630706,165.0,worker_52cdd4a9,9362291a-47cc-48c7-bec5-f2176f84390c,True,subagent,6,7,1,6,6,5
31235207041|8|9017979109|513|069d7bf5f1efb4e76e3c84510367e6af78a5::sa:subagent_001_fa6f386b|13|1786168362906663936|603,069d7bf5f1efb4e76e3c84510367e6af78a5,069d7bf5f1efb4e76e3c84510367e6af78a5,15,13.0,069d7bf5f1efb4e76e3c84510367e6af78a5::sa:subagent_001_fa6f386b,subagent,069d7bf5f1efb4e76e3c84510367e6af78a5|15|13,513,13,1786168362906663936,1786168363232785664,1786168374210514432,1210.62858,10.84490857204301,11296.393552,931.0,worker_e00f4dfb,8e1f835c-531f-4e77-a0bc-a6764492b215,True,subagent,6,7,1,6,5,4
31235207041|8|9017979109|516|069d7bf5f1efb4e76e3c84510367e6af78a5::sa:subagent_003_f92fe166|12|1786168367542922496|604,069d7bf5f1efb4e76e3c84510367e6af78a5,069d7bf5f1efb4e76e3c84510367e6af78a5,17,12.0,069d7bf5f1efb4e76e3c84510367e6af78a5::sa:subagent_003_f92fe166,subagent,069d7bf5f1efb4e76e3c84510367e6af78a5|17|12,516,12,1786168367542922496,1786168367712724736,1786168374624745216,766.917279,11.502365486338798,7081.715931,550.0,worker_e00f4dfb,567981f8-abf1-401f-96a9-14401932296e,True,subagent,6,7,1,6,4,3
31235207041|8|9017979109|520|07dd40536557a1d6440a923557c3129dc929::sa:subagent_002_23b2d9e6|43|1786168374759046400|605,07dd40536557a1d6440a923557c3129dc929,07dd40536557a1d6440a923557c3129dc929,9,43.0,07dd40536557a1d6440a923557c3129dc929::sa:subagent_002_23b2d9e6,subagent,07dd40536557a1d6440a923557c3129dc929|9|43,520,43,1786168374759046400,1786168375073317888,1786168377247542016,1479.390613,12.011275988095239,2488.337796,85.0,worker_52cdd4a9,2576fd1a-f113-4c55-ba1b-09e1985af423,True,subagent,3,4,1,3,7,6
31235207041|8|9017979109|523|069d7bf5f1efb4e76e3c84510367e6af78a5::sa:subagent_003_f92fe166|13|1786168375143929344|606,069d7bf5f1efb4e76e3c84510367e6af78a5,069d7bf5f1efb4e76e3c84510367e6af78a5,17,13.0,069d7bf5f1efb4e76e3c84510367e6af78a5::sa:subagent_003_f92fe166,subagent,069d7bf5f1efb4e76e3c84510367e6af78a5|17|13,523,13,1786168375143929344,1786168375326191872,1786168379127184384,1136.0101419999999,12.114719438297872,3982.9692099999997,236.0,worker_e00f4dfb,4caed8b7-3872-409e-b084-64909b3c47dd,True,subagent,6,7,1,6,8,7
31235207041|8|9017979109|521|07dd40536557a1d6440a923557c3129dc929::sa:subagent_001_1a28c42b|23|1786168374788043520|607,07dd40536557a1d6440a923557c3129dc929,07dd40536557a1d6440a923557c3129dc929,8,23.0,07dd40536557a1d6440a923557c3129dc929::sa:subagent_001_1a28c42b,subagent,07dd40536557a1d6440a923557c3129dc929|8|23,521,23,1786168374788043520,1786168375190660096,1786168379503821056,1654.747095,12.237332199999999,4714.080145,251.0,worker_52cdd4a9,26518f0f-85a0-4d5e-b37c-4c093e06d994,True,subagent,4,5,1,4,7,6
31235207041|8|9017979109|525|07dd40536557a1d6440a923557c3129dc929::sa:subagent_002_23b2d9e6|44|1786168379041345536|608,07dd40536557a1d6440a923557c3129dc929,07dd40536557a1d6440a923557c3129dc929,9,44.0,07dd40536557a1d6440a923557c3129dc929::sa:subagent_002_23b2d9e6,subagent,07dd40536557a1d6440a923557c3129dc929|9|44,525,44,1786168379041345536,1786168379359165440,1786168381573651200,993.3277039999999,12.0220708046875,2532.152767,129.0,worker_52cdd4a9,3f18bdc0-44d8-463e-88bd-34bc70b44129,True,subagent,7,8,2,6,9,8
31235207041|8|9017979109|527|069d7bf5f1efb4e76e3c84510367e6af78a5::sa:subagent_003_f92fe166|14|1786168379664982016|609,069d7bf5f1efb4e76e3c84510367e6af78a5,069d7bf5f1efb4e76e3c84510367e6af78a5,17,14.0,069d7bf5f1efb4e76e3c84510367e6af78a5::sa:subagent_003_f92fe166,subagent,069d7bf5f1efb4e76e3c84510367e6af78a5|17|14,527,14,1786168379664982016,1786168379869315072,1786168381836675072,823.964487,12.031784116071428,2171.524308,113.0,worker_e00f4dfb,353fc982-b638-47d8-b80a-b64a9594cb0d,True,subagent,7,8,2,6,8,7
31235207041|8|9017979109|498|077ea9e6554f45bbad9c24a8462bae9a8512|6|1786168345498946816|610,077ea9e6554f45bbad9c24a8462bae9a8512,077ea9e6554f45bbad9c24a8462bae9a8512,6,,077ea9e6554f45bbad9c24a8462bae9a8512,root,077ea9e6554f45bbad9c24a8462bae9a8512|6|-1,498,6,1786168345498946816,1786168345719776768,1786168384599617792,909.58841,11.413901896891812,39100.504156999996,3347.0,worker_4c4f3206,1031d2c1-cf43-428b-89f6-854696127cc1,True,root,6,7,2,5,9,8
31235207041|8|9017979109|518|069d7bf5f1efb4e76e3c84510367e6af78a5::sa:subagent_004_6c916d1f|11|1786168370997676544|611,069d7bf5f1efb4e76e3c84510367e6af78a5,069d7bf5f1efb4e76e3c84510367e6af78a5,18,11.0,069d7bf5f1efb4e76e3c84510367e6af78a5::sa:subagent_004_6c916d1f,subagent,069d7bf5f1efb4e76e3c84510367e6af78a5|18|11,518,11,1786168370997676544,1786168371244273920,1786168385115922688,930.7487689999999,11.252019002559727,14118.115039999999,1173.0,worker_e00f4dfb,531fe63c-1fde-45e2-b79e-c810a5e407ff,True,subagent,6,7,1,6,9,8
31235207041|8|9017979109|531|077ea9e6554f45bbad9c24a8462bae9a8512::aux:000|0|1786168384602397696|612,077ea9e6554f45bbad9c24a8462bae9a8512,077ea9e6554f45bbad9c24a8462bae9a8512,7,,077ea9e6554f45bbad9c24a8462bae9a8512,root,077ea9e6554f45bbad9c24a8462bae9a8512|7|-1,531,0,1786168384602397696,1786168384615010048,1786168385332992768,545.2439919999999,11.576672,730.470744,17.0,worker_4c4f3206,022cdec0-1bd6-4ae5-bce5-c0c9f50da503,True,root,8,9,2,7,8,7
31235207041|8|9017979109|522|069d7bf5f1efb4e76e3c84510367e6af78a5::sa:subagent_001_fa6f386b|14|1786168374951616512|613,069d7bf5f1efb4e76e3c84510367e6af78a5,069d7bf5f1efb4e76e3c84510367e6af78a5,15,14.0,069d7bf5f1efb4e76e3c84510367e6af78a5::sa:subagent_001_fa6f386b,subagent,069d7bf5f1efb4e76e3c84510367e6af78a5|15|14,522,14,1786168374951616512,1786168375201884416,1786168385371964672,1497.933364,10.947569121472391,10420.202197999999,816.0,worker_e00f4dfb,75ab7d1b-58d7-4df6-9083-bb622d2b2f7b,True,subagent,5,6,1,5,7,6
31235207041|8|9017979109|528|07dd40536557a1d6440a923557c3129dc929::sa:subagent_001_1a28c42b|24|1786168381479894016|614,07dd40536557a1d6440a923557c3129dc929,07dd40536557a1d6440a923557c3129dc929,8,24.0,07dd40536557a1d6440a923557c3129dc929::sa:subagent_001_1a28c42b,subagent,07dd40536557a1d6440a923557c3129dc929|8|24,528,24,1786168381479894016,1786168381819743232,1786168385852602880,986.8459809999999,11.554732744027303,4372.382675,294.0,worker_52cdd4a9,1bd8b2d8-b7bc-4db1-a7dc-1878d88f4185,True,subagent,8,9,2,7,6,5
31235207041|8|9017979109|519|069d7bf5f1efb4e76e3c84510367e6af78a5::sa:subagent_002_054ed02e|15|1786168372869321984|615,069d7bf5f1efb4e76e3c84510367e6af78a5,069d7bf5f1efb4e76e3c84510367e6af78a5,16,15.0,069d7bf5f1efb4e76e3c84510367e6af78a5::sa:subagent_002_054ed02e,subagent,069d7bf5f1efb4e76e3c84510367e6af78a5|16|15,519,15,1786168372869321984,1786168373315812864,1786168388336023296,1331.503117,10.700260972747918,15466.547862,1322.0,worker_e00f4dfb,b340da9b-e8b6-4804-83d6-74f3acf55a45,True,subagent,5,6,1,5,7,6
31235207041|8|9017979109|526|07dd40536557a1d6440a923557c3129dc929::sa:subagent_001_1a28c42b:aux:000|0|1786168379513518336|616,07dd40536557a1d6440a923557c3129dc929,07dd40536557a1d6440a923557c3129dc929,8,25.0,07dd40536557a1d6440a923557c3129dc929::sa:subagent_001_1a28c42b,subagent,07dd40536557a1d6440a923557c3129dc929|8|25,526,0,1786168379513518336,1786168379876905984,1786168391796093696,7583.386853,10.583500619369369,12282.461127999999,445.0,worker_52cdd4a9,462a21a7-905d-4639-b4d0-8c2751c830b2,True,subagent,6,7,2,5,7,6
31235207041|8|9017979109|524|0196085d85d2075a50b74cd8795ffbdcea9a|121|1786168378851919616|617,0196085d85d2075a50b74cd8795ffbdcea9a,0196085d85d2075a50b74cd8795ffbdcea9a,127,,0196085d85d2075a50b74cd8795ffbdcea9a,root,0196085d85d2075a50b74cd8795ffbdcea9a|127|-1,524,121,1786168378851919616,1786168380535824896,1786168392397910784,13545.783507,,13545.783507,1.0,worker_775bd273,3b471fe8-f046-45f3-8b69-078b9337ce75,True,root,6,7,2,5,6,5
31235207041|8|9017979109|533|069d7bf5f1efb4e76e3c84510367e6af78a5::sa:subagent_001_fa6f386b|15|1786168386133542144|618,069d7bf5f1efb4e76e3c84510367e6af78a5,069d7bf5f1efb4e76e3c84510367e6af78a5,15,15.0,069d7bf5f1efb4e76e3c84510367e6af78a5::sa:subagent_001_fa6f386b,subagent,069d7bf5f1efb4e76e3c84510367e6af78a5|15|15,533,15,1786168386133542144,1786168386374873600,1786168392806787840,963.459696,10.592853781076066,6673.007884,540.0,worker_e00f4dfb,4f544cad-6271-42df-a4b5-f66bebdd9863,True,subagent,6,7,1,6,5,4
31235207041|8|9017979109|530|07dd40536557a1d6440a923557c3129dc929::sa:subagent_002_23b2d9e6|45|1786168383417394176|619,07dd40536557a1d6440a923557c3129dc929,07dd40536557a1d6440a923557c3129dc929,9,45.0,07dd40536557a1d6440a923557c3129dc929::sa:subagent_002_23b2d9e6,subagent,07dd40536557a1d6440a923557c3129dc929|9|45,530,45,1786168383417394176,1786168383845046272,1786168393771426048,9029.269317,11.827185205357143,10353.91406,113.0,worker_52cdd4a9,cfd534df-09a2-4db0-b667-25b2e92eeba7,True,subagent,8,9,2,7,5,4
31235207041|8|9017979109|538|07dd40536557a1d6440a923557c3129dc929::sa:subagent_002_23b2d9e6|46|1786168395674685952|620,07dd40536557a1d6440a923557c3129dc929,07dd40536557a1d6440a923557c3129dc929,9,46.0,07dd40536557a1d6440a923557c3129dc929::sa:subagent_002_23b2d9e6,subagent,07dd40536557a1d6440a923557c3129dc929|9|46,538,46,1786168395674685952,1786168395985117184,1786168398288855808,1025.6908859999999,11.853458164179104,2614.05428,135.0,worker_52cdd4a9,109a0d29-95df-4ba7-b674-6f239cfabe22,True,subagent,6,7,1,6,7,6
31235207041|8|9017979109|536|07dd40536557a1d6440a923557c3129dc929::sa:subagent_001_1a28c42b|25|1786168394104365312|621,07dd40536557a1d6440a923557c3129dc929,07dd40536557a1d6440a923557c3129dc929,8,26.0,07dd40536557a1d6440a923557c3129dc929::sa:subagent_001_1a28c42b,subagent,07dd40536557a1d6440a923557c3129dc929|8|26,536,25,1786168394104365312,1786168394537145344,1786168400892971264,1179.866296,10.97418277886497,6787.673696,512.0,worker_52cdd4a9,41ff11d0-1455-40ac-b400-001e6a8786a4,True,subagent,4,5,0,5,7,6
31235207041|8|9017979109|539|07dd40536557a1d6440a923557c3129dc929::sa:subagent_002_23b2d9e6|47|1786168399939686656|622,07dd40536557a1d6440a923557c3129dc929,07dd40536557a1d6440a923557c3129dc929,9,47.0,07dd40536557a1d6440a923557c3129dc929::sa:subagent_002_23b2d9e6,subagent,07dd40536557a1d6440a923557c3129dc929|9|47,539,47,1786168399939686656,1786168400266066688,1786168402747093248,996.9804919999999,11.988170589403973,2807.194251,152.0,worker_52cdd4a9,e6932f5a-5044-40b5-96cd-d6205d763f4a,True,subagent,6,7,1,6,6,5
31235207041|8|9017979109|534|069d7bf5f1efb4e76e3c84510367e6af78a5::sa:subagent_002_054ed02e|16|1786168389240175616|623,069d7bf5f1efb4e76e3c84510367e6af78a5,069d7bf5f1efb4e76e3c84510367e6af78a5,16,16.0,069d7bf5f1efb4e76e3c84510367e6af78a5::sa:subagent_002_054ed02e,subagent,069d7bf5f1efb4e76e3c84510367e6af78a5|16|16,534,16,1786168389240175616,1786168389544849664,1786168403085570304,5721.744205999999,11.361559310489511,13845.259113,716.0,worker_e00f4dfb,45e7035f-9774-4efc-ac9e-3ac508048ce7,True,subagent,6,7,1,6,6,5
31235207041|8|9017979109|529|069d7bf5f1efb4e76e3c84510367e6af78a5::sa:subagent_003_f92fe166|15|1786168382320180736|624,069d7bf5f1efb4e76e3c84510367e6af78a5,069d7bf5f1efb4e76e3c84510367e6af78a5,17,15.0,069d7bf5f1efb4e76e3c84510367e6af78a5::sa:subagent_003_f92fe166,subagent,069d7bf5f1efb4e76e3c84510367e6af78a5|17|15,529,15,1786168382320180736,1786168382506733824,1786168403511365376,10060.678451,11.61835080375783,21191.058521,959.0,worker_e00f4dfb,d16355b8-0669-432e-9e66-92034c9260a6,True,subagent,7,8,2,6,5,4
31235207041|8|9017979109|535|069d7bf5f1efb4e76e3c84510367e6af78a5::sa:subagent_001_fa6f386b|16|1786168393626852096|625,069d7bf5f1efb4e76e3c84510367e6af78a5,069d7bf5f1efb4e76e3c84510367e6af78a5,15,16.0,069d7bf5f1efb4e76e3c84510367e6af78a5::sa:subagent_001_fa6f386b,subagent,069d7bf5f1efb4e76e3c84510367e6af78a5|15|16,535,16,1786168393626852096,1786168393926876160,1786168404290389760,913.8733149999999,11.284333809027778,10663.537725999999,865.0,worker_e00f4dfb,5f6071ee-abc3-4a1a-8e1b-bd407fad020c,True,subagent,4,5,0,5,6,5
31235207041|8|9017979109|544|069d7bf5f1efb4e76e3c84510367e6af78a5::sa:subagent_001_fa6f386b|17|1786168405089239552|626,069d7bf5f1efb4e76e3c84510367e6af78a5,069d7bf5f1efb4e76e3c84510367e6af78a5,15,17.0,069d7bf5f1efb4e76e3c84510367e6af78a5::sa:subagent_001_fa6f386b,subagent,069d7bf5f1efb4e76e3c84510367e6af78a5|15|17,544,17,1786168405089239552,1786168405346643968,1786168407159423488,870.70416,11.874884198019801,2070.0674639999997,102.0,worker_e00f4dfb,a872478a-3cf2-4d4b-84d3-37ea0c30e64e,True,subagent,6,7,1,6,7,6
31235207041|8|9017979109|543|07dd40536557a1d6440a923557c3129dc929::sa:subagent_002_23b2d9e6|48|1786168404673494272|627,07dd40536557a1d6440a923557c3129dc929,07dd40536557a1d6440a923557c3129dc929,9,48.0,07dd40536557a1d6440a923557c3129dc929::sa:subagent_002_23b2d9e6,subagent,07dd40536557a1d6440a923557c3129dc929|9|48,543,48,1786168404673494272,1786168405013106432,1786168407906372608,1458.344441,11.829374033333332,3232.7505459999998,151.0,worker_52cdd4a9,a42eee0f-7d4c-47bd-893a-286b0d1927ea,True,subagent,5,6,1,5,6,5
31235207041|8|9017979109|540|07dd40536557a1d6440a923557c3129dc929::sa:subagent_001_1a28c42b|26|1786168402839789824|628,07dd40536557a1d6440a923557c3129dc929,07dd40536557a1d6440a923557c3129dc929,8,27.0,07dd40536557a1d6440a923557c3129dc929::sa:subagent_001_1a28c42b,subagent,07dd40536557a1d6440a923557c3129dc929|8|27,540,26,1786168402839789824,1786168403170318848,1786168409230753792,926.9471179999999,11.33546305186722,6390.640308999999,483.0,worker_52cdd4a9,3fa8d7b9-db74-476d-87ec-c527c59ac173,True,subagent,5,6,1,5,6,5
31235207041|8|9017979109|532|069d7bf5f1efb4e76e3c84510367e6af78a5::sa:subagent_004_6c916d1f|12|1786168385959155456|629,069d7bf5f1efb4e76e3c84510367e6af78a5,069d7bf5f1efb4e76e3c84510367e6af78a5,18,12.0,069d7bf5f1efb4e76e3c84510367e6af78a5::sa:subagent_004_6c916d1f,subagent,069d7bf5f1efb4e76e3c84510367e6af78a5|18|12,532,12,1786168385959155456,1786168386203488000,1786168411395392000,6996.623978,11.47584567061021,25426.832124999997,1607.0,worker_e00f4dfb,9f9dd295-2d36-424a-9bc7-c99212899825,True,subagent,5,6,1,5,7,6
31235207041|8|9017979109|546|07dd40536557a1d6440a923557c3129dc929::sa:subagent_002_23b2d9e6|49|1786168409656232192|630,07dd40536557a1d6440a923557c3129dc929,07dd40536557a1d6440a923557c3129dc929,9,49.0,07dd40536557a1d6440a923557c3129dc929::sa:subagent_002_23b2d9e6,subagent,07dd40536557a1d6440a923557c3129dc929|9|49,546,49,1786168409656232192,1786168410059580672,1786168413261189632,1129.9582329999998,10.575648346153846,3604.6599459999998,235.0,worker_52cdd4a9,2dd36eed-1af6-4c64-bdda-76427c5845da,True,subagent,5,6,1,5,7,6
31235207041|8|9017979109|542|069d7bf5f1efb4e76e3c84510367e6af78a5::sa:subagent_003_f92fe166|16|1786168404289369088|631,069d7bf5f1efb4e76e3c84510367e6af78a5,069d7bf5f1efb4e76e3c84510367e6af78a5,17,16.0,069d7bf5f1efb4e76e3c84510367e6af78a5::sa:subagent_003_f92fe166,subagent,069d7bf5f1efb4e76e3c84510367e6af78a5|17|16,542,16,1786168404289369088,1786168404854402560,1786168413800036352,1805.550869,11.134408469653179,9510.561529999999,693.0,worker_e00f4dfb,f5e21a32-4ae8-4dd0-a54b-e2d1dd1d4ee1,True,subagent,5,6,1,5,6,5
31235207041|8|9017979109|547|07dd40536557a1d6440a923557c3129dc929::sa:subagent_001_1a28c42b|27|1786168411112395520|632,07dd40536557a1d6440a923557c3129dc929,07dd40536557a1d6440a923557c3129dc929,8,28.0,07dd40536557a1d6440a923557c3129dc929::sa:subagent_001_1a28c42b,subagent,07dd40536557a1d6440a923557c3129dc929|8|28,547,27,1786168411112395520,1786168411422351872,1786168414892855040,992.784729,10.639461190839695,3780.3235609999997,263.0,worker_52cdd4a9,4e6e830c-f135-4cdd-ac5f-843e00bdb091,True,subagent,6,7,1,6,5,4
31235207041|8|9017979109|541|069d7bf5f1efb4e76e3c84510367e6af78a5::sa:subagent_002_054ed02e|17|1786168404021704448|633,069d7bf5f1efb4e76e3c84510367e6af78a5,069d7bf5f1efb4e76e3c84510367e6af78a5,16,17.0,069d7bf5f1efb4e76e3c84510367e6af78a5::sa:subagent_002_054ed02e,subagent,069d7bf5f1efb4e76e3c84510367e6af78a5|16|17,541,17,1786168404021704448,1786168404323581952,1786168415883535104,1559.4051809999999,11.667333653454135,11861.660796999999,884.0,worker_e00f4dfb,31d5cff2-7b27-4735-85ea-31dad9119aac,True,subagent,4,5,1,4,6,5
31235207041|8|9017979109|550|07dd40536557a1d6440a923557c3129dc929::sa:subagent_002_23b2d9e6|50|1786168414949263872|634,07dd40536557a1d6440a923557c3129dc929,07dd40536557a1d6440a923557c3129dc929,9,50.0,07dd40536557a1d6440a923557c3129dc929::sa:subagent_002_23b2d9e6,subagent,07dd40536557a1d6440a923557c3129dc929|9|50,550,50,1786168414949263872,1786168415505149440,1786168419367728128,1643.802692,11.370094331967211,4418.1057089999995,245.0,worker_52cdd4a9,26a016b9-1612-4455-af99-b42f7059ca9c,True,subagent,5,6,1,5,7,6
31235207041|8|9017979109|548|069d7bf5f1efb4e76e3c84510367e6af78a5::sa:subagent_004_6c916d1f|13|1786168412256140032|635,069d7bf5f1efb4e76e3c84510367e6af78a5,069d7bf5f1efb4e76e3c84510367e6af78a5,18,13.0,069d7bf5f1efb4e76e3c84510367e6af78a5::sa:subagent_004_6c916d1f,subagent,069d7bf5f1efb4e76e3c84510367e6af78a5|18|13,548,13,1786168412256140032,1786168412498795008,1786168421821042432,884.320937,11.227497983182406,9563.176878,774.0,worker_e00f4dfb,9a8a4d56-a121-4510-a705-252ea0cb1b72,True,subagent,6,7,1,6,7,6
31235207041|8|9017979109|549|069d7bf5f1efb4e76e3c84510367e6af78a5::sa:subagent_003_f92fe166|17|1786168414908166656|636,069d7bf5f1efb4e76e3c84510367e6af78a5,069d7bf5f1efb4e76e3c84510367e6af78a5,17,17.0,069d7bf5f1efb4e76e3c84510367e6af78a5::sa:subagent_003_f92fe166,subagent,069d7bf5f1efb4e76e3c84510367e6af78a5|17|17,549,17,1786168414908166656,1786168415511694592,1786168422274340096,1730.751663,10.899970328820116,7366.036322999999,518.0,worker_e00f4dfb,716a19f3-0b9d-4cea-8295-74097e670efa,True,subagent,4,5,1,4,6,5
31235207041|8|9017979109|551|07dd40536557a1d6440a923557c3129dc929::sa:subagent_001_1a28c42b|28|1786168416758767104|637,07dd40536557a1d6440a923557c3129dc929,07dd40536557a1d6440a923557c3129dc929,8,29.0,07dd40536557a1d6440a923557c3129dc929::sa:subagent_001_1a28c42b,subagent,07dd40536557a1d6440a923557c3129dc929|8|29,551,28,1786168416758767104,1786168417106028032,1786168422349208832,1159.5864669999999,11.815220168,5590.29403,376.0,worker_52cdd4a9,11afa299-e81b-46ca-868a-3c65027e9b12,True,subagent,5,6,1,5,5,4
31235207041|8|9017979109|553|07dd40536557a1d6440a923557c3129dc929::sa:subagent_002_23b2d9e6|51|1786168421217864192|638,07dd40536557a1d6440a923557c3129dc929,07dd40536557a1d6440a923557c3129dc929,9,51.0,07dd40536557a1d6440a923557c3129dc929::sa:subagent_002_23b2d9e6,subagent,07dd40536557a1d6440a923557c3129dc929|9|51,553,51,1786168421217864192,1786168421531065600,1786168423665850112,1017.2072009999999,10.920916801526717,2447.8473019999997,132.0,worker_52cdd4a9,176a7fdc-d6e3-46a0-856b-022c5fb9b456,True,subagent,6,7,1,6,6,5
31235207041|8|9017979109|552|069d7bf5f1efb4e76e3c84510367e6af78a5::sa:subagent_002_054ed02e|18|1786168416837051392|639,069d7bf5f1efb4e76e3c84510367e6af78a5,069d7bf5f1efb4e76e3c84510367e6af78a5,16,18.0,069d7bf5f1efb4e76e3c84510367e6af78a5::sa:subagent_002_054ed02e,subagent,069d7bf5f1efb4e76e3c84510367e6af78a5|16|18,552,18,1786168416837051392,1786168417165993984,1786168426109838848,1081.322966,11.236576508916324,9272.787241,730.0,worker_e00f4dfb,11d0ad74-57ff-406b-9519-a7f55ab5166d,True,subagent,6,7,1,6,7,6
31235207041|8|9017979109|554|069d7bf5f1efb4e76e3c84510367e6af78a5::sa:subagent_004_6c916d1f|14|1786168422582813184|640,069d7bf5f1efb4e76e3c84510367e6af78a5,069d7bf5f1efb4e76e3c84510367e6af78a5,18,14.0,069d7bf5f1efb4e76e3c84510367e6af78a5::sa:subagent_004_6c916d1f,subagent,069d7bf5f1efb4e76e3c84510367e6af78a5|18|14,554,14,1786168422582813184,1786168422838875904,1786168426329473280,917.8409469999999,10.594392359550561,3746.543707,268.0,worker_e00f4dfb,4ec6f818-0827-4992-abbb-290a19c1d0f8,True,subagent,4,5,1,4,6,5
31235207041|8|9017979109|555|069d7bf5f1efb4e76e3c84510367e6af78a5::sa:subagent_003_f92fe166|18|1786168422867248896|641,069d7bf5f1efb4e76e3c84510367e6af78a5,069d7bf5f1efb4e76e3c84510367e6af78a5,17,18.0,069d7bf5f1efb4e76e3c84510367e6af78a5::sa:subagent_003_f92fe166,subagent,069d7bf5f1efb4e76e3c84510367e6af78a5|17|18,555,18,1786168422867248896,1786168423124844800,1786168426562110464,908.922369,11.555956340248962,3693.907847,242.0,worker_e00f4dfb,cbcbe3ab-42ae-402c-9c82-cd8b91ebb398,True,subagent,5,6,1,5,5,4
31235207041|8|9017979109|556|07dd40536557a1d6440a923557c3129dc929::sa:subagent_001_1a28c42b|29|1786168424292360960|642,07dd40536557a1d6440a923557c3129dc929,07dd40536557a1d6440a923557c3129dc929,8,30.0,07dd40536557a1d6440a923557c3129dc929::sa:subagent_001_1a28c42b,subagent,07dd40536557a1d6440a923557c3129dc929|8|30,556,29,1786168424292360960,1786168424650951680,1786168431150449664,1062.966078,12.1234070041841,6857.954626,479.0,worker_52cdd4a9,72456d6d-50bc-4b73-8b8c-1ba5927b7b4e,True,subagent,5,6,1,5,8,7
31235207041|8|9017979109|561|0196085d85d2075a50b74cd8795ffbdcea9a|122|1786168430524365056|643,0196085d85d2075a50b74cd8795ffbdcea9a,0196085d85d2075a50b74cd8795ffbdcea9a,128,,0196085d85d2075a50b74cd8795ffbdcea9a,root,0196085d85d2075a50b74cd8795ffbdcea9a|128|-1,561,122,1786168430524365056,1786168432233267712,1786168432828457984,2303.7397109999997,,2303.7397109999997,1.0,worker_775bd273,da08c0bb-d0be-42ed-bfea-fdcda7781763,True,root,7,8,2,6,7,6
31235207041|8|9017979109|557|07dd40536557a1d6440a923557c3129dc929::sa:subagent_002_23b2d9e6|52|1786168425585662720|644,07dd40536557a1d6440a923557c3129dc929,07dd40536557a1d6440a923557c3129dc929,9,52.0,07dd40536557a1d6440a923557c3129dc929::sa:subagent_002_23b2d9e6,subagent,07dd40536557a1d6440a923557c3129dc929|9|52,557,52,1786168425585662720,1786168425945276928,1786168433436984576,1085.046216,11.645711624784854,7851.20467,582.0,worker_52cdd4a9,51117a3a-e496-424f-a919-ce44661e6f95,True,subagent,6,7,1,6,7,6
31235207041|8|9017979109|537|05f72f78a037cfa5cd4e4541960a574701d9|36|1786168394810360320|645,05f72f78a037cfa5cd4e4541960a574701d9,05f72f78a037cfa5cd4e4541960a574701d9,36,,05f72f78a037cfa5cd4e4541960a574701d9,root,05f72f78a037cfa5cd4e4541960a574701d9|36|-1,537,36,1786168394810360320,1786168395218096128,1786168433536901888,5171.807229999999,11.490992482876711,38725.50528,2921.0,worker_6e24a6ae,91d8329f-aa17-40ae-8305-45c588489a81,True,root,5,6,1,5,6,5
31235207041|8|9017979109|560|069d7bf5f1efb4e76e3c84510367e6af78a5::sa:subagent_002_054ed02e|19|1786168427666459392|646,069d7bf5f1efb4e76e3c84510367e6af78a5,069d7bf5f1efb4e76e3c84510367e6af78a5,16,19.0,069d7bf5f1efb4e76e3c84510367e6af78a5::sa:subagent_002_054ed02e,subagent,069d7bf5f1efb4e76e3c84510367e6af78a5|16|19,560,19,1786168427666459392,1786168427959850240,1786168435692815104,954.863072,11.260120883757962,8026.218986999999,629.0,worker_e00f4dfb,8d12a4d0-607b-40aa-805f-895a4524f28f,True,subagent,6,7,1,6,7,6
31235207041|8|9017979109|563|07dd40536557a1d6440a923557c3129dc929::sa:subagent_002_23b2d9e6|53|1786168435226119936|647,07dd40536557a1d6440a923557c3129dc929,07dd40536557a1d6440a923557c3129dc929,9,53.0,07dd40536557a1d6440a923557c3129dc929::sa:subagent_002_23b2d9e6,subagent,07dd40536557a1d6440a923557c3129dc929|9|53,563,53,1786168435226119936,1786168435548438016,1786168437933787392,1505.406914,10.928482981818181,2707.540042,111.0,worker_52cdd4a9,133a1c78-bd27-4c89-bebe-fc184ac98572,True,subagent,5,6,0,6,7,6
31235207041|8|9017979109|545|069d7bf5f1efb4e76e3c84510367e6af78a5::sa:subagent_001_fa6f386b|18|1786168408065886464|648,069d7bf5f1efb4e76e3c84510367e6af78a5,069d7bf5f1efb4e76e3c84510367e6af78a5,15,18.0,069d7bf5f1efb4e76e3c84510367e6af78a5::sa:subagent_001_fa6f386b,subagent,069d7bf5f1efb4e76e3c84510367e6af78a5|15|18,545,18,1786168408065886464,1786168408365092608,1786168437995192320,955.790407,11.256177051282052,29929.190136999998,2575.0,worker_e00f4dfb,a75f35c6-4252-4788-9ad3-8074c211b53d,True,subagent,5,6,1,5,6,5
31235207041|8|9017979109|564|05f72f78a037cfa5cd4e4541960a574701d9|37|1786168435574014976|649,05f72f78a037cfa5cd4e4541960a574701d9,05f72f78a037cfa5cd4e4541960a574701d9,37,,05f72f78a037cfa5cd4e4541960a574701d9,root,05f72f78a037cfa5cd4e4541960a574701d9|37|-1,564,37,1786168435574014976,1786168435886436352,1786168442282234368,1183.34599,10.665486125482627,6708.067803,519.0,worker_6e24a6ae,345c58d1-cff3-4411-8363-863ab5eb2eca,True,root,6,7,1,6,7,6
31235207041|8|9017979109|566|07dd40536557a1d6440a923557c3129dc929::sa:subagent_002_23b2d9e6|54|1786168439666809856|650,07dd40536557a1d6440a923557c3129dc929,07dd40536557a1d6440a923557c3129dc929,9,54.0,07dd40536557a1d6440a923557c3129dc929::sa:subagent_002_23b2d9e6,subagent,07dd40536557a1d6440a923557c3129dc929|9|54,566,54,1786168439666809856,1786168439981265152,1786168443636614400,1551.847601,12.335711530612244,3969.6470609999997,197.0,worker_52cdd4a9,54d7d1ea-15d0-40f3-8b8c-425c9703cd5d,True,subagent,5,6,1,5,6,5
31235207041|8|9017979109|565|069d7bf5f1efb4e76e3c84510367e6af78a5::sa:subagent_002_054ed02e|20|1786168436717870336|651,069d7bf5f1efb4e76e3c84510367e6af78a5,069d7bf5f1efb4e76e3c84510367e6af78a5,16,20.0,069d7bf5f1efb4e76e3c84510367e6af78a5::sa:subagent_002_054ed02e,subagent,069d7bf5f1efb4e76e3c84510367e6af78a5|16|20,565,20,1786168436717870336,1786168437067154176,1786168444829246208,1047.3691649999998,10.52737144262295,8111.235403,672.0,worker_e00f4dfb,366d247d-0cbb-493a-bc8c-8639b87609ee,True,subagent,6,7,1,6,5,4
31235207041|8|9017979109|562|07dd40536557a1d6440a923557c3129dc929::sa:subagent_001_1a28c42b|30|1786168433284833024|652,07dd40536557a1d6440a923557c3129dc929,07dd40536557a1d6440a923557c3129dc929,8,31.0,07dd40536557a1d6440a923557c3129dc929::sa:subagent_001_1a28c42b,subagent,07dd40536557a1d6440a923557c3129dc929|8|31,562,30,1786168433284833024,1786168433645746688,1786168445314744320,1023.4934059999999,11.229929797959183,12028.824607999999,981.0,worker_52cdd4a9,6135a0d3-6ec8-4467-923f-a49a9dd7f8a1,True,subagent,6,7,1,6,4,3
31235207041|8|9017979109|568|07dd40536557a1d6440a923557c3129dc929::sa:subagent_002_23b2d9e6|55|1786168445658373888|653,07dd40536557a1d6440a923557c3129dc929,07dd40536557a1d6440a923557c3129dc929,9,55.0,07dd40536557a1d6440a923557c3129dc929::sa:subagent_002_23b2d9e6,subagent,07dd40536557a1d6440a923557c3129dc929|9|55,568,55,1786168445658373888,1786168445981388544,1786168448285964544,985.314496,10.393504810126581,2627.488256,159.0,worker_52cdd4a9,4c8e7920-fc71-4cf7-9f7c-23166fdaf05f,True,subagent,3,4,1,3,5,4
31235207041|8|9017979109|567|0470d446a4514dfe0c6ad0be92853bd13287::fa:009|154|1786168439742909696|654,0470d446a4514dfe0c6ad0be92853bd13287,0470d446a4514dfe0c6ad0be92853bd13287,510,,0470d446a4514dfe0c6ad0be92853bd13287,root,0470d446a4514dfe0c6ad0be92853bd13287|510|-1,567,154,1786168439742909696,1786168440024318976,1786168452610271488,1511.152525,11.210354708785784,12867.241844999999,1014.0,worker_8a32eb3d,46840948-6741-4e7f-bc4b-3438f833d183,True,root,6,7,2,5,5,4
31235207041|8|9017979109|570|07dd40536557a1d6440a923557c3129dc929::sa:subagent_002_23b2d9e6|56|1786168450133304576|655,07dd40536557a1d6440a923557c3129dc929,07dd40536557a1d6440a923557c3129dc929,9,56.0,07dd40536557a1d6440a923557c3129dc929::sa:subagent_002_23b2d9e6,subagent,07dd40536557a1d6440a923557c3129dc929|9|56,570,56,1786168450133304576,1786168450463734528,1786168455245122816,965.4369939999999,10.519436304568528,5110.094897999999,395.0,worker_52cdd4a9,2d8490c1-2213-41e2-aea9-a1c97ecddefe,True,subagent,4,5,1,4,5,4
31235207041|8|9017979109|558|069d7bf5f1efb4e76e3c84510367e6af78a5::sa:subagent_003_f92fe166|19|1786168427086981888|656,069d7bf5f1efb4e76e3c84510367e6af78a5,069d7bf5f1efb4e76e3c84510367e6af78a5,17,19.0,069d7bf5f1efb4e76e3c84510367e6af78a5::sa:subagent_003_f92fe166,subagent,069d7bf5f1efb4e76e3c84510367e6af78a5|17|19,558,19,1786168427086981888,1786168427343654400,1786168456663316736,1251.011071,11.008676224640498,29576.334996999998,2574.0,worker_e00f4dfb,c3eee4f5-7330-46aa-aac1-e27df1f22c24,True,subagent,4,5,1,4,4,3
31235207041|8|9017979109|569|069d7bf5f1efb4e76e3c84510367e6af78a5::sa:subagent_002_054ed02e|21|1786168445874038016|657,069d7bf5f1efb4e76e3c84510367e6af78a5,069d7bf5f1efb4e76e3c84510367e6af78a5,16,21.0,069d7bf5f1efb4e76e3c84510367e6af78a5::sa:subagent_002_054ed02e,subagent,069d7bf5f1efb4e76e3c84510367e6af78a5|16|21,569,21,1786168445874038016,1786168446464492544,1786168458536780288,1311.187641,10.831510897900763,12662.611062,1049.0,worker_e00f4dfb,926b5288-35d9-45e4-b201-405df73a180c,True,subagent,4,5,1,4,4,3
31235207041|8|9017979109|572|07dd40536557a1d6440a923557c3129dc929::sa:subagent_002_23b2d9e6|57|1786168457116582912|658,07dd40536557a1d6440a923557c3129dc929,07dd40536557a1d6440a923557c3129dc929,9,57.0,07dd40536557a1d6440a923557c3129dc929::sa:subagent_002_23b2d9e6,subagent,07dd40536557a1d6440a923557c3129dc929|9|57,572,57,1786168457116582912,1786168457531221248,1786168460487666432,1112.604232,10.651751773584905,3370.775608,213.0,worker_52cdd4a9,74ebbaf3-feba-489b-a3a9-8df38c8cf81c,True,subagent,3,4,1,3,4,3
31235207041|8|9017979109|573|069d7bf5f1efb4e76e3c84510367e6af78a5::sa:subagent_002_054ed02e|22|1786168459493609984|659,069d7bf5f1efb4e76e3c84510367e6af78a5,069d7bf5f1efb4e76e3c84510367e6af78a5,16,22.0,069d7bf5f1efb4e76e3c84510367e6af78a5::sa:subagent_002_054ed02e,subagent,069d7bf5f1efb4e76e3c84510367e6af78a5|16|22,573,22,1786168459493609984,1786168459836684288,1786168464380757504,1036.062297,10.546801687671232,4885.644913,366.0,worker_e00f4dfb,f97f43e7-30a6-46bd-bc31-2828381c850f,True,subagent,3,4,1,3,4,3
31235207041|8|9017979109|574|07dd40536557a1d6440a923557c3129dc929::sa:subagent_002_23b2d9e6|58|1786168462392576768|660,07dd40536557a1d6440a923557c3129dc929,07dd40536557a1d6440a923557c3129dc929,9,58.0,07dd40536557a1d6440a923557c3129dc929::sa:subagent_002_23b2d9e6,subagent,07dd40536557a1d6440a923557c3129dc929|9|58,574,58,1786168462392576768,1786168462723780608,1786168466473748736,2721.564782,11.103527459016393,4076.195132,123.0,worker_52cdd4a9,4e4395fa-15b5-4c04-b1b7-1cfaf07b5659,True,subagent,3,4,1,3,4,3
31235207041|8|9017979109|559|069d7bf5f1efb4e76e3c84510367e6af78a5::sa:subagent_004_6c916d1f|15|1786168427157214720|661,069d7bf5f1efb4e76e3c84510367e6af78a5,069d7bf5f1efb4e76e3c84510367e6af78a5,18,15.0,069d7bf5f1efb4e76e3c84510367e6af78a5::sa:subagent_004_6c916d1f,subagent,069d7bf5f1efb4e76e3c84510367e6af78a5|18|15,559,15,1786168427157214720,1786168427440838400,1786168468309055744,1246.005307,10.83510648275862,41151.702483,3684.0,worker_e00f4dfb,d1af7357-6398-4834-8171-96c84be83277,True,subagent,5,6,1,5,3,2
31235207041|8|9017979109|575|069d7bf5f1efb4e76e3c84510367e6af78a5::sa:subagent_002_054ed02e|23|1786168465497893120|662,069d7bf5f1efb4e76e3c84510367e6af78a5,069d7bf5f1efb4e76e3c84510367e6af78a5,16,23.0,069d7bf5f1efb4e76e3c84510367e6af78a5::sa:subagent_002_054ed02e,subagent,069d7bf5f1efb4e76e3c84510367e6af78a5|16|23,575,23,1786168465497893120,1786168465827992064,1786168468873020672,999.71652,10.694088301801802,3373.804123,223.0,worker_e00f4dfb,14cdf1ce-e2c2-4a07-81b7-7d329984dc2e,True,subagent,3,4,1,3,4,3
31235207041|8|9017979109|576|07dd40536557a1d6440a923557c3129dc929::sa:subagent_002_23b2d9e6|59|1786168468546957312|663,07dd40536557a1d6440a923557c3129dc929,07dd40536557a1d6440a923557c3129dc929,9,59.0,07dd40536557a1d6440a923557c3129dc929::sa:subagent_002_23b2d9e6,subagent,07dd40536557a1d6440a923557c3129dc929|9|59,576,59,1786168468546957312,1786168468918381824,1786168470899183872,1007.277984,10.421547689922479,2351.657636,130.0,worker_52cdd4a9,4f993796-1ce2-442b-a1c3-453ceb39db1c,True,subagent,2,3,1,2,4,3
31235207041|8|9017979109|571|0470d446a4514dfe0c6ad0be92853bd13287::fa:009|155|1786168454267997696|664,0470d446a4514dfe0c6ad0be92853bd13287,0470d446a4514dfe0c6ad0be92853bd13287,511,,0470d446a4514dfe0c6ad0be92853bd13287,root,0470d446a4514dfe0c6ad0be92853bd13287|511|-1,571,155,1786168454267997696,1786168454638971392,1786168477279660032,1023.7409409999999,10.555805764762361,23011.484349,2084.0,worker_8a32eb3d,be9d3651-bc08-4752-b39b-111c86ad9786,True,root,4,5,1,4,5,4
31235207041|8|9017979109|579|0196085d85d2075a50b74cd8795ffbdcea9a|123|1786168471279041536|665,0196085d85d2075a50b74cd8795ffbdcea9a,0196085d85d2075a50b74cd8795ffbdcea9a,129,,0196085d85d2075a50b74cd8795ffbdcea9a,root,0196085d85d2075a50b74cd8795ffbdcea9a|129|-1,579,123,1786168471279041536,1786168473123534080,1786168478344933376,7060.860052999999,,7060.860052999999,1.0,worker_775bd273,6855571e-8cef-4bec-be35-d201f2631643,True,root,3,4,3,1,4,3
31235207041|8|9017979109|577|05c249572509162371b7b82339674db64b5d|33|1786168468598481408|666,05c249572509162371b7b82339674db64b5d,05c249572509162371b7b82339674db64b5d,35,,05c249572509162371b7b82339674db64b5d,root,05c249572509162371b7b82339674db64b5d|35|-1,577,33,1786168468598481408,1786168469339225344,1786168479540413440,9776.915525,10.989111716981132,10941.761367,107.0,worker_29a49ec4,94a8e6a5-6023-485b-8ac3-ed8730d50cd0,True,root,3,4,2,2,4,3
31235207041|8|9017979109|580|07dd40536557a1d6440a923557c3129dc929::sa:subagent_002_23b2d9e6|60|1786168472917860352|667,07dd40536557a1d6440a923557c3129dc929,07dd40536557a1d6440a923557c3129dc929,9,60.0,07dd40536557a1d6440a923557c3129dc929::sa:subagent_002_23b2d9e6,subagent,07dd40536557a1d6440a923557c3129dc929|9|60,580,60,1786168472917860352,1786168473276929024,1786168479795036416,5491.6662,10.897762362204725,6875.682019999999,128.0,worker_52cdd4a9,c422618a-0a0b-4d30-8ab6-b1376fea3f21,True,subagent,4,5,3,2,4,3
31235207041|8|9017979109|584|0470d446a4514dfe0c6ad0be92853bd13287::sa:subagent_001_28e3add7|1|1786168482662627072|668,0470d446a4514dfe0c6ad0be92853bd13287,0470d446a4514dfe0c6ad0be92853bd13287,509,1.0,0470d446a4514dfe0c6ad0be92853bd13287::sa:subagent_001_28e3add7,subagent,0470d446a4514dfe0c6ad0be92853bd13287|509|1,584,1,1786168482662627072,1786168482739814144,1786168485094140160,1244.873016,10.786454409090908,2431.3830009999997,111.0,worker_764e719b,8984114a-a323-4097-a9b6-a54304a7fc4e,True,subagent,4,5,2,3,5,4
31235207041|8|9017979109|581|0470d446a4514dfe0c6ad0be92853bd13287::fa:009|156|1786168478986090496|669,0470d446a4514dfe0c6ad0be92853bd13287,0470d446a4514dfe0c6ad0be92853bd13287,512,,0470d446a4514dfe0c6ad0be92853bd13287,root,0470d446a4514dfe0c6ad0be92853bd13287|512|-1,581,156,1786168478986090496,1786168479327118592,1786168485632756480,890.9150569999999,10.426881891304348,6646.553860999999,553.0,worker_8a32eb3d,55e5dce1-f265-42df-8f85-f3483eae5199,True,root,3,4,2,2,5,4
31235207041|8|9017979109|585|0470d446a4514dfe0c6ad0be92853bd13287::sa:subagent_001_28e3add7|2|1786168485582848256|670,0470d446a4514dfe0c6ad0be92853bd13287,0470d446a4514dfe0c6ad0be92853bd13287,509,2.0,0470d446a4514dfe0c6ad0be92853bd13287::sa:subagent_001_28e3add7,subagent,0470d446a4514dfe0c6ad0be92853bd13287|509|2,585,2,1786168485582848256,1786168485666274048,1786168488302388992,1299.399088,10.839586320610687,2719.384896,132.0,worker_764e719b,02920a80-a785-4340-8be7-c12006ed5774,True,subagent,4,5,2,3,5,4
31235207041|8|9017979109|587|0470d446a4514dfe0c6ad0be92853bd13287::sa:subagent_001_28e3add7|3|1786168488873190144|671,0470d446a4514dfe0c6ad0be92853bd13287,0470d446a4514dfe0c6ad0be92853bd13287,509,3.0,0470d446a4514dfe0c6ad0be92853bd13287::sa:subagent_001_28e3add7,subagent,0470d446a4514dfe0c6ad0be92853bd13287|509|3,587,3,1786168488873190144,1786168488971780608,1786168491145296640,684.413361,10.5770833,2270.975856,151.0,worker_764e719b,743e9a7a-0e17-437b-bdc4-13c5a8b06cdf,True,subagent,4,5,2,3,5,4
31235207041|8|9017979109|588|0470d446a4514dfe0c6ad0be92853bd13287::sa:subagent_001_28e3add7|4|1786168491715320576|672,0470d446a4514dfe0c6ad0be92853bd13287,0470d446a4514dfe0c6ad0be92853bd13287,509,4.0,0470d446a4514dfe0c6ad0be92853bd13287::sa:subagent_001_28e3add7,subagent,0470d446a4514dfe0c6ad0be92853bd13287|509|4,588,4,1786168491715320576,1786168491824335104,1786168493736541440,661.388063,10.540406968992247,2021.1005619999999,130.0,worker_764e719b,e898920a-9081-4bcf-a0d4-6a9bbc88cfee,True,subagent,4,5,2,3,5,4
31235207041|8|9017979109|586|0470d446a4514dfe0c6ad0be92853bd13287::fa:009|157|1786168487199994880|673,0470d446a4514dfe0c6ad0be92853bd13287,0470d446a4514dfe0c6ad0be92853bd13287,513,,0470d446a4514dfe0c6ad0be92853bd13287,root,0470d446a4514dfe0c6ad0be92853bd13287|513|-1,586,157,1786168487199994880,1786168487511328000,1786168495641738752,4595.3819029999995,10.683801519444444,8441.550449999999,361.0,worker_8a32eb3d,7d9f6be1-52c4-4ddf-b851-356fc8cfba34,True,root,4,5,2,3,5,4
31235207041|8|9017979109|589|0470d446a4514dfe0c6ad0be92853bd13287::sa:subagent_001_28e3add7|5|1786168494411399168|674,0470d446a4514dfe0c6ad0be92853bd13287,0470d446a4514dfe0c6ad0be92853bd13287,509,5.0,0470d446a4514dfe0c6ad0be92853bd13287::sa:subagent_001_28e3add7,subagent,0470d446a4514dfe0c6ad0be92853bd13287|509|5,589,5,1786168494411399168,1786168494520423168,1786168496485282560,1279.2304629999999,6.512197,2073.718497,123.0,worker_764e719b,4cb5ef14-4969-40eb-94c7-79622c0f5874,True,subagent,4,5,2,3,4,3
31235207041|8|9017979109|590|0470d446a4514dfe0c6ad0be92853bd13287::sa:subagent_001_28e3add7|6|1786168497127319552|675,0470d446a4514dfe0c6ad0be92853bd13287,0470d446a4514dfe0c6ad0be92853bd13287,509,6.0,0470d446a4514dfe0c6ad0be92853bd13287::sa:subagent_001_28e3add7,subagent,0470d446a4514dfe0c6ad0be92853bd13287|509|6,590,6,1786168497127319552,1786168497284099840,1786168499585238016,1190.172662,10.834271068376067,2457.782377,118.0,worker_8a32eb3d,7a27e825-9c3f-41f6-8f81-16b8d2dd49cf,True,subagent,3,4,1,3,5,4
31235207041|8|9017979109|583|07dd40536557a1d6440a923557c3129dc929::sa:subagent_002_23b2d9e6|61|1786168481714419456|676,07dd40536557a1d6440a923557c3129dc929,07dd40536557a1d6440a923557c3129dc929,9,61.0,07dd40536557a1d6440a923557c3129dc929::sa:subagent_002_23b2d9e6,subagent,07dd40536557a1d6440a923557c3129dc929|9|61,583,61,1786168481714419456,1786168482176957440,1786168500037383680,2192.895266,10.703328209024551,18322.810877,1508.0,worker_52cdd4a9,e79c635e-4227-4168-b993-efa264ada739,True,subagent,3,4,2,2,4,3
31235207041|8|9017979109|582|085411a4cc4b15108dd9b50007261a2efb65|0|1786168479550772480|677,085411a4cc4b15108dd9b50007261a2efb65,085411a4cc4b15108dd9b50007261a2efb65,0,,085411a4cc4b15108dd9b50007261a2efb65,root,085411a4cc4b15108dd9b50007261a2efb65|0|-1,582,0,1786168479550772480,1786168479899763456,1786168500779142656,4320.119114,10.534537026168223,21228.051041,1606.0,worker_29a49ec4,aa4795a6-8d22-463d-976e-293ad5b71ac7,True,root,3,4,2,2,4,3
31235207041|8|9017979109|592|0470d446a4514dfe0c6ad0be92853bd13287::sa:subagent_001_28e3add7|7|1786168500249653248|678,0470d446a4514dfe0c6ad0be92853bd13287,0470d446a4514dfe0c6ad0be92853bd13287,509,7.0,0470d446a4514dfe0c6ad0be92853bd13287::sa:subagent_001_28e3add7,subagent,0470d446a4514dfe0c6ad0be92853bd13287|509|7,592,7,1786168500249653248,1786168500359068928,1786168502290727168,781.4449639999999,10.857164068965517,2040.875996,117.0,worker_8a32eb3d,73aa7fba-d348-41af-9eed-a966e6e7f781,True,subagent,3,4,2,2,4,3
31235207041|8|9017979109|578|069d7bf5f1efb4e76e3c84510367e6af78a5::sa:subagent_002_054ed02e|24|1786168469935935232|679,069d7bf5f1efb4e76e3c84510367e6af78a5,069d7bf5f1efb4e76e3c84510367e6af78a5,16,24.0,069d7bf5f1efb4e76e3c84510367e6af78a5::sa:subagent_002_054ed02e,subagent,069d7bf5f1efb4e76e3c84510367e6af78a5|16|24,578,24,1786168469935935232,1786168470384530432,1786168504477864448,1123.388132,10.687093479692997,34541.929443,3128.0,worker_e00f4dfb,ad9e1ab0-e499-44d9-ac69-638ba3e02e3c,True,subagent,3,4,2,2,4,3
31235207041|8|9017979109|594|0470d446a4514dfe0c6ad0be92853bd13287::sa:subagent_001_28e3add7|8|1786168502915745536|680,0470d446a4514dfe0c6ad0be92853bd13287,0470d446a4514dfe0c6ad0be92853bd13287,509,8.0,0470d446a4514dfe0c6ad0be92853bd13287::sa:subagent_001_28e3add7,subagent,0470d446a4514dfe0c6ad0be92853bd13287|509|8,594,8,1786168502915745536,1786168503034825472,1786168505431238912,1153.87584,10.71982418110236,2515.293511,128.0,worker_8a32eb3d,228f5692-8952-4a46-958b-cebce5823546,True,subagent,3,4,2,2,4,3
31235207041|8|9017979109|593|085411a4cc4b15108dd9b50007261a2efb65|1|1786168502280442624|681,085411a4cc4b15108dd9b50007261a2efb65,085411a4cc4b15108dd9b50007261a2efb65,1,,085411a4cc4b15108dd9b50007261a2efb65,root,085411a4cc4b15108dd9b50007261a2efb65|1|-1,593,1,1786168502280442624,1786168502645277184,1786168507658678528,1789.9401129999999,10.521841014662757,5377.887898999999,342.0,worker_29a49ec4,ade64a2e-2ba2-4ad7-9963-a49e9272074f,True,root,3,4,2,2,6,5
31235207041|8|9017979109|597|0470d446a4514dfe0c6ad0be92853bd13287::sa:subagent_001_28e3add7|9|1786168506087425792|682,0470d446a4514dfe0c6ad0be92853bd13287,0470d446a4514dfe0c6ad0be92853bd13287,509,9.0,0470d446a4514dfe0c6ad0be92853bd13287::sa:subagent_001_28e3add7,subagent,0470d446a4514dfe0c6ad0be92853bd13287|509|9,597,9,1786168506087425792,1786168506303016960,1786168511816494080,2091.5864389999997,10.482181521613832,5728.903427,348.0,worker_8a32eb3d,1f9693d0-683d-446a-b96b-efa9f4bfd408,True,subagent,4,5,4,1,6,5
31235207041|8|9017979109|591|0470d446a4514dfe0c6ad0be92853bd13287::fa:009|158|1786168497168680704|683,0470d446a4514dfe0c6ad0be92853bd13287,0470d446a4514dfe0c6ad0be92853bd13287,514,,0470d446a4514dfe0c6ad0be92853bd13287,root,0470d446a4514dfe0c6ad0be92853bd13287|514|-1,591,158,1786168497168680704,1786168497468636928,1786168512040252416,1189.502857,10.573355768160742,14871.425221,1295.0,worker_764e719b,05253134-d69f-45cc-a2bc-9c2b6b799c19,True,root,4,5,2,3,5,4
31235207041|8|9017979109|598|07dd40536557a1d6440a923557c3129dc929|8|1786168506193787136|684,07dd40536557a1d6440a923557c3129dc929,07dd40536557a1d6440a923557c3129dc929,11,,07dd40536557a1d6440a923557c3129dc929,root,07dd40536557a1d6440a923557c3129dc929|11|-1,598,8,1786168506193787136,1786168506516623872,1786168512605021184,6376.332963,34.257912999999995,6410.590875999999,2.0,worker_52cdd4a9,dae764bf-efc3-4030-9e13-68e21ec3729a,True,root,5,6,5,1,5,4
31235207041|8|9017979109|600|0470d446a4514dfe0c6ad0be92853bd13287::sa:subagent_001_28e3add7|10|1786168512495907840|685,0470d446a4514dfe0c6ad0be92853bd13287,0470d446a4514dfe0c6ad0be92853bd13287,509,10.0,0470d446a4514dfe0c6ad0be92853bd13287::sa:subagent_001_28e3add7,subagent,0470d446a4514dfe0c6ad0be92853bd13287|509|10,600,10,1786168512495907840,1786168512629120512,1786168523111526912,8967.009643,10.56677173076923,10615.426033,157.0,worker_8a32eb3d,7765e914-951d-4d33-a7f9-031856c9c765,True,subagent,4,5,4,1,7,6
31235207041|8|9017979109|602|0470d446a4514dfe0c6ad0be92853bd13287::fa:009|159|1786168513700487936|686,0470d446a4514dfe0c6ad0be92853bd13287,0470d446a4514dfe0c6ad0be92853bd13287,515,,0470d446a4514dfe0c6ad0be92853bd13287,root,0470d446a4514dfe0c6ad0be92853bd13287|515|-1,602,159,1786168513700487936,1786168514078801920,1786168526125667328,9151.92448,11.477677589473682,12423.062592999999,286.0,worker_4c4f3206,49d88f57-be69-4067-a703-33319a2c4e14,True,root,5,6,5,1,7,6
31235207041|8|9017979109|601|085aacf44ac5428ad3c6b4f6cd431e083832|0|1786168512739444992|687,085aacf44ac5428ad3c6b4f6cd431e083832,085aacf44ac5428ad3c6b4f6cd431e083832,0,,085aacf44ac5428ad3c6b4f6cd431e083832,root,085aacf44ac5428ad3c6b4f6cd431e083832|0|-1,601,0,1786168512739444992,1786168512971589888,1786168526903873280,10110.015491,10.61277427486911,14164.095264,383.0,worker_52cdd4a9,d2ed4e4d-bd61-423a-b1dd-f1ee37edc6e6,True,root,4,5,4,1,6,5
31235207041|8|9017979109|596|002001296e8a8c38ad9d7cc436d691afc602|110|1786168505559341568|688,002001296e8a8c38ad9d7cc436d691afc602,002001296e8a8c38ad9d7cc436d691afc602,115,,002001296e8a8c38ad9d7cc436d691afc602,root,002001296e8a8c38ad9d7cc436d691afc602|115|-1,596,110,1786168505559341568,1786168506721321984,1786168528257020416,22693.523898,,22693.523898,1.0,worker_764e719b,b281d2b2-2904-4a9d-aaf1-f6fe4a3222e6,True,root,3,4,4,0,7,6
31235207041|8|9017979109|604|0470d446a4514dfe0c6ad0be92853bd13287::sa:subagent_001_28e3add7|11|1786168523863088384|689,0470d446a4514dfe0c6ad0be92853bd13287,0470d446a4514dfe0c6ad0be92853bd13287,509,11.0,0470d446a4514dfe0c6ad0be92853bd13287::sa:subagent_001_28e3add7,subagent,0470d446a4514dfe0c6ad0be92853bd13287|509|11,604,11,1786168523863088384,1786168528224108032,1786168531573793280,6375.639381999999,10.59520169047619,7710.634795,127.0,worker_8a32eb3d,d534dd90-391d-4576-af14-c9ea5e627a80,True,subagent,6,7,6,1,6,5
31235207041|8|9017979109|609|002001296e8a8c38ad9d7cc436d691afc602|111|1786168532460094464|690,002001296e8a8c38ad9d7cc436d691afc602,002001296e8a8c38ad9d7cc436d691afc602,116,,002001296e8a8c38ad9d7cc436d691afc602,root,002001296e8a8c38ad9d7cc436d691afc602|116|-1,609,111,1786168532460094464,1786168533709180672,1786168534351320320,1888.5924559999999,,1888.5924559999999,1.0,worker_764e719b,0a374ab4-efc4-4a8d-a59b-e68f02288b51,True,root,7,8,6,2,8,7
31235207041|8|9017979109|599|085411a4cc4b15108dd9b50007261a2efb65|2|1786168508935203072|691,085411a4cc4b15108dd9b50007261a2efb65,085411a4cc4b15108dd9b50007261a2efb65,2,,085411a4cc4b15108dd9b50007261a2efb65,root,085411a4cc4b15108dd9b50007261a2efb65|2|-1,599,2,1786168508935203072,1786168509395888128,1786168536912520704,11378.570113,10.591081215060624,27974.794377,1568.0,worker_29a49ec4,7272bf29-4b70-431c-9dbc-64e658697531,True,root,5,6,5,1,7,6
31235207041|8|9017979109|606|085aacf44ac5428ad3c6b4f6cd431e083832|1|1786168528116467200|692,085aacf44ac5428ad3c6b4f6cd431e083832,085aacf44ac5428ad3c6b4f6cd431e083832,1,,085aacf44ac5428ad3c6b4f6cd431e083832,root,085aacf44ac5428ad3c6b4f6cd431e083832|1|-1,606,1,1786168528116467200,1786168528403511040,1786168537877671424,4255.42961,10.587650048076924,9761.007635,521.0,worker_52cdd4a9,5a0dee7a-ad0e-41aa-aaaa-2b377bc84ef9,True,root,6,7,6,1,6,5
31235207041|8|9017979109|611|085aacf44ac5428ad3c6b4f6cd431e083832|2|1786168539036472320|693,085aacf44ac5428ad3c6b4f6cd431e083832,085aacf44ac5428ad3c6b4f6cd431e083832,2,,085aacf44ac5428ad3c6b4f6cd431e083832,root,085aacf44ac5428ad3c6b4f6cd431e083832|2|-1,611,2,1786168539036472320,1786168539319718400,1786168543273636096,860.074067,10.358587981595091,4236.973749,327.0,worker_52cdd4a9,93c83077-0818-48e0-bd2d-0eccecb455a9,True,root,6,7,5,2,7,6
31235207041|8|9017979109|603|0196085d85d2075a50b74cd8795ffbdcea9a|124|1786168516511373824|694,0196085d85d2075a50b74cd8795ffbdcea9a,0196085d85d2075a50b74cd8795ffbdcea9a,130,,0196085d85d2075a50b74cd8795ffbdcea9a,root,0196085d85d2075a50b74cd8795ffbdcea9a|130|-1,603,124,1786168516511373824,1786168518451386624,1786168550980093952,34463.388890999995,,34463.388890999995,1.0,worker_775bd273,6967a504-39a1-480e-8edb-fce0d52ce41c,True,root,6,7,6,1,8,7
31235207041|8|9017979109|608|0470d446a4514dfe0c6ad0be92853bd13287::sa:subagent_001_28e3add7|12|1786168532400936704|695,0470d446a4514dfe0c6ad0be92853bd13287,0470d446a4514dfe0c6ad0be92853bd13287,509,12.0,0470d446a4514dfe0c6ad0be92853bd13287::sa:subagent_001_28e3add7,subagent,0470d446a4514dfe0c6ad0be92853bd13287|509|12,608,12,1786168532400936704,1786168532532103936,1786168554322097920,20030.217667,10.441625828729281,21920.151942,182.0,worker_8a32eb3d,24f907e1-3075-47ac-bbb0-ef36ca9308e8,True,subagent,6,7,5,2,8,7
31235207041|8|9017979109|615|0470d446a4514dfe0c6ad0be92853bd13287::sa:subagent_001_28e3add7|13|1786168555041527808|696,0470d446a4514dfe0c6ad0be92853bd13287,0470d446a4514dfe0c6ad0be92853bd13287,509,13.0,0470d446a4514dfe0c6ad0be92853bd13287::sa:subagent_001_28e3add7,subagent,0470d446a4514dfe0c6ad0be92853bd13287|509|13,615,13,1786168555041527808,1786168555170440192,1786168557278329856,1082.215413,8.67998132330827,2236.652929,134.0,worker_8a32eb3d,2619a943-6b4d-4e23-8986-30d277a41ca3,True,subagent,7,8,5,3,8,7
31235207041|8|9017979109|607|069d7bf5f1efb4e76e3c84510367e6af78a5::sa:subagent_005_f197f2bb|0|1786168532265002240|697,069d7bf5f1efb4e76e3c84510367e6af78a5,069d7bf5f1efb4e76e3c84510367e6af78a5,20,0.0,069d7bf5f1efb4e76e3c84510367e6af78a5::sa:subagent_005_f197f2bb,subagent,069d7bf5f1efb4e76e3c84510367e6af78a5|20|0,607,0,1786168532265002240,1786168532423863296,1786168557378766592,18708.781404999998,10.728406036850922,25113.639809,598.0,worker_e00f4dfb,70fcb719-9b40-4056-ad69-da0bc3c96741,True,subagent,5,6,5,1,7,6
31235207041|8|9017979109|617|0470d446a4514dfe0c6ad0be92853bd13287::sa:subagent_001_28e3add7|14|1786168558007082240|698,0470d446a4514dfe0c6ad0be92853bd13287,0470d446a4514dfe0c6ad0be92853bd13287,509,14.0,0470d446a4514dfe0c6ad0be92853bd13287::sa:subagent_001_28e3add7,subagent,0470d446a4514dfe0c6ad0be92853bd13287|509|14,617,14,1786168558007082240,1786168558145922816,1786168559866842368,709.7503869999999,10.359678855855856,1859.67474,112.0,worker_8a32eb3d,a0655e3d-421e-417f-a794-232afeb1898f,True,subagent,7,8,5,3,8,7
31235207041|8|9017979109|618|0470d446a4514dfe0c6ad0be92853bd13287::sa:subagent_001_28e3add7|15|1786168560563476992|699,0470d446a4514dfe0c6ad0be92853bd13287,0470d446a4514dfe0c6ad0be92853bd13287,509,15.0,0470d446a4514dfe0c6ad0be92853bd13287::sa:subagent_001_28e3add7,subagent,0470d446a4514dfe0c6ad0be92853bd13287|509|15,618,15,1786168560563476992,1786168560752637184,1786168562849947392,821.8223069999999,10.687711627737226,2286.0388,138.0,worker_8a32eb3d,81f6d8cc-4174-4d23-ab7b-5be7298f451a,True,subagent,7,8,5,3,9,8
31235207041|8|9017979109|620|0470d446a4514dfe0c6ad0be92853bd13287::sa:subagent_001_28e3add7|16|1786168563558122496|700,0470d446a4514dfe0c6ad0be92853bd13287,0470d446a4514dfe0c6ad0be92853bd13287,509,16.0,0470d446a4514dfe0c6ad0be92853bd13287::sa:subagent_001_28e3add7,subagent,0470d446a4514dfe0c6ad0be92853bd13287|509|16,620,16,1786168563558122496,1786168563702312704,1786168568807361792,3865.014343,11.729618466101694,5249.109321999999,119.0,worker_8a32eb3d,de40a94a-9949-4be1-89d6-304cb4ec8a49,True,subagent,8,9,6,3,9,8
31235207041|8|9017979109|610|002001296e8a8c38ad9d7cc436d691afc602|112|1786168538734346496|701,002001296e8a8c38ad9d7cc436d691afc602,002001296e8a8c38ad9d7cc436d691afc602,117,,002001296e8a8c38ad9d7cc436d691afc602,root,002001296e8a8c38ad9d7cc436d691afc602|117|-1,610,112,1786168538734346496,1786168539968395264,1786168570777776384,32043.292102,,32043.292102,1.0,worker_764e719b,a967b76b-9d29-40f0-93e4-a79cc5a0e31f,True,root,5,6,4,2,9,8
31235207041|8|9017979109|622|002001296e8a8c38ad9d7cc436d691afc602|113|1786168575424907008|702,002001296e8a8c38ad9d7cc436d691afc602,002001296e8a8c38ad9d7cc436d691afc602,118,,002001296e8a8c38ad9d7cc436d691afc602,root,002001296e8a8c38ad9d7cc436d691afc602|118|-1,622,113,1786168575424907008,1786168576611743232,1786168577242244608,1817.191691,,1817.191691,1.0,worker_764e719b,37ecac15-cdf1-495b-b93a-0d5edc537aee,True,root,8,9,6,3,9,8
31235207041|8|9017979109|612|069d7bf5f1efb4e76e3c84510367e6af78a5::sa:subagent_006_f3c26377|0|1786168543699017472|703,069d7bf5f1efb4e76e3c84510367e6af78a5,069d7bf5f1efb4e76e3c84510367e6af78a5,21,0.0,069d7bf5f1efb4e76e3c84510367e6af78a5::sa:subagent_006_f3c26377,subagent,069d7bf5f1efb4e76e3c84510367e6af78a5|21|0,612,0,1786168543699017472,1786168543824927232,1786168578220536576,27074.533538,11.114696534328358,34521.380216,671.0,worker_e00f4dfb,42683a44-a84b-4bda-be6d-bf335fa8c731,True,subagent,6,7,4,3,8,7
31235207041|8|9017979109|619|05f72f78a037cfa5cd4e4541960a574701d9|38|1786168562201573888|704,05f72f78a037cfa5cd4e4541960a574701d9,05f72f78a037cfa5cd4e4541960a574701d9,38,,05f72f78a037cfa5cd4e4541960a574701d9,root,05f72f78a037cfa5cd4e4541960a574701d9|38|-1,619,38,1786168562201573888,1786168562529600256,1786168579171596032,5211.1525919999995,10.378014255957634,16969.442744,1134.0,worker_6e24a6ae,691a4f7c-f226-4616-9c02-c5d9447c9972,True,root,8,9,6,3,8,7
31235207041|8|9017979109|605|0470d446a4514dfe0c6ad0be92853bd13287::fa:009|160|1786168527642167296|705,0470d446a4514dfe0c6ad0be92853bd13287,0470d446a4514dfe0c6ad0be92853bd13287,516,,0470d446a4514dfe0c6ad0be92853bd13287,root,0470d446a4514dfe0c6ad0be92853bd13287|516|-1,605,160,1786168527642167296,1786168552450666752,1786168580004053760,50779.418153,11.065343027972027,52361.762206,144.0,worker_4c4f3206,8bea29b5-4728-4000-8b14-9f99697f2008,True,root,5,6,5,1,7,6
31235207041|8|9017979109|621|0470d446a4514dfe0c6ad0be92853bd13287::sa:subagent_001_28e3add7|17|1786168569583828736|706,0470d446a4514dfe0c6ad0be92853bd13287,0470d446a4514dfe0c6ad0be92853bd13287,509,17.0,0470d446a4514dfe0c6ad0be92853bd13287::sa:subagent_001_28e3add7,subagent,0470d446a4514dfe0c6ad0be92853bd13287|509|17,621,17,1786168569583828736,1786168572277910016,1786168587840887040,17170.703392,8.552967086614172,18256.930212,128.0,worker_8a32eb3d,0a818b76-5223-45ed-a613-95d0d1f2653a,True,subagent,8,9,6,3,9,8
31235207041|8|9017979109|616|069d7bf5f1efb4e76e3c84510367e6af78a5::sa:subagent_005_f197f2bb|1|1786168557767363584|707,069d7bf5f1efb4e76e3c84510367e6af78a5,069d7bf5f1efb4e76e3c84510367e6af78a5,20,1.0,069d7bf5f1efb4e76e3c84510367e6af78a5::sa:subagent_005_f197f2bb,subagent,069d7bf5f1efb4e76e3c84510367e6af78a5|20|1,616,1,1786168557767363584,1786168557866388224,1786168589200935936,28749.622821999998,10.909949036585365,31433.470285,247.0,worker_e00f4dfb,918edbd7-e278-494a-b2a9-977ab494999d,True,subagent,6,7,5,2,9,8
31235207041|8|9017979109|626|002001296e8a8c38ad9d7cc436d691afc602|114|1786168581683581184|708,002001296e8a8c38ad9d7cc436d691afc602,002001296e8a8c38ad9d7cc436d691afc602,119,,002001296e8a8c38ad9d7cc436d691afc602,root,002001296e8a8c38ad9d7cc436d691afc602|119|-1,626,114,1786168581683581184,1786168582839605504,1786168589717816064,8034.10516,,8034.10516,1.0,worker_764e719b,d1bdd4eb-2b28-4e88-a446-faf9eba1a0a7,True,root,8,9,6,3,10,9
31235207041|8|9017979109|624|05f72f78a037cfa5cd4e4541960a574701d9|39|1786168580227956736|709,05f72f78a037cfa5cd4e4541960a574701d9,05f72f78a037cfa5cd4e4541960a574701d9,39,,05f72f78a037cfa5cd4e4541960a574701d9,root,05f72f78a037cfa5cd4e4541960a574701d9|39|-1,624,39,1786168580227956736,1786168580562087936,1786168590692824832,9518.847828,10.627243966292134,10464.672541,90.0,worker_6e24a6ae,975697c6-64b8-4ab5-a218-b43c6d50a012,True,root,6,7,4,3,9,8
31235207041|8|9017979109|623|069d7bf5f1efb4e76e3c84510367e6af78a5::sa:subagent_006_f3c26377|1|1786168578849618688|710,069d7bf5f1efb4e76e3c84510367e6af78a5,069d7bf5f1efb4e76e3c84510367e6af78a5,21,1.0,069d7bf5f1efb4e76e3c84510367e6af78a5::sa:subagent_006_f3c26377,subagent,069d7bf5f1efb4e76e3c84510367e6af78a5|21|1,623,1,1786168578849618688,1786168578950327808,1786168592400522240,7701.844024,11.009018493408663,13547.632844,532.0,worker_e00f4dfb,fa537a29-8efe-4ab3-b81f-39b4ed580757,True,subagent,7,8,5,3,8,7
31235207041|8|9017979109|614|085411a4cc4b15108dd9b50007261a2efb65|3|1786168554133645056|711,085411a4cc4b15108dd9b50007261a2efb65,085411a4cc4b15108dd9b50007261a2efb65,3,,085411a4cc4b15108dd9b50007261a2efb65,root,085411a4cc4b15108dd9b50007261a2efb65|3|-1,614,3,1786168554133645056,1786168554584922624,1786168599174427648,32620.816111999997,10.884994524101664,45040.594864,1142.0,worker_29a49ec4,c303cfbb-5453-44fd-8d6f-4469ec6c8583,True,root,7,8,5,3,9,8
31235207041|8|9017979109|629|069d7bf5f1efb4e76e3c84510367e6af78a5::sa:subagent_005_f197f2bb|2|1786168589532001792|712,069d7bf5f1efb4e76e3c84510367e6af78a5,069d7bf5f1efb4e76e3c84510367e6af78a5,20,2.0,069d7bf5f1efb4e76e3c84510367e6af78a5::sa:subagent_005_f197f2bb,subagent,069d7bf5f1efb4e76e3c84510367e6af78a5|20|2,629,2,1786168589532001792,1786168589687196928,1786168599408071424,3763.2184389999998,11.777895522157996,9875.946215,520.0,worker_e00f4dfb,1a997b7a-f790-463b-b977-aba4c35c9ed9,True,subagent,9,10,7,3,8,7
31235207041|8|9017979109|630|069d7bf5f1efb4e76e3c84510367e6af78a5::sa:subagent_006_f3c26377|2|1786168592749261568|713,069d7bf5f1efb4e76e3c84510367e6af78a5,069d7bf5f1efb4e76e3c84510367e6af78a5,21,2.0,069d7bf5f1efb4e76e3c84510367e6af78a5::sa:subagent_006_f3c26377,subagent,069d7bf5f1efb4e76e3c84510367e6af78a5|21|2,630,2,1786168592749261568,1786168592911395072,1786168600307491328,931.6719129999999,11.645910101933216,7558.194761,570.0,worker_e00f4dfb,40b60890-f3c3-4103-9b8e-6421d24d1331,True,subagent,7,8,5,3,8,7
31235207041|8|9017979109|613|085aacf44ac5428ad3c6b4f6cd431e083832|3|1786168544501570048|714,085aacf44ac5428ad3c6b4f6cd431e083832,085aacf44ac5428ad3c6b4f6cd431e083832,3,,085aacf44ac5428ad3c6b4f6cd431e083832,root,085aacf44ac5428ad3c6b4f6cd431e083832|3|-1,613,3,1786168544501570048,1786168544836512512,1786168601226385664,30918.404788,10.870365516427968,56724.652524,2375.0,worker_52cdd4a9,3206909f-b34d-4517-a0c3-1ceca6512612,True,root,7,8,5,3,9,8
31235207041|8|9017979109|595|069d7bf5f1efb4e76e3c84510367e6af78a5|15|1786168504481544448|715,069d7bf5f1efb4e76e3c84510367e6af78a5,069d7bf5f1efb4e76e3c84510367e6af78a5,19,,069d7bf5f1efb4e76e3c84510367e6af78a5,root,069d7bf5f1efb4e76e3c84510367e6af78a5|19|-1,595,15,1786168504481544448,1786168504978740992,1786168610757217024,9643.339224,10.649347858607008,106275.521693,9075.0,worker_e00f4dfb,571f4ac1-8fac-4f60-bd3a-e8446bcb2bfe,True,root,3,4,3,1,9,8
31235207041|8|9017979109|627|0470d446a4514dfe0c6ad0be92853bd13287::sa:subagent_001_28e3add7|18|1786168588615584768|716,0470d446a4514dfe0c6ad0be92853bd13287,0470d446a4514dfe0c6ad0be92853bd13287,509,18.0,0470d446a4514dfe0c6ad0be92853bd13287::sa:subagent_001_28e3add7,subagent,0470d446a4514dfe0c6ad0be92853bd13287|509|18,627,18,1786168588615584768,1786168589718326272,1786168612957324032,22706.156506,10.551245399999999,24341.599543,156.0,worker_8a32eb3d,63724fdf-c39b-49d8-a20f-adaa08528770,True,subagent,8,9,6,3,8,7
31235207041|8|9017979109|634|069d7bf5f1efb4e76e3c84510367e6af78a5::sa:subagent_006_f3c26377|3|1786168600770907136|717,069d7bf5f1efb4e76e3c84510367e6af78a5,069d7bf5f1efb4e76e3c84510367e6af78a5,21,3.0,069d7bf5f1efb4e76e3c84510367e6af78a5::sa:subagent_006_f3c26377,subagent,069d7bf5f1efb4e76e3c84510367e6af78a5|21|3,634,3,1786168600770907136,1786168600973594368,1786168613397363456,1056.9332359999999,10.682706427516159,12626.304296999999,1084.0,worker_e00f4dfb,2e81090f-b6b2-41bf-9205-ea1151f60b1c,True,subagent,8,9,5,4,7,6
31235207041|8|9017979109|628|0196085d85d2075a50b74cd8795ffbdcea9a|125|1786168589346566144|718,0196085d85d2075a50b74cd8795ffbdcea9a,0196085d85d2075a50b74cd8795ffbdcea9a,131,,0196085d85d2075a50b74cd8795ffbdcea9a,root,0196085d85d2075a50b74cd8795ffbdcea9a|131|-1,628,125,1786168589346566144,1786168591054552576,1786168621317867776,31969.219133,,31969.219133,1.0,worker_775bd273,b0c50562-e132-4987-b4cd-59e0b8b59c22,True,root,8,9,7,2,7,6
31235207041|8|9017979109|631|05f72f78a037cfa5cd4e4541960a574701d9|40|1786168595608741376|719,05f72f78a037cfa5cd4e4541960a574701d9,05f72f78a037cfa5cd4e4541960a574701d9,40,,05f72f78a037cfa5cd4e4541960a574701d9,root,05f72f78a037cfa5cd4e4541960a574701d9|40|-1,631,40,1786168595608741376,1786168595933771264,1786168628236434688,25746.607845,10.684682069875777,32627.543098,645.0,worker_6e24a6ae,58667f45-d8dc-495e-8c61-f993897d2e81,True,root,8,9,6,3,7,6
31235207041|8|9017979109|637|069d7bf5f1efb4e76e3c84510367e6af78a5::sa:subagent_007_6c178d8d|0|1786168624486754560|720,069d7bf5f1efb4e76e3c84510367e6af78a5,069d7bf5f1efb4e76e3c84510367e6af78a5,22,0.0,069d7bf5f1efb4e76e3c84510367e6af78a5::sa:subagent_007_6c178d8d,subagent,069d7bf5f1efb4e76e3c84510367e6af78a5|22|0,637,0,1786168624486754560,1786168624582214912,1786168628617262848,728.649829,10.79882001904762,4130.278135,316.0,worker_e00f4dfb,52fc4152-8ea5-432f-8236-f26accf182cd,True,subagent,6,7,3,4,6,5
31235207041|8|9017979109|632|069d7bf5f1efb4e76e3c84510367e6af78a5::sa:subagent_005_f197f2bb|3|1786168599901277184|721,069d7bf5f1efb4e76e3c84510367e6af78a5,069d7bf5f1efb4e76e3c84510367e6af78a5,20,3.0,069d7bf5f1efb4e76e3c84510367e6af78a5::sa:subagent_005_f197f2bb,subagent,069d7bf5f1efb4e76e3c84510367e6af78a5|20|3,632,3,1786168599901277184,1786168600105944320,1786168629370751488,23025.146815,10.732247666666666,29464.495414999998,601.0,worker_e00f4dfb,66de817c-0e3c-4afd-8647-244e242a2aeb,True,subagent,7,8,5,3,7,6
31235207041|8|9017979109|625|0470d446a4514dfe0c6ad0be92853bd13287::fa:009|161|1786168581596654592|722,0470d446a4514dfe0c6ad0be92853bd13287,0470d446a4514dfe0c6ad0be92853bd13287,517,,0470d446a4514dfe0c6ad0be92853bd13287,root,0470d446a4514dfe0c6ad0be92853bd13287|517|-1,625,161,1786168581596654592,1786168581904477952,1786168633176632064,50436.417765,10.587219648148148,51579.837487,109.0,worker_4c4f3206,73385ea6-1398-4046-a980-adcbaae2ca41,True,root,7,8,5,3,9,8
31235207041|8|9017979109|636|0470d446a4514dfe0c6ad0be92853bd13287::sa:subagent_001_28e3add7|19|1786168613750016000|723,0470d446a4514dfe0c6ad0be92853bd13287,0470d446a4514dfe0c6ad0be92853bd13287,509,19.0,0470d446a4514dfe0c6ad0be92853bd13287::sa:subagent_001_28e3add7,subagent,0470d446a4514dfe0c6ad0be92853bd13287|509|19,636,19,1786168613750016000,1786168613922192640,1786168636851728640,21237.043659,15.536660258333333,23101.44289,121.0,worker_8a32eb3d,c87bd38e-dad1-4cc8-b7a8-4a7ae0d1615b,True,subagent,6,7,4,3,9,8
31235207041|8|9017979109|635|085aacf44ac5428ad3c6b4f6cd431e083832|4|1786168602699489536|724,085aacf44ac5428ad3c6b4f6cd431e083832,085aacf44ac5428ad3c6b4f6cd431e083832,4,,085aacf44ac5428ad3c6b4f6cd431e083832,root,085aacf44ac5428ad3c6b4f6cd431e083832|4|-1,635,4,1786168602699489536,1786168603105520640,1786168637145774592,24825.202504999997,11.318645492941176,34446.051174,851.0,worker_52cdd4a9,34109f2b-7084-467e-99d1-ebe9cfbb7c38,True,root,8,9,5,4,8,7
31235207041|8|9017979109|642|069d7bf5f1efb4e76e3c84510367e6af78a5::sa:subagent_005_f197f2bb|4|1786168629951863552|725,069d7bf5f1efb4e76e3c84510367e6af78a5,069d7bf5f1efb4e76e3c84510367e6af78a5,20,4.0,069d7bf5f1efb4e76e3c84510367e6af78a5::sa:subagent_005_f197f2bb,subagent,069d7bf5f1efb4e76e3c84510367e6af78a5|20|4,642,4,1786168629951863552,1786168630171177984,1786168637618961920,1693.863915,11.804630140316204,7667.0067659999995,507.0,worker_e00f4dfb,0723f5e5-6f26-4421-837b-0937f94383c6,True,subagent,8,9,4,5,7,6
31235207041|8|9017979109|633|069d7bf5f1efb4e76e3c84510367e6af78a5::sa:subagent_006_f3c26377:aux:000|0|1786168600311080960|726,069d7bf5f1efb4e76e3c84510367e6af78a5,069d7bf5f1efb4e76e3c84510367e6af78a5,21,4.0,069d7bf5f1efb4e76e3c84510367e6af78a5::sa:subagent_006_f3c26377,subagent,069d7bf5f1efb4e76e3c84510367e6af78a5|21|4,633,0,1786168600311080960,1786168622874960128,1786168639082043904,37660.867576,11.56203621875,38770.823053,97.0,worker_e00f4dfb,4952e824-3bb9-4835-82b2-e373db4b94f2,True,subagent,7,8,5,3,9,8
31235207041|8|9017979109|638|069d7bf5f1efb4e76e3c84510367e6af78a5::sa:subagent_007_6c178d8d|1|1786168628984143104|727,069d7bf5f1efb4e76e3c84510367e6af78a5,069d7bf5f1efb4e76e3c84510367e6af78a5,22,1.0,069d7bf5f1efb4e76e3c84510367e6af78a5::sa:subagent_007_6c178d8d,subagent,069d7bf5f1efb4e76e3c84510367e6af78a5|22|1,638,1,1786168628984143104,1786168629145139456,1786168639555608064,9026.561531,11.35840207352941,10571.304213,137.0,worker_e00f4dfb,0318054c-d17d-4bdd-8762-d8b1deac0c02,True,subagent,5,6,2,4,9,8
31235207041|8|9017979109|640|069d7bf5f1efb4e76e3c84510367e6af78a5::sa:subagent_008_c542722d|0|1786168629457485056|728,069d7bf5f1efb4e76e3c84510367e6af78a5,069d7bf5f1efb4e76e3c84510367e6af78a5,23,0.0,069d7bf5f1efb4e76e3c84510367e6af78a5::sa:subagent_008_c542722d,subagent,069d7bf5f1efb4e76e3c84510367e6af78a5|23|0,640,0,1786168629457485056,1786168629577224960,1786168642554907392,8508.764419,10.695799818181818,13097.262541,430.0,worker_e00f4dfb,6ae64cc7-bc1b-4a10-a989-c2b2daf86798,True,subagent,6,7,3,4,9,8
31235207041|8|9017979109|639|05f72f78a037cfa5cd4e4541960a574701d9|41|1786168629284023552|729,05f72f78a037cfa5cd4e4541960a574701d9,05f72f78a037cfa5cd4e4541960a574701d9,41,,05f72f78a037cfa5cd4e4541960a574701d9,root,05f72f78a037cfa5cd4e4541960a574701d9|41|-1,639,41,1786168629284023552,1786168629633779456,1786168643755760128,13802.213077999999,10.744228177419355,14468.355225,63.0,worker_6e24a6ae,ca159011-97c6-4957-b7c1-16db7333075a,True,root,6,7,3,4,9,8
31235207041|8|9017979109|648|069d7bf5f1efb4e76e3c84510367e6af78a5::sa:subagent_007_6c178d8d|2|1786168639844160256|730,069d7bf5f1efb4e76e3c84510367e6af78a5,069d7bf5f1efb4e76e3c84510367e6af78a5,22,2.0,069d7bf5f1efb4e76e3c84510367e6af78a5::sa:subagent_007_6c178d8d,subagent,069d7bf5f1efb4e76e3c84510367e6af78a5|22|2,648,2,1786168639844160256,1786168639997793792,1786168644126459648,964.094655,10.842670905228758,4281.951951999999,307.0,worker_e00f4dfb,1d3b2025-c215-4af7-bfc7-749cdbe0f571,True,subagent,8,9,4,5,8,7
31235207041|8|9017979109|649|069d7bf5f1efb4e76e3c84510367e6af78a5::sa:subagent_008_c542722d|1|1786168642981896704|731,069d7bf5f1efb4e76e3c84510367e6af78a5,069d7bf5f1efb4e76e3c84510367e6af78a5,23,1.0,069d7bf5f1efb4e76e3c84510367e6af78a5::sa:subagent_008_c542722d,subagent,069d7bf5f1efb4e76e3c84510367e6af78a5|23|1,649,1,1786168642981896704,1786168643102961408,1786168646521833216,730.208587,12.058081244635192,3539.741517,234.0,worker_e00f4dfb,29f3e3d5-6440-4a0a-b1d7-af90c6e585bd,True,subagent,8,9,4,5,8,7
31235207041|8|9017979109|645|069d7bf5f1efb4e76e3c84510367e6af78a5::sa:subagent_005_f197f2bb|5|1786168638214665728|732,069d7bf5f1efb4e76e3c84510367e6af78a5,069d7bf5f1efb4e76e3c84510367e6af78a5,20,5.0,069d7bf5f1efb4e76e3c84510367e6af78a5::sa:subagent_005_f197f2bb,subagent,069d7bf5f1efb4e76e3c84510367e6af78a5|20|5,645,5,1786168638214665728,1786168638469006336,1786168648030613760,4873.233356,11.996456087378641,9815.773264,413.0,worker_e00f4dfb,70731288-7968-4d98-8498-ee029927e25f,True,subagent,7,8,3,5,8,7
31235207041|8|9017979109|647|069d7bf5f1efb4e76e3c84510367e6af78a5::sa:subagent_006_f3c26377|4|1786168639083945472|733,069d7bf5f1efb4e76e3c84510367e6af78a5,069d7bf5f1efb4e76e3c84510367e6af78a5,21,5.0,069d7bf5f1efb4e76e3c84510367e6af78a5::sa:subagent_006_f3c26377,subagent,069d7bf5f1efb4e76e3c84510367e6af78a5|21|5,647,4,1786168639083945472,1786168639273439488,1786168649245495552,858.94389,10.680249251435132,10161.440988,872.0,worker_e00f4dfb,76a88cf7-a64c-452f-8e48-c607cb1bd8f8,True,subagent,8,9,4,5,8,7
31235207041|8|9017979109|651|069d7bf5f1efb4e76e3c84510367e6af78a5::sa:subagent_008_c542722d|2|1786168646929662976|734,069d7bf5f1efb4e76e3c84510367e6af78a5,069d7bf5f1efb4e76e3c84510367e6af78a5,23,2.0,069d7bf5f1efb4e76e3c84510367e6af78a5::sa:subagent_008_c542722d,subagent,069d7bf5f1efb4e76e3c84510367e6af78a5|23|2,651,2,1786168646929662976,1786168647046917888,1786168654992260096,951.446886,11.971454878787878,8062.491083999999,595.0,worker_e00f4dfb,c4a03c15-0696-4509-8ab0-6d50042b5e52,True,subagent,7,8,3,5,9,8
31235207041|8|9017979109|643|0470d446a4514dfe0c6ad0be92853bd13287::fa:009|162|1786168634683274496|735,0470d446a4514dfe0c6ad0be92853bd13287,0470d446a4514dfe0c6ad0be92853bd13287,518,,0470d446a4514dfe0c6ad0be92853bd13287,root,0470d446a4514dfe0c6ad0be92853bd13287|518|-1,643,162,1786168634683274496,1786168635009529856,1786168655494618112,8423.063236,12.0271362184466,20811.013541,1031.0,worker_4c4f3206,37d36927-23a5-4d68-9b6d-7f8752153581,True,root,8,9,4,5,9,8
31235207041|8|9017979109|644|0470d446a4514dfe0c6ad0be92853bd13287::sa:subagent_001_28e3add7|20|1786168637673545216|736,0470d446a4514dfe0c6ad0be92853bd13287,0470d446a4514dfe0c6ad0be92853bd13287,509,20.0,0470d446a4514dfe0c6ad0be92853bd13287::sa:subagent_001_28e3add7,subagent,0470d446a4514dfe0c6ad0be92853bd13287|509|20,644,20,1786168637673545216,1786168637860849408,1786168657855770368,5432.8606899999995,11.799295008,20181.97945,1251.0,worker_8a32eb3d,77fcce57-8c23-43e9-9427-d2285f115c4d,True,subagent,6,7,3,4,9,8
31235207041|8|9017979109|656|0470d446a4514dfe0c6ad0be92853bd13287::fa:009|163|1786168657170521600|737,0470d446a4514dfe0c6ad0be92853bd13287,0470d446a4514dfe0c6ad0be92853bd13287,519,,0470d446a4514dfe0c6ad0be92853bd13287,root,0470d446a4514dfe0c6ad0be92853bd13287|519|-1,656,163,1786168657170521600,1786168657472098304,1786168660094352384,1035.015543,12.028101789808916,2923.4275239999997,158.0,worker_764e719b,b4e26672-9031-4927-af52-f93d740e881a,True,root,8,9,4,5,9,8
31235207041|8|9017979109|655|069d7bf5f1efb4e76e3c84510367e6af78a5::sa:subagent_008_c542722d|3|1786168655475048704|738,069d7bf5f1efb4e76e3c84510367e6af78a5,069d7bf5f1efb4e76e3c84510367e6af78a5,23,3.0,069d7bf5f1efb4e76e3c84510367e6af78a5::sa:subagent_008_c542722d,subagent,069d7bf5f1efb4e76e3c84510367e6af78a5|23|3,655,3,1786168655475048704,1786168655635060992,1786168661076881920,772.016172,10.661662253863135,5601.749173,454.0,worker_e00f4dfb,64ea7e76-93b3-47c7-87e4-37d8e989abfb,True,subagent,8,9,4,5,8,7
31235207041|8|9017979109|650|069d7bf5f1efb4e76e3c84510367e6af78a5::sa:subagent_007_6c178d8d|3|1786168644547153920|739,069d7bf5f1efb4e76e3c84510367e6af78a5,069d7bf5f1efb4e76e3c84510367e6af78a5,22,3.0,069d7bf5f1efb4e76e3c84510367e6af78a5::sa:subagent_007_6c178d8d,subagent,069d7bf5f1efb4e76e3c84510367e6af78a5|22|3,650,3,1786168644547153920,1786168644692916992,1786168661343155712,779.43011,11.231664610526316,16784.55218,1426.0,worker_e00f4dfb,69a10e03-860b-4b6b-ac9f-719aac2320bf,True,subagent,7,8,3,5,7,6
31235207041|8|9017979109|658|069d7bf5f1efb4e76e3c84510367e6af78a5::sa:subagent_008_c542722d|4|1786168661527363584|740,069d7bf5f1efb4e76e3c84510367e6af78a5,069d7bf5f1efb4e76e3c84510367e6af78a5,23,4.0,069d7bf5f1efb4e76e3c84510367e6af78a5::sa:subagent_008_c542722d,subagent,069d7bf5f1efb4e76e3c84510367e6af78a5|23|4,658,4,1786168661527363584,1786168661705304832,1786168666229923328,860.242839,10.732434421787708,4702.4543619999995,359.0,worker_e00f4dfb,d294307a-f722-4932-bf1f-7943120faa44,True,subagent,6,7,4,3,8,7
31235207041|8|9017979109|653|069d7bf5f1efb4e76e3c84510367e6af78a5::sa:subagent_006_f3c26377|5|1786168649982104576|741,069d7bf5f1efb4e76e3c84510367e6af78a5,069d7bf5f1efb4e76e3c84510367e6af78a5,21,6.0,069d7bf5f1efb4e76e3c84510367e6af78a5::sa:subagent_006_f3c26377,subagent,069d7bf5f1efb4e76e3c84510367e6af78a5|21|6,653,5,1786168649982104576,1786168650163873024,1786168667011953152,776.485466,11.255707733379502,17029.727433,1445.0,worker_e00f4dfb,88b87b8b-1814-4bff-a4e4-410510919183,True,subagent,7,8,3,5,8,7
31235207041|8|9017979109|654|05f72f78a037cfa5cd4e4541960a574701d9|42|1786168651188115200|742,05f72f78a037cfa5cd4e4541960a574701d9,05f72f78a037cfa5cd4e4541960a574701d9,42,,05f72f78a037cfa5cd4e4541960a574701d9,root,05f72f78a037cfa5cd4e4541960a574701d9|42|-1,654,42,1786168651188115200,1786168651543393536,1786168667467849728,1321.0724089999999,11.289423615849056,16279.5587,1326.0,worker_6e24a6ae,841156a5-7838-4861-9de5-2c5d6a7c180f,True,root,8,9,4,5,7,6
31235207041|8|9017979109|657|0196085d85d2075a50b74cd8795ffbdcea9a|126|1786168659569800192|743,0196085d85d2075a50b74cd8795ffbdcea9a,0196085d85d2075a50b74cd8795ffbdcea9a,132,,0196085d85d2075a50b74cd8795ffbdcea9a,root,0196085d85d2075a50b74cd8795ffbdcea9a|132|-1,657,126,1786168659569800192,1786168661355657216,1786168672598752000,13028.372414,,13028.372414,1.0,worker_775bd273,ffba4d35-2938-40c9-8363-40e0b7ee9301,True,root,8,9,5,4,8,7
31235207041|8|9017979109|660|069d7bf5f1efb4e76e3c84510367e6af78a5::sa:subagent_008_c542722d|5|1786168666831707136|744,069d7bf5f1efb4e76e3c84510367e6af78a5,069d7bf5f1efb4e76e3c84510367e6af78a5,23,5.0,069d7bf5f1efb4e76e3c84510367e6af78a5::sa:subagent_008_c542722d,subagent,069d7bf5f1efb4e76e3c84510367e6af78a5|23|5,660,5,1786168666831707136,1786168667050094592,1786168673173679360,928.0170579999999,10.471589133462281,6341.82864,518.0,worker_e00f4dfb,418e339b-26cb-40db-a295-f70b72c689b3,True,subagent,7,8,5,3,7,6
31235207041|8|9017979109|641|085411a4cc4b15108dd9b50007261a2efb65|4|1786168629711211520|745,085411a4cc4b15108dd9b50007261a2efb65,085411a4cc4b15108dd9b50007261a2efb65,4,,085411a4cc4b15108dd9b50007261a2efb65,root,085411a4cc4b15108dd9b50007261a2efb65|4|-1,641,4,1786168629711211520,1786168630211016960,1786168674214658048,13325.56368,11.157383317465998,44499.292668999995,2795.0,worker_29a49ec4,933aaab2-a957-413f-8319-4771979704b9,True,root,7,8,4,4,7,6
31235207041|8|9017979109|659|0470d446a4514dfe0c6ad0be92853bd13287::fa:009|164|1786168661550936576|746,0470d446a4514dfe0c6ad0be92853bd13287,0470d446a4514dfe0c6ad0be92853bd13287,520,,0470d446a4514dfe0c6ad0be92853bd13287,root,0470d446a4514dfe0c6ad0be92853bd13287|520|-1,659,164,1786168661550936576,1786168672625889536,1786168674518251008,11796.155649999999,10.842849074074074,12967.18335,109.0,worker_8a32eb3d,5795f333-1431-4b2d-820d-786b4bad1273,True,root,7,8,5,3,6,5
31235207041|8|9017979109|663|069d7bf5f1efb4e76e3c84510367e6af78a5::sa:subagent_008_c542722d|6|1786168673948746240|747,069d7bf5f1efb4e76e3c84510367e6af78a5,069d7bf5f1efb4e76e3c84510367e6af78a5,23,6.0,069d7bf5f1efb4e76e3c84510367e6af78a5::sa:subagent_008_c542722d,subagent,069d7bf5f1efb4e76e3c84510367e6af78a5|23|6,663,6,1786168673948746240,1786168674151045120,1786168679985898240,2851.471536,10.0174878836478,6037.032682999999,319.0,worker_e00f4dfb,9c567637-0a34-43ed-8cc4-6717ca6f213b,True,subagent,6,7,4,3,6,5
31235207041|8|9017979109|652|069d7bf5f1efb4e76e3c84510367e6af78a5::sa:subagent_005_f197f2bb|6|1786168648594975232|748,069d7bf5f1efb4e76e3c84510367e6af78a5,069d7bf5f1efb4e76e3c84510367e6af78a5,20,6.0,069d7bf5f1efb4e76e3c84510367e6af78a5::sa:subagent_005_f197f2bb,subagent,069d7bf5f1efb4e76e3c84510367e6af78a5|20|6,652,6,1786168648594975232,1786168648794859008,1786168683558840832,27745.277464,11.623878252818034,34963.705859,622.0,worker_e00f4dfb,99a9ac05-9e4e-4177-a68f-5571b318947b,True,subagent,7,8,3,5,6,5
31235207041|8|9017979109|661|069d7bf5f1efb4e76e3c84510367e6af78a5::sa:subagent_006_f3c26377|6|1786168667693884672|749,069d7bf5f1efb4e76e3c84510367e6af78a5,069d7bf5f1efb4e76e3c84510367e6af78a5,21,7.0,069d7bf5f1efb4e76e3c84510367e6af78a5::sa:subagent_006_f3c26377,subagent,069d7bf5f1efb4e76e3c84510367e6af78a5|21|7,661,6,1786168667693884672,1786168667918189568,1786168684457441024,4969.581198,10.760826914233576,16763.447496,1097.0,worker_e00f4dfb,b37a8ec1-a766-4656-90b0-b46761163c5e,True,subagent,6,7,4,3,5,4
31235207041|8|9017979109|646|085aacf44ac5428ad3c6b4f6cd431e083832|5|1786168638568622336|750,085aacf44ac5428ad3c6b4f6cd431e083832,085aacf44ac5428ad3c6b4f6cd431e083832,5,,085aacf44ac5428ad3c6b4f6cd431e083832,root,085aacf44ac5428ad3c6b4f6cd431e083832|5|-1,646,5,1786168638568622336,1786168639055336704,1786168686216451072,36281.441526999995,11.242579285855589,47647.689184999996,1012.0,worker_52cdd4a9,e06117e4-e5fc-4b8b-8f5c-6489afc15279,True,root,8,9,4,5,7,6
31235207041|8|9017979109|662|05f72f78a037cfa5cd4e4541960a574701d9|43|1786168668573709824|751,05f72f78a037cfa5cd4e4541960a574701d9,05f72f78a037cfa5cd4e4541960a574701d9,43,,05f72f78a037cfa5cd4e4541960a574701d9,root,05f72f78a037cfa5cd4e4541960a574701d9|43|-1,662,43,1786168668573709824,1786168668931993344,1786168688217278976,18358.686692,10.784333210084034,19642.022344,120.0,worker_6e24a6ae,501ab690-bb03-4ad8-9b9d-30ea6e3f97b5,True,root,7,8,5,3,7,6
31235207041|8|9017979109|664|0470d446a4514dfe0c6ad0be92853bd13287::fa:009|165|1786168676095396864|752,0470d446a4514dfe0c6ad0be92853bd13287,0470d446a4514dfe0c6ad0be92853bd13287,521,,0470d446a4514dfe0c6ad0be92853bd13287,root,0470d446a4514dfe0c6ad0be92853bd13287|521|-1,664,165,1786168676095396864,1786168676413275648,1786168696975671552,14101.911736999999,10.776149979332274,20880.110074,630.0,worker_8a32eb3d,4b77b792-42ad-4196-8c1f-9deee22234a7,True,root,5,6,3,3,6,5
31235207041|8|9017979109|666|069d7bf5f1efb4e76e3c84510367e6af78a5::sa:subagent_005_f197f2bb|7|1786168684494524928|753,069d7bf5f1efb4e76e3c84510367e6af78a5,069d7bf5f1efb4e76e3c84510367e6af78a5,20,7.0,069d7bf5f1efb4e76e3c84510367e6af78a5::sa:subagent_005_f197f2bb,subagent,069d7bf5f1efb4e76e3c84510367e6af78a5|20|7,666,7,1786168684494524928,1786168684754162688,1786168698410343168,1869.649389,10.960926911737943,13915.708064999999,1100.0,worker_e00f4dfb,27c554f3-8b12-4fe8-ad10-10b8b7036a01,True,subagent,4,5,3,2,5,4
31235207041|8|9017979109|667|069d7bf5f1efb4e76e3c84510367e6af78a5::sa:subagent_006_f3c26377|7|1786168685107458048|754,069d7bf5f1efb4e76e3c84510367e6af78a5,069d7bf5f1efb4e76e3c84510367e6af78a5,21,8.0,069d7bf5f1efb4e76e3c84510367e6af78a5::sa:subagent_006_f3c26377,subagent,069d7bf5f1efb4e76e3c84510367e6af78a5|21|8,667,7,1786168685107458048,1786168685312675328,1786168701021156864,1790.424751,10.764690717987806,15913.698972999999,1313.0,worker_e00f4dfb,a06eea31-6de9-4124-b31b-36fda3d54c2d,True,subagent,5,6,3,3,7,6
31235207041|8|9017979109|669|085aacf44ac5428ad3c6b4f6cd431e083832|6|1786168687665099520|755,085aacf44ac5428ad3c6b4f6cd431e083832,085aacf44ac5428ad3c6b4f6cd431e083832,6,,085aacf44ac5428ad3c6b4f6cd431e083832,root,085aacf44ac5428ad3c6b4f6cd431e083832|6|-1,669,6,1786168687665099520,1786168688359699968,1786168703621534976,6408.148107,11.19218100820633,15955.078507,854.0,worker_52cdd4a9,8371a1d9-47df-4b6e-bd49-ab86c0e67168,True,root,6,7,4,3,7,6
31235207041|8|9017979109|671|069d7bf5f1efb4e76e3c84510367e6af78a5::sa:subagent_005_f197f2bb|8|1786168699260302848|756,069d7bf5f1efb4e76e3c84510367e6af78a5,069d7bf5f1efb4e76e3c84510367e6af78a5,20,8.0,069d7bf5f1efb4e76e3c84510367e6af78a5::sa:subagent_005_f197f2bb,subagent,069d7bf5f1efb4e76e3c84510367e6af78a5|20|8,671,8,1786168699260302848,1786168699529593600,1786168704859364352,1424.627379,11.531341317679557,5598.972936,363.0,worker_e00f4dfb,2156ee56-89e4-4a9a-98c0-82f46a425f39,True,subagent,5,6,3,3,6,5
31235207041|8|9017979109|668|077ea9e6554f45bbad9c24a8462bae9a8512|7|1786168685335179776|757,077ea9e6554f45bbad9c24a8462bae9a8512,077ea9e6554f45bbad9c24a8462bae9a8512,8,,077ea9e6554f45bbad9c24a8462bae9a8512,root,077ea9e6554f45bbad9c24a8462bae9a8512|8|-1,668,7,1786168685335179776,1786168685527862784,1786168707141063936,2840.659656,10.92460006451613,21805.765368,1737.0,worker_4c4f3206,860cdb38-e2dc-4429-9acf-0cb6a65b021f,True,root,6,7,4,3,7,6
31235207041|8|9017979109|674|085aacf44ac5428ad3c6b4f6cd431e083832|7|1786168705149937920|758,085aacf44ac5428ad3c6b4f6cd431e083832,085aacf44ac5428ad3c6b4f6cd431e083832,7,,085aacf44ac5428ad3c6b4f6cd431e083832,root,085aacf44ac5428ad3c6b4f6cd431e083832|7|-1,674,7,1786168705149937920,1786168705526757120,1786168707434830848,2058.08679,10.79393780952381,2284.7594839999997,22.0,worker_52cdd4a9,2ac0827d-b04a-4025-9736-1f27a14404b9,True,root,5,6,4,2,6,5
31235207041|8|9017979109|676|085aacf44ac5428ad3c6b4f6cd431e083832::aux:000|0|1786168707437152512|759,085aacf44ac5428ad3c6b4f6cd431e083832,085aacf44ac5428ad3c6b4f6cd431e083832,8,,085aacf44ac5428ad3c6b4f6cd431e083832,root,085aacf44ac5428ad3c6b4f6cd431e083832|8|-1,676,0,1786168707437152512,1786168707476189696,1786168708288119296,657.892652,10.71321672222222,850.730553,19.0,worker_52cdd4a9,c337380d-760b-4951-9b36-409230a51490,True,root,5,6,3,3,6,5
31235207041|8|9017979109|670|0470d446a4514dfe0c6ad0be92853bd13287::fa:009|166|1786168698652265472|760,0470d446a4514dfe0c6ad0be92853bd13287,0470d446a4514dfe0c6ad0be92853bd13287,522,,0470d446a4514dfe0c6ad0be92853bd13287,root,0470d446a4514dfe0c6ad0be92853bd13287|522|-1,670,166,1786168698652265472,1786168698981110528,1786168708306661888,3978.65987,12.075771774468084,9654.272604,471.0,worker_8a32eb3d,8ed2ca48-11bb-423a-ad75-cc2c6bd2d60a,True,root,4,5,3,2,5,4
31235207041|8|9017979109|673|069d7bf5f1efb4e76e3c84510367e6af78a5::sa:subagent_006_f3c26377|8|1786168702004757504|761,069d7bf5f1efb4e76e3c84510367e6af78a5,069d7bf5f1efb4e76e3c84510367e6af78a5,21,9.0,069d7bf5f1efb4e76e3c84510367e6af78a5::sa:subagent_006_f3c26377,subagent,069d7bf5f1efb4e76e3c84510367e6af78a5|21|9,673,8,1786168702004757504,1786168702224912384,1786168713282985216,884.226682,10.838202089676747,11278.062485999999,960.0,worker_e00f4dfb,f6cf5fd7-95da-42a1-b26d-76c880ca2e9e,True,subagent,6,7,4,3,6,5
31235207041|8|9017979109|678|0196085d85d2075a50b74cd8795ffbdcea9a|127|1786168711440850432|762,0196085d85d2075a50b74cd8795ffbdcea9a,0196085d85d2075a50b74cd8795ffbdcea9a,133,,0196085d85d2075a50b74cd8795ffbdcea9a,root,0196085d85d2075a50b74cd8795ffbdcea9a|133|-1,678,127,1786168711440850432,1786168713187273984,1786168713811270656,2370.280876,,2370.280876,1.0,worker_775bd273,a8e4f6fe-5852-4ecc-b0e7-9f2566f4d12f,True,root,5,6,3,3,5,4
31235207041|8|9017979109|672|05f72f78a037cfa5cd4e4541960a574701d9|44|1786168699793839104|763,05f72f78a037cfa5cd4e4541960a574701d9,05f72f78a037cfa5cd4e4541960a574701d9,44,,05f72f78a037cfa5cd4e4541960a574701d9,root,05f72f78a037cfa5cd4e4541960a574701d9|44|-1,672,44,1786168699793839104,1786168700144467712,1786168713970589440,2802.2235499999997,11.420034659638553,14176.578071,997.0,worker_6e24a6ae,0aec6b78-bb78-4b82-a6cd-44c6cbe421c9,True,root,6,7,4,3,4,3
31235207041|8|9017979109|675|069d7bf5f1efb4e76e3c84510367e6af78a5::sa:subagent_005_f197f2bb|9|1786168705677047552|764,069d7bf5f1efb4e76e3c84510367e6af78a5,069d7bf5f1efb4e76e3c84510367e6af78a5,20,9.0,069d7bf5f1efb4e76e3c84510367e6af78a5::sa:subagent_005_f197f2bb,subagent,069d7bf5f1efb4e76e3c84510367e6af78a5|20|9,675,9,1786168705677047552,1786168705982243072,1786168718750449664,1600.3605659999998,10.957655609360076,13073.025989,1048.0,worker_e00f4dfb,0e11d8cf-a1f8-4790-9b13-7afce0fb0104,True,subagent,6,7,4,3,5,4
31235207041|8|9017979109|677|0470d446a4514dfe0c6ad0be92853bd13287::fa:009|167|1786168709947282688|765,0470d446a4514dfe0c6ad0be92853bd13287,0470d446a4514dfe0c6ad0be92853bd13287,523,,0470d446a4514dfe0c6ad0be92853bd13287,root,0470d446a4514dfe0c6ad0be92853bd13287|523|-1,677,167,1786168709947282688,1786168710837424128,1786168719867791104,1617.797536,10.895760507874016,9920.367043,763.0,worker_8a32eb3d,03160715-8ae1-4889-bcd6-6496cd3819bf,True,root,4,5,2,3,5,4
31235207041|8|9017979109|665|069d7bf5f1efb4e76e3c84510367e6af78a5::sa:subagent_008_c542722d|7|1786168680616104704|766,069d7bf5f1efb4e76e3c84510367e6af78a5,069d7bf5f1efb4e76e3c84510367e6af78a5,23,7.0,069d7bf5f1efb4e76e3c84510367e6af78a5::sa:subagent_008_c542722d,subagent,069d7bf5f1efb4e76e3c84510367e6af78a5|23|7,665,7,1786168680616104704,1786168680817958144,1786168722419772160,841.8120829999999,11.008252840365493,41803.520902,3722.0,worker_e00f4dfb,cee553e1-f108-4848-b0c2-b147104efde7,True,subagent,5,6,3,3,5,4
31235207041|8|9017979109|680|05f72f78a037cfa5cd4e4541960a574701d9|45|1786168715023704064|767,05f72f78a037cfa5cd4e4541960a574701d9,05f72f78a037cfa5cd4e4541960a574701d9,45,,05f72f78a037cfa5cd4e4541960a574701d9,root,05f72f78a037cfa5cd4e4541960a574701d9|45|-1,680,45,1786168715023704064,1786168715401958400,1786168723105702656,1011.9367289999999,10.679272750755286,8081.61529,663.0,worker_6e24a6ae,8211c4b4-7fc2-4635-8c1e-55673ce548a1,True,root,4,5,2,3,4,3
31235207041|8|9017979109|681|069d7bf5f1efb4e76e3c84510367e6af78a5::sa:subagent_005_f197f2bb|10|1786168719796939008|768,069d7bf5f1efb4e76e3c84510367e6af78a5,069d7bf5f1efb4e76e3c84510367e6af78a5,20,10.0,069d7bf5f1efb4e76e3c84510367e6af78a5::sa:subagent_005_f197f2bb,subagent,069d7bf5f1efb4e76e3c84510367e6af78a5|20|10,681,10,1786168719796939008,1786168720497927936,1786168726217268480,1423.809863,10.630892810638297,6420.329484,471.0,worker_e00f4dfb,2186cd0c-7eed-4a99-8d37-cf78652143a9,True,subagent,4,5,2,3,4,3
31235207041|8|9017979109|682|0470d446a4514dfe0c6ad0be92853bd13287::fa:009|168|1786168721420699392|769,0470d446a4514dfe0c6ad0be92853bd13287,0470d446a4514dfe0c6ad0be92853bd13287,524,,0470d446a4514dfe0c6ad0be92853bd13287,root,0470d446a4514dfe0c6ad0be92853bd13287|524|-1,682,168,1786168721420699392,1786168721731229952,1786168730684279296,946.4570259999999,10.581415536895673,9263.449638,787.0,worker_8a32eb3d,97995f53-2800-4f1e-859c-424b9bf0d54e,True,root,4,5,2,3,5,4
31235207041|8|9017979109|683|05f72f78a037cfa5cd4e4541960a574701d9|46|1786168724154069760|770,05f72f78a037cfa5cd4e4541960a574701d9,05f72f78a037cfa5cd4e4541960a574701d9,46,,05f72f78a037cfa5cd4e4541960a574701d9,root,05f72f78a037cfa5cd4e4541960a574701d9|46|-1,683,46,1786168724154069760,1786168724604690432,1786168733512912896,4876.416559,10.748935465227818,9358.722647999999,418.0,worker_6e24a6ae,9330df82-1cae-4823-9269-eb4c202cd415,True,root,3,4,2,2,5,4
31235207041|8|9017979109|686|0470d446a4514dfe0c6ad0be92853bd13287::fa:009|169|1786168732261278464|771,0470d446a4514dfe0c6ad0be92853bd13287,0470d446a4514dfe0c6ad0be92853bd13287,525,,0470d446a4514dfe0c6ad0be92853bd13287,root,0470d446a4514dfe0c6ad0be92853bd13287|525|-1,686,169,1786168732261278464,1786168732636809472,1786168735187494400,1094.8253909999999,10.524475477011494,2926.084124,175.0,worker_8a32eb3d,0174c775-c6d6-4e98-9e1a-27fd7883a015,True,root,4,5,3,2,5,4
31235207041|8|9017979109|687|05f72f78a037cfa5cd4e4541960a574701d9|47|1786168734560177408|772,05f72f78a037cfa5cd4e4541960a574701d9,05f72f78a037cfa5cd4e4541960a574701d9,47,,05f72f78a037cfa5cd4e4541960a574701d9,root,05f72f78a037cfa5cd4e4541960a574701d9|47|-1,687,47,1786168734560177408,1786168734944056832,1786168736629408256,1076.25415,12.107925914634146,2069.1040749999997,83.0,worker_6e24a6ae,7ff009e4-d226-403b-9dac-3c7ec8a0653f,True,root,4,5,3,2,4,3
31235207041|8|9017979109|685|077ea9e6554f45bbad9c24a8462bae9a8512|8|1786168727346136576|773,077ea9e6554f45bbad9c24a8462bae9a8512,077ea9e6554f45bbad9c24a8462bae9a8512,9,,077ea9e6554f45bbad9c24a8462bae9a8512,root,077ea9e6554f45bbad9c24a8462bae9a8512|9|-1,685,8,1786168727346136576,1786168727815400192,1786168737507228928,3204.442552,10.524253777609681,10160.974299,662.0,worker_4c4f3206,640f10a1-ac4b-48f6-9de0-9464e1ee6fe3,True,root,4,5,3,2,4,3
31235207041|8|9017979109|679|069d7bf5f1efb4e76e3c84510367e6af78a5::sa:subagent_006_f3c26377|9|1786168714349334528|774,069d7bf5f1efb4e76e3c84510367e6af78a5,069d7bf5f1efb4e76e3c84510367e6af78a5,21,10.0,069d7bf5f1efb4e76e3c84510367e6af78a5::sa:subagent_006_f3c26377,subagent,069d7bf5f1efb4e76e3c84510367e6af78a5|21|10,679,9,1786168714349334528,1786168714609265408,1786168738155966464,954.9797679999999,10.728410540375586,23806.494219,2131.0,worker_e00f4dfb,58985721-1495-49eb-a4a0-bb96d4d5632d,True,subagent,3,4,1,3,3,2
31235207041|8|9017979109|684|069d7bf5f1efb4e76e3c84510367e6af78a5::sa:subagent_005_f197f2bb|11|1786168727237140736|775,069d7bf5f1efb4e76e3c84510367e6af78a5,069d7bf5f1efb4e76e3c84510367e6af78a5,20,11.0,069d7bf5f1efb4e76e3c84510367e6af78a5::sa:subagent_005_f197f2bb,subagent,069d7bf5f1efb4e76e3c84510367e6af78a5|20|11,684,11,1786168727237140736,1786168727561208064,1786168744367350528,1793.3486209999999,10.73248899230231,17130.075391,1430.0,worker_e00f4dfb,92822837-f2c8-4fdb-b113-b8681505f1d0,True,subagent,3,4,2,2,4,3
31235207041|8|9017979109|688|0470d446a4514dfe0c6ad0be92853bd13287::fa:009|170|1786168736797272320|776,0470d446a4514dfe0c6ad0be92853bd13287,0470d446a4514dfe0c6ad0be92853bd13287,526,,0470d446a4514dfe0c6ad0be92853bd13287,root,0470d446a4514dfe0c6ad0be92853bd13287|526|-1,688,170,1786168736797272320,1786168737126221568,1786168747360860160,1362.261773,10.200870567627495,10563.447025,903.0,worker_8a32eb3d,9c617501-a7df-4708-926e-95b3d175a081,True,root,3,4,2,2,4,3
31235207041|8|9017979109|691|069d7bf5f1efb4e76e3c84510367e6af78a5::sa:subagent_005_f197f2bb|12|1786168745287975936|777,069d7bf5f1efb4e76e3c84510367e6af78a5,069d7bf5f1efb4e76e3c84510367e6af78a5,20,12.0,069d7bf5f1efb4e76e3c84510367e6af78a5::sa:subagent_005_f197f2bb,subagent,069d7bf5f1efb4e76e3c84510367e6af78a5|20|12,691,12,1786168745287975936,1786168745638516224,1786168753440988672,1063.615294,10.612632991017962,8152.8541319999995,669.0,worker_e00f4dfb,34c348fb-f097-457e-92e1-49bfd47cf58b,True,subagent,3,4,2,2,5,4
31235207041|8|9017979109|693|0196085d85d2075a50b74cd8795ffbdcea9a|128|1786168752269442048|778,0196085d85d2075a50b74cd8795ffbdcea9a,0196085d85d2075a50b74cd8795ffbdcea9a,134,,0196085d85d2075a50b74cd8795ffbdcea9a,root,0196085d85d2075a50b74cd8795ffbdcea9a|134|-1,693,128,1786168752269442048,1786168754042880512,1786168757912485376,5639.384833,,5639.384833,1.0,worker_775bd273,f0d18e53-00be-4f4f-aa21-1f64d6a2e64b,True,root,4,5,3,2,5,4
31235207041|8|9017979109|694|069d7bf5f1efb4e76e3c84510367e6af78a5::sa:subagent_005_f197f2bb|13|1786168754373213952|779,069d7bf5f1efb4e76e3c84510367e6af78a5,069d7bf5f1efb4e76e3c84510367e6af78a5,20,13.0,069d7bf5f1efb4e76e3c84510367e6af78a5::sa:subagent_005_f197f2bb,subagent,069d7bf5f1efb4e76e3c84510367e6af78a5|20|13,694,13,1786168754373213952,1786168754704870656,1786168759010976256,1168.386636,10.840953140625,4637.491641,321.0,worker_e00f4dfb,0313ee47-90d4-4942-8dbd-70e5b9c91875,True,subagent,4,5,3,2,4,3
31235207041|8|9017979109|692|0470d446a4514dfe0c6ad0be92853bd13287::fa:009|171|1786168748941701632|780,0470d446a4514dfe0c6ad0be92853bd13287,0470d446a4514dfe0c6ad0be92853bd13287,527,,0470d446a4514dfe0c6ad0be92853bd13287,root,0470d446a4514dfe0c6ad0be92853bd13287|527|-1,692,171,1786168748941701632,1786168749251285504,1786168759237639168,2498.339292,10.799776195290857,10295.777705,723.0,worker_8a32eb3d,77231c1e-285f-42f2-8bc3-4fe602320e20,True,root,3,4,2,2,3,2
31235207041|8|9017979109|696|0470d446a4514dfe0c6ad0be92853bd13287::fa:009|172|1786168761345212160|781,0470d446a4514dfe0c6ad0be92853bd13287,0470d446a4514dfe0c6ad0be92853bd13287,528,,0470d446a4514dfe0c6ad0be92853bd13287,root,0470d446a4514dfe0c6ad0be92853bd13287|528|-1,696,172,1786168761345212160,1786168761662001152,1786168764046151168,1019.797156,11.914814517730496,2699.7860029999997,142.0,worker_8a32eb3d,e0b59e4c-f34c-4d72-9809-911f8b60a63c,True,root,3,4,2,2,4,3
31235207041|8|9017979109|695|069d7bf5f1efb4e76e3c84510367e6af78a5::sa:subagent_005_f197f2bb|14|1786168760022631936|782,069d7bf5f1efb4e76e3c84510367e6af78a5,069d7bf5f1efb4e76e3c84510367e6af78a5,20,14.0,069d7bf5f1efb4e76e3c84510367e6af78a5::sa:subagent_005_f197f2bb,subagent,069d7bf5f1efb4e76e3c84510367e6af78a5|20|14,695,14,1786168760022631936,1786168760363062784,1786168768967431936,1072.3416519999998,10.694917002717391,8943.800566,737.0,worker_e00f4dfb,1e2db5cb-376b-466b-9d50-dfa7404a84cf,True,subagent,2,3,1,2,4,3
31235207041|8|9017979109|697|0470d446a4514dfe0c6ad0be92853bd13287::fa:009|173|1786168765649453568|783,0470d446a4514dfe0c6ad0be92853bd13287,0470d446a4514dfe0c6ad0be92853bd13287,529,,0470d446a4514dfe0c6ad0be92853bd13287,root,0470d446a4514dfe0c6ad0be92853bd13287|529|-1,697,173,1786168765649453568,1786168765996034816,1786168771538338816,1108.363339,10.742495301123594,5888.773748,446.0,worker_8a32eb3d,7d29fd2b-2036-4249-bb62-da1b7ac8c099,True,root,3,4,2,2,4,3
31235207041|8|9017979109|689|069d7bf5f1efb4e76e3c84510367e6af78a5::sa:subagent_006_f3c26377|10|1786168738918538240|784,069d7bf5f1efb4e76e3c84510367e6af78a5,069d7bf5f1efb4e76e3c84510367e6af78a5,21,11.0,069d7bf5f1efb4e76e3c84510367e6af78a5::sa:subagent_006_f3c26377,subagent,069d7bf5f1efb4e76e3c84510367e6af78a5|21|11,689,10,1786168738918538240,1786168739258830080,1786168775132868608,1159.818391,10.664546277456646,36214.182004999995,3288.0,worker_e00f4dfb,c8a4949c-2244-4a31-bd08-b749d0ef9ea4,True,subagent,2,3,1,2,4,3
31235207041|8|9017979109|699|0470d446a4514dfe0c6ad0be92853bd13287::fa:009|174|1786168773150089472|785,0470d446a4514dfe0c6ad0be92853bd13287,0470d446a4514dfe0c6ad0be92853bd13287,530,,0470d446a4514dfe0c6ad0be92853bd13287,root,0470d446a4514dfe0c6ad0be92853bd13287|530|-1,699,174,1786168773150089472,1786168773474095104,1786168776682291200,1017.6438019999999,10.741611333333333,3531.1808539999997,235.0,worker_8a32eb3d,71c3c30a-a1e3-47f8-b0fe-146a0f434ca6,True,root,3,4,2,2,3,2
31235207041|8|9017979109|690|085aacf44ac5428ad3c6b4f6cd431e083832|8|1786168741787536128|786,085aacf44ac5428ad3c6b4f6cd431e083832,085aacf44ac5428ad3c6b4f6cd431e083832,9,,085aacf44ac5428ad3c6b4f6cd431e083832,root,085aacf44ac5428ad3c6b4f6cd431e083832|9|-1,690,8,1786168741787536128,1786168742175587328,1786168777862806528,1779.730157,10.683924134890965,36075.12663,3211.0,worker_52cdd4a9,a7c148c4-cdef-4bda-a999-436807f3d85c,True,root,3,4,2,2,2,1
31235207041|8|9017979109|698|069d7bf5f1efb4e76e3c84510367e6af78a5::sa:subagent_005_f197f2bb|15|1786168769990498048|787,069d7bf5f1efb4e76e3c84510367e6af78a5,069d7bf5f1efb4e76e3c84510367e6af78a5,20,15.0,069d7bf5f1efb4e76e3c84510367e6af78a5::sa:subagent_005_f197f2bb,subagent,069d7bf5f1efb4e76e3c84510367e6af78a5|20|15,698,15,1786168769990498048,1786168770406797824,1786168780750519040,1124.757647,10.658323180309734,10759.881802,905.0,worker_e00f4dfb,9cccdf5c-186c-46ec-b5ff-e34f839ccb0d,True,subagent,3,4,2,2,3,2
31235207041|8|9017979109|700|0470d446a4514dfe0c6ad0be92853bd13287::fa:009|175|1786168778511884544|788,0470d446a4514dfe0c6ad0be92853bd13287,0470d446a4514dfe0c6ad0be92853bd13287,531,,0470d446a4514dfe0c6ad0be92853bd13287,root,0470d446a4514dfe0c6ad0be92853bd13287|531|-1,700,175,1786168778511884544,1786168778848029184,1786168782019041536,1038.140307,10.687910069264069,3507.047533,232.0,worker_8a32eb3d,220a4f10-f30f-4b64-a87d-6632ef0577d0,True,root,1,2,1,1,2,1
31235207041|8|9017979109|702|0470d446a4514dfe0c6ad0be92853bd13287::fa:009|176|1786168783844620544|789,0470d446a4514dfe0c6ad0be92853bd13287,0470d446a4514dfe0c6ad0be92853bd13287,532,,0470d446a4514dfe0c6ad0be92853bd13287,root,0470d446a4514dfe0c6ad0be92853bd13287|532|-1,702,176,1786168783844620544,1786168784225146880,1786168789414304000,1039.646518,10.630089,5568.064432,427.0,worker_8a32eb3d,e3891876-6249-4bd7-8498-e85160dfd840,True,root,1,2,2,0,2,1
31235207041|8|9017979109|703|0470d446a4514dfe0c6ad0be92853bd13287::fa:009|177|1786168791054834944|790,0470d446a4514dfe0c6ad0be92853bd13287,0470d446a4514dfe0c6ad0be92853bd13287,533,,0470d446a4514dfe0c6ad0be92853bd13287,root,0470d446a4514dfe0c6ad0be92853bd13287|533|-1,703,177,1786168791054834944,1786168791382021888,1786168793663843840,981.6698269999999,10.564358272727272,2608.581001,155.0,worker_8a32eb3d,f9fead8e-49af-4a7d-a0d0-6951458cd20b,True,root,1,2,2,0,2,1
31235207041|8|9017979109|701|085aacf44ac5428ad3c6b4f6cd431e083832|9|1786168779495430400|791,085aacf44ac5428ad3c6b4f6cd431e083832,085aacf44ac5428ad3c6b4f6cd431e083832,10,,085aacf44ac5428ad3c6b4f6cd431e083832,root,085aacf44ac5428ad3c6b4f6cd431e083832|10|-1,701,9,1786168779495430400,1786168779939392512,1786168794709138176,2012.432922,10.535353802873104,15213.231237,1254.0,worker_52cdd4a9,41099e51-36d9-4fb7-b036-1e8cf7dda4b1,True,root,2,3,2,1,1,0
31235207041|8|9017979109|704|0470d446a4514dfe0c6ad0be92853bd13287::fa:009|178|1786168795294443520|792,0470d446a4514dfe0c6ad0be92853bd13287,0470d446a4514dfe0c6ad0be92853bd13287,534,,0470d446a4514dfe0c6ad0be92853bd13287,root,0470d446a4514dfe0c6ad0be92853bd13287|534|-1,704,178,1786168795294443520,1786168795693065472,1786168801162293504,1000.623311,10.65002924726477,5867.686677,458.0,worker_8a32eb3d,513f464e-740d-483a-9dd9-88f6e17ecd3f,True,root,0,1,1,0,2,1
31235207041|8|9017979109|706|0470d446a4514dfe0c6ad0be92853bd13287::fa:009|179|1786168802805510656|793,0470d446a4514dfe0c6ad0be92853bd13287,0470d446a4514dfe0c6ad0be92853bd13287,535,,0470d446a4514dfe0c6ad0be92853bd13287,root,0470d446a4514dfe0c6ad0be92853bd13287|535|-1,706,179,1786168802805510656,1786168803209832960,1786168806044838400,1062.243012,10.567692849514563,3239.187739,207.0,worker_8a32eb3d,72c1ae52-af02-4968-85c2-6edfaf70235d,True,root,1,2,2,0,2,1
31235207041|8|9017979109|705|085aacf44ac5428ad3c6b4f6cd431e083832|10|1786168796411465472|794,085aacf44ac5428ad3c6b4f6cd431e083832,085aacf44ac5428ad3c6b4f6cd431e083832,11,,085aacf44ac5428ad3c6b4f6cd431e083832,root,085aacf44ac5428ad3c6b4f6cd431e083832|11|-1,705,10,1786168796411465472,1786168796847482624,1786168836867424768,1132.5374709999999,10.480620854477612,40455.826917,3753.0,worker_52cdd4a9,18b6758c-74d5-47cc-8090-96a9eac3df2f,True,root,1,2,2,0,3,2
31235207041|8|9017979109|707|0470d446a4514dfe0c6ad0be92853bd13287::fa:009|180|1786168807700764928|795,0470d446a4514dfe0c6ad0be92853bd13287,0470d446a4514dfe0c6ad0be92853bd13287,536,,0470d446a4514dfe0c6ad0be92853bd13287,root,0470d446a4514dfe0c6ad0be92853bd13287|536|-1,707,180,1786168807700764928,1786168808338093312,1786168838920626176,29831.302668,10.680055453846155,31219.709876999998,131.0,worker_8a32eb3d,3050fbd2-263a-44e4-b62b-d983b7efb363,True,root,1,2,2,0,3,2
31235207041|8|9017979109|708|069d7bf5f1efb4e76e3c84510367e6af78a5::sa:subagent_006_f3c26377|11|1786168827078040064|796,069d7bf5f1efb4e76e3c84510367e6af78a5,069d7bf5f1efb4e76e3c84510367e6af78a5,21,12.0,069d7bf5f1efb4e76e3c84510367e6af78a5::sa:subagent_006_f3c26377,subagent,069d7bf5f1efb4e76e3c84510367e6af78a5|21|12,708,11,1786168827078040064,1786168827358538752,1786168841194763776,1489.281424,10.539407988313855,14115.492193999999,1199.0,worker_e00f4dfb,c26611e8-5a19-47dd-a3b6-5cf02bd6aaca,True,subagent,2,3,2,1,3,2
31235207041|8|9017979109|711|069d7bf5f1efb4e76e3c84510367e6af78a5::sa:subagent_006_f3c26377|12|1786168842070531328|797,069d7bf5f1efb4e76e3c84510367e6af78a5,069d7bf5f1efb4e76e3c84510367e6af78a5,21,13.0,069d7bf5f1efb4e76e3c84510367e6af78a5::sa:subagent_006_f3c26377,subagent,069d7bf5f1efb4e76e3c84510367e6af78a5|21|13,711,12,1786168842070531328,1786168842410533632,1786168846574123008,993.8845839999999,10.730088125382263,4502.623401,328.0,worker_e00f4dfb,2ebc2359-8bb1-4cd6-b2db-10d4bbb82d79,True,subagent,2,3,2,1,4,3
31235207041|8|9017979109|710|0470d446a4514dfe0c6ad0be92853bd13287::fa:009|181|1786168840712938240|798,0470d446a4514dfe0c6ad0be92853bd13287,0470d446a4514dfe0c6ad0be92853bd13287,537,,0470d446a4514dfe0c6ad0be92853bd13287,root,0470d446a4514dfe0c6ad0be92853bd13287|537|-1,710,181,1786168840712938240,1786168841324838144,1786168852602289408,1201.4470529999999,10.61329310427011,11889.033209,1008.0,worker_8a32eb3d,6c7ff6a0-953b-4140-8e5d-208343192b61,True,root,2,3,2,1,4,3
31235207041|8|9017979109|713|069d7bf5f1efb4e76e3c84510367e6af78a5::sa:subagent_006_f3c26377|13|1786168847475943680|799,069d7bf5f1efb4e76e3c84510367e6af78a5,069d7bf5f1efb4e76e3c84510367e6af78a5,21,14.0,069d7bf5f1efb4e76e3c84510367e6af78a5::sa:subagent_006_f3c26377,subagent,069d7bf5f1efb4e76e3c84510367e6af78a5|21|14,713,13,1786168847475943680,1786168847799305728,1786168852934466816,3194.291776,10.88501620673077,5458.375147,209.0,worker_e00f4dfb,90ae377b-77d9-46a1-aeb3-d5e967258fda,True,subagent,3,4,2,2,3,2
31235207041|8|9017979109|709|085aacf44ac5428ad3c6b4f6cd431e083832|11|1786168838674844672|800,085aacf44ac5428ad3c6b4f6cd431e083832,085aacf44ac5428ad3c6b4f6cd431e083832,12,,085aacf44ac5428ad3c6b4f6cd431e083832,root,085aacf44ac5428ad3c6b4f6cd431e083832|12|-1,709,11,1786168838674844672,1786168839119459072,1786168854326383104,1070.895526,10.65720994371345,15649.958729,1369.0,worker_52cdd4a9,ca8901b0-1265-40f4-ad9c-d0c4c9283dfd,True,root,2,3,2,1,3,2
31235207041|8|9017979109|712|069d7bf5f1efb4e76e3c84510367e6af78a5::sa:subagent_005_f197f2bb|16|1786168843314580480|801,069d7bf5f1efb4e76e3c84510367e6af78a5,069d7bf5f1efb4e76e3c84510367e6af78a5,20,16.0,069d7bf5f1efb4e76e3c84510367e6af78a5::sa:subagent_005_f197f2bb,subagent,069d7bf5f1efb4e76e3c84510367e6af78a5|20|16,712,16,1786168843314580480,1786168844014930432,1786168855868066816,1441.33891,10.851352095703124,12553.123456,1025.0,worker_e00f4dfb,42dd3f1c-ff70-40be-b5ad-6bc125fd4d67,True,subagent,3,4,2,2,3,2
31235207041|8|9017979109|715|0470d446a4514dfe0c6ad0be92853bd13287::fa:009|182|1786168854731389440|802,0470d446a4514dfe0c6ad0be92853bd13287,0470d446a4514dfe0c6ad0be92853bd13287,538,,0470d446a4514dfe0c6ad0be92853bd13287,root,0470d446a4514dfe0c6ad0be92853bd13287|538|-1,715,182,1786168854731389440,1786168855195216384,1786168857875078912,1118.569407,10.54707984375,3143.608737,193.0,worker_8a32eb3d,a2800018-41db-4f03-a435-53cee1fd00fb,True,root,2,3,1,2,4,3
31235207041|8|9017979109|716|085aacf44ac5428ad3c6b4f6cd431e083832|12|1786168856198489344|803,085aacf44ac5428ad3c6b4f6cd431e083832,085aacf44ac5428ad3c6b4f6cd431e083832,13,,085aacf44ac5428ad3c6b4f6cd431e083832,root,085aacf44ac5428ad3c6b4f6cd431e083832|13|-1,716,12,1786168856198489344,1786168856637463040,1786168859282649088,1197.659256,10.5339233575419,3083.2315369999997,180.0,worker_52cdd4a9,53c8840b-d23c-4ec6-b23f-9c06d3d38ff5,True,root,2,3,2,1,3,2
31235207041|8|9017979109|717|069d7bf5f1efb4e76e3c84510367e6af78a5::sa:subagent_005_f197f2bb|17|1786168856982924032|804,069d7bf5f1efb4e76e3c84510367e6af78a5,069d7bf5f1efb4e76e3c84510367e6af78a5,20,17.0,069d7bf5f1efb4e76e3c84510367e6af78a5::sa:subagent_005_f197f2bb,subagent,069d7bf5f1efb4e76e3c84510367e6af78a5|20|17,717,17,1786168856982924032,1786168857328699392,1786168861911718912,1039.432815,10.568529298913042,4928.651597,369.0,worker_e00f4dfb,5c846e42-4b68-4c97-b00a-27ca38defc17,True,subagent,3,4,2,2,4,3
31235207041|8|9017979109|718|0470d446a4514dfe0c6ad0be92853bd13287::fa:009|183|1786168859870407424|805,0470d446a4514dfe0c6ad0be92853bd13287,0470d446a4514dfe0c6ad0be92853bd13287,539,,0470d446a4514dfe0c6ad0be92853bd13287,root,0470d446a4514dfe0c6ad0be92853bd13287|539|-1,718,183,1786168859870407424,1786168860206828800,1786168868790123776,992.791312,10.443709640316204,8919.566928999999,760.0,worker_8a32eb3d,440062a9-a597-4393-bd73-60eb9c5f2b29,True,root,2,3,1,2,5,4
31235207041|8|9017979109|720|069d7bf5f1efb4e76e3c84510367e6af78a5::sa:subagent_005_f197f2bb|18|1786168863015388416|806,069d7bf5f1efb4e76e3c84510367e6af78a5,069d7bf5f1efb4e76e3c84510367e6af78a5,20,18.0,069d7bf5f1efb4e76e3c84510367e6af78a5::sa:subagent_005_f197f2bb,subagent,069d7bf5f1efb4e76e3c84510367e6af78a5|20|18,720,18,1786168863015388416,1786168863395206400,1786168872338607360,1086.366424,10.559836548717948,9323.038932,781.0,worker_e00f4dfb,f07073f5-333b-4dd2-b909-1ef5fca7b8f9,True,subagent,3,4,2,2,5,4
31235207041|8|9017979109|714|069d7bf5f1efb4e76e3c84510367e6af78a5::sa:subagent_006_f3c26377|14|1786168853822055936|807,069d7bf5f1efb4e76e3c84510367e6af78a5,069d7bf5f1efb4e76e3c84510367e6af78a5,21,15.0,069d7bf5f1efb4e76e3c84510367e6af78a5::sa:subagent_006_f3c26377,subagent,069d7bf5f1efb4e76e3c84510367e6af78a5|21|15,714,14,1786168853822055936,1786168854168233472,1786168875110035456,982.736869,10.60874824137931,21287.881003,1915.0,worker_e00f4dfb,628ddfb1-1e6a-463a-bafe-8457ec899641,True,subagent,2,3,1,2,5,4
31235207041|8|9017979109|719|085aacf44ac5428ad3c6b4f6cd431e083832|13|1786168861160317952|808,085aacf44ac5428ad3c6b4f6cd431e083832,085aacf44ac5428ad3c6b4f6cd431e083832,14,,085aacf44ac5428ad3c6b4f6cd431e083832,root,085aacf44ac5428ad3c6b4f6cd431e083832|14|-1,719,13,1786168861160317952,1786168861753447424,1786168879933817856,9652.664434999999,10.580842908352666,18773.351022,863.0,worker_52cdd4a9,1b455f82-58f9-4dd3-bfb2-439ce1f4919f,True,root,3,4,2,2,6,5
31235207041|8|9017979109|723|069d7bf5f1efb4e76e3c84510367e6af78a5::sa:subagent_005_f197f2bb|19|1786168873488977664|809,069d7bf5f1efb4e76e3c84510367e6af78a5,069d7bf5f1efb4e76e3c84510367e6af78a5,20,19.0,069d7bf5f1efb4e76e3c84510367e6af78a5::sa:subagent_005_f197f2bb,subagent,069d7bf5f1efb4e76e3c84510367e6af78a5|20|19,723,19,1786168873488977664,1786168873843172864,1786168882685939456,1429.876025,10.596161444747612,9196.862363999999,734.0,worker_e00f4dfb,14a9dc11-8a20-418a-9c02-598fcdb182d4,True,subagent,4,5,3,2,7,6
31235207041|8|9017979109|728|069d7bf5f1efb4e76e3c84510367e6af78a5::sa:subagent_005_f197f2bb|20|1786168883798415616|810,069d7bf5f1efb4e76e3c84510367e6af78a5,069d7bf5f1efb4e76e3c84510367e6af78a5,20,20.0,069d7bf5f1efb4e76e3c84510367e6af78a5::sa:subagent_005_f197f2bb,subagent,069d7bf5f1efb4e76e3c84510367e6af78a5|20|20,728,20,1786168883798415616,1786168884140512768,1786168891193282304,923.6812789999999,10.370214233974357,7394.694960999999,625.0,worker_e00f4dfb,11428a85-d418-44a2-bc42-d95647c3b364,True,subagent,6,7,5,2,8,7
31235207041|8|9017979109|721|0196085d85d2075a50b74cd8795ffbdcea9a|129|1786168866874193408|811,0196085d85d2075a50b74cd8795ffbdcea9a,0196085d85d2075a50b74cd8795ffbdcea9a,135,,0196085d85d2075a50b74cd8795ffbdcea9a,root,0196085d85d2075a50b74cd8795ffbdcea9a|135|-1,721,129,1786168866874193408,1786168868745610240,1786168898342960128,31462.902933999998,,31462.902933999998,1.0,worker_775bd273,0e118352-dd22-4d43-b5cc-41bb49814f09,True,root,4,5,3,2,8,7
31235207041|8|9017979109|729|002001296e8a8c38ad9d7cc436d691afc602|115|1786168889723345408|812,002001296e8a8c38ad9d7cc436d691afc602,002001296e8a8c38ad9d7cc436d691afc602,120,,002001296e8a8c38ad9d7cc436d691afc602,root,002001296e8a8c38ad9d7cc436d691afc602|120|-1,729,115,1786168889723345408,1786168890914824448,1786168918610662912,28887.155941999998,,28887.155941999998,1.0,worker_764e719b,ca3192e9-a3c0-477f-83ac-adbcb5abbf80,True,root,7,8,6,2,8,7
31235207041|8|9017979109|722|0470d446a4514dfe0c6ad0be92853bd13287::fa:009|184|1786168870460383744|813,0470d446a4514dfe0c6ad0be92853bd13287,0470d446a4514dfe0c6ad0be92853bd13287,540,,0470d446a4514dfe0c6ad0be92853bd13287,root,0470d446a4514dfe0c6ad0be92853bd13287|540|-1,722,184,1786168870460383744,1786168898336989952,1786168920024821504,48185.776714,10.592608015384615,49562.815755999996,131.0,worker_8a32eb3d,5171e8b1-8fef-4db1-9450-cbd8021e2843,True,root,4,5,3,2,7,6
31235207041|8|9017979109|731|05f72f78a037cfa5cd4e4541960a574701d9|48|1786168915205597440|814,05f72f78a037cfa5cd4e4541960a574701d9,05f72f78a037cfa5cd4e4541960a574701d9,48,,05f72f78a037cfa5cd4e4541960a574701d9,root,05f72f78a037cfa5cd4e4541960a574701d9|48|-1,731,48,1786168915205597440,1786168915582949888,1786168920565431552,4277.380653,10.930447636363636,5359.494968999999,100.0,worker_6e24a6ae,dc42c9fc-ee78-4276-b7b7-323304e868e2,True,root,7,8,6,2,6,5
31235207041|8|9017979109|733|002001296e8a8c38ad9d7cc436d691afc602|116|1786168923206062336|815,002001296e8a8c38ad9d7cc436d691afc602,002001296e8a8c38ad9d7cc436d691afc602,121,,002001296e8a8c38ad9d7cc436d691afc602,root,002001296e8a8c38ad9d7cc436d691afc602|121|-1,733,116,1786168923206062336,1786168924519896576,1786168926430717440,3224.529696,,3224.529696,1.0,worker_764e719b,624aa96e-cc2e-4713-af1b-6c65bb0bcc15,True,root,6,7,5,2,7,6
31235207041|8|9017979109|726|085411a4cc4b15108dd9b50007261a2efb65|5|1786168881295580672|816,085411a4cc4b15108dd9b50007261a2efb65,085411a4cc4b15108dd9b50007261a2efb65,5,,085411a4cc4b15108dd9b50007261a2efb65,root,085411a4cc4b15108dd9b50007261a2efb65|5|-1,726,5,1786168881295580672,1786168898334822400,1786168927295192320,45134.695366,10.809703012499998,45999.471607,81.0,worker_29a49ec4,0e3a9e40-a2ed-44e0-a1bc-cc2b20e128db,True,root,5,6,4,2,6,5
31235207041|8|9017979109|725|077ea9e6554f45bbad9c24a8462bae9a8512|9|1786168877742478080|817,077ea9e6554f45bbad9c24a8462bae9a8512,077ea9e6554f45bbad9c24a8462bae9a8512,10,,077ea9e6554f45bbad9c24a8462bae9a8512,root,077ea9e6554f45bbad9c24a8462bae9a8512|10|-1,725,9,1786168877742478080,1786168898315853312,1786168927571330304,43916.405372,10.59361323297491,49827.641555999995,559.0,worker_4c4f3206,4598bb1d-46a5-4ecd-b8d1-5878e4162f9c,True,root,5,6,4,2,6,5
31235207041|8|9017979109|734|085411a4cc4b15108dd9b50007261a2efb65::aux:000|0|1786168927297885440|818,085411a4cc4b15108dd9b50007261a2efb65,085411a4cc4b15108dd9b50007261a2efb65,6,,085411a4cc4b15108dd9b50007261a2efb65,root,085411a4cc4b15108dd9b50007261a2efb65|6|-1,734,0,1786168927297885440,1786168927307374336,1786168928085440512,540.32061,12.35485585,787.417727,21.0,worker_29a49ec4,46a9938b-ee84-4283-84df-bb8cd67ae84b,True,root,5,6,4,2,5,4
31235207041|8|9017979109|732|0470d446a4514dfe0c6ad0be92853bd13287::fa:009|185|1786168921814983424|819,0470d446a4514dfe0c6ad0be92853bd13287,0470d446a4514dfe0c6ad0be92853bd13287,541,,0470d446a4514dfe0c6ad0be92853bd13287,root,0470d446a4514dfe0c6ad0be92853bd13287|541|-1,732,185,1786168921814983424,1786168922177795840,1786168928538149120,4615.096251,11.036232837696334,6723.016723,192.0,worker_8a32eb3d,273d08ea-c15a-47d7-a2d2-3dbd5e04558e,True,root,5,6,4,2,4,3
31235207041|8|9017979109|724|069d7bf5f1efb4e76e3c84510367e6af78a5::sa:subagent_006_f3c26377|15|1786168876052446464|820,069d7bf5f1efb4e76e3c84510367e6af78a5,069d7bf5f1efb4e76e3c84510367e6af78a5,21,16.0,069d7bf5f1efb4e76e3c84510367e6af78a5::sa:subagent_006_f3c26377,subagent,069d7bf5f1efb4e76e3c84510367e6af78a5|21|16,724,15,1786168876052446464,1786168876366713088,1786168929053938688,1053.7831099999999,10.499664574287445,52995.623758999995,4948.0,worker_e00f4dfb,911dfdb7-2f23-4b29-8aa5-78181e5009de,True,subagent,4,5,3,2,3,2
31235207041|8|9017979109|735|0470d446a4514dfe0c6ad0be92853bd13287::fa:009|186|1786168930473276672|821,0470d446a4514dfe0c6ad0be92853bd13287,0470d446a4514dfe0c6ad0be92853bd13287,542,,0470d446a4514dfe0c6ad0be92853bd13287,root,0470d446a4514dfe0c6ad0be92853bd13287|542|-1,735,186,1786168930473276672,1786168930857233408,1786168933873519104,1396.4985359999998,9.025366288288287,3400.129852,223.0,worker_8a32eb3d,91b56fc7-5e92-470d-b3ce-9d9b4889d24f,True,root,2,3,2,1,5,4
31235207041|8|9017979109|730|069d7bf5f1efb4e76e3c84510367e6af78a5::sa:subagent_005_f197f2bb|21|1786168892418806272|822,069d7bf5f1efb4e76e3c84510367e6af78a5,069d7bf5f1efb4e76e3c84510367e6af78a5,20,21.0,069d7bf5f1efb4e76e3c84510367e6af78a5::sa:subagent_005_f197f2bb,subagent,069d7bf5f1efb4e76e3c84510367e6af78a5|20|21,730,21,1786168892418806272,1786168892770856448,1786168938675156736,42098.597146,10.525602529113923,46256.210145,396.0,worker_e00f4dfb,619e1315-72cf-4237-9b5f-00f891e797b5,True,subagent,7,8,6,2,6,5
31235207041|8|9017979109|727|085aacf44ac5428ad3c6b4f6cd431e083832|14|1786168881831824896|823,085aacf44ac5428ad3c6b4f6cd431e083832,085aacf44ac5428ad3c6b4f6cd431e083832,15,,085aacf44ac5428ad3c6b4f6cd431e083832,root,085aacf44ac5428ad3c6b4f6cd431e083832|15|-1,727,14,1786168881831824896,1786168882314695680,1786168943999518976,16504.749986,10.470717531070854,62167.549138999995,4362.0,worker_52cdd4a9,1a9c6ea8-6c75-4ff9-8cb0-63b898c43a79,True,root,6,7,5,2,6,5
31235207041|8|9017979109|737|077ea9e6554f45bbad9c24a8462bae9a8512|10|1786168932418084352|824,077ea9e6554f45bbad9c24a8462bae9a8512,077ea9e6554f45bbad9c24a8462bae9a8512,11,,077ea9e6554f45bbad9c24a8462bae9a8512,root,077ea9e6554f45bbad9c24a8462bae9a8512|11|-1,737,10,1786168932418084352,1786168933016221440,1786168946251841280,2115.713084,10.39744413398403,13833.632623,1128.0,worker_4c4f3206,c8fa9e81-2ad9-49fd-adec-64ccf603e90e,True,root,4,5,4,1,6,5
31235207041|8|9017979109|736|002001296e8a8c38ad9d7cc436d691afc602|117|1786168930804743680|825,002001296e8a8c38ad9d7cc436d691afc602,002001296e8a8c38ad9d7cc436d691afc602,122,,002001296e8a8c38ad9d7cc436d691afc602,root,002001296e8a8c38ad9d7cc436d691afc602|122|-1,736,117,1786168930804743680,1786168932054067200,1786168952614650880,21809.743666,,21809.743666,1.0,worker_764e719b,0e95bdaa-d21c-4deb-b35d-d71e2fc9894e,True,root,3,4,3,1,6,5
31235207041|8|9017979109|738|0470d446a4514dfe0c6ad0be92853bd13287::fa:009|187|1786168935602953984|826,0470d446a4514dfe0c6ad0be92853bd13287,0470d446a4514dfe0c6ad0be92853bd13287,543,,0470d446a4514dfe0c6ad0be92853bd13287,root,0470d446a4514dfe0c6ad0be92853bd13287|543|-1,738,187,1786168935602953984,1786168935949912832,1786168955013339392,17049.266473,10.634625927927928,19410.153428999998,223.0,worker_8a32eb3d,1a60d42e-0c80-4341-a1d1-cd454f330b7b,True,root,4,5,4,1,5,4
31235207041|8|9017979109|741|085aacf44ac5428ad3c6b4f6cd431e083832|15|1786168945940968448|827,085aacf44ac5428ad3c6b4f6cd431e083832,085aacf44ac5428ad3c6b4f6cd431e083832,16,,085aacf44ac5428ad3c6b4f6cd431e083832,root,085aacf44ac5428ad3c6b4f6cd431e083832|16|-1,741,15,1786168945940968448,1786168946386078464,1786168958017292288,12003.273661,11.943921666666666,12074.937190999999,7.0,worker_52cdd4a9,85c51aa7-16cf-4404-89a6-846c98d41526,True,root,5,6,5,1,6,5
31235207041|8|9017979109|743|002001296e8a8c38ad9d7cc436d691afc602|118|1786168956935650048|828,002001296e8a8c38ad9d7cc436d691afc602,002001296e8a8c38ad9d7cc436d691afc602,123,,002001296e8a8c38ad9d7cc436d691afc602,root,002001296e8a8c38ad9d7cc436d691afc602|123|-1,743,118,1786168956935650048,1786168958184484608,1786168964799753472,7859.93575,,7859.93575,1.0,worker_764e719b,056d2f64-e12d-4734-b637-17bd40cacfe7,True,root,4,5,4,1,5,4
31235207041|8|9017979109|739|0196085d85d2075a50b74cd8795ffbdcea9a|130|1786168936683011072|829,0196085d85d2075a50b74cd8795ffbdcea9a,0196085d85d2075a50b74cd8795ffbdcea9a,136,,0196085d85d2075a50b74cd8795ffbdcea9a,root,0196085d85d2075a50b74cd8795ffbdcea9a|136|-1,739,130,1786168936683011072,1786168938507823872,1786168964843492096,28160.342393,,28160.342393,1.0,worker_775bd273,21e494c6-5d1d-4b43-a9c1-a11d4abb9319,True,root,5,6,5,1,4,3
31235207041|8|9017979109|745|002001296e8a8c38ad9d7cc436d691afc602|119|1786168969807849472|830,002001296e8a8c38ad9d7cc436d691afc602,002001296e8a8c38ad9d7cc436d691afc602,124,,002001296e8a8c38ad9d7cc436d691afc602,root,002001296e8a8c38ad9d7cc436d691afc602|124|-1,745,119,1786168969807849472,1786168971027823616,1786168971679470592,1866.404319,,1866.404319,1.0,worker_764e719b,8d058148-0412-4c6b-8d1a-9fd27bd69a56,True,root,3,4,3,1,4,3
31235207041|8|9017979109|744|0470d446a4514dfe0c6ad0be92853bd13287::fa:009|188|1786168956941244416|831,0470d446a4514dfe0c6ad0be92853bd13287,0470d446a4514dfe0c6ad0be92853bd13287,544,,0470d446a4514dfe0c6ad0be92853bd13287,root,0470d446a4514dfe0c6ad0be92853bd13287|544|-1,744,188,1786168956941244416,1786168964839667456,1786168973137905664,13751.650913,9.70190575,16196.531162,253.0,worker_8a32eb3d,d1e46608-bb1f-4861-b19a-c5a0a4b9fb65,True,root,5,6,5,1,3,2
31235207041|8|9017979109|742|077ea9e6554f45bbad9c24a8462bae9a8512|11|1786168948368406784|832,077ea9e6554f45bbad9c24a8462bae9a8512,077ea9e6554f45bbad9c24a8462bae9a8512,12,,077ea9e6554f45bbad9c24a8462bae9a8512,root,077ea9e6554f45bbad9c24a8462bae9a8512|12|-1,742,11,1786168948368406784,1786168964829072896,1786168977382413056,18391.574522,10.506734818991099,29013.883424,1012.0,worker_4c4f3206,a9dc6be4-0762-411c-9a36-1a5ccc3a0cda,True,root,5,6,5,1,3,2
31235207041|8|9017979109|746|0470d446a4514dfe0c6ad0be92853bd13287::fa:009|189|1786168974952127488|833,0470d446a4514dfe0c6ad0be92853bd13287,0470d446a4514dfe0c6ad0be92853bd13287,545,,0470d446a4514dfe0c6ad0be92853bd13287,root,0470d446a4514dfe0c6ad0be92853bd13287|545|-1,746,189,1786168974952127488,1786168975275657984,1786168979601477888,1005.960796,10.558843623188405,4648.761845999999,346.0,worker_8a32eb3d,97b6a8d0-3b37-49ba-b0be-3f5d0c313960,True,root,2,3,2,1,3,2
31235207041|8|9017979109|748|0470d446a4514dfe0c6ad0be92853bd13287::fa:009|190|1786168981473134848|834,0470d446a4514dfe0c6ad0be92853bd13287,0470d446a4514dfe0c6ad0be92853bd13287,546,,0470d446a4514dfe0c6ad0be92853bd13287,root,0470d446a4514dfe0c6ad0be92853bd13287|546|-1,748,190,1786168981473134848,1786168981866450432,1786168984350108160,1100.101877,11.688087618421052,2876.691195,153.0,worker_8a32eb3d,04d928c9-ea04-4b6b-9d97-35d70295dbee,True,root,2,3,2,1,3,2
31235207041|8|9017979109|749|0470d446a4514dfe0c6ad0be92853bd13287::fa:009|191|1786168986101484544|835,0470d446a4514dfe0c6ad0be92853bd13287,0470d446a4514dfe0c6ad0be92853bd13287,547,,0470d446a4514dfe0c6ad0be92853bd13287,root,0470d446a4514dfe0c6ad0be92853bd13287|547|-1,749,191,1786168986101484544,1786168986517601280,1786168988307694336,1049.589782,10.609478733944954,2206.022964,110.0,worker_8a32eb3d,19cf3993-fa1d-4934-9154-727ece5be6d2,True,root,2,3,2,1,3,2
31235207041|8|9017979109|750|0470d446a4514dfe0c6ad0be92853bd13287::fa:009|192|1786168990097418496|836,0470d446a4514dfe0c6ad0be92853bd13287,0470d446a4514dfe0c6ad0be92853bd13287,548,,0470d446a4514dfe0c6ad0be92853bd13287,root,0470d446a4514dfe0c6ad0be92853bd13287|548|-1,750,192,1786168990097418496,1786168990563951360,1786168993146155520,1256.9708429999998,12.047165567567568,3039.9513469999997,149.0,worker_8a32eb3d,161e180a-d3ee-4211-86d6-75357d6f8700,True,root,2,3,2,1,3,2
31235207041|8|9017979109|747|077ea9e6554f45bbad9c24a8462bae9a8512|12|1786168978047297024|837,077ea9e6554f45bbad9c24a8462bae9a8512,077ea9e6554f45bbad9c24a8462bae9a8512,13,,077ea9e6554f45bbad9c24a8462bae9a8512,root,077ea9e6554f45bbad9c24a8462bae9a8512|13|-1,747,12,1786168978047297024,1786168978264044544,1786168999766684160,3536.114994,11.62604983887468,21719.256942,1565.0,worker_4c4f3206,54d69309-1a3b-4b06-b1fe-f024dfd457c9,True,root,2,3,2,1,3,2
31235207041|8|9017979109|740|069d7bf5f1efb4e76e3c84510367e6af78a5::sa:subagent_005_f197f2bb|22|1786168939812433152|838,069d7bf5f1efb4e76e3c84510367e6af78a5,069d7bf5f1efb4e76e3c84510367e6af78a5,20,22.0,069d7bf5f1efb4e76e3c84510367e6af78a5::sa:subagent_005_f197f2bb,subagent,069d7bf5f1efb4e76e3c84510367e6af78a5|20|22,740,22,1786168939812433152,1786168940185018112,1786169005904940544,18197.366959,10.840869818922588,66092.32981899999,4419.0,worker_e00f4dfb,a52b5914-0d5d-4ce5-b8d1-a34ae7d98729,True,subagent,5,6,5,1,4,3
31235207041|8|9017979109|753|0196085d85d2075a50b74cd8795ffbdcea9a|131|1786169003365359616|839,0196085d85d2075a50b74cd8795ffbdcea9a,0196085d85d2075a50b74cd8795ffbdcea9a,137,,0196085d85d2075a50b74cd8795ffbdcea9a,root,0196085d85d2075a50b74cd8795ffbdcea9a|137|-1,753,131,1786169003365359616,1786169005301256960,1786169012816464128,9450.99942,,9450.99942,1.0,worker_775bd273,9108772c-c48d-46ac-aa7a-d40462daebb7,True,root,3,4,3,1,4,3
31235207041|8|9017979109|751|0470d446a4514dfe0c6ad0be92853bd13287::fa:009|193|1786168994899457536|840,0470d446a4514dfe0c6ad0be92853bd13287,0470d446a4514dfe0c6ad0be92853bd13287,549,,0470d446a4514dfe0c6ad0be92853bd13287,root,0470d446a4514dfe0c6ad0be92853bd13287|549|-1,751,193,1786168994899457536,1786168995326698240,1786169013899674624,18056.039418,10.150454107526881,19000.03165,94.0,worker_8a32eb3d,885d7252-dac9-4300-954e-309119377ed4,True,root,2,3,2,1,3,2
31235207041|8|9017979109|752|077ea9e6554f45bbad9c24a8462bae9a8512|13|1786169000426060288|841,077ea9e6554f45bbad9c24a8462bae9a8512,077ea9e6554f45bbad9c24a8462bae9a8512,14,,077ea9e6554f45bbad9c24a8462bae9a8512,root,077ea9e6554f45bbad9c24a8462bae9a8512|14|-1,752,13,1786169000426060288,1786169000660835840,1786169014740864768,981.012524,10.45777788,14314.679321,1276.0,worker_4c4f3206,760d90d9-7963-4bfa-a786-3572783bbe05,True,root,2,3,2,1,2,1
31235207041|8|9017979109|755|077ea9e6554f45bbad9c24a8462bae9a8512|14|1786169021407047168|842,077ea9e6554f45bbad9c24a8462bae9a8512,077ea9e6554f45bbad9c24a8462bae9a8512,15,,077ea9e6554f45bbad9c24a8462bae9a8512,root,077ea9e6554f45bbad9c24a8462bae9a8512|15|-1,755,14,1786169021407047168,1786169021669348352,1786169039821333504,949.870142,10.753880235837439,18414.171645,1625.0,worker_4c4f3206,06c009ff-4e48-4f51-875a-e62e32660cc1,True,root,1,2,2,0,2,1
31235207041|8|9017979109|757|0196085d85d2075a50b74cd8795ffbdcea9a|132|1786169053225389824|843,0196085d85d2075a50b74cd8795ffbdcea9a,0196085d85d2075a50b74cd8795ffbdcea9a,138,,0196085d85d2075a50b74cd8795ffbdcea9a,root,0196085d85d2075a50b74cd8795ffbdcea9a|138|-1,757,132,1786169053225389824,1786169054954257152,1786169055608588032,2383.045498,,2383.045498,1.0,worker_775bd273,be0cbf38-2e0a-4e72-a1ab-9b295a0b36e1,True,root,2,3,3,0,3,2
31235207041|8|9017979109|756|077ea9e6554f45bbad9c24a8462bae9a8512|15|1786169040622204416|844,077ea9e6554f45bbad9c24a8462bae9a8512,077ea9e6554f45bbad9c24a8462bae9a8512,16,,077ea9e6554f45bbad9c24a8462bae9a8512,root,077ea9e6554f45bbad9c24a8462bae9a8512|16|-1,756,15,1786169040622204416,1786169040880235520,1786169071024809472,878.9890359999999,10.450792517876105,30402.477898999998,2826.0,worker_4c4f3206,44dbac5b-ed59-4432-90a0-90efdc1e1eda,True,root,1,2,2,0,2,1
31235207041|8|9017979109|758|077ea9e6554f45bbad9c24a8462bae9a8512|16|1786169075250384640|845,077ea9e6554f45bbad9c24a8462bae9a8512,077ea9e6554f45bbad9c24a8462bae9a8512,17,,077ea9e6554f45bbad9c24a8462bae9a8512,root,077ea9e6554f45bbad9c24a8462bae9a8512|17|-1,758,16,1786169075250384640,1786169075887417344,1786169083900402176,1213.489188,10.42976724684432,8649.913235,714.0,worker_4c4f3206,d2598862-13ed-49c3-9f3a-5f7eda7c562f,True,root,1,2,2,0,2,1
31235207041|8|9017979109|759|077ea9e6554f45bbad9c24a8462bae9a8512|17|1786169084733867520|846,077ea9e6554f45bbad9c24a8462bae9a8512,077ea9e6554f45bbad9c24a8462bae9a8512,18,,077ea9e6554f45bbad9c24a8462bae9a8512,root,077ea9e6554f45bbad9c24a8462bae9a8512|18|-1,759,17,1786169084733867520,1786169084999585024,1786169095150549248,1088.581266,10.38751877728285,10416.573128,899.0,worker_4c4f3206,6b44c832-2540-4396-bb4a-e063edc2a976,True,root,1,2,2,0,2,1
31235207041|8|9017979109|761|0470d446a4514dfe0c6ad0be92853bd13287::fa:009|194|1786169099053552128|847,0470d446a4514dfe0c6ad0be92853bd13287,0470d446a4514dfe0c6ad0be92853bd13287,550,,0470d446a4514dfe0c6ad0be92853bd13287,root,0470d446a4514dfe0c6ad0be92853bd13287|550|-1,761,194,1786169099053552128,1786169099469145600,1786169101060957952,1006.558629,10.42368875,2007.232749,97.0,worker_8a32eb3d,84be68c4-5439-4c26-a168-e16378c95bce,True,root,2,3,3,0,3,2
31235207041|8|9017979109|754|069d7bf5f1efb4e76e3c84510367e6af78a5|16|1786169005908820480|848,069d7bf5f1efb4e76e3c84510367e6af78a5,069d7bf5f1efb4e76e3c84510367e6af78a5,24,,069d7bf5f1efb4e76e3c84510367e6af78a5,root,069d7bf5f1efb4e76e3c84510367e6af78a5|24|-1,754,16,1786169005908820480,1786169006679800320,1786169115561039872,13244.810499,10.625736172710239,109652.114794,9074.0,worker_e00f4dfb,31e662be-e6bc-4100-8991-d95573b65486,True,root,3,4,4,0,2,1
31235207041|8|9017979109|760|077ea9e6554f45bbad9c24a8462bae9a8512|18|1786169096262766080|849,077ea9e6554f45bbad9c24a8462bae9a8512,077ea9e6554f45bbad9c24a8462bae9a8512,19,,077ea9e6554f45bbad9c24a8462bae9a8512,root,077ea9e6554f45bbad9c24a8462bae9a8512|19|-1,760,18,1786169096262766080,1786169096578026752,1786169121845883136,1009.093681,10.665681552517361,25582.823978,2305.0,worker_4c4f3206,1dca8749-f4e9-4b81-9bf5-867fd36105a4,True,root,1,2,2,0,2,1
31235207041|8|9017979109|763|0196085d85d2075a50b74cd8795ffbdcea9a|133|1786169122804446208|850,0196085d85d2075a50b74cd8795ffbdcea9a,0196085d85d2075a50b74cd8795ffbdcea9a,139,,0196085d85d2075a50b74cd8795ffbdcea9a,root,0196085d85d2075a50b74cd8795ffbdcea9a|139|-1,763,133,1786169122804446208,1786169124596867328,1786169125177744128,2373.187618,,2373.187618,1.0,worker_775bd273,38aaf0cb-ef4d-4305-8e69-9123c05006c6,True,root,1,2,2,0,2,1
31235207041|8|9017979109|764|077ea9e6554f45bbad9c24a8462bae9a8512|19|1786169125776848896|851,077ea9e6554f45bbad9c24a8462bae9a8512,077ea9e6554f45bbad9c24a8462bae9a8512,20,,077ea9e6554f45bbad9c24a8462bae9a8512,root,077ea9e6554f45bbad9c24a8462bae9a8512|20|-1,764,19,1786169125776848896,1786169126137657600,1786169133946017536,1071.297153,10.59368861641791,8169.068526,671.0,worker_4c4f3206,7b198974-d214-4470-8a49-8297995c071e,True,root,1,2,2,0,2,1
31235207041|8|9017979109|765|077ea9e6554f45bbad9c24a8462bae9a8512|20|1786169138528549888|852,077ea9e6554f45bbad9c24a8462bae9a8512,077ea9e6554f45bbad9c24a8462bae9a8512,21,,077ea9e6554f45bbad9c24a8462bae9a8512,root,077ea9e6554f45bbad9c24a8462bae9a8512|21|-1,765,20,1786169138528549888,1786169138813599232,1786169150046276608,864.5935619999999,10.362882306420232,11517.636573,1029.0,worker_4c4f3206,d6655c99-3472-4f8b-9cc7-258c91469e93,True,root,1,2,2,0,2,1
31235207041|8|9017979109|766|077ea9e6554f45bbad9c24a8462bae9a8512|21|1786169151334613760|853,077ea9e6554f45bbad9c24a8462bae9a8512,077ea9e6554f45bbad9c24a8462bae9a8512,22,,077ea9e6554f45bbad9c24a8462bae9a8512,root,077ea9e6554f45bbad9c24a8462bae9a8512|22|-1,766,21,1786169151334613760,1786169151681263616,1786169155607576064,1024.478599,10.61077995751634,4271.3772659999995,307.0,worker_4c4f3206,fcf9689a-1540-4c1f-9af4-1b45b70901be,True,root,1,2,2,0,2,1
31235207041|8|9017979109|767|002001296e8a8c38ad9d7cc436d691afc602|120|1786169155925902336|854,002001296e8a8c38ad9d7cc436d691afc602,002001296e8a8c38ad9d7cc436d691afc602,125,,002001296e8a8c38ad9d7cc436d691afc602,root,002001296e8a8c38ad9d7cc436d691afc602|125|-1,767,120,1786169155925902336,1786169157347438336,1786169158015099648,2087.4926419999997,,2087.4926419999997,1.0,worker_764e719b,416babf1-f16e-40cf-be9b-dae474844b2d,True,root,1,2,2,0,2,1
31235207041|8|9017979109|762|069d7bf5f1efb4e76e3c84510367e6af78a5|17|1786169117372203776|855,069d7bf5f1efb4e76e3c84510367e6af78a5,069d7bf5f1efb4e76e3c84510367e6af78a5,25,,069d7bf5f1efb4e76e3c84510367e6af78a5,root,069d7bf5f1efb4e76e3c84510367e6af78a5|25|-1,762,17,1786169117372203776,1786169117945126400,1786169158473620480,8769.769223,10.541736523312684,41101.27514,3068.0,worker_e00f4dfb,81331924-7752-4292-b5a6-71093cd68226,True,root,1,2,2,0,1,0
31235207041|8|9017979109|768|077ea9e6554f45bbad9c24a8462bae9a8512|22|1786169158552834560|856,077ea9e6554f45bbad9c24a8462bae9a8512,077ea9e6554f45bbad9c24a8462bae9a8512,23,,077ea9e6554f45bbad9c24a8462bae9a8512,root,077ea9e6554f45bbad9c24a8462bae9a8512|23|-1,768,22,1786169158552834560,1786169158866625280,1786169175602651648,977.866457,10.409207487046633,17049.682817,1545.0,worker_4c4f3206,3b959bde-9077-4ca7-b82d-eefdfa006395,True,root,0,1,1,0,3,2
31235207041|8|9017979109|770|0196085d85d2075a50b74cd8795ffbdcea9a|134|1786169163677352448|857,0196085d85d2075a50b74cd8795ffbdcea9a,0196085d85d2075a50b74cd8795ffbdcea9a,140,,0196085d85d2075a50b74cd8795ffbdcea9a,root,0196085d85d2075a50b74cd8795ffbdcea9a|140|-1,770,134,1786169163677352448,1786169165454961408,1786169194811775232,31134.196049,,31134.196049,1.0,worker_775bd273,db78c980-9d75-47ab-9c58-f4908220cb30,True,root,2,3,3,0,3,2
31235207041|8|9017979109|771|077ea9e6554f45bbad9c24a8462bae9a8512|23|1786169176625657344|858,077ea9e6554f45bbad9c24a8462bae9a8512,077ea9e6554f45bbad9c24a8462bae9a8512,24,,077ea9e6554f45bbad9c24a8462bae9a8512,root,077ea9e6554f45bbad9c24a8462bae9a8512|24|-1,771,23,1786169176625657344,1786169176983404032,1786169205984037376,1099.206724,10.712299186125852,29358.251977,2639.0,worker_4c4f3206,d28c7109-c25c-4934-a8f2-937a016df23e,True,root,2,3,3,0,2,1
31235207041|8|9017979109|773|05f72f78a037cfa5cd4e4541960a574701d9|49|1786169220568097792|859,05f72f78a037cfa5cd4e4541960a574701d9,05f72f78a037cfa5cd4e4541960a574701d9,49,,05f72f78a037cfa5cd4e4541960a574701d9,root,05f72f78a037cfa5cd4e4541960a574701d9|49|-1,773,49,1786169220568097792,1786169220937347072,1786169237048475392,5684.577912,10.709984608134919,16480.242396999998,1009.0,worker_6e24a6ae,5cf2a2a6-ece5-40af-a63e-7d9bc6f798c4,True,root,2,3,3,0,4,3
31235207041|8|9017979109|769|069d7bf5f1efb4e76e3c84510367e6af78a5|18|1786169160086479360|860,069d7bf5f1efb4e76e3c84510367e6af78a5,069d7bf5f1efb4e76e3c84510367e6af78a5,26,,069d7bf5f1efb4e76e3c84510367e6af78a5,root,069d7bf5f1efb4e76e3c84510367e6af78a5|26|-1,769,18,1786169160086479360,1786169160845105152,1786169248765726208,1403.029069,10.630433829232642,88678.89080699999,8211.0,worker_e00f4dfb,4a1b3037-acb0-48c0-b860-61801ad4162d,True,root,1,2,2,0,3,2
31235207041|8|9017979109|775|069d7bf5f1efb4e76e3c84510367e6af78a5|19|1786169250466143232|861,069d7bf5f1efb4e76e3c84510367e6af78a5,069d7bf5f1efb4e76e3c84510367e6af78a5,27,,069d7bf5f1efb4e76e3c84510367e6af78a5,root,069d7bf5f1efb4e76e3c84510367e6af78a5|27|-1,775,19,1786169250466143232,1786169251013725184,1786169256303885056,1271.234059,10.425571878995433,5837.634542,439.0,worker_e00f4dfb,cb308bb5-ee71-430a-9506-5ef733769d43,True,root,2,3,3,0,3,2
31235207041|8|9017979109|772|077ea9e6554f45bbad9c24a8462bae9a8512|24|1786169206911930368|862,077ea9e6554f45bbad9c24a8462bae9a8512,077ea9e6554f45bbad9c24a8462bae9a8512,25,,077ea9e6554f45bbad9c24a8462bae9a8512,root,077ea9e6554f45bbad9c24a8462bae9a8512|25|-1,772,24,1786169206911930368,1786169207251204352,1786169262323651072,936.752561,10.526236856811593,55410.028295,5176.0,worker_4c4f3206,6e8651a6-8f8e-497e-9a4a-dba796948a89,True,root,1,2,2,0,5,4
31235207041|8|9017979109|778|085411a4cc4b15108dd9b50007261a2efb65::sa:subagent_001_1e54fd0b|0|1786169260888132864|863,085411a4cc4b15108dd9b50007261a2efb65,085411a4cc4b15108dd9b50007261a2efb65,8,0.0,085411a4cc4b15108dd9b50007261a2efb65::sa:subagent_001_1e54fd0b,subagent,085411a4cc4b15108dd9b50007261a2efb65|8|0,778,0,1786169260888132864,1786169260975852800,1786169264141932800,1335.099665,10.718204916201117,3253.658345,180.0,worker_29a49ec4,39b15ea8-da0b-40ea-afad-58c194e4347f,True,subagent,4,5,4,1,5,4
31235207041|8|9017979109|780|085411a4cc4b15108dd9b50007261a2efb65::sa:subagent_003_1b859269|0|1786169266539223808|864,085411a4cc4b15108dd9b50007261a2efb65,085411a4cc4b15108dd9b50007261a2efb65,10,0.0,085411a4cc4b15108dd9b50007261a2efb65::sa:subagent_003_1b859269,subagent,085411a4cc4b15108dd9b50007261a2efb65|10|0,780,0,1786169266539223808,1786169266627212800,1786169270795790336,612.444679,10.562284910144927,4256.432973,346.0,worker_29a49ec4,d2c509a0-2c61-4fa1-b02f-1aa30f428087,True,subagent,4,5,3,2,5,4
31235207041|8|9017979109|781|085411a4cc4b15108dd9b50007261a2efb65::sa:subagent_001_1e54fd0b|1|1786169272791203072|865,085411a4cc4b15108dd9b50007261a2efb65,085411a4cc4b15108dd9b50007261a2efb65,8,1.0,085411a4cc4b15108dd9b50007261a2efb65::sa:subagent_001_1e54fd0b,subagent,085411a4cc4b15108dd9b50007261a2efb65|8|1,781,1,1786169272791203072,1786169272902146048,1786169275716698112,659.249957,10.896361763285023,2914.7968419999997,208.0,worker_29a49ec4,afcc84b3-1578-46d3-8b69-5a5ab6a06ca6,True,subagent,4,5,3,2,5,4
31235207041|8|9017979109|779|085411a4cc4b15108dd9b50007261a2efb65::sa:subagent_002_e5977449|0|1786169263590417920|866,085411a4cc4b15108dd9b50007261a2efb65,085411a4cc4b15108dd9b50007261a2efb65,9,0.0,085411a4cc4b15108dd9b50007261a2efb65::sa:subagent_002_e5977449,subagent,085411a4cc4b15108dd9b50007261a2efb65|9|0,779,0,1786169263590417920,1786169263679597824,1786169280131866368,12137.744940999999,10.790690727941175,16540.346758,409.0,worker_29a49ec4,acd07069-3188-47bb-acb1-4c981f58ebc1,True,subagent,4,5,3,2,5,4
31235207041|8|9017979109|777|069d7bf5f1efb4e76e3c84510367e6af78a5|20|1786169258047037952|867,069d7bf5f1efb4e76e3c84510367e6af78a5,069d7bf5f1efb4e76e3c84510367e6af78a5,28,,069d7bf5f1efb4e76e3c84510367e6af78a5,root,069d7bf5f1efb4e76e3c84510367e6af78a5|28|-1,777,20,1786169258047037952,1786169258689296896,1786169280547520256,17716.07347,10.7508389752809,22500.196814,446.0,worker_e00f4dfb,545cb1d4-5e0c-452e-a488-25de30dac6ec,True,root,3,4,4,0,5,4
31235207041|8|9017979109|783|085411a4cc4b15108dd9b50007261a2efb65::sa:subagent_002_e5977449|1|1786169280526986752|868,085411a4cc4b15108dd9b50007261a2efb65,085411a4cc4b15108dd9b50007261a2efb65,9,1.0,085411a4cc4b15108dd9b50007261a2efb65::sa:subagent_002_e5977449,subagent,085411a4cc4b15108dd9b50007261a2efb65|9|1,783,1,1786169280526986752,1786169280616135424,1786169283040269568,716.041883,10.890719139393939,2513.010541,166.0,worker_29a49ec4,54ef37f1-f65d-4664-a671-150cde196e44,True,subagent,4,5,3,2,6,5
31235207041|8|9017979109|784|085411a4cc4b15108dd9b50007261a2efb65::sa:subagent_001_1e54fd0b|2|1786169281773358336|869,085411a4cc4b15108dd9b50007261a2efb65,085411a4cc4b15108dd9b50007261a2efb65,8,2.0,085411a4cc4b15108dd9b50007261a2efb65::sa:subagent_001_1e54fd0b,subagent,085411a4cc4b15108dd9b50007261a2efb65|8|2,784,2,1786169281773358336,1786169281893488384,1786169284954191104,748.881441,10.760305690265486,3180.7105269999997,227.0,worker_29a49ec4,02193199-16f3-4f1a-9194-d8d0410b6d71,True,subagent,4,5,2,3,6,5
31235207041|8|9017979109|782|085411a4cc4b15108dd9b50007261a2efb65::sa:subagent_003_1b859269|1|1786169277476268800|870,085411a4cc4b15108dd9b50007261a2efb65,085411a4cc4b15108dd9b50007261a2efb65,10,1.0,085411a4cc4b15108dd9b50007261a2efb65::sa:subagent_003_1b859269,subagent,085411a4cc4b15108dd9b50007261a2efb65|10|1,782,1,1786169277476268800,1786169277616861696,1786169285055896832,1378.6704989999998,11.377337104587156,7579.319221,546.0,worker_29a49ec4,d477d80c-bc1f-42a2-af54-6d35391adc38,True,subagent,4,5,3,2,5,4
31235207041|8|9017979109|786|0470d446a4514dfe0c6ad0be92853bd13287::fa:009|195|1786169283246252032|871,0470d446a4514dfe0c6ad0be92853bd13287,0470d446a4514dfe0c6ad0be92853bd13287,551,,0470d446a4514dfe0c6ad0be92853bd13287,root,0470d446a4514dfe0c6ad0be92853bd13287|551|-1,786,195,1786169283246252032,1786169283680653568,1786169289996312832,5702.233899,11.139649606382978,6749.360962,95.0,worker_8a32eb3d,43d91927-c119-4cb8-aad5-01fbaa494102,True,root,5,6,4,2,6,5
31235207041|8|9017979109|788|085411a4cc4b15108dd9b50007261a2efb65::sa:subagent_002_e5977449|2|1786169288662094336|872,085411a4cc4b15108dd9b50007261a2efb65,085411a4cc4b15108dd9b50007261a2efb65,9,2.0,085411a4cc4b15108dd9b50007261a2efb65::sa:subagent_002_e5977449,subagent,085411a4cc4b15108dd9b50007261a2efb65|9|2,788,2,1786169288662094336,1786169288779394816,1786169291939893504,762.2736649999999,10.658507970338983,3277.681546,237.0,worker_29a49ec4,b07f6047-3162-4c0a-b7bb-8cd2df242166,True,subagent,5,6,4,2,5,4
31235207041|8|9017979109|785|069d7bf5f1efb4e76e3c84510367e6af78a5|21|1786169282432654592|873,069d7bf5f1efb4e76e3c84510367e6af78a5,069d7bf5f1efb4e76e3c84510367e6af78a5,29,,069d7bf5f1efb4e76e3c84510367e6af78a5,root,069d7bf5f1efb4e76e3c84510367e6af78a5|29|-1,785,21,1786169282432654592,1786169283098749440,1786169292438168576,1418.9818149999999,11.008183728205127,10005.365123,781.0,worker_e00f4dfb,9ef8b9bd-03a8-438e-9aaf-f520eb286e66,True,root,5,6,3,3,4,3
31235207041|8|9017979109|787|085411a4cc4b15108dd9b50007261a2efb65::sa:subagent_003_1b859269|2|1786169286074716416|874,085411a4cc4b15108dd9b50007261a2efb65,085411a4cc4b15108dd9b50007261a2efb65,10,2.0,085411a4cc4b15108dd9b50007261a2efb65::sa:subagent_003_1b859269,subagent,085411a4cc4b15108dd9b50007261a2efb65|10|2,787,2,1786169286074716416,1786169286249913856,1786169292536039168,1019.747813,10.904339448897796,6461.013198,500.0,worker_29a49ec4,1fd2ee4d-0a58-4dcc-954f-505047a2f489,True,subagent,4,5,4,1,3,2
31235207041|8|9017979109|793|085411a4cc4b15108dd9b50007261a2efb65::sa:subagent_001_1e54fd0b|3|1786169301400309248|875,085411a4cc4b15108dd9b50007261a2efb65,085411a4cc4b15108dd9b50007261a2efb65,8,3.0,085411a4cc4b15108dd9b50007261a2efb65::sa:subagent_001_1e54fd0b,subagent,085411a4cc4b15108dd9b50007261a2efb65|8|3,793,3,1786169301400309248,1786169301505305088,1786169305133067776,672.495949,10.699777391608391,3732.632283,287.0,worker_29a49ec4,56dc034d-73bc-462d-8d52-cc8f793a7433,True,subagent,6,7,4,3,7,6
31235207041|8|9017979109|790|0196085d85d2075a50b74cd8795ffbdcea9a|135|1786169294573242624|876,0196085d85d2075a50b74cd8795ffbdcea9a,0196085d85d2075a50b74cd8795ffbdcea9a,141,,0196085d85d2075a50b74cd8795ffbdcea9a,root,0196085d85d2075a50b74cd8795ffbdcea9a|141|-1,790,135,1786169294573242624,1786169296423254784,1786169306988642304,12415.246976999999,,12415.246976999999,1.0,worker_775bd273,40a7dfe9-ddab-4d22-b866-df964bb12ccd,True,root,3,4,4,0,7,6
31235207041|8|9017979109|794|085411a4cc4b15108dd9b50007261a2efb65::sa:subagent_001_1e54fd0b|4|1786169305572127488|877,085411a4cc4b15108dd9b50007261a2efb65,085411a4cc4b15108dd9b50007261a2efb65,8,4.0,085411a4cc4b15108dd9b50007261a2efb65::sa:subagent_001_1e54fd0b,subagent,085411a4cc4b15108dd9b50007261a2efb65|8|4,794,4,1786169305572127488,1786169305694106880,1786169309585422080,651.3344609999999,10.84458029032258,4013.1543509999997,311.0,worker_29a49ec4,11ebbdaa-7666-454f-925e-38a38ffdf08f,True,subagent,6,7,4,3,6,5
31235207041|8|9017979109|791|085411a4cc4b15108dd9b50007261a2efb65::sa:subagent_002_e5977449|3|1786169296953144576|878,085411a4cc4b15108dd9b50007261a2efb65,085411a4cc4b15108dd9b50007261a2efb65,9,3.0,085411a4cc4b15108dd9b50007261a2efb65::sa:subagent_002_e5977449,subagent,085411a4cc4b15108dd9b50007261a2efb65|9|3,791,3,1786169296953144576,1786169306971357696,1786169310460269312,10780.773066,10.210602689138575,13507.003983999999,268.0,worker_29a49ec4,4d33b0fc-2e5e-40a1-a69d-8c1d6683562a,True,subagent,4,5,4,1,5,4
31235207041|8|9017979109|792|085411a4cc4b15108dd9b50007261a2efb65::sa:subagent_003_1b859269|3|1786169297370205440|879,085411a4cc4b15108dd9b50007261a2efb65,085411a4cc4b15108dd9b50007261a2efb65,10,3.0,085411a4cc4b15108dd9b50007261a2efb65::sa:subagent_003_1b859269,subagent,085411a4cc4b15108dd9b50007261a2efb65|10|3,792,3,1786169297370205440,1786169297609757696,1786169310669928448,9636.873409,10.772722038235294,13299.598902,341.0,worker_29a49ec4,47d352db-ff16-42df-a35c-75e582d003bd,True,subagent,5,6,4,2,4,3
31235207041|8|9017979109|776|085aacf44ac5428ad3c6b4f6cd431e083832|16|1786169258021510400|880,085aacf44ac5428ad3c6b4f6cd431e083832,085aacf44ac5428ad3c6b4f6cd431e083832,17,,085aacf44ac5428ad3c6b4f6cd431e083832,root,085aacf44ac5428ad3c6b4f6cd431e083832|17|-1,776,16,1786169258021510400,1786169258668118016,1786169313344222208,9452.356061,10.767547148122066,55322.106911999996,4261.0,worker_52cdd4a9,8177135b-39af-4c80-9267-db30ff7230c5,True,root,2,3,3,0,6,5
31235207041|8|9017979109|795|085411a4cc4b15108dd9b50007261a2efb65::sa:subagent_002_e5977449|4|1786169311177905408|881,085411a4cc4b15108dd9b50007261a2efb65,085411a4cc4b15108dd9b50007261a2efb65,9,4.0,085411a4cc4b15108dd9b50007261a2efb65::sa:subagent_002_e5977449,subagent,085411a4cc4b15108dd9b50007261a2efb65|9|4,795,4,1786169311177905408,1786169311432259584,1786169316106238976,2096.413294,10.606226764044944,4928.275839999999,268.0,worker_29a49ec4,bad3203f-2225-4e89-b6da-6e7d03e361c8,True,subagent,3,4,3,1,5,4
31235207041|8|9017979109|797|085411a4cc4b15108dd9b50007261a2efb65::sa:subagent_001_1e54fd0b|5|1786169312203954944|882,085411a4cc4b15108dd9b50007261a2efb65,085411a4cc4b15108dd9b50007261a2efb65,8,5.0,085411a4cc4b15108dd9b50007261a2efb65::sa:subagent_001_1e54fd0b,subagent,085411a4cc4b15108dd9b50007261a2efb65|8|5,797,5,1786169312203954944,1786169312371640320,1786169316487023360,1070.467796,10.70758804,4282.744208,301.0,worker_29a49ec4,697ef75a-bba9-4b42-bd31-b030b8c69530,True,subagent,5,6,3,3,4,3
31235207041|8|9017979109|796|085411a4cc4b15108dd9b50007261a2efb65::sa:subagent_003_1b859269|4|1786169311662422272|883,085411a4cc4b15108dd9b50007261a2efb65,085411a4cc4b15108dd9b50007261a2efb65,10,4.0,085411a4cc4b15108dd9b50007261a2efb65::sa:subagent_003_1b859269,subagent,085411a4cc4b15108dd9b50007261a2efb65|10|4,796,4,1786169311662422272,1786169311898372864,1786169319289635072,2975.7067469999997,10.571240404545454,7627.052525,441.0,worker_29a49ec4,96fbc2c1-e73f-4941-b0cf-4b67408f074e,True,subagent,4,5,3,2,5,4
31235207041|8|9017979109|798|085411a4cc4b15108dd9b50007261a2efb65::sa:subagent_002_e5977449|5|1786169317075788032|884,085411a4cc4b15108dd9b50007261a2efb65,085411a4cc4b15108dd9b50007261a2efb65,9,5.0,085411a4cc4b15108dd9b50007261a2efb65::sa:subagent_002_e5977449,subagent,085411a4cc4b15108dd9b50007261a2efb65|9|5,798,5,1786169317075788032,1786169317271334912,1786169321533894656,2314.871541,10.66224652238806,4457.9830919999995,202.0,worker_29a49ec4,389584e6-5576-4715-8ced-6ddd304377ff,True,subagent,3,4,2,2,5,4
31235207041|8|9017979109|800|085411a4cc4b15108dd9b50007261a2efb65::sa:subagent_001_1e54fd0b|6|1786169320320436736|885,085411a4cc4b15108dd9b50007261a2efb65,085411a4cc4b15108dd9b50007261a2efb65,8,6.0,085411a4cc4b15108dd9b50007261a2efb65::sa:subagent_001_1e54fd0b,subagent,085411a4cc4b15108dd9b50007261a2efb65|8|6,800,6,1786169320320436736,1786169320508992512,1786169327040541184,1204.429918,11.538770453974895,6719.962195,479.0,worker_29a49ec4,d617ba86-2541-4855-95c6-a99dfc40e0a7,True,subagent,4,5,3,2,6,5
31235207041|8|9017979109|802|085411a4cc4b15108dd9b50007261a2efb65::sa:subagent_002_e5977449|6|1786169322566927616|886,085411a4cc4b15108dd9b50007261a2efb65,085411a4cc4b15108dd9b50007261a2efb65,9,6.0,085411a4cc4b15108dd9b50007261a2efb65::sa:subagent_002_e5977449,subagent,085411a4cc4b15108dd9b50007261a2efb65|9|6,802,6,1786169322566927616,1786169322826292480,1786169327761741824,1253.595939,11.870732021084336,5194.67897,333.0,worker_29a49ec4,3f40e944-a55c-448d-9d7a-0bfcdca76d09,True,subagent,5,6,3,3,5,4
31235207041|8|9017979109|801|085411a4cc4b15108dd9b50007261a2efb65::sa:subagent_003_1b859269|5|1786169321755165952|887,085411a4cc4b15108dd9b50007261a2efb65,085411a4cc4b15108dd9b50007261a2efb65,10,5.0,085411a4cc4b15108dd9b50007261a2efb65::sa:subagent_003_1b859269,subagent,085411a4cc4b15108dd9b50007261a2efb65|10|5,801,5,1786169321755165952,1786169322137911552,1786169330610446336,2918.011622,11.482581549323017,8854.506282999999,518.0,worker_29a49ec4,2f7ca83d-39fa-4075-ba9a-8a047d778fe8,True,subagent,4,5,3,2,5,4
31235207041|8|9017979109|774|085411a4cc4b15108dd9b50007261a2efb65|6|1786169228089520128|888,085411a4cc4b15108dd9b50007261a2efb65,085411a4cc4b15108dd9b50007261a2efb65,7,,085411a4cc4b15108dd9b50007261a2efb65,root,085411a4cc4b15108dd9b50007261a2efb65|7|-1,774,6,1786169228089520128,1786169228530129664,1786169331090818560,7151.913129,10.675986874693695,103000.92328999999,8979.0,worker_29a49ec4,199af8a1-e082-4447-a93e-0e774a23413e,True,root,3,4,4,0,4,3
31235207041|8|9017979109|803|085411a4cc4b15108dd9b50007261a2efb65::sa:subagent_001_1e54fd0b|7|1786169329986347776|889,085411a4cc4b15108dd9b50007261a2efb65,085411a4cc4b15108dd9b50007261a2efb65,8,7.0,085411a4cc4b15108dd9b50007261a2efb65::sa:subagent_001_1e54fd0b,subagent,085411a4cc4b15108dd9b50007261a2efb65|8|7,803,7,1786169329986347776,1786169330236890880,1786169338422988288,2891.375591,11.848546527777778,8436.495366,469.0,worker_29a49ec4,30bf2bfb-6180-4fed-a15f-098aa680d723,True,subagent,4,5,3,2,5,4
31235207041|8|9017979109|804|085411a4cc4b15108dd9b50007261a2efb65::sa:subagent_002_e5977449|7|1786169331306790912|890,085411a4cc4b15108dd9b50007261a2efb65,085411a4cc4b15108dd9b50007261a2efb65,9,7.0,085411a4cc4b15108dd9b50007261a2efb65::sa:subagent_002_e5977449,subagent,085411a4cc4b15108dd9b50007261a2efb65|9|7,804,7,1786169331306790912,1786169331571236608,1786169339518970112,4960.6356989999995,11.612113853571428,8212.027578,281.0,worker_29a49ec4,70717cd3-a602-4839-9600-4e697050c3b7,True,subagent,3,4,2,2,4,3
31235207041|8|9017979109|805|085411a4cc4b15108dd9b50007261a2efb65::sa:subagent_003_1b859269|6|1786169334469667584|891,085411a4cc4b15108dd9b50007261a2efb65,085411a4cc4b15108dd9b50007261a2efb65,10,6.0,085411a4cc4b15108dd9b50007261a2efb65::sa:subagent_003_1b859269,subagent,085411a4cc4b15108dd9b50007261a2efb65|10|6,805,6,1786169334469667584,1786169334858924032,1786169339529481984,1787.5844539999998,10.487443676282052,5059.666881,313.0,worker_29a49ec4,83896441-5958-425f-b3c8-0d492f269d13,True,subagent,4,5,2,3,3,2
31235207041|8|9017979109|808|085411a4cc4b15108dd9b50007261a2efb65::sa:subagent_001_1e54fd0b|8|1786169341814722560|892,085411a4cc4b15108dd9b50007261a2efb65,085411a4cc4b15108dd9b50007261a2efb65,8,8.0,085411a4cc4b15108dd9b50007261a2efb65::sa:subagent_001_1e54fd0b,subagent,085411a4cc4b15108dd9b50007261a2efb65|8|8,808,8,1786169341814722560,1786169341984154624,1786169347579865600,667.281744,10.44613450409836,5764.995382,489.0,worker_29a49ec4,fbc863e7-a395-4ccc-8908-37d23d303794,True,subagent,4,5,2,3,6,5
31235207041|8|9017979109|807|085411a4cc4b15108dd9b50007261a2efb65::sa:subagent_003_1b859269|7|1786169341357570560|893,085411a4cc4b15108dd9b50007261a2efb65,085411a4cc4b15108dd9b50007261a2efb65,10,7.0,085411a4cc4b15108dd9b50007261a2efb65::sa:subagent_003_1b859269,subagent,085411a4cc4b15108dd9b50007261a2efb65|10|7,807,7,1786169341357570560,1786169341736253184,1786169347708852224,3447.849989,10.996584208333333,6350.948219999999,265.0,worker_29a49ec4,83ac9396-2687-47da-8405-7b7e35458221,True,subagent,3,4,2,2,5,4
31235207041|8|9017979109|806|085411a4cc4b15108dd9b50007261a2efb65::sa:subagent_002_e5977449|8|1786169341023374848|894,085411a4cc4b15108dd9b50007261a2efb65,085411a4cc4b15108dd9b50007261a2efb65,9,8.0,085411a4cc4b15108dd9b50007261a2efb65::sa:subagent_002_e5977449,subagent,085411a4cc4b15108dd9b50007261a2efb65|9|8,806,8,1786169341023374848,1786169341317712384,1786169349041954816,2935.397197,10.907707369098711,8018.388830999999,467.0,worker_29a49ec4,7d4c3c4c-a615-4a57-a74e-5e6796330c87,True,subagent,2,3,2,1,4,3
31235207041|8|9017979109|811|085411a4cc4b15108dd9b50007261a2efb65::sa:subagent_002_e5977449|9|1786169350450924032|895,085411a4cc4b15108dd9b50007261a2efb65,085411a4cc4b15108dd9b50007261a2efb65,9,9.0,085411a4cc4b15108dd9b50007261a2efb65::sa:subagent_002_e5977449,subagent,085411a4cc4b15108dd9b50007261a2efb65|9|9,811,9,1786169350450924032,1786169350802328320,1786169354769886464,994.4569399999999,10.421327278996865,4318.860342,320.0,worker_29a49ec4,4ee4ac2f-fff4-4fae-9355-295e01a03d81,True,subagent,4,5,3,2,6,5
31235207041|8|9017979109|809|0196085d85d2075a50b74cd8795ffbdcea9a|136|1786169347033632000|896,0196085d85d2075a50b74cd8795ffbdcea9a,0196085d85d2075a50b74cd8795ffbdcea9a,142,,0196085d85d2075a50b74cd8795ffbdcea9a,root,0196085d85d2075a50b74cd8795ffbdcea9a|142|-1,809,136,1786169347033632000,1786169348856073728,1786169357962366464,10924.378455,,10924.378455,1.0,worker_775bd273,190a99c3-7f7c-4317-aad3-5b8dbb2cfaaf,True,root,5,6,3,3,6,5
31235207041|8|9017979109|813|085411a4cc4b15108dd9b50007261a2efb65::sa:subagent_002_e5977449|10|1786169356490780416|897,085411a4cc4b15108dd9b50007261a2efb65,085411a4cc4b15108dd9b50007261a2efb65,9,10.0,085411a4cc4b15108dd9b50007261a2efb65::sa:subagent_002_e5977449,subagent,085411a4cc4b15108dd9b50007261a2efb65|9|10,813,10,1786169356490780416,1786169357608698880,1786169363626270464,2480.0321519999998,10.626911226027397,7134.619269,439.0,worker_29a49ec4,6e02d0fe-6570-4fcf-9d26-52f107736c13,True,subagent,5,6,3,3,5,4
31235207041|8|9017979109|810|085411a4cc4b15108dd9b50007261a2efb65::sa:subagent_003_1b859269|8|1786169349675654656|898,085411a4cc4b15108dd9b50007261a2efb65,085411a4cc4b15108dd9b50007261a2efb65,10,8.0,085411a4cc4b15108dd9b50007261a2efb65::sa:subagent_003_1b859269,subagent,085411a4cc4b15108dd9b50007261a2efb65|10|8,810,8,1786169349675654656,1786169350538189056,1786169364911694592,7926.966748,10.607313230769229,15235.405563999999,690.0,worker_29a49ec4,67e09b39-ad69-4da2-a1f9-ba4dd9b42306,True,subagent,3,4,3,1,4,3
31235207041|8|9017979109|815|085411a4cc4b15108dd9b50007261a2efb65::sa:subagent_003_1b859269|9|1786169367126078976|899,085411a4cc4b15108dd9b50007261a2efb65,085411a4cc4b15108dd9b50007261a2efb65,10,9.0,085411a4cc4b15108dd9b50007261a2efb65::sa:subagent_003_1b859269,subagent,085411a4cc4b15108dd9b50007261a2efb65|10|9,815,9,1786169367126078976,1786169367578152192,1786169376462654464,1095.5772319999999,10.431805650190114,9326.27189,790.0,worker_29a49ec4,ce2b74ef-5c67-44b6-9515-edf09d25ff44,True,subagent,4,5,2,3,5,4
31235207041|8|9017979109|799|085aacf44ac5428ad3c6b4f6cd431e083832|17|1786169318599095296|900,085aacf44ac5428ad3c6b4f6cd431e083832,085aacf44ac5428ad3c6b4f6cd431e083832,18,,085aacf44ac5428ad3c6b4f6cd431e083832,root,085aacf44ac5428ad3c6b4f6cd431e083832|18|-1,799,17,1786169318599095296,1786169319192545536,1786169380484132864,3644.432594,10.920441636789798,61883.147843,5334.0,worker_52cdd4a9,f510869c-d3ab-49b0-98b9-4da4216b7633,True,root,4,5,3,2,5,4
31235207041|8|9017979109|812|085411a4cc4b15108dd9b50007261a2efb65::sa:subagent_001_1e54fd0b|9|1786169352390475520|901,085411a4cc4b15108dd9b50007261a2efb65,085411a4cc4b15108dd9b50007261a2efb65,8,9.0,085411a4cc4b15108dd9b50007261a2efb65::sa:subagent_001_1e54fd0b,subagent,085411a4cc4b15108dd9b50007261a2efb65|8|9,812,9,1786169352390475520,1786169352664632320,1786169385251009536,28734.492658,10.800700039267015,32860.360072999996,383.0,worker_29a49ec4,36c619e7-169c-40de-85ce-60ce1a2db483,True,subagent,5,6,3,3,5,4
31235207041|8|9017979109|816|085411a4cc4b15108dd9b50007261a2efb65::sa:subagent_003_1b859269|10|1786169378569766144|902,085411a4cc4b15108dd9b50007261a2efb65,085411a4cc4b15108dd9b50007261a2efb65,10,10.0,085411a4cc4b15108dd9b50007261a2efb65::sa:subagent_003_1b859269,subagent,085411a4cc4b15108dd9b50007261a2efb65|10|10,816,10,1786169378569766144,1786169379116975872,1786169386109442304,1259.27723,10.467068828333332,7539.518526999999,601.0,worker_29a49ec4,f709805a-093b-4324-829c-617dfa84e4eb,True,subagent,4,5,2,3,4,3
31235207041|8|9017979109|789|069d7bf5f1efb4e76e3c84510367e6af78a5|22|1786169294213968640|903,069d7bf5f1efb4e76e3c84510367e6af78a5,069d7bf5f1efb4e76e3c84510367e6af78a5,30,,069d7bf5f1efb4e76e3c84510367e6af78a5,root,069d7bf5f1efb4e76e3c84510367e6af78a5|30|-1,789,22,1786169294213968640,1786169294848996096,1786169391056357632,41480.76281,10.823075797067448,96840.795512,5116.0,worker_e00f4dfb,aff3bcc0-28c9-4829-941e-c613360f87e2,True,root,2,3,3,0,4,3
31235207041|8|9017979109|814|085411a4cc4b15108dd9b50007261a2efb65::sa:subagent_002_e5977449|11|1786169365427515392|904,085411a4cc4b15108dd9b50007261a2efb65,085411a4cc4b15108dd9b50007261a2efb65,9,11.0,085411a4cc4b15108dd9b50007261a2efb65::sa:subagent_002_e5977449,subagent,085411a4cc4b15108dd9b50007261a2efb65|9|11,814,11,1786169365427515392,1786169365807397120,1786169394120667648,27262.661476999998,10.834177977272725,28692.772969999998,133.0,worker_29a49ec4,c25bdf61-0849-4116-be2c-e6f860dc56b9,True,subagent,3,4,2,2,5,4
31235207041|8|9017979109|818|085411a4cc4b15108dd9b50007261a2efb65::sa:subagent_003_1b859269|11|1786169388260482304|905,085411a4cc4b15108dd9b50007261a2efb65,085411a4cc4b15108dd9b50007261a2efb65,10,11.0,085411a4cc4b15108dd9b50007261a2efb65::sa:subagent_003_1b859269,subagent,085411a4cc4b15108dd9b50007261a2efb65|10|11,818,11,1786169388260482304,1786169388792452608,1786169395397129728,4395.242333,10.87681584126984,7136.199925,253.0,worker_29a49ec4,59afb07e-5c95-4ce8-83dc-8e44f2c9fb81,True,subagent,3,4,2,2,4,3
31235207041|8|9017979109|819|085411a4cc4b15108dd9b50007261a2efb65::sa:subagent_001_1e54fd0b|10|1786169391379248384|906,085411a4cc4b15108dd9b50007261a2efb65,085411a4cc4b15108dd9b50007261a2efb65,8,10.0,085411a4cc4b15108dd9b50007261a2efb65::sa:subagent_001_1e54fd0b,subagent,085411a4cc4b15108dd9b50007261a2efb65|8|10,819,10,1786169391379248384,1786169391557366272,1786169395398383616,736.686522,10.904626963455149,4018.979238,302.0,worker_29a49ec4,a63d2712-29a1-410d-a5c7-b0343acf34ff,True,subagent,3,4,1,3,3,2
31235207041|8|9017979109|821|085411a4cc4b15108dd9b50007261a2efb65::sa:subagent_002_e5977449|12|1786169396054761728|907,085411a4cc4b15108dd9b50007261a2efb65,085411a4cc4b15108dd9b50007261a2efb65,9,12.0,085411a4cc4b15108dd9b50007261a2efb65::sa:subagent_002_e5977449,subagent,085411a4cc4b15108dd9b50007261a2efb65|9|12,821,12,1786169396054761728,1786169396412625920,1786169398813053440,1064.469104,10.997999902597403,2758.1610889999997,155.0,worker_29a49ec4,e4be8330-2c67-4ca1-af38-b78872d9ccb6,True,subagent,2,3,2,1,6,5
31235207041|8|9017979109|824|085411a4cc4b15108dd9b50007261a2efb65::sa:subagent_001_1e54fd0b|11|1786169398344498176|908,085411a4cc4b15108dd9b50007261a2efb65,085411a4cc4b15108dd9b50007261a2efb65,8,11.0,085411a4cc4b15108dd9b50007261a2efb65::sa:subagent_001_1e54fd0b,subagent,085411a4cc4b15108dd9b50007261a2efb65|8|11,824,11,1786169398344498176,1786169398620247808,1786169401490505984,877.852891,10.697884311320756,3145.804365,213.0,worker_29a49ec4,38f1a8ee-77cb-48f1-934b-358e2001030e,True,subagent,5,6,3,3,6,5
31235207041|8|9017979109|823|085411a4cc4b15108dd9b50007261a2efb65::sa:subagent_003_1b859269|12|1786169397601383168|909,085411a4cc4b15108dd9b50007261a2efb65,085411a4cc4b15108dd9b50007261a2efb65,10,12.0,085411a4cc4b15108dd9b50007261a2efb65::sa:subagent_003_1b859269,subagent,085411a4cc4b15108dd9b50007261a2efb65|10|12,823,12,1786169397601383168,1786169398150959872,1786169405957258496,3283.5095969999998,9.984701299212599,8355.737857,509.0,worker_29a49ec4,8c65bfb8-baf9-4610-9cb0-1170798881bf,True,subagent,4,5,3,2,6,5
31235207041|8|9017979109|822|0196085d85d2075a50b74cd8795ffbdcea9a|137|1786169396251661568|910,0196085d85d2075a50b74cd8795ffbdcea9a,0196085d85d2075a50b74cd8795ffbdcea9a,143,,0196085d85d2075a50b74cd8795ffbdcea9a,root,0196085d85d2075a50b74cd8795ffbdcea9a|143|-1,822,137,1786169396251661568,1786169398371755264,1786169428356757504,32098.067584,,32098.067584,1.0,worker_775bd273,fb096b35-9683-4d50-af22-db4caf7b6dc4,True,root,3,4,3,1,6,5
31235207041|8|9017979109|826|085411a4cc4b15108dd9b50007261a2efb65::sa:subagent_001_1e54fd0b|12|1786169402350644480|911,085411a4cc4b15108dd9b50007261a2efb65,085411a4cc4b15108dd9b50007261a2efb65,8,12.0,085411a4cc4b15108dd9b50007261a2efb65::sa:subagent_001_1e54fd0b,subagent,085411a4cc4b15108dd9b50007261a2efb65|8|12,826,12,1786169402350644480,1786169402570396416,1786169430620525568,25998.651716999997,10.36881102739726,28269.421331999998,220.0,worker_29a49ec4,8512e815-4773-41e1-94fb-47e692271684,True,subagent,5,6,3,3,5,4
31235207041|8|9017979109|817|085aacf44ac5428ad3c6b4f6cd431e083832|18|1786169382678882304|912,085aacf44ac5428ad3c6b4f6cd431e083832,085aacf44ac5428ad3c6b4f6cd431e083832,19,,085aacf44ac5428ad3c6b4f6cd431e083832,root,085aacf44ac5428ad3c6b4f6cd431e083832|19|-1,817,18,1786169382678882304,1786169383208789504,1786169431761596672,9911.039529,10.507384575375536,49082.569226,3729.0,worker_52cdd4a9,32119bbb-9c75-4335-97ad-b7971a974fda,True,root,4,5,2,3,5,4
31235207041|8|9017979109|825|085411a4cc4b15108dd9b50007261a2efb65::sa:subagent_002_e5977449|13|1786169400371948288|913,085411a4cc4b15108dd9b50007261a2efb65,085411a4cc4b15108dd9b50007261a2efb65,9,13.0,085411a4cc4b15108dd9b50007261a2efb65::sa:subagent_002_e5977449,subagent,085411a4cc4b15108dd9b50007261a2efb65|9|13,825,13,1786169400371948288,1786169428227976192,1786169433803581952,28545.077221,10.810749659292034,33431.536067,453.0,worker_29a49ec4,42d2d921-5f21-4d19-b4a1-fbaabdda3e28,True,subagent,5,6,3,3,4,3
31235207041|8|9017979109|828|085411a4cc4b15108dd9b50007261a2efb65::sa:subagent_001_1e54fd0b|13|1786169431502093568|914,085411a4cc4b15108dd9b50007261a2efb65,085411a4cc4b15108dd9b50007261a2efb65,8,13.0,085411a4cc4b15108dd9b50007261a2efb65::sa:subagent_001_1e54fd0b,subagent,085411a4cc4b15108dd9b50007261a2efb65|8|13,828,13,1786169431502093568,1786169431720692224,1786169433931496960,797.834873,10.876158226666666,2429.2586069999998,151.0,worker_29a49ec4,741542d7-cbc1-49f3-a594-b337a07b51a5,True,subagent,4,5,2,3,4,3
31235207041|8|9017979109|827|085411a4cc4b15108dd9b50007261a2efb65::sa:subagent_003_1b859269|13|1786169408510165504|915,085411a4cc4b15108dd9b50007261a2efb65,085411a4cc4b15108dd9b50007261a2efb65,10,13.0,085411a4cc4b15108dd9b50007261a2efb65::sa:subagent_003_1b859269,subagent,085411a4cc4b15108dd9b50007261a2efb65|10|13,827,13,1786169408510165504,1786169409110926848,1786169436620510720,19838.856603,10.496386810913705,28110.00941,789.0,worker_29a49ec4,08328522-b63c-42d2-87e3-63cb1afdccad,True,subagent,5,6,3,3,4,3
31235207041|8|9017979109|830|085411a4cc4b15108dd9b50007261a2efb65::sa:subagent_001_1e54fd0b|14|1786169435435015168|916,085411a4cc4b15108dd9b50007261a2efb65,085411a4cc4b15108dd9b50007261a2efb65,8,14.0,085411a4cc4b15108dd9b50007261a2efb65::sa:subagent_001_1e54fd0b,subagent,085411a4cc4b15108dd9b50007261a2efb65|8|14,830,14,1786169435435015168,1786169435734489600,1786169440313973504,1269.630297,10.371248212643676,4878.824675,349.0,worker_29a49ec4,0a6a4b48-cb05-49ee-a751-948e62563f49,True,subagent,3,4,2,2,5,4
31235207041|8|9017979109|833|085411a4cc4b15108dd9b50007261a2efb65::sa:subagent_001_1e54fd0b|15|1786169441429884416|917,085411a4cc4b15108dd9b50007261a2efb65,085411a4cc4b15108dd9b50007261a2efb65,8,15.0,085411a4cc4b15108dd9b50007261a2efb65::sa:subagent_001_1e54fd0b,subagent,085411a4cc4b15108dd9b50007261a2efb65|8|15,833,15,1786169441429884416,1786169441760232448,1786169445529130240,2955.095053,10.400152309090908,4099.111807,111.0,worker_29a49ec4,91ae07cd-bff4-400f-b17c-d6aa4341e64b,True,subagent,4,5,2,3,5,4
31235207041|8|9017979109|831|085411a4cc4b15108dd9b50007261a2efb65::sa:subagent_002_e5977449|14|1786169438905763328|918,085411a4cc4b15108dd9b50007261a2efb65,085411a4cc4b15108dd9b50007261a2efb65,9,14.0,085411a4cc4b15108dd9b50007261a2efb65::sa:subagent_002_e5977449,subagent,085411a4cc4b15108dd9b50007261a2efb65|9|14,831,14,1786169438905763328,1786169439279380736,1786169446108161280,4962.299822999999,10.768763567307692,7202.202644999999,209.0,worker_29a49ec4,679ec3f8-5604-416c-ae95-bf2ed232ed2b,True,subagent,3,4,2,2,4,3
31235207041|8|9017979109|834|085411a4cc4b15108dd9b50007261a2efb65::sa:subagent_001_1e54fd0b|16|1786169446829927424|919,085411a4cc4b15108dd9b50007261a2efb65,085411a4cc4b15108dd9b50007261a2efb65,8,16.0,085411a4cc4b15108dd9b50007261a2efb65::sa:subagent_001_1e54fd0b,subagent,085411a4cc4b15108dd9b50007261a2efb65|8|16,834,16,1786169446829927424,1786169447109664512,1786169449912537856,1357.721556,10.983584184713376,3082.144273,158.0,worker_29a49ec4,88425414-0407-459c-962f-04f5f3c5af6a,True,subagent,3,4,2,2,5,4
31235207041|8|9017979109|835|085411a4cc4b15108dd9b50007261a2efb65::sa:subagent_002_e5977449|15|1786169447766980608|920,085411a4cc4b15108dd9b50007261a2efb65,085411a4cc4b15108dd9b50007261a2efb65,9,15.0,085411a4cc4b15108dd9b50007261a2efb65::sa:subagent_002_e5977449,subagent,085411a4cc4b15108dd9b50007261a2efb65|9|15,835,15,1786169447766980608,1786169448145393152,1786169450842670080,966.065126,10.547349794999999,3075.535085,201.0,worker_29a49ec4,e14c4114-3e54-44a9-8f20-bc9503c4cb2b,True,subagent,4,5,2,3,4,3
31235207041|8|9017979109|832|085411a4cc4b15108dd9b50007261a2efb65::sa:subagent_003_1b859269|14|1786169439530066688|921,085411a4cc4b15108dd9b50007261a2efb65,085411a4cc4b15108dd9b50007261a2efb65,10,14.0,085411a4cc4b15108dd9b50007261a2efb65::sa:subagent_003_1b859269,subagent,085411a4cc4b15108dd9b50007261a2efb65|10|14,832,14,1786169439530066688,1786169440070481920,1786169452584262912,8693.279664,10.874367334164587,13053.900964999999,402.0,worker_29a49ec4,0d1d3b53-c7a3-4e47-a18c-d01e2e91d316,True,subagent,4,5,2,3,4,3
31235207041|8|9017979109|836|085411a4cc4b15108dd9b50007261a2efb65::sa:subagent_002_e5977449|16|1786169452492690944|922,085411a4cc4b15108dd9b50007261a2efb65,085411a4cc4b15108dd9b50007261a2efb65,9,16.0,085411a4cc4b15108dd9b50007261a2efb65::sa:subagent_002_e5977449,subagent,085411a4cc4b15108dd9b50007261a2efb65|9|16,836,16,1786169452492690944,1786169452901775104,1786169455337121024,1139.50512,10.850712713375795,2843.067016,158.0,worker_29a49ec4,e1a6de35-583c-46d2-ba2a-9369e3f13d5d,True,subagent,3,4,2,2,5,4
31235207041|8|9017979109|820|069d7bf5f1efb4e76e3c84510367e6af78a5|23|1786169392913616640|923,069d7bf5f1efb4e76e3c84510367e6af78a5,069d7bf5f1efb4e76e3c84510367e6af78a5,31,,069d7bf5f1efb4e76e3c84510367e6af78a5,root,069d7bf5f1efb4e76e3c84510367e6af78a5|31|-1,820,23,1786169392913616640,1786169393650780928,1786169473208696064,1479.5497329999998,10.610583160743134,80294.961451,7429.0,worker_e00f4dfb,6fe629bd-a855-4a84-8f01-d165f87f69f9,True,root,4,5,2,3,7,6
31235207041|8|9017979109|837|085411a4cc4b15108dd9b50007261a2efb65::sa:subagent_001_1e54fd0b|17|1786169452859824896|924,085411a4cc4b15108dd9b50007261a2efb65,085411a4cc4b15108dd9b50007261a2efb65,8,17.0,085411a4cc4b15108dd9b50007261a2efb65::sa:subagent_001_1e54fd0b,subagent,085411a4cc4b15108dd9b50007261a2efb65|8|17,837,17,1786169452859824896,1786169453237043456,1786169475281508608,21183.366899999997,10.766750947826086,22421.543259,116.0,worker_29a49ec4,c7ef9b37-2d0c-4e92-bc73-f9ce08ec7a20,True,subagent,3,4,2,2,6,5
31235207041|8|9017979109|840|002001296e8a8c38ad9d7cc436d691afc602|121|1786169458020855552|925,002001296e8a8c38ad9d7cc436d691afc602,002001296e8a8c38ad9d7cc436d691afc602,126,,002001296e8a8c38ad9d7cc436d691afc602,root,002001296e8a8c38ad9d7cc436d691afc602|126|-1,840,121,1786169458020855552,1786169459282171904,1786169480487446784,22466.453445,,22466.453445,1.0,worker_764e719b,e0132a1a-e0cf-465e-879a-12fe05f61744,True,root,5,6,3,3,7,6
31235207041|8|9017979109|841|0196085d85d2075a50b74cd8795ffbdcea9a|138|1786169466914778624|926,0196085d85d2075a50b74cd8795ffbdcea9a,0196085d85d2075a50b74cd8795ffbdcea9a,144,,0196085d85d2075a50b74cd8795ffbdcea9a,root,0196085d85d2075a50b74cd8795ffbdcea9a|144|-1,841,138,1786169466914778624,1786169468867093248,1786169486039819520,19124.710504,,19124.710504,1.0,worker_775bd273,703a6c48-9cde-4320-b6ec-b01c256c4f7c,True,root,6,7,4,3,6,5
31235207041|8|9017979109|842|069d7bf5f1efb4e76e3c84510367e6af78a5|24|1786169475443493376|927,069d7bf5f1efb4e76e3c84510367e6af78a5,069d7bf5f1efb4e76e3c84510367e6af78a5,32,,069d7bf5f1efb4e76e3c84510367e6af78a5,root,069d7bf5f1efb4e76e3c84510367e6af78a5|32|-1,842,24,1786169475443493376,1786169476011651328,1786169514224273920,18435.846503,10.719082640147523,38780.665354,1899.0,worker_e00f4dfb,eebf0039-5eb0-446f-92dd-2c7bdfbcb25b,True,root,5,6,4,2,6,5
31235207041|8|9017979109|844|002001296e8a8c38ad9d7cc436d691afc602|122|1786169496055328768|928,002001296e8a8c38ad9d7cc436d691afc602,002001296e8a8c38ad9d7cc436d691afc602,127,,002001296e8a8c38ad9d7cc436d691afc602,root,002001296e8a8c38ad9d7cc436d691afc602|127|-1,844,122,1786169496055328768,1786169497326173952,1786169516169168640,20113.681295,,20113.681295,1.0,worker_764e719b,49522e31-1ea5-402d-85e7-dc5656c363af,True,root,5,6,3,3,6,5
31235207041|8|9017979109|843|085411a4cc4b15108dd9b50007261a2efb65::sa:subagent_001_1e54fd0b|18|1786169476736881664|929,085411a4cc4b15108dd9b50007261a2efb65,085411a4cc4b15108dd9b50007261a2efb65,8,18.0,085411a4cc4b15108dd9b50007261a2efb65::sa:subagent_001_1e54fd0b,subagent,085411a4cc4b15108dd9b50007261a2efb65|8|18,843,18,1786169476736881664,1786169477087335168,1786169519017150464,39493.918305,10.71621651923077,42280.1346,261.0,worker_29a49ec4,e86b2ad8-a3c8-40a2-8d7b-0501ab6282ff,True,subagent,6,7,4,3,5,4
31235207041|8|9017979109|847|002001296e8a8c38ad9d7cc436d691afc602|123|1786169521429380352|930,002001296e8a8c38ad9d7cc436d691afc602,002001296e8a8c38ad9d7cc436d691afc602,128,,002001296e8a8c38ad9d7cc436d691afc602,root,002001296e8a8c38ad9d7cc436d691afc602|128|-1,847,123,1786169521429380352,1786169522635940096,1786169523265346048,1835.8118299999999,,1835.8118299999999,1.0,worker_764e719b,611a917e-47c5-449d-9458-a0b5e967d9b4,True,root,5,6,3,3,6,5
31235207041|8|9017979109|846|085411a4cc4b15108dd9b50007261a2efb65::sa:subagent_001_1e54fd0b|19|1786169520716482816|931,085411a4cc4b15108dd9b50007261a2efb65,085411a4cc4b15108dd9b50007261a2efb65,8,19.0,085411a4cc4b15108dd9b50007261a2efb65::sa:subagent_001_1e54fd0b,subagent,085411a4cc4b15108dd9b50007261a2efb65|8|19,846,19,1786169520716482816,1786169521642266112,1786169526377513472,1664.011966,10.887534583106266,5659.737158,368.0,worker_29a49ec4,e2a8097d-8edc-4f94-9fb2-68e98eabd4cd,True,subagent,4,5,2,3,6,5
31235207041|8|9017979109|848|0196085d85d2075a50b74cd8795ffbdcea9a|139|1786169524429265152|932,0196085d85d2075a50b74cd8795ffbdcea9a,0196085d85d2075a50b74cd8795ffbdcea9a,145,,0196085d85d2075a50b74cd8795ffbdcea9a,root,0196085d85d2075a50b74cd8795ffbdcea9a|145|-1,848,139,1786169524429265152,1786169526213419264,1786169526823420928,2393.959245,,2393.959245,1.0,worker_775bd273,13eb55d5-4e49-4e17-b30f-5a33a01b1761,True,root,5,6,3,3,5,4
31235207041|8|9017979109|849|002001296e8a8c38ad9d7cc436d691afc602|124|1786169527449460992|933,002001296e8a8c38ad9d7cc436d691afc602,002001296e8a8c38ad9d7cc436d691afc602,129,,002001296e8a8c38ad9d7cc436d691afc602,root,002001296e8a8c38ad9d7cc436d691afc602|129|-1,849,124,1786169527449460992,1786169528774153472,1786169529434874880,1985.2591889999999,,1985.2591889999999,1.0,worker_764e719b,7f147e8e-d96a-4ce4-be55-ff105adc9d59,True,root,4,5,3,2,6,5
31235207041|8|9017979109|845|069d7bf5f1efb4e76e3c84510367e6af78a5|25|1786169516135937536|934,069d7bf5f1efb4e76e3c84510367e6af78a5,069d7bf5f1efb4e76e3c84510367e6af78a5,33,,069d7bf5f1efb4e76e3c84510367e6af78a5,root,069d7bf5f1efb4e76e3c84510367e6af78a5|33|-1,845,25,1786169516135937536,1786169516724045056,1786169536946215424,1457.681724,10.77530471714922,20810.128996,1797.0,worker_e00f4dfb,108f0fd1-b1ae-4135-9905-795152cb0203,True,root,5,6,3,3,6,5
31235207041|8|9017979109|850|085411a4cc4b15108dd9b50007261a2efb65::sa:subagent_001_1e54fd0b|20|1786169527976759040|935,085411a4cc4b15108dd9b50007261a2efb65,085411a4cc4b15108dd9b50007261a2efb65,8,20.0,085411a4cc4b15108dd9b50007261a2efb65::sa:subagent_001_1e54fd0b,subagent,085411a4cc4b15108dd9b50007261a2efb65|8|20,850,20,1786169527976759040,1786169528422164736,1786169539138612224,6100.498622,10.722751913135593,11161.637525,473.0,worker_29a49ec4,fa2fb78c-22b5-4730-b45f-1be072f5df95,True,subagent,5,6,3,3,6,5
31235207041|8|9017979109|851|002001296e8a8c38ad9d7cc436d691afc602|125|1786169534856856576|936,002001296e8a8c38ad9d7cc436d691afc602,002001296e8a8c38ad9d7cc436d691afc602,130,,002001296e8a8c38ad9d7cc436d691afc602,root,002001296e8a8c38ad9d7cc436d691afc602|130|-1,851,125,1786169534856856576,1786169536086946304,1786169549581298944,14724.314115,,14724.314115,1.0,worker_764e719b,0cbc16ff-4291-4d2a-8f86-afd76b00d290,True,root,5,6,3,3,6,5
31235207041|8|9017979109|853|085411a4cc4b15108dd9b50007261a2efb65::sa:subagent_001_1e54fd0b|21|1786169541107241216|937,085411a4cc4b15108dd9b50007261a2efb65,085411a4cc4b15108dd9b50007261a2efb65,8,21.0,085411a4cc4b15108dd9b50007261a2efb65::sa:subagent_001_1e54fd0b,subagent,085411a4cc4b15108dd9b50007261a2efb65|8|21,853,21,1786169541107241216,1786169541872799488,1786169553720404736,8531.078131,10.741750184210526,12612.943201,381.0,worker_29a49ec4,68bfc9de-05fa-4461-9760-5ff30a5831fd,True,subagent,5,6,3,3,5,4
31235207041|8|9017979109|829|085aacf44ac5428ad3c6b4f6cd431e083832|19|1786169433824047872|938,085aacf44ac5428ad3c6b4f6cd431e083832,085aacf44ac5428ad3c6b4f6cd431e083832,20,,085aacf44ac5428ad3c6b4f6cd431e083832,root,085aacf44ac5428ad3c6b4f6cd431e083832|20|-1,829,19,1786169433824047872,1786169434383329280,1786169557216352768,10044.816943,10.624982687851517,123392.13225699999,10669.0,worker_52cdd4a9,5268e47f-cb17-4a1d-857b-0429e06ac4fe,True,root,3,4,2,2,5,4
31235207041|8|9017979109|852|05f72f78a037cfa5cd4e4541960a574701d9|50|1786169537051385856|939,05f72f78a037cfa5cd4e4541960a574701d9,05f72f78a037cfa5cd4e4541960a574701d9,50,,05f72f78a037cfa5cd4e4541960a574701d9,root,05f72f78a037cfa5cd4e4541960a574701d9|50|-1,852,50,1786169537051385856,1786169549595494144,1786169562763934976,17913.850042,10.697621876543208,25712.41639,730.0,worker_6e24a6ae,e18e272c-57d3-4dd8-a460-0fab579d1712,True,root,5,6,3,3,6,5
31235207041|8|9017979109|854|085411a4cc4b15108dd9b50007261a2efb65::sa:subagent_001_1e54fd0b|22|1786169555611970560|940,085411a4cc4b15108dd9b50007261a2efb65,085411a4cc4b15108dd9b50007261a2efb65,8,22.0,085411a4cc4b15108dd9b50007261a2efb65::sa:subagent_001_1e54fd0b,subagent,085411a4cc4b15108dd9b50007261a2efb65|8|22,854,22,1786169555611970560,1786169556052098560,1786169563852395776,1338.7837359999999,10.69985923875969,8240.192944999999,646.0,worker_29a49ec4,3cbd013d-81ef-49f9-910e-b7e0e1e1fe13,True,subagent,4,5,2,3,5,4
31235207041|8|9017979109|839|085411a4cc4b15108dd9b50007261a2efb65::sa:subagent_002_e5977449|17|1786169457292746752|941,085411a4cc4b15108dd9b50007261a2efb65,085411a4cc4b15108dd9b50007261a2efb65,9,17.0,085411a4cc4b15108dd9b50007261a2efb65::sa:subagent_002_e5977449,subagent,085411a4cc4b15108dd9b50007261a2efb65|9|17,839,17,1786169457292746752,1786169457733144320,1786169564308669440,105284.18233299999,10.125734380116958,107015.68291199999,172.0,worker_29a49ec4,7d40339f-8277-44c7-8c1b-5c31f58346fe,True,subagent,4,5,2,3,4,3
31235207041|8|9017979109|838|085411a4cc4b15108dd9b50007261a2efb65::sa:subagent_003_1b859269|15|1786169455075960832|942,085411a4cc4b15108dd9b50007261a2efb65,085411a4cc4b15108dd9b50007261a2efb65,10,15.0,085411a4cc4b15108dd9b50007261a2efb65::sa:subagent_003_1b859269,subagent,085411a4cc4b15108dd9b50007261a2efb65|10|15,838,15,1786169455075960832,1786169455629520384,1786169565429376512,1255.684305,10.561956163132926,110350.129514,10330.0,worker_29a49ec4,c6478557-8072-47f8-8ab9-164aa5bbda2c,True,subagent,4,5,2,3,4,3
31235207041|8|9017979109|855|085aacf44ac5428ad3c6b4f6cd431e083832|20|1786169559211838208|943,085aacf44ac5428ad3c6b4f6cd431e083832,085aacf44ac5428ad3c6b4f6cd431e083832,21,,085aacf44ac5428ad3c6b4f6cd431e083832,root,085aacf44ac5428ad3c6b4f6cd431e083832|21|-1,855,20,1786169559211838208,1786169559766341376,1786169571132057088,5817.586464,10.576199863084922,11920.053785,578.0,worker_52cdd4a9,c6d52258-e5ce-4af2-8b13-f63eb6f727ec,True,root,4,5,2,3,6,5
31235207041|8|9017979109|858|085411a4cc4b15108dd9b50007261a2efb65::sa:subagent_001_1e54fd0b|23|1786169565750006528|944,085411a4cc4b15108dd9b50007261a2efb65,085411a4cc4b15108dd9b50007261a2efb65,8,23.0,085411a4cc4b15108dd9b50007261a2efb65::sa:subagent_001_1e54fd0b,subagent,085411a4cc4b15108dd9b50007261a2efb65|8|23,858,23,1786169565750006528,1786169566154807040,1786169571411840000,1771.818613,10.570347554347826,5661.706513,369.0,worker_29a49ec4,1924dc6a-822e-4262-9346-dedaf8216483,True,subagent,3,4,3,1,5,4
31235207041|8|9017979109|859|085411a4cc4b15108dd9b50007261a2efb65::sa:subagent_002_e5977449|18|1786169566069800448|945,085411a4cc4b15108dd9b50007261a2efb65,085411a4cc4b15108dd9b50007261a2efb65,9,18.0,085411a4cc4b15108dd9b50007261a2efb65::sa:subagent_002_e5977449,subagent,085411a4cc4b15108dd9b50007261a2efb65|9|18,859,18,1786169566069800448,1786169566494635008,1786169571592094464,2831.465213,10.635237739130435,5522.180361,254.0,worker_29a49ec4,55008e08-6f24-4e4e-92b3-db1f14776068,True,subagent,4,5,3,2,4,3
31235207041|8|9017979109|861|085aacf44ac5428ad3c6b4f6cd431e083832|21|1786169573163813376|946,085aacf44ac5428ad3c6b4f6cd431e083832,085aacf44ac5428ad3c6b4f6cd431e083832,22,,085aacf44ac5428ad3c6b4f6cd431e083832,root,085aacf44ac5428ad3c6b4f6cd431e083832|22|-1,861,21,1786169573163813376,1786169573757735936,1786169589560709120,8485.406891999999,10.690968763513512,16396.723777,741.0,worker_52cdd4a9,a8d84d3a-1d5b-44e1-ad70-33a6ab480079,True,root,3,4,3,1,6,5
31235207041|8|9017979109|856|077ea9e6554f45bbad9c24a8462bae9a8512|25|1786169562325661184|947,077ea9e6554f45bbad9c24a8462bae9a8512,077ea9e6554f45bbad9c24a8462bae9a8512,26,,077ea9e6554f45bbad9c24a8462bae9a8512,root,077ea9e6554f45bbad9c24a8462bae9a8512|26|-1,856,25,1786169562325661184,1786169562662363136,1786169594111202304,5103.208038,10.537851518167455,31785.048081999998,2533.0,worker_4c4f3206,00276bdd-cd6f-41a9-b7d4-9774a8f2870e,True,root,5,6,3,3,7,6
31235207041|8|9017979109|864|0470d446a4514dfe0c6ad0be92853bd13287::fa:009|196|1786169590000255488|948,0470d446a4514dfe0c6ad0be92853bd13287,0470d446a4514dfe0c6ad0be92853bd13287,552,,0470d446a4514dfe0c6ad0be92853bd13287,root,0470d446a4514dfe0c6ad0be92853bd13287|552|-1,864,196,1786169590000255488,1786169590413331712,1786169597803306240,5563.5680999999995,10.46311593457944,7802.67491,215.0,worker_8a32eb3d,83dc70bb-f5b4-4140-b210-d246e831bbd2,True,root,5,6,3,3,6,5
31235207041|8|9017979109|857|0196085d85d2075a50b74cd8795ffbdcea9a|140|1786169565425105152|949,0196085d85d2075a50b74cd8795ffbdcea9a,0196085d85d2075a50b74cd8795ffbdcea9a,146,,0196085d85d2075a50b74cd8795ffbdcea9a,root,0196085d85d2075a50b74cd8795ffbdcea9a|146|-1,857,140,1786169565425105152,1786169567260743424,1786169598620609280,33193.173649,,33193.173649,1.0,worker_775bd273,f8a2b6e4-aacc-45aa-a588-a9ddf9a7e32b,True,root,3,4,3,1,5,4
31235207041|8|9017979109|863|085411a4cc4b15108dd9b50007261a2efb65::sa:subagent_001_1e54fd0b|24|1786169574780540160|950,085411a4cc4b15108dd9b50007261a2efb65,085411a4cc4b15108dd9b50007261a2efb65,8,24.0,085411a4cc4b15108dd9b50007261a2efb65::sa:subagent_001_1e54fd0b,subagent,085411a4cc4b15108dd9b50007261a2efb65|8|24,863,24,1786169574780540160,1786169575190146816,1786169602556067328,23962.642838,10.709935665730336,27775.379934999997,357.0,worker_29a49ec4,12a00847-f8f1-46cf-b363-c70a1adecea2,True,subagent,5,6,3,3,4,3
31235207041|8|9017979109|862|085411a4cc4b15108dd9b50007261a2efb65::sa:subagent_002_e5977449|19|1786169573501374208|951,085411a4cc4b15108dd9b50007261a2efb65,085411a4cc4b15108dd9b50007261a2efb65,9,19.0,085411a4cc4b15108dd9b50007261a2efb65::sa:subagent_002_e5977449,subagent,085411a4cc4b15108dd9b50007261a2efb65|9|19,862,19,1786169573501374208,1786169598718114304,1786169603519248384,25992.002889,10.821886217741934,30017.744562,373.0,worker_29a49ec4,de8ed4bf-05c2-4bc0-b045-18edc5d92248,True,subagent,4,5,3,2,3,2
31235207041|8|9017979109|866|085411a4cc4b15108dd9b50007261a2efb65::sa:subagent_001_1e54fd0b|25|1786169604702538240|952,085411a4cc4b15108dd9b50007261a2efb65,085411a4cc4b15108dd9b50007261a2efb65,8,25.0,085411a4cc4b15108dd9b50007261a2efb65::sa:subagent_001_1e54fd0b,subagent,085411a4cc4b15108dd9b50007261a2efb65|8|25,866,25,1786169604702538240,1786169605117602304,1786169609049966848,1229.500428,10.462240197986576,4347.248007,299.0,worker_29a49ec4,dc0acb2c-0759-4bc5-8827-3ae43618d7fa,True,subagent,2,3,1,2,4,3
31235207041|8|9017979109|867|085411a4cc4b15108dd9b50007261a2efb65::sa:subagent_002_e5977449|20|1786169605293605888|953,085411a4cc4b15108dd9b50007261a2efb65,085411a4cc4b15108dd9b50007261a2efb65,9,20.0,085411a4cc4b15108dd9b50007261a2efb65::sa:subagent_002_e5977449,subagent,085411a4cc4b15108dd9b50007261a2efb65|9|20,867,20,1786169605293605888,1786169605720102656,1786169609141190400,1186.929177,10.859209595918367,3847.435528,246.0,worker_29a49ec4,43a544cb-b551-4028-a921-42d231ce0867,True,subagent,3,4,1,3,3,2
31235207041|8|9017979109|868|085411a4cc4b15108dd9b50007261a2efb65::sa:subagent_001_1e54fd0b|26|1786169610919642368|954,085411a4cc4b15108dd9b50007261a2efb65,085411a4cc4b15108dd9b50007261a2efb65,8,26.0,085411a4cc4b15108dd9b50007261a2efb65::sa:subagent_001_1e54fd0b,subagent,085411a4cc4b15108dd9b50007261a2efb65|8|26,868,26,1786169610919642368,1786169611345755392,1786169614872158720,1087.422543,10.410954189090909,3950.434945,276.0,worker_29a49ec4,6c319486-2579-4096-98cd-212562283473,True,subagent,2,3,1,2,4,3
31235207041|8|9017979109|870|085411a4cc4b15108dd9b50007261a2efb65::sa:subagent_001_1e54fd0b|27|1786169616838833920|955,085411a4cc4b15108dd9b50007261a2efb65,085411a4cc4b15108dd9b50007261a2efb65,8,27.0,085411a4cc4b15108dd9b50007261a2efb65::sa:subagent_001_1e54fd0b,subagent,085411a4cc4b15108dd9b50007261a2efb65|8|27,870,27,1786169616838833920,1786169617291487744,1786169622118259456,1139.169302,10.454890303030302,5279.305862,397.0,worker_29a49ec4,33d86e5f-06e6-45f9-9f3d-b95cbd959e5c,True,subagent,3,4,1,3,4,3
31235207041|8|9017979109|865|085aacf44ac5428ad3c6b4f6cd431e083832|22|1786169591653096960|956,085aacf44ac5428ad3c6b4f6cd431e083832,085aacf44ac5428ad3c6b4f6cd431e083832,23,,085aacf44ac5428ad3c6b4f6cd431e083832,root,085aacf44ac5428ad3c6b4f6cd431e083832|23|-1,865,22,1786169591653096960,1786169592292269312,1786169629514380288,11637.582449,10.747171398770492,37860.680662,2441.0,worker_52cdd4a9,c8f8303d-4536-4d2e-bc75-3ca0eadaa5c3,True,root,6,7,4,3,4,3
31235207041|8|9017979109|869|085411a4cc4b15108dd9b50007261a2efb65::sa:subagent_002_e5977449|21|1786169610985853184|957,085411a4cc4b15108dd9b50007261a2efb65,085411a4cc4b15108dd9b50007261a2efb65,9,21.0,085411a4cc4b15108dd9b50007261a2efb65::sa:subagent_002_e5977449,subagent,085411a4cc4b15108dd9b50007261a2efb65|9|21,869,21,1786169610985853184,1786169611395683328,1786169635500687872,19277.442398,10.709401975460123,24514.339964,490.0,worker_29a49ec4,eb382263-4ebc-4356-a67c-3ae588ac14af,True,subagent,3,4,1,3,4,3
31235207041|8|9017979109|873|085411a4cc4b15108dd9b50007261a2efb65::sa:subagent_002_e5977449|22|1786169637370968832|958,085411a4cc4b15108dd9b50007261a2efb65,085411a4cc4b15108dd9b50007261a2efb65,9,22.0,085411a4cc4b15108dd9b50007261a2efb65::sa:subagent_002_e5977449,subagent,085411a4cc4b15108dd9b50007261a2efb65|9|22,873,22,1786169637370968832,1786169637843821568,1786169641743630592,1210.804102,10.566910391304347,4370.3103089999995,300.0,worker_29a49ec4,a41f05dd-f0fb-433c-9a99-e9f6cc149e60,True,subagent,3,4,1,3,5,4
31235207041|8|9017979109|875|085411a4cc4b15108dd9b50007261a2efb65::sa:subagent_002_e5977449|23|1786169646166446336|959,085411a4cc4b15108dd9b50007261a2efb65,085411a4cc4b15108dd9b50007261a2efb65,9,23.0,085411a4cc4b15108dd9b50007261a2efb65::sa:subagent_002_e5977449,subagent,085411a4cc4b15108dd9b50007261a2efb65|9|23,875,23,1786169646166446336,1786169646589047296,1786169649956185088,1172.78055,10.594440599190284,3789.6073779999997,248.0,worker_29a49ec4,da6d8ac5-1c90-4467-9c55-023378b41bdb,True,subagent,4,5,2,3,5,4
31235207041|8|9017979109|876|085411a4cc4b15108dd9b50007261a2efb65::sa:subagent_002_e5977449|24|1786169651914845440|960,085411a4cc4b15108dd9b50007261a2efb65,085411a4cc4b15108dd9b50007261a2efb65,9,24.0,085411a4cc4b15108dd9b50007261a2efb65::sa:subagent_002_e5977449,subagent,085411a4cc4b15108dd9b50007261a2efb65|9|24,876,24,1786169651914845440,1786169652337643776,1786169655031201792,1133.859363,11.013195538888889,3116.23456,181.0,worker_29a49ec4,1e9ed846-2823-4f7c-a02f-b8fe2c2939e7,True,subagent,4,5,2,3,5,4
31235207041|8|9017979109|872|085aacf44ac5428ad3c6b4f6cd431e083832|23|1786169631759154432|961,085aacf44ac5428ad3c6b4f6cd431e083832,085aacf44ac5428ad3c6b4f6cd431e083832,24,,085aacf44ac5428ad3c6b4f6cd431e083832,root,085aacf44ac5428ad3c6b4f6cd431e083832|24|-1,872,23,1786169631759154432,1786169632369161728,1786169658051678464,7970.373685,10.746035297947214,26292.363868,1706.0,worker_52cdd4a9,b4e7f24b-dc66-4b37-99be-75165f27159c,True,root,3,4,1,3,5,4
31235207041|8|9017979109|874|0196085d85d2075a50b74cd8795ffbdcea9a|141|1786169638962425856|962,0196085d85d2075a50b74cd8795ffbdcea9a,0196085d85d2075a50b74cd8795ffbdcea9a,147,,0196085d85d2075a50b74cd8795ffbdcea9a,root,0196085d85d2075a50b74cd8795ffbdcea9a|147|-1,874,141,1786169638962425856,1786169640772758016,1786169670462291968,31499.702899,,31499.702899,1.0,worker_775bd273,2bd41a65-d611-419a-8065-41ae1301f30c,True,root,4,5,2,3,5,4
31235207041|8|9017979109|878|085aacf44ac5428ad3c6b4f6cd431e083832|24|1786169660664761344|963,085aacf44ac5428ad3c6b4f6cd431e083832,085aacf44ac5428ad3c6b4f6cd431e083832,25,,085aacf44ac5428ad3c6b4f6cd431e083832,root,085aacf44ac5428ad3c6b4f6cd431e083832|25|-1,878,24,1786169660664761344,1786169661318167296,1786169672484636672,1437.489631,10.692310470648815,11819.723097999999,972.0,worker_52cdd4a9,aaccd4c0-b930-4afe-872b-d10f25ca3f83,True,root,4,5,2,3,4,3
31235207041|8|9017979109|877|085411a4cc4b15108dd9b50007261a2efb65::sa:subagent_002_e5977449|25|1786169657012180480|964,085411a4cc4b15108dd9b50007261a2efb65,085411a4cc4b15108dd9b50007261a2efb65,9,25.0,085411a4cc4b15108dd9b50007261a2efb65::sa:subagent_002_e5977449,subagent,085411a4cc4b15108dd9b50007261a2efb65|9|25,877,25,1786169657012180480,1786169670462017792,1786169673058571264,14207.512845,10.880273579881656,16046.279079999998,170.0,worker_29a49ec4,56fa2996-2044-4f29-b399-f278053aede9,True,subagent,4,5,2,3,3,2
31235207041|8|9017979109|880|085411a4cc4b15108dd9b50007261a2efb65::sa:subagent_002_e5977449|26|1786169675069646592|965,085411a4cc4b15108dd9b50007261a2efb65,085411a4cc4b15108dd9b50007261a2efb65,9,26.0,085411a4cc4b15108dd9b50007261a2efb65::sa:subagent_002_e5977449,subagent,085411a4cc4b15108dd9b50007261a2efb65|9|26,880,26,1786169675069646592,1786169675540044288,1786169680362591232,1156.841213,10.742744693506493,5292.79792,386.0,worker_29a49ec4,9968be80-f563-431d-9909-02e5f5e5d517,True,subagent,3,4,1,3,4,3
31235207041|8|9017979109|879|085aacf44ac5428ad3c6b4f6cd431e083832|25|1786169674922157312|966,085aacf44ac5428ad3c6b4f6cd431e083832,085aacf44ac5428ad3c6b4f6cd431e083832,26,,085aacf44ac5428ad3c6b4f6cd431e083832,root,085aacf44ac5428ad3c6b4f6cd431e083832|26|-1,879,25,1786169674922157312,1786169675881089536,1786169681757272064,1782.673904,10.680801416490485,6834.692974,474.0,worker_52cdd4a9,3da50d7e-4810-4205-8068-7845e1a77fca,True,root,2,3,1,2,3,2
31235207041|8|9017979109|882|085aacf44ac5428ad3c6b4f6cd431e083832|26|1786169684380389888|967,085aacf44ac5428ad3c6b4f6cd431e083832,085aacf44ac5428ad3c6b4f6cd431e083832,27,,085aacf44ac5428ad3c6b4f6cd431e083832,root,085aacf44ac5428ad3c6b4f6cd431e083832|27|-1,882,26,1786169684380389888,1786169684988205312,1786169687574339328,1626.0254229999998,10.81228924137931,3193.807363,146.0,worker_52cdd4a9,1f509c74-2114-4c56-a453-717df98c505d,True,root,3,4,1,3,4,3
31235207041|8|9017979109|860|085411a4cc4b15108dd9b50007261a2efb65::sa:subagent_003_1b859269|16|1786169568058118912|968,085411a4cc4b15108dd9b50007261a2efb65,085411a4cc4b15108dd9b50007261a2efb65,10,16.0,085411a4cc4b15108dd9b50007261a2efb65::sa:subagent_003_1b859269,subagent,085411a4cc4b15108dd9b50007261a2efb65|10|16,860,16,1786169568058118912,1786169568751370240,1786169695546898176,30650.961671999998,10.680233190029776,127488.636006,9068.0,worker_29a49ec4,3a0fc020-6c2c-4441-978f-a4c4f65701af,True,subagent,5,6,3,3,4,3
31235207041|8|9017979109|881|085411a4cc4b15108dd9b50007261a2efb65::sa:subagent_002_e5977449|27|1786169682367736320|969,085411a4cc4b15108dd9b50007261a2efb65,085411a4cc4b15108dd9b50007261a2efb65,9,27.0,085411a4cc4b15108dd9b50007261a2efb65::sa:subagent_002_e5977449,subagent,085411a4cc4b15108dd9b50007261a2efb65|9|27,881,27,1786169682367736320,1786169683027521280,1786169699716498688,13857.299375999999,10.390900714285713,17348.642015999998,337.0,worker_29a49ec4,5c7e3145-d0d1-4b7a-a81b-e3650bd7771c,True,subagent,2,3,0,3,4,3
31235207041|8|9017979109|871|085411a4cc4b15108dd9b50007261a2efb65::sa:subagent_001_1e54fd0b|28|1786169624704874752|970,085411a4cc4b15108dd9b50007261a2efb65,085411a4cc4b15108dd9b50007261a2efb65,8,28.0,085411a4cc4b15108dd9b50007261a2efb65::sa:subagent_001_1e54fd0b,subagent,085411a4cc4b15108dd9b50007261a2efb65|8|28,871,28,1786169624704874752,1786169625130741760,1786169701583522304,1060.204241,10.531784585497986,76878.521472,7200.0,worker_29a49ec4,2cf6e594-097a-4005-9b1c-52d11dd20a01,True,subagent,3,4,1,3,3,2
31235207041|8|9017979109|885|085411a4cc4b15108dd9b50007261a2efb65::sa:subagent_002_e5977449|28|1786169701945486848|971,085411a4cc4b15108dd9b50007261a2efb65,085411a4cc4b15108dd9b50007261a2efb65,9,28.0,085411a4cc4b15108dd9b50007261a2efb65::sa:subagent_002_e5977449,subagent,085411a4cc4b15108dd9b50007261a2efb65|9|28,885,28,1786169701945486848,1786169702469324288,1786169707470088448,1369.3622719999998,10.519215362025315,5524.45234,396.0,worker_29a49ec4,07a5b832-ba00-494e-a4bb-dae120aaf68c,True,subagent,2,3,1,2,3,2
31235207041|8|9017979109|884|085411a4cc4b15108dd9b50007261a2efb65::sa:subagent_003_1b859269|17|1786169698342627072|972,085411a4cc4b15108dd9b50007261a2efb65,085411a4cc4b15108dd9b50007261a2efb65,10,17.0,085411a4cc4b15108dd9b50007261a2efb65::sa:subagent_003_1b859269,subagent,085411a4cc4b15108dd9b50007261a2efb65|10|17,884,17,1786169698342627072,1786169699010070016,1786169708640615680,10297.636238,,10297.636238,1.0,worker_29a49ec4,b82e3226-38e4-4295-9f4f-e37614da65fc,True,subagent,3,4,1,3,2,1
31235207041|8|9017979109|887|085411a4cc4b15108dd9b50007261a2efb65::sa:subagent_002_e5977449|29|1786169709810379776|973,085411a4cc4b15108dd9b50007261a2efb65,085411a4cc4b15108dd9b50007261a2efb65,9,29.0,085411a4cc4b15108dd9b50007261a2efb65::sa:subagent_002_e5977449,subagent,085411a4cc4b15108dd9b50007261a2efb65|9|29,887,29,1786169709810379776,1786169710295976960,1786169713151702528,1240.767905,10.661809274111675,3341.144332,198.0,worker_29a49ec4,f0930b5f-2c24-4d06-960c-ca843ff8f60c,True,subagent,2,3,2,1,3,2
31235207041|8|9017979109|886|0196085d85d2075a50b74cd8795ffbdcea9a|142|1786169709240422144|974,0196085d85d2075a50b74cd8795ffbdcea9a,0196085d85d2075a50b74cd8795ffbdcea9a,148,,0196085d85d2075a50b74cd8795ffbdcea9a,root,0196085d85d2075a50b74cd8795ffbdcea9a|148|-1,886,142,1786169709240422144,1786169711329132032,1786169718391333888,9150.800682,,9150.800682,1.0,worker_775bd273,962c247d-1d23-4196-ac04-7c25e5e8bd25,True,root,1,2,2,0,3,2
31235207041|8|9017979109|888|085411a4cc4b15108dd9b50007261a2efb65::sa:subagent_002_e5977449|30|1786169715322590976|975,085411a4cc4b15108dd9b50007261a2efb65,085411a4cc4b15108dd9b50007261a2efb65,9,30.0,085411a4cc4b15108dd9b50007261a2efb65::sa:subagent_002_e5977449,subagent,085411a4cc4b15108dd9b50007261a2efb65|9|30,888,30,1786169715322590976,1786169718432703488,1786169723578958336,3889.401097,10.464734685851319,8253.195461,418.0,worker_29a49ec4,01ac2ec9-20a4-4f41-88a3-32998f35126f,True,subagent,2,3,2,1,4,3
31235207041|8|9017979109|890|069d7bf5f1efb4e76e3c84510367e6af78a5|26|1786169719250146048|976,069d7bf5f1efb4e76e3c84510367e6af78a5,069d7bf5f1efb4e76e3c84510367e6af78a5,34,,069d7bf5f1efb4e76e3c84510367e6af78a5,root,069d7bf5f1efb4e76e3c84510367e6af78a5|34|-1,890,26,1786169719250146048,1786169719863897856,1786169734490592000,14171.041679,11.742329395604395,15239.593653999998,92.0,worker_e00f4dfb,6eb15f84-b994-410a-aa1a-7568ddbc0f2a,True,root,3,4,3,1,5,4
31235207041|8|9017979109|889|0196085d85d2075a50b74cd8795ffbdcea9a::fa:003|0|1786169718411894784|977,0196085d85d2075a50b74cd8795ffbdcea9a,0196085d85d2075a50b74cd8795ffbdcea9a,149,,0196085d85d2075a50b74cd8795ffbdcea9a,root,0196085d85d2075a50b74cd8795ffbdcea9a|149|-1,889,0,1786169718411894784,1786169718828641024,1786169734953787648,7088.895060999999,10.705225966024914,16541.609589,884.0,worker_775bd273,00bba4e7-7927-4a07-8f8d-91bb8f9bf09c,True,root,2,3,2,1,4,3
31235207041|8|9017979109|891|085411a4cc4b15108dd9b50007261a2efb65::sa:subagent_002_e5977449|31|1786169728180363520|978,085411a4cc4b15108dd9b50007261a2efb65,085411a4cc4b15108dd9b50007261a2efb65,9,31.0,085411a4cc4b15108dd9b50007261a2efb65::sa:subagent_002_e5977449,subagent,085411a4cc4b15108dd9b50007261a2efb65|9|31,891,31,1786169728180363520,1786169728724929792,1786169735595141120,1210.662423,10.568977494037478,7414.652212,588.0,worker_29a49ec4,26d1acb3-b5f8-4e34-a7d0-b35d08cb64a7,True,subagent,3,4,3,1,3,2
31235207041|8|9017979109|892|002001296e8a8c38ad9d7cc436d691afc602|126|1786169733818595072|979,002001296e8a8c38ad9d7cc436d691afc602,002001296e8a8c38ad9d7cc436d691afc602,131,,002001296e8a8c38ad9d7cc436d691afc602,root,002001296e8a8c38ad9d7cc436d691afc602|131|-1,892,126,1786169733818595072,1786169735071735808,1786169754595194880,20776.428567,,20776.428567,1.0,worker_764e719b,3ca737d3-4e95-4e9e-bcda-b27b8cbb5972,True,root,4,5,4,1,3,2
31235207041|8|9017979109|893|085411a4cc4b15108dd9b50007261a2efb65::sa:subagent_002_e5977449|32|1786169737882142208|980,085411a4cc4b15108dd9b50007261a2efb65,085411a4cc4b15108dd9b50007261a2efb65,9,32.0,085411a4cc4b15108dd9b50007261a2efb65::sa:subagent_002_e5977449,subagent,085411a4cc4b15108dd9b50007261a2efb65|9|32,893,32,1786169737882142208,1786169738427093248,1786169757002616320,16790.088555,10.496002585585584,19120.201129,223.0,worker_29a49ec4,c1abf315-a4c1-45e7-a4da-8004e98ce98a,True,subagent,2,3,2,1,2,1
31235207041|8|9017979109|894|085411a4cc4b15108dd9b50007261a2efb65::sa:subagent_002_e5977449|33|1786169759171995904|981,085411a4cc4b15108dd9b50007261a2efb65,085411a4cc4b15108dd9b50007261a2efb65,9,33.0,085411a4cc4b15108dd9b50007261a2efb65::sa:subagent_002_e5977449,subagent,085411a4cc4b15108dd9b50007261a2efb65|9|33,894,33,1786169759171995904,1786169759758305536,1786169763806354432,1288.0889849999999,10.724805201923076,4634.2282079999995,313.0,worker_29a49ec4,c0398036-cf55-4562-a832-9aed7848ad08,True,subagent,1,2,1,1,2,1
31235207041|8|9017979109|883|085aacf44ac5428ad3c6b4f6cd431e083832|27|1786169690087103232|982,085aacf44ac5428ad3c6b4f6cd431e083832,085aacf44ac5428ad3c6b4f6cd431e083832,28,,085aacf44ac5428ad3c6b4f6cd431e083832,root,085aacf44ac5428ad3c6b4f6cd431e083832|28|-1,883,27,1786169690087103232,1786169690714173440,1786169768151644672,12302.809218999999,10.564110785220883,78064.398857,6226.0,worker_52cdd4a9,0829555a-68bc-414d-8a5a-6cf30fdda580,True,root,3,4,1,3,2,1
31235207041|8|9017979109|896|085aacf44ac5428ad3c6b4f6cd431e083832|28|1786169770549422080|983,085aacf44ac5428ad3c6b4f6cd431e083832,085aacf44ac5428ad3c6b4f6cd431e083832,29,,085aacf44ac5428ad3c6b4f6cd431e083832,root,085aacf44ac5428ad3c6b4f6cd431e083832|29|-1,896,28,1786169770549422080,1786169771267542784,1786169783111644672,5856.451298,10.444831031152649,12562.032819999999,643.0,worker_52cdd4a9,79dbd166-f8f9-4562-bbb1-60128133e407,True,root,1,2,1,1,3,2
31235207041|8|9017979109|897|0196085d85d2075a50b74cd8795ffbdcea9a|143|1786169773004584192|984,0196085d85d2075a50b74cd8795ffbdcea9a,0196085d85d2075a50b74cd8795ffbdcea9a,150,,0196085d85d2075a50b74cd8795ffbdcea9a,root,0196085d85d2075a50b74cd8795ffbdcea9a|150|-1,897,143,1786169773004584192,1786169774817048064,1786169806960979968,33945.81181,,33945.81181,1.0,worker_775bd273,38771d8e-e110-4204-85ca-41e7e05e5d18,True,root,2,3,2,1,3,2
31235207041|8|9017979109|898|085aacf44ac5428ad3c6b4f6cd431e083832|29|1786169785573047296|985,085aacf44ac5428ad3c6b4f6cd431e083832,085aacf44ac5428ad3c6b4f6cd431e083832,30,,085aacf44ac5428ad3c6b4f6cd431e083832,root,085aacf44ac5428ad3c6b4f6cd431e083832|30|-1,898,29,1786169785573047296,1786169786154071552,1786169820924391936,28689.995520999997,10.743908970967741,35351.219082999996,621.0,worker_52cdd4a9,d40afd6a-9e01-40e8-89a9-874b53ef902f,True,root,2,3,2,1,2,1
31235207041|8|9017979109|899|085aacf44ac5428ad3c6b4f6cd431e083832|30|1786169823426488064|986,085aacf44ac5428ad3c6b4f6cd431e083832,085aacf44ac5428ad3c6b4f6cd431e083832,31,,085aacf44ac5428ad3c6b4f6cd431e083832,root,085aacf44ac5428ad3c6b4f6cd431e083832|31|-1,899,30,1786169823426488064,1786169824055435776,1786169874753261312,1341.3074119999999,10.424472231282586,51326.651761,4796.0,worker_52cdd4a9,f6f9012f-eb72-442e-a119-e7ca2cde1678,True,root,1,2,1,1,3,2
31235207041|8|9017979109|901|085aacf44ac5428ad3c6b4f6cd431e083832::sa:subagent_001_103f4c24|0|1786169874764802048|987,085aacf44ac5428ad3c6b4f6cd431e083832,085aacf44ac5428ad3c6b4f6cd431e083832,32,0.0,085aacf44ac5428ad3c6b4f6cd431e083832::sa:subagent_001_103f4c24,subagent,085aacf44ac5428ad3c6b4f6cd431e083832|32|0,901,0,1786169874764802048,1786169874888432384,1786169879043784960,1471.051316,10.210188454545454,4278.853141,276.0,worker_52cdd4a9,f2b6bf61-b513-4940-93d9-570b957633b7,True,subagent,2,3,1,2,4,3
31235207041|8|9017979109|903|085aacf44ac5428ad3c6b4f6cd431e083832::sa:subagent_001_103f4c24|1|1786169882671198720|988,085aacf44ac5428ad3c6b4f6cd431e083832,085aacf44ac5428ad3c6b4f6cd431e083832,32,1.0,085aacf44ac5428ad3c6b4f6cd431e083832::sa:subagent_001_103f4c24,subagent,085aacf44ac5428ad3c6b4f6cd431e083832|32|1,903,1,1786169882671198720,1786169882837168896,1786169886551653888,1195.631785,11.083022983471075,3877.7233469999996,243.0,worker_52cdd4a9,f35a61de-e41a-4632-8b3e-3afade665be7,True,subagent,3,4,2,2,4,3
31235207041|8|9017979109|900|05f72f78a037cfa5cd4e4541960a574701d9|51|1786169862766487296|989,05f72f78a037cfa5cd4e4541960a574701d9,05f72f78a037cfa5cd4e4541960a574701d9,51,,05f72f78a037cfa5cd4e4541960a574701d9,root,05f72f78a037cfa5cd4e4541960a574701d9|51|-1,900,51,1786169862766487296,1786169863135609856,1786169891698225408,5817.311202999999,10.872099328316086,28931.394375,2127.0,worker_6e24a6ae,8fc57aa2-696e-43e6-ba9a-2a91374bbfdf,True,root,2,3,2,1,4,3
31235207041|8|9017979109|905|0a279af1bec84c6ab033bb03f5d8bfd6b08d|0|1786169891714876416|990,0a279af1bec84c6ab033bb03f5d8bfd6b08d,0a279af1bec84c6ab033bb03f5d8bfd6b08d,0,,0a279af1bec84c6ab033bb03f5d8bfd6b08d,root,0a279af1bec84c6ab033bb03f5d8bfd6b08d|0|-1,905,0,1786169891714876416,1786169891722340096,1786169892488148736,543.942561,12.054725526315789,772.982346,20.0,worker_6e24a6ae,36b28284-6ed4-4ab9-b2cb-af6580347f7e,True,root,3,4,2,2,4,3
31235207041|8|9017979109|906|0a279af1bec84c6ab033bb03f5d8bfd6b08d|1|1786169892494239488|991,0a279af1bec84c6ab033bb03f5d8bfd6b08d,0a279af1bec84c6ab033bb03f5d8bfd6b08d,1,,0a279af1bec84c6ab033bb03f5d8bfd6b08d,root,0a279af1bec84c6ab033bb03f5d8bfd6b08d|1|-1,906,1,1786169892494239488,1786169892640841216,1786169898236986112,3443.040972,11.16278958252427,5742.575626,207.0,worker_6e24a6ae,2893cf8b-3c19-429b-8382-e5f6d5fea428,True,root,3,4,2,2,6,5
31235207041|8|9017979109|895|085411a4cc4b15108dd9b50007261a2efb65::sa:subagent_002_e5977449|34|1786169765945764608|992,085411a4cc4b15108dd9b50007261a2efb65,085411a4cc4b15108dd9b50007261a2efb65,9,34.0,085411a4cc4b15108dd9b50007261a2efb65::sa:subagent_002_e5977449,subagent,085411a4cc4b15108dd9b50007261a2efb65|9|34,895,34,1786169765945764608,1786169766577122816,1786169899942430720,1346.468171,10.579713561014517,133994.916799,12539.0,worker_29a49ec4,b3db8b8f-5f3b-4821-a902-e13958305cf1,True,subagent,1,2,1,1,6,5
31235207041|8|9017979109|902|085aacf44ac5428ad3c6b4f6cd431e083832|31|1786169877488334592|993,085aacf44ac5428ad3c6b4f6cd431e083832,085aacf44ac5428ad3c6b4f6cd431e083832,33,,085aacf44ac5428ad3c6b4f6cd431e083832,root,085aacf44ac5428ad3c6b4f6cd431e083832|33|-1,902,31,1786169877488334592,1786169878233167104,1786169900989239808,1529.127391,10.89861238392857,23500.729957,2017.0,worker_52cdd4a9,844ed0f0-02fa-467b-b325-a8298a127eba,True,root,3,4,2,2,6,5
31235207041|8|9017979109|904|085aacf44ac5428ad3c6b4f6cd431e083832::sa:subagent_001_103f4c24|2|1786169887391927040|994,085aacf44ac5428ad3c6b4f6cd431e083832,085aacf44ac5428ad3c6b4f6cd431e083832,32,2.0,085aacf44ac5428ad3c6b4f6cd431e083832::sa:subagent_001_103f4c24,subagent,085aacf44ac5428ad3c6b4f6cd431e083832|32|2,904,2,1786169887391927040,1786169887844141824,1786169904881347072,15922.545366999999,10.803414496551724,17489.040469,146.0,worker_52cdd4a9,3f00a6ac-948c-4022-885d-4f6587505839,True,subagent,3,4,2,2,6,5
31235207041|8|9017979109|909|0a279af1bec84c6ab033bb03f5d8bfd6b08d|2|1786169898853266688|995,0a279af1bec84c6ab033bb03f5d8bfd6b08d,0a279af1bec84c6ab033bb03f5d8bfd6b08d,2,,0a279af1bec84c6ab033bb03f5d8bfd6b08d,root,0a279af1bec84c6ab033bb03f5d8bfd6b08d|2|-1,909,2,1786169898853266688,1786169899013330176,1786169906063826688,4374.100504999999,10.950939552123552,7210.393849,260.0,worker_6e24a6ae,8390882f-0b47-4196-abde-e73dbd9d00fb,True,root,5,6,4,2,6,5
31235207041|8|9017979109|912|085aacf44ac5428ad3c6b4f6cd431e083832::sa:subagent_001_103f4c24|3|1786169905688138496|996,085aacf44ac5428ad3c6b4f6cd431e083832,085aacf44ac5428ad3c6b4f6cd431e083832,32,3.0,085aacf44ac5428ad3c6b4f6cd431e083832::sa:subagent_001_103f4c24,subagent,085aacf44ac5428ad3c6b4f6cd431e083832|32|3,912,3,1786169905688138496,1786169905904704768,1786169910067796480,855.466277,10.77697732415902,4379.537862,328.0,worker_52cdd4a9,d8908a31-d6e4-4c12-9bd0-6021d1784ef3,True,subagent,5,6,5,1,6,5
31235207041|8|9017979109|908|0470d446a4514dfe0c6ad0be92853bd13287::fa:009|197|1786169897806820352|997,0470d446a4514dfe0c6ad0be92853bd13287,0470d446a4514dfe0c6ad0be92853bd13287,553,,0470d446a4514dfe0c6ad0be92853bd13287,root,0470d446a4514dfe0c6ad0be92853bd13287|553|-1,908,197,1786169897806820352,1786169898223453696,1786169910090245632,6662.9111299999995,10.624555417769376,12283.300946,530.0,worker_8a32eb3d,0bb1c3cf-c2ea-4104-9043-a0c915af189f,True,root,5,6,4,2,5,4
31235207041|8|9017979109|913|0a279af1bec84c6ab033bb03f5d8bfd6b08d|3|1786169908556369152|998,0a279af1bec84c6ab033bb03f5d8bfd6b08d,0a279af1bec84c6ab033bb03f5d8bfd6b08d,3,,0a279af1bec84c6ab033bb03f5d8bfd6b08d,root,0a279af1bec84c6ab033bb03f5d8bfd6b08d|3|-1,913,3,1786169908556369152,1786169908693040384,1786169910826507008,779.479833,10.3510153125,2270.026038,145.0,worker_6e24a6ae,e8d06b31-87ea-406a-823c-b8985c21b004,True,root,5,6,5,1,4,3
31235207041|8|9017979109|914|085aacf44ac5428ad3c6b4f6cd431e083832::sa:subagent_001_103f4c24|4|1786169911368161280|999,085aacf44ac5428ad3c6b4f6cd431e083832,085aacf44ac5428ad3c6b4f6cd431e083832,32,4.0,085aacf44ac5428ad3c6b4f6cd431e083832::sa:subagent_001_103f4c24,subagent,085aacf44ac5428ad3c6b4f6cd431e083832|32|4,914,4,1786169911368161280,1786169912014403328,1786169916410163712,1213.951519,10.662898050139276,5041.931919,360.0,worker_52cdd4a9,6b6b5533-55aa-4731-bf1d-7fdadee470fd,True,subagent,3,4,3,1,6,5
31235207041|8|9017979109|916|0470d446a4514dfe0c6ad0be92853bd13287::fa:009|198|1786169912181586432|1000,0470d446a4514dfe0c6ad0be92853bd13287,0470d446a4514dfe0c6ad0be92853bd13287,554,,0470d446a4514dfe0c6ad0be92853bd13287,root,0470d446a4514dfe0c6ad0be92853bd13287|554|-1,916,198,1786169912181586432,1786169912527661824,1786169916437817856,1087.433535,10.888866243986254,4256.093612,292.0,worker_8a32eb3d,be19f923-9afb-4045-87e1-fd37b04d668d,True,root,5,6,5,1,5,4
31235207041|8|9017979109|915|0a279af1bec84c6ab033bb03f5d8bfd6b08d|4|1786169911925849344|1001,0a279af1bec84c6ab033bb03f5d8bfd6b08d,0a279af1bec84c6ab033bb03f5d8bfd6b08d,4,,0a279af1bec84c6ab033bb03f5d8bfd6b08d,root,0a279af1bec84c6ab033bb03f5d8bfd6b08d|4|-1,915,4,1786169911925849344,1786169912195951360,1786169917750932480,3251.44325,10.85860940084388,5824.933677999999,238.0,worker_6e24a6ae,2421053d-eb5c-4b4e-b5ee-db4e15a9719f,True,root,4,5,4,1,5,4
31235207041|8|9017979109|911|085aacf44ac5428ad3c6b4f6cd431e083832|32|1786169903669548544|1002,085aacf44ac5428ad3c6b4f6cd431e083832,085aacf44ac5428ad3c6b4f6cd431e083832,34,,085aacf44ac5428ad3c6b4f6cd431e083832,root,085aacf44ac5428ad3c6b4f6cd431e083832|34|-1,911,32,1786169903669548544,1786169904378793472,1786169920264657152,1531.264752,10.736779858161082,16594.966893,1404.0,worker_52cdd4a9,11153202-8930-4acd-92b4-6b1cd3af36e4,True,root,5,6,5,1,5,4
31235207041|8|9017979109|907|077ea9e6554f45bbad9c24a8462bae9a8512|26|1786169894113752320|1003,077ea9e6554f45bbad9c24a8462bae9a8512,077ea9e6554f45bbad9c24a8462bae9a8512,27,,077ea9e6554f45bbad9c24a8462bae9a8512,root,077ea9e6554f45bbad9c24a8462bae9a8512|27|-1,907,26,1786169894113752320,1786169894413552640,1786169921278703872,7612.468056,10.695165360503282,27163.230335,1829.0,worker_4c4f3206,7b58bcd3-34da-4278-8f5b-14b0383e0987,True,root,4,5,3,2,5,4
31235207041|8|9017979109|917|085aacf44ac5428ad3c6b4f6cd431e083832::sa:subagent_001_103f4c24|5|1786169917203962368|1004,085aacf44ac5428ad3c6b4f6cd431e083832,085aacf44ac5428ad3c6b4f6cd431e083832,32,5.0,085aacf44ac5428ad3c6b4f6cd431e083832::sa:subagent_001_103f4c24,subagent,085aacf44ac5428ad3c6b4f6cd431e083832|32|5,917,5,1786169917203962368,1786169917417334528,1786169922896863488,879.676883,10.624897198675496,5692.755314,454.0,worker_52cdd4a9,476688e3-0586-4363-b19a-1f30fe11f183,True,subagent,4,5,4,1,5,4
31235207041|8|9017979109|919|0a279af1bec84c6ab033bb03f5d8bfd6b08d|5|1786169920532205824|1005,0a279af1bec84c6ab033bb03f5d8bfd6b08d,0a279af1bec84c6ab033bb03f5d8bfd6b08d,5,,0a279af1bec84c6ab033bb03f5d8bfd6b08d,root,0a279af1bec84c6ab033bb03f5d8bfd6b08d|5|-1,919,5,1786169920532205824,1786169920846307072,1786169924647360768,1705.947913,10.61266969603524,4115.023934,228.0,worker_6e24a6ae,58189793-cf13-4a4f-a095-0f4daad5afd7,True,root,4,5,4,1,6,5
31235207041|8|9017979109|921|085aacf44ac5428ad3c6b4f6cd431e083832::sa:subagent_001_103f4c24|6|1786169923813583104|1006,085aacf44ac5428ad3c6b4f6cd431e083832,085aacf44ac5428ad3c6b4f6cd431e083832,32,6.0,085aacf44ac5428ad3c6b4f6cd431e083832::sa:subagent_001_103f4c24,subagent,085aacf44ac5428ad3c6b4f6cd431e083832|32|6,921,6,1786169923813583104,1786169924038967552,1786169930161831936,1007.4581169999999,10.350124792635658,6348.12251,517.0,worker_52cdd4a9,170a72fb-80e2-4f34-bde1-4934eacec8d3,True,subagent,4,5,4,1,7,6
31235207041|8|9017979109|920|085aacf44ac5428ad3c6b4f6cd431e083832|33|1786169922781566464|1007,085aacf44ac5428ad3c6b4f6cd431e083832,085aacf44ac5428ad3c6b4f6cd431e083832,35,,085aacf44ac5428ad3c6b4f6cd431e083832,root,085aacf44ac5428ad3c6b4f6cd431e083832|35|-1,920,33,1786169922781566464,1786169923485066496,1786169934461138688,2047.834643,10.642650676243095,11679.433504999999,906.0,worker_52cdd4a9,b6347328-f213-45bd-b0db-afedd91d98a0,True,root,4,5,4,1,7,6
31235207041|8|9017979109|925|085aacf44ac5428ad3c6b4f6cd431e083832::sa:subagent_001_103f4c24|7|1786169931071016448|1008,085aacf44ac5428ad3c6b4f6cd431e083832,085aacf44ac5428ad3c6b4f6cd431e083832,32,7.0,085aacf44ac5428ad3c6b4f6cd431e083832::sa:subagent_001_103f4c24,subagent,085aacf44ac5428ad3c6b4f6cd431e083832|32|7,925,7,1786169931071016448,1786169931273973760,1786169935031317760,909.5822969999999,10.778764833922262,3959.972745,284.0,worker_52cdd4a9,c20825fa-2282-4f4e-84a2-6530c1145235,True,subagent,6,7,6,1,6,5
31235207041|8|9017979109|923|0196085d85d2075a50b74cd8795ffbdcea9a|144|1786169926716679680|1009,0196085d85d2075a50b74cd8795ffbdcea9a,0196085d85d2075a50b74cd8795ffbdcea9a,151,,0196085d85d2075a50b74cd8795ffbdcea9a,root,0196085d85d2075a50b74cd8795ffbdcea9a|151|-1,923,144,1786169926716679680,1786169928605764352,1786169943934056192,17212.589863999998,,17212.589863999998,1.0,worker_775bd273,caf7c795-90e2-46aa-bd68-25088d3dd74b,True,root,5,6,5,1,7,6
31235207041|8|9017979109|922|077ea9e6554f45bbad9c24a8462bae9a8512|27|1786169924555471104|1010,077ea9e6554f45bbad9c24a8462bae9a8512,077ea9e6554f45bbad9c24a8462bae9a8512,28,,077ea9e6554f45bbad9c24a8462bae9a8512,root,077ea9e6554f45bbad9c24a8462bae9a8512|28|-1,922,27,1786169924555471104,1786169929612921344,1786169948464060672,5740.953507,10.41120063381089,23908.498613,1746.0,worker_4c4f3206,035fae7d-7a12-4468-9bfe-761002d2c2a2,True,root,5,6,5,1,6,5
31235207041|8|9017979109|924|0a279af1bec84c6ab033bb03f5d8bfd6b08d|6|1786169929481506304|1011,0a279af1bec84c6ab033bb03f5d8bfd6b08d,0a279af1bec84c6ab033bb03f5d8bfd6b08d,6,,0a279af1bec84c6ab033bb03f5d8bfd6b08d,root,0a279af1bec84c6ab033bb03f5d8bfd6b08d|6|-1,924,6,1786169929481506304,1786169929871425024,1786169956205715456,24844.442813999998,10.61896263276836,26723.9992,178.0,worker_6e24a6ae,f0d3542b-dff6-411a-bf12-730e9617470f,True,root,6,7,6,1,6,5
31235207041|8|9017979109|928|077ea9e6554f45bbad9c24a8462bae9a8512|28|1786169949887165696|1012,077ea9e6554f45bbad9c24a8462bae9a8512,077ea9e6554f45bbad9c24a8462bae9a8512,29,,077ea9e6554f45bbad9c24a8462bae9a8512,root,077ea9e6554f45bbad9c24a8462bae9a8512|29|-1,928,28,1786169949887165696,1786169950425170176,1786169979110504704,4404.633183999999,10.628668844111349,29222.574934999997,2336.0,worker_4c4f3206,c02701dd-543e-4c5c-8545-7523e24fe3fa,True,root,5,6,5,1,6,5
31235207041|8|9017979109|929|0a279af1bec84c6ab033bb03f5d8bfd6b08d|7|1786169957868632064|1013,0a279af1bec84c6ab033bb03f5d8bfd6b08d,0a279af1bec84c6ab033bb03f5d8bfd6b08d,7,,0a279af1bec84c6ab033bb03f5d8bfd6b08d,root,0a279af1bec84c6ab033bb03f5d8bfd6b08d|7|-1,929,7,1786169957868632064,1786169958277982208,1786170001350844416,2475.159417,10.593364995350038,43482.075314,3872.0,worker_6e24a6ae,159ec819-33c8-4653-a846-b080553e5b63,True,root,5,6,5,1,6,5
31235207041|8|9017979109|927|085aacf44ac5428ad3c6b4f6cd431e083832|34|1786169936905578496|1014,085aacf44ac5428ad3c6b4f6cd431e083832,085aacf44ac5428ad3c6b4f6cd431e083832,36,,085aacf44ac5428ad3c6b4f6cd431e083832,root,085aacf44ac5428ad3c6b4f6cd431e083832|36|-1,927,34,1786169936905578496,1786169937561912832,1786170006239633664,7028.540537999999,10.531292980223123,69331.669809,5917.0,worker_52cdd4a9,e8db4391-f66b-425c-bf5b-7716a73a9570,True,root,6,7,6,1,6,5
31235207041|8|9017979109|930|0196085d85d2075a50b74cd8795ffbdcea9a|145|1786169982147321088|1015,0196085d85d2075a50b74cd8795ffbdcea9a,0196085d85d2075a50b74cd8795ffbdcea9a,152,,0196085d85d2075a50b74cd8795ffbdcea9a,root,0196085d85d2075a50b74cd8795ffbdcea9a|152|-1,930,145,1786169982147321088,1786169983992062208,1786170008790760704,26641.656360999998,,26641.656360999998,1.0,worker_775bd273,887bb5af-b1da-4a4c-b4e6-e2495aab6b3b,True,root,5,6,5,1,5,4
31235207041|8|9017979109|932|085aacf44ac5428ad3c6b4f6cd431e083832|35|1786170009039517440|1016,085aacf44ac5428ad3c6b4f6cd431e083832,085aacf44ac5428ad3c6b4f6cd431e083832,37,,085aacf44ac5428ad3c6b4f6cd431e083832,root,085aacf44ac5428ad3c6b4f6cd431e083832|37|-1,932,35,1786170009039517440,1786170009838524416,1786170043568898304,11128.22785,10.863994863974002,34529.272787,2155.0,worker_52cdd4a9,937d1f3a-c786-4973-b0cb-33ba699edfb0,True,root,4,5,4,1,6,5
31235207041|8|9017979109|935|0196085d85d2075a50b74cd8795ffbdcea9a|146|1786170047154651904|1017,0196085d85d2075a50b74cd8795ffbdcea9a,0196085d85d2075a50b74cd8795ffbdcea9a,153,,0196085d85d2075a50b74cd8795ffbdcea9a,root,0196085d85d2075a50b74cd8795ffbdcea9a|153|-1,935,146,1786170047154651904,1786170049020154880,1786170049611535872,2453.153604,,2453.153604,1.0,worker_775bd273,109e3b51-f635-409a-abc1-bf6299390a11,True,root,6,7,6,1,7,6
31235207041|8|9017979109|936|002001296e8a8c38ad9d7cc436d691afc602|127|1786170054600849920|1018,002001296e8a8c38ad9d7cc436d691afc602,002001296e8a8c38ad9d7cc436d691afc602,132,,002001296e8a8c38ad9d7cc436d691afc602,root,002001296e8a8c38ad9d7cc436d691afc602|132|-1,936,127,1786170054600849920,1786170055925317632,1786170074774460416,20173.468335999998,,20173.468335999998,1.0,worker_764e719b,0f88187b-6f45-42d9-aa47-f569d9feb774,True,root,6,7,6,1,7,6
31235207041|8|9017979109|910|085411a4cc4b15108dd9b50007261a2efb65|7|1786169899946178048|1019,085411a4cc4b15108dd9b50007261a2efb65,085411a4cc4b15108dd9b50007261a2efb65,11,,085411a4cc4b15108dd9b50007261a2efb65,root,085411a4cc4b15108dd9b50007261a2efb65|11|-1,910,7,1786169899946178048,1786169900476177664,1786170077484051200,29715.41595,10.68621111342442,177537.774282,13834.0,worker_29a49ec4,53318071-6605-4749-9787-589267720809,True,root,5,6,5,1,6,5
31235207041|8|9017979109|918|0470d446a4514dfe0c6ad0be92853bd13287::fa:009|199|1786169918200183040|1020,0470d446a4514dfe0c6ad0be92853bd13287,0470d446a4514dfe0c6ad0be92853bd13287,555,,0470d446a4514dfe0c6ad0be92853bd13287,root,0470d446a4514dfe0c6ad0be92853bd13287|555|-1,918,199,1786169918200183040,1786169918539662080,1786170085855922176,166609.52138299998,11.12690070212766,167655.450049,95.0,worker_8a32eb3d,4cfded3c-8836-447e-8ce9-0c77b20b346b,True,root,4,5,4,1,5,4
31235207041|8|9017979109|933|069d7bf5f1efb4e76e3c84510367e6af78a5|27|1786170034497167104|1021,069d7bf5f1efb4e76e3c84510367e6af78a5,069d7bf5f1efb4e76e3c84510367e6af78a5,35,,069d7bf5f1efb4e76e3c84510367e6af78a5,root,069d7bf5f1efb4e76e3c84510367e6af78a5|35|-1,933,27,1786170034497167104,1786170035189194496,1786170089694233088,10105.597036,10.875857908104196,55196.903923,4147.0,worker_e00f4dfb,d6c47fda-823a-426c-874d-8a55a4960a2f,True,root,5,6,5,1,5,4
31235207041|8|9017979109|926|085aacf44ac5428ad3c6b4f6cd431e083832::sa:subagent_001_103f4c24|8|1786169936006490624|1022,085aacf44ac5428ad3c6b4f6cd431e083832,085aacf44ac5428ad3c6b4f6cd431e083832,32,8.0,085aacf44ac5428ad3c6b4f6cd431e083832::sa:subagent_001_103f4c24,subagent,085aacf44ac5428ad3c6b4f6cd431e083832|32|8,926,8,1786169936006490624,1786169936211707136,1786170092122512384,149898.670174,10.830328637630661,156115.278812,575.0,worker_52cdd4a9,aefcc1d7-d88e-4039-a6e1-5c6538d919ff,True,subagent,5,6,5,1,4,3
31235207041|8|9017979109|937|0196085d85d2075a50b74cd8795ffbdcea9a|147|1786170088236065792|1023,0196085d85d2075a50b74cd8795ffbdcea9a,0196085d85d2075a50b74cd8795ffbdcea9a,154,,0196085d85d2075a50b74cd8795ffbdcea9a,root,0196085d85d2075a50b74cd8795ffbdcea9a|154|-1,937,147,1786170088236065792,1786170090161417728,1786170098083599360,9847.353686,,9847.353686,1.0,worker_775bd273,4b0bb70e-de3b-4565-904b-cf8111aef7d6,True,root,4,5,4,1,5,4
31235207041|8|9017979109|939|085aacf44ac5428ad3c6b4f6cd431e083832::sa:subagent_001_103f4c24|9|1786170092985581568|1024,085aacf44ac5428ad3c6b4f6cd431e083832,085aacf44ac5428ad3c6b4f6cd431e083832,32,9.0,085aacf44ac5428ad3c6b4f6cd431e083832::sa:subagent_001_103f4c24,subagent,085aacf44ac5428ad3c6b4f6cd431e083832|32|9,939,9,1786170092985581568,1786170093452763648,1786170105522256384,9072.914246999999,10.82388825,12536.558487,321.0,worker_52cdd4a9,ecc9c8a9-b2ed-4e37-85ad-a659966695e0,True,subagent,4,5,4,1,4,3
31235207041|8|9017979109|938|069d7bf5f1efb4e76e3c84510367e6af78a5|28|1786170092276824320|1025,069d7bf5f1efb4e76e3c84510367e6af78a5,069d7bf5f1efb4e76e3c84510367e6af78a5,36,,069d7bf5f1efb4e76e3c84510367e6af78a5,root,069d7bf5f1efb4e76e3c84510367e6af78a5|36|-1,938,28,1786170092276824320,1786170092930514432,1786170109104002816,10176.609118,10.489525350157727,16826.96819,635.0,worker_e00f4dfb,54301a92-8645-4e84-9fa4-f6f1d1d177f6,True,root,3,4,4,0,4,3
31235207041|8|9017979109|940|085aacf44ac5428ad3c6b4f6cd431e083832::sa:subagent_001_103f4c24|10|1786170106404924416|1026,085aacf44ac5428ad3c6b4f6cd431e083832,085aacf44ac5428ad3c6b4f6cd431e083832,32,10.0,085aacf44ac5428ad3c6b4f6cd431e083832::sa:subagent_001_103f4c24,subagent,085aacf44ac5428ad3c6b4f6cd431e083832|32|10,940,10,1786170106404924416,1786170106646537216,1786170111316589312,1206.727459,9.62296238181818,4911.567975999999,386.0,worker_52cdd4a9,e13dc0df-4dce-4a38-ba41-84859d0533ba,True,subagent,3,4,3,1,3,2
31235207041|8|9017979109|941|085aacf44ac5428ad3c6b4f6cd431e083832::sa:subagent_001_103f4c24|11|1786170112252325376|1027,085aacf44ac5428ad3c6b4f6cd431e083832,085aacf44ac5428ad3c6b4f6cd431e083832,32,11.0,085aacf44ac5428ad3c6b4f6cd431e083832::sa:subagent_001_103f4c24,subagent,085aacf44ac5428ad3c6b4f6cd431e083832|32|11,941,11,1786170112252325376,1786170112471959040,1786170116887187456,802.482258,10.216185181333334,4633.551700999999,376.0,worker_52cdd4a9,dcb953df-9e5d-4a26-97ed-7f4f186b0a58,True,subagent,2,3,2,1,4,3
31235207041|8|9017979109|931|0a279af1bec84c6ab033bb03f5d8bfd6b08d|8|1786170003333976064|1028,0a279af1bec84c6ab033bb03f5d8bfd6b08d,0a279af1bec84c6ab033bb03f5d8bfd6b08d,8,,0a279af1bec84c6ab033bb03f5d8bfd6b08d,root,0a279af1bec84c6ab033bb03f5d8bfd6b08d|8|-1,931,8,1786170003333976064,1786170003757361920,1786170121079702528,5514.313026,10.799511583622015,117742.837403,10393.0,worker_6e24a6ae,b147a440-fa6f-4baa-9a6a-b6e6cc7a73a2,True,root,5,6,5,1,4,3
31235207041|8|9017979109|943|085aacf44ac5428ad3c6b4f6cd431e083832::sa:subagent_001_103f4c24|12|1786170117777831424|1029,085aacf44ac5428ad3c6b4f6cd431e083832,085aacf44ac5428ad3c6b4f6cd431e083832,32,12.0,085aacf44ac5428ad3c6b4f6cd431e083832::sa:subagent_001_103f4c24,subagent,085aacf44ac5428ad3c6b4f6cd431e083832|32|12,943,12,1786170117777831424,1786170118157057792,1786170129103973376,9130.024463,10.65979954854369,11325.943169999999,207.0,worker_52cdd4a9,62cd5774-7af5-47d6-bf74-f932ddc367c4,True,subagent,3,4,3,1,4,3
31235207041|8|9017979109|945|085aacf44ac5428ad3c6b4f6cd431e083832::sa:subagent_001_103f4c24|13|1786170130077740288|1030,085aacf44ac5428ad3c6b4f6cd431e083832,085aacf44ac5428ad3c6b4f6cd431e083832,32,13.0,085aacf44ac5428ad3c6b4f6cd431e083832::sa:subagent_001_103f4c24,subagent,085aacf44ac5428ad3c6b4f6cd431e083832|32|13,945,13,1786170130077740288,1786170130339822592,1786170134472480000,2093.493313,10.604123267281105,4394.588062,218.0,worker_52cdd4a9,fa1e07de-7d11-42a7-b047-a8d59fc8060e,True,subagent,3,4,3,1,4,3
31235207041|8|9017979109|944|0a279af1bec84c6ab033bb03f5d8bfd6b08d|9|1786170124532743680|1031,0a279af1bec84c6ab033bb03f5d8bfd6b08d,0a279af1bec84c6ab033bb03f5d8bfd6b08d,9,,0a279af1bec84c6ab033bb03f5d8bfd6b08d,root,0a279af1bec84c6ab033bb03f5d8bfd6b08d|9|-1,944,9,1786170124532743680,1786170125051474176,1786170135116158720,7597.141767,10.773306137184115,10581.347566999999,278.0,worker_6e24a6ae,e36590a0-2f04-4049-ac05-b685adf15f04,True,root,3,4,3,1,3,2
31235207041|8|9017979109|934|085aacf44ac5428ad3c6b4f6cd431e083832|36|1786170046067825920|1032,085aacf44ac5428ad3c6b4f6cd431e083832,085aacf44ac5428ad3c6b4f6cd431e083832,38,,085aacf44ac5428ad3c6b4f6cd431e083832,root,085aacf44ac5428ad3c6b4f6cd431e083832|38|-1,934,36,1786170046067825920,1786170046696861440,1786170137525587712,55181.805116999996,10.700833794690265,91457.631681,3391.0,worker_52cdd4a9,b0303ece-de42-4ce0-b935-c23b888322d1,True,root,5,6,5,1,5,4
31235207041|8|9017979109|946|085aacf44ac5428ad3c6b4f6cd431e083832::sa:subagent_001_103f4c24|14|1786170135418001152|1033,085aacf44ac5428ad3c6b4f6cd431e083832,085aacf44ac5428ad3c6b4f6cd431e083832,32,14.0,085aacf44ac5428ad3c6b4f6cd431e083832::sa:subagent_001_103f4c24,subagent,085aacf44ac5428ad3c6b4f6cd431e083832|32|14,946,14,1786170135418001152,1786170135656946688,1786170140230693632,852.396131,10.761461491847825,4812.61396,369.0,worker_52cdd4a9,dce3558f-9d87-4bb3-b7ae-ad6aa47f8706,True,subagent,2,3,2,1,5,4
31235207041|8|9017979109|950|085aacf44ac5428ad3c6b4f6cd431e083832::sa:subagent_001_103f4c24|15|1786170141212254976|1034,085aacf44ac5428ad3c6b4f6cd431e083832,085aacf44ac5428ad3c6b4f6cd431e083832,32,15.0,085aacf44ac5428ad3c6b4f6cd431e083832::sa:subagent_001_103f4c24,subagent,085aacf44ac5428ad3c6b4f6cd431e083832|32|15,950,15,1786170141212254976,1786170141491310336,1786170148393073152,863.780099,10.510668539101498,7180.6918909999995,602.0,worker_52cdd4a9,96aa665d-4900-4436-964d-459f303f8291,True,subagent,4,5,4,1,5,4
31235207041|8|9017979109|948|0a279af1bec84c6ab033bb03f5d8bfd6b08d|10|1786170136893638912|1035,0a279af1bec84c6ab033bb03f5d8bfd6b08d,0a279af1bec84c6ab033bb03f5d8bfd6b08d,10,,0a279af1bec84c6ab033bb03f5d8bfd6b08d,root,0a279af1bec84c6ab033bb03f5d8bfd6b08d|10|-1,948,10,1786170136893638912,1786170137474116608,1786170158160901632,1389.7294849999998,10.595662757995735,21267.192819,1877.0,worker_6e24a6ae,fb384691-cadb-4094-b31e-f3497fa4facf,True,root,4,5,4,1,5,4
31235207041|8|9017979109|947|0196085d85d2075a50b74cd8795ffbdcea9a|148|1786170136564552192|1036,0196085d85d2075a50b74cd8795ffbdcea9a,0196085d85d2075a50b74cd8795ffbdcea9a,155,,0196085d85d2075a50b74cd8795ffbdcea9a,root,0196085d85d2075a50b74cd8795ffbdcea9a|155|-1,947,148,1786170136564552192,1786170138755637504,1786170170174404608,33609.735922,,33609.735922,1.0,worker_775bd273,5128d917-42bd-42d9-84b9-24b5885a5058,True,root,3,4,3,1,5,4
31235207041|8|9017979109|942|085411a4cc4b15108dd9b50007261a2efb65|8|1786170112887005696|1037,085411a4cc4b15108dd9b50007261a2efb65,085411a4cc4b15108dd9b50007261a2efb65,12,,085411a4cc4b15108dd9b50007261a2efb65,root,085411a4cc4b15108dd9b50007261a2efb65|12|-1,942,8,1786170112887005696,1786170113446298368,1786170175148952320,14083.756566999999,10.546862166812609,62261.822945,4569.0,worker_29a49ec4,974b3af9-2cae-41c2-82e6-a10efa9aecdc,True,root,3,4,3,1,4,3
31235207041|8|9017979109|951|085aacf44ac5428ad3c6b4f6cd431e083832::sa:subagent_001_103f4c24|16|1786170149434660096|1038,085aacf44ac5428ad3c6b4f6cd431e083832,085aacf44ac5428ad3c6b4f6cd431e083832,32,16.0,085aacf44ac5428ad3c6b4f6cd431e083832::sa:subagent_001_103f4c24,subagent,085aacf44ac5428ad3c6b4f6cd431e083832|32|16,951,16,1786170149434660096,1786170149684688896,1786170176105605376,20798.078684,10.581472464864865,26670.795901999998,556.0,worker_52cdd4a9,add2262b-0005-48f5-9d5f-bedfef99363e,True,subagent,4,5,4,1,3,2
31235207041|8|9017979109|949|085aacf44ac5428ad3c6b4f6cd431e083832|37|1786170140124952064|1039,085aacf44ac5428ad3c6b4f6cd431e083832,085aacf44ac5428ad3c6b4f6cd431e083832,39,,085aacf44ac5428ad3c6b4f6cd431e083832,root,085aacf44ac5428ad3c6b4f6cd431e083832|39|-1,949,37,1786170140124952064,1786170140833142272,1786170178569806592,30882.560829,10.769521424501423,38442.764869,703.0,worker_52cdd4a9,75fb6053-a563-40f7-a98e-4dc523311f21,True,root,4,5,4,1,3,2
31235207041|8|9017979109|953|077ea9e6554f45bbad9c24a8462bae9a8512|29|1786170160811517440|1040,077ea9e6554f45bbad9c24a8462bae9a8512,077ea9e6554f45bbad9c24a8462bae9a8512,30,,077ea9e6554f45bbad9c24a8462bae9a8512,root,077ea9e6554f45bbad9c24a8462bae9a8512|30|-1,953,29,1786170160811517440,1786170161176861952,1786170184618061568,22606.660613,10.904861172727271,23806.195342,111.0,worker_4c4f3206,cebb6f4e-0e63-4368-acb4-80bb2595a6c5,True,root,4,5,4,1,4,3
31235207041|8|9017979109|954|085aacf44ac5428ad3c6b4f6cd431e083832::sa:subagent_001_103f4c24|17|1786170177122687744|1041,085aacf44ac5428ad3c6b4f6cd431e083832,085aacf44ac5428ad3c6b4f6cd431e083832,32,17.0,085aacf44ac5428ad3c6b4f6cd431e083832::sa:subagent_001_103f4c24,subagent,085aacf44ac5428ad3c6b4f6cd431e083832|32|17,954,17,1786170177122687744,1786170177423408384,1786170185453622016,953.846819,10.78431817105263,8330.320448,685.0,worker_52cdd4a9,157238a8-d919-4d23-8165-e6344606efa7,True,subagent,2,3,2,1,3,2
31235207041|8|9017979109|955|085aacf44ac5428ad3c6b4f6cd431e083832|38|1786170181214788608|1042,085aacf44ac5428ad3c6b4f6cd431e083832,085aacf44ac5428ad3c6b4f6cd431e083832,40,,085aacf44ac5428ad3c6b4f6cd431e083832,root,085aacf44ac5428ad3c6b4f6cd431e083832|40|-1,955,38,1786170181214788608,1786170181905378304,1786170191723508992,10508.589248999999,,10508.589248999999,1.0,worker_52cdd4a9,c11fbc74-0bc4-48ad-bd42-d311ae01a5c5,True,root,2,3,2,1,3,2
31235207041|8|9017979109|957|085aacf44ac5428ad3c6b4f6cd431e083832::sa:subagent_001_103f4c24|18|1786170186462976000|1043,085aacf44ac5428ad3c6b4f6cd431e083832,085aacf44ac5428ad3c6b4f6cd431e083832,32,18.0,085aacf44ac5428ad3c6b4f6cd431e083832::sa:subagent_001_103f4c24,subagent,085aacf44ac5428ad3c6b4f6cd431e083832|32|18,957,18,1786170186462976000,1786170186703190528,1786170202206860032,7402.277233999999,10.18497548107448,15743.772153,820.0,worker_52cdd4a9,7e2cab77-2704-468e-bf05-ecdb07d58d85,True,subagent,2,3,2,1,2,1
31235207041|8|9017979109|956|069d7bf5f1efb4e76e3c84510367e6af78a5|29|1786170182474023936|1044,069d7bf5f1efb4e76e3c84510367e6af78a5,069d7bf5f1efb4e76e3c84510367e6af78a5,37,,069d7bf5f1efb4e76e3c84510367e6af78a5,root,069d7bf5f1efb4e76e3c84510367e6af78a5|37|-1,956,29,1786170182474023936,1786170183193343232,1786170207328499200,11471.326238,10.77534671336554,24854.306856,1243.0,worker_e00f4dfb,e4dda606-c25d-4b77-8bdb-d59da4ae37b4,True,root,3,4,3,1,1,0
