component,worker,rank,source_file,line_number,raw_log_line_pattern,candidate_metric_name,value,timestamp,metric_scope_interpretation,classification,source_kind,unit,avg,min,max,p50,p90,p95
frontend,localhost:8000,,data/raw/h200_gpu_resident_mtp/conc8/result/9017979109/conc_8/aiperf_artifacts/server_metrics_export.csv,9,Metric=dynamo_request_plane_inflight_requests; Description=Currently in-flight requests at AddressedPushRouter,dynamo_request_plane_inflight_requests,10.0,,Dynamo frontend/request-plane metric; separate from profile interval overlap and SGLang running,Evidence,aiperf_server_metrics_csv_aggregate,requests,1.7491,0.0,10.0,1.0,4.0,5.0
unlabeled,10.49.115.1:7503,,data/raw/h200_gpu_resident_mtp/conc8/result/9017979109/conc_8/aiperf_artifacts/server_metrics_export.csv,23,Metric=dynamo_work_handler_queue_capacity; Description=Configured capacity of the bounded work queue,dynamo_work_handler_queue_capacity,40000.0,,configured capacity metric; not observed scheduler running,Evidence,aiperf_server_metrics_csv_aggregate,,40000.0,40000.0,40000.0,40000.0,40000.0,40000.0
unlabeled,10.49.123.178:7501,,data/raw/h200_gpu_resident_mtp/conc8/result/9017979109/conc_8/aiperf_artifacts/server_metrics_export.csv,24,Metric=dynamo_work_handler_queue_capacity; Description=Configured capacity of the bounded work queue,dynamo_work_handler_queue_capacity,40000.0,,configured capacity metric; not observed scheduler running,Evidence,aiperf_server_metrics_csv_aggregate,,40000.0,40000.0,40000.0,40000.0,40000.0,40000.0
unlabeled,10.49.14.237:7500,,data/raw/h200_gpu_resident_mtp/conc8/result/9017979109/conc_8/aiperf_artifacts/server_metrics_export.csv,25,Metric=dynamo_work_handler_queue_capacity; Description=Configured capacity of the bounded work queue,dynamo_work_handler_queue_capacity,40000.0,,configured capacity metric; not observed scheduler running,Evidence,aiperf_server_metrics_csv_aggregate,,40000.0,40000.0,40000.0,40000.0,40000.0,40000.0
unlabeled,10.49.62.108:7502,,data/raw/h200_gpu_resident_mtp/conc8/result/9017979109/conc_8/aiperf_artifacts/server_metrics_export.csv,26,Metric=dynamo_work_handler_queue_capacity; Description=Configured capacity of the bounded work queue,dynamo_work_handler_queue_capacity,40000.0,,configured capacity metric; not observed scheduler running,Evidence,aiperf_server_metrics_csv_aggregate,,40000.0,40000.0,40000.0,40000.0,40000.0,40000.0
unlabeled,10.49.115.1:7503,,data/raw/h200_gpu_resident_mtp/conc8/result/9017979109/conc_8/aiperf_artifacts/server_metrics_export.csv,27,Metric=dynamo_work_handler_queue_depth; Description=Current items in the bounded work queue awaiting dispatcher pickup,dynamo_work_handler_queue_depth,0.0,,Current items in the bounded work queue awaiting dispatcher pickup,Evidence,aiperf_server_metrics_csv_aggregate,,0.0,0.0,0.0,0.0,0.0,0.0
unlabeled,10.49.123.178:7501,,data/raw/h200_gpu_resident_mtp/conc8/result/9017979109/conc_8/aiperf_artifacts/server_metrics_export.csv,28,Metric=dynamo_work_handler_queue_depth; Description=Current items in the bounded work queue awaiting dispatcher pickup,dynamo_work_handler_queue_depth,0.0,,Current items in the bounded work queue awaiting dispatcher pickup,Evidence,aiperf_server_metrics_csv_aggregate,,0.0,0.0,0.0,0.0,0.0,0.0
unlabeled,10.49.14.237:7500,,data/raw/h200_gpu_resident_mtp/conc8/result/9017979109/conc_8/aiperf_artifacts/server_metrics_export.csv,29,Metric=dynamo_work_handler_queue_depth; Description=Current items in the bounded work queue awaiting dispatcher pickup,dynamo_work_handler_queue_depth,0.0,,Current items in the bounded work queue awaiting dispatcher pickup,Evidence,aiperf_server_metrics_csv_aggregate,,0.0,0.0,0.0,0.0,0.0,0.0
unlabeled,10.49.62.108:7502,,data/raw/h200_gpu_resident_mtp/conc8/result/9017979109/conc_8/aiperf_artifacts/server_metrics_export.csv,30,Metric=dynamo_work_handler_queue_depth; Description=Current items in the bounded work queue awaiting dispatcher pickup,dynamo_work_handler_queue_depth,0.0,,Current items in the bounded work queue awaiting dispatcher pickup,Evidence,aiperf_server_metrics_csv_aggregate,,0.0,0.0,0.0,0.0,0.0,0.0
decode,localhost:8000,,data/raw/h200_gpu_resident_mtp/conc8/result/9017979109/conc_8/aiperf_artifacts/server_metrics_export.csv,132,Metric=dynamo_frontend_router_queue_pending_isl_tokens; Description=Sum of isl_tokens for requests pending in the router scheduler queue,dynamo_frontend_router_queue_pending_isl_tokens,0.0,,Dynamo frontend/request-plane metric; separate from profile interval overlap and SGLang running,Evidence,aiperf_server_metrics_csv_aggregate,tokens,0.0,0.0,0.0,0.0,0.0,0.0
prefill,localhost:8000,,data/raw/h200_gpu_resident_mtp/conc8/result/9017979109/conc_8/aiperf_artifacts/server_metrics_export.csv,133,Metric=dynamo_frontend_router_queue_pending_isl_tokens; Description=Sum of isl_tokens for requests pending in the router scheduler queue,dynamo_frontend_router_queue_pending_isl_tokens,173921.0,,Dynamo frontend/request-plane metric; separate from profile interval overlap and SGLang running,Evidence,aiperf_server_metrics_csv_aggregate,tokens,1141.0642,0.0,173921.0,0.0,0.0,0.0
decode,localhost:8000,,data/raw/h200_gpu_resident_mtp/conc8/result/9017979109/conc_8/aiperf_artifacts/server_metrics_export.csv,134,Metric=dynamo_frontend_router_queue_pending_requests; Description=Number of requests pending in the router scheduler queue,dynamo_frontend_router_queue_pending_requests,0.0,,Dynamo frontend/request-plane metric; separate from profile interval overlap and SGLang running,Evidence,aiperf_server_metrics_csv_aggregate,requests,0.0,0.0,0.0,0.0,0.0,0.0
prefill,localhost:8000,,data/raw/h200_gpu_resident_mtp/conc8/result/9017979109/conc_8/aiperf_artifacts/server_metrics_export.csv,135,Metric=dynamo_frontend_router_queue_pending_requests; Description=Number of requests pending in the router scheduler queue,dynamo_frontend_router_queue_pending_requests,2.0,,Dynamo frontend/request-plane metric; separate from profile interval overlap and SGLang running,Evidence,aiperf_server_metrics_csv_aggregate,requests,0.0107,0.0,2.0,0.0,0.0,0.0
frontend,localhost:8000,,data/raw/h200_gpu_resident_mtp/conc8/result/9017979109/conc_8/aiperf_artifacts/server_metrics_export.csv,137,Metric=dynamo_frontend_inflight_requests; Description=Number of inflight requests,dynamo_frontend_inflight_requests,6.0,,Dynamo frontend/request-plane metric; separate from profile interval overlap and SGLang running,Evidence,aiperf_server_metrics_csv_aggregate,requests,1.3242,0.0,6.0,1.0,3.0,3.0
frontend,localhost:8000,,data/raw/h200_gpu_resident_mtp/conc8/result/9017979109/conc_8/aiperf_artifacts/server_metrics_export.csv,144,Metric=dynamo_frontend_queued_requests; Description=Number of requests in HTTP processing queue,dynamo_frontend_queued_requests,5.0,,Dynamo frontend/request-plane metric; separate from profile interval overlap and SGLang running,Evidence,aiperf_server_metrics_csv_aggregate,requests,0.5729,0.0,5.0,0.0,2.0,2.0
decode,694d9fdfb4d8ee1b,,data/raw/h200_gpu_resident_mtp/conc8/result/9017979109/conc_8/aiperf_artifacts/server_metrics_export.csv,149,Metric=dynamo_component_inflight_requests; Description=Number of requests currently being processed by work handler,dynamo_component_inflight_requests,7.0,,Number of requests currently being processed by work handler,Evidence,aiperf_server_metrics_csv_aggregate,requests,1.6203,0.0,7.0,1.0,4.0,4.0
decode,694d9fdfb4d8ee1b,,data/raw/h200_gpu_resident_mtp/conc8/result/9017979109/conc_8/aiperf_artifacts/server_metrics_export.csv,150,Metric=dynamo_component_inflight_requests; Description=Number of requests currently being processed by work handler,dynamo_component_inflight_requests,0.0,,Number of requests currently being processed by work handler,Evidence,aiperf_server_metrics_csv_aggregate,requests,0.0,0.0,0.0,0.0,0.0,0.0
decode,694d9fdfb4d8ee1b,,data/raw/h200_gpu_resident_mtp/conc8/result/9017979109/conc_8/aiperf_artifacts/server_metrics_export.csv,151,Metric=dynamo_component_inflight_requests; Description=Number of requests currently being processed by work handler,dynamo_component_inflight_requests,0.0,,Number of requests currently being processed by work handler,Evidence,aiperf_server_metrics_csv_aggregate,requests,0.0,0.0,0.0,0.0,0.0,0.0
decode,694d9fdfb4d8ee1b,,data/raw/h200_gpu_resident_mtp/conc8/result/9017979109/conc_8/aiperf_artifacts/server_metrics_export.csv,152,Metric=dynamo_component_inflight_requests; Description=Number of requests currently being processed by work handler,dynamo_component_inflight_requests,0.0,,Number of requests currently being processed by work handler,Evidence,aiperf_server_metrics_csv_aggregate,requests,0.0,0.0,0.0,0.0,0.0,0.0
prefill,694d9fdfb4d8ee15,,data/raw/h200_gpu_resident_mtp/conc8/result/9017979109/conc_8/aiperf_artifacts/server_metrics_export.csv,153,Metric=dynamo_component_inflight_requests; Description=Number of requests currently being processed by work handler,dynamo_component_inflight_requests,6.0,,Number of requests currently being processed by work handler,Evidence,aiperf_server_metrics_csv_aggregate,requests,0.6868,0.0,6.0,0.0,2.0,3.0
prefill,694d9fdfb4d8ee15,,data/raw/h200_gpu_resident_mtp/conc8/result/9017979109/conc_8/aiperf_artifacts/server_metrics_export.csv,154,Metric=dynamo_component_inflight_requests; Description=Number of requests currently being processed by work handler,dynamo_component_inflight_requests,0.0,,Number of requests currently being processed by work handler,Evidence,aiperf_server_metrics_csv_aggregate,requests,0.0,0.0,0.0,0.0,0.0,0.0
prefill,694d9fdfb4d8ee15,,data/raw/h200_gpu_resident_mtp/conc8/result/9017979109/conc_8/aiperf_artifacts/server_metrics_export.csv,155,Metric=dynamo_component_inflight_requests; Description=Number of requests currently being processed by work handler,dynamo_component_inflight_requests,0.0,,Number of requests currently being processed by work handler,Evidence,aiperf_server_metrics_csv_aggregate,requests,0.0,0.0,0.0,0.0,0.0,0.0
prefill,694d9fdfb4d8ee15,,data/raw/h200_gpu_resident_mtp/conc8/result/9017979109/conc_8/aiperf_artifacts/server_metrics_export.csv,156,Metric=dynamo_component_inflight_requests; Description=Number of requests currently being processed by work handler,dynamo_component_inflight_requests,0.0,,Number of requests currently being processed by work handler,Evidence,aiperf_server_metrics_csv_aggregate,requests,0.0,0.0,0.0,0.0,0.0,0.0
prefill,694d9fdfb4d8ee13,,data/raw/h200_gpu_resident_mtp/conc8/result/9017979109/conc_8/aiperf_artifacts/server_metrics_export.csv,157,Metric=dynamo_component_inflight_requests; Description=Number of requests currently being processed by work handler,dynamo_component_inflight_requests,8.0,,Number of requests currently being processed by work handler,Evidence,aiperf_server_metrics_csv_aggregate,requests,0.8268,0.0,8.0,0.0,2.0,3.0
prefill,694d9fdfb4d8ee13,,data/raw/h200_gpu_resident_mtp/conc8/result/9017979109/conc_8/aiperf_artifacts/server_metrics_export.csv,158,Metric=dynamo_component_inflight_requests; Description=Number of requests currently being processed by work handler,dynamo_component_inflight_requests,0.0,,Number of requests currently being processed by work handler,Evidence,aiperf_server_metrics_csv_aggregate,requests,0.0,0.0,0.0,0.0,0.0,0.0
prefill,694d9fdfb4d8ee13,,data/raw/h200_gpu_resident_mtp/conc8/result/9017979109/conc_8/aiperf_artifacts/server_metrics_export.csv,159,Metric=dynamo_component_inflight_requests; Description=Number of requests currently being processed by work handler,dynamo_component_inflight_requests,0.0,,Number of requests currently being processed by work handler,Evidence,aiperf_server_metrics_csv_aggregate,requests,0.0,0.0,0.0,0.0,0.0,0.0
prefill,694d9fdfb4d8ee13,,data/raw/h200_gpu_resident_mtp/conc8/result/9017979109/conc_8/aiperf_artifacts/server_metrics_export.csv,160,Metric=dynamo_component_inflight_requests; Description=Number of requests currently being processed by work handler,dynamo_component_inflight_requests,0.0,,Number of requests currently being processed by work handler,Evidence,aiperf_server_metrics_csv_aggregate,requests,0.0,0.0,0.0,0.0,0.0,0.0
decode,694d9fdfb4d8ee18,,data/raw/h200_gpu_resident_mtp/conc8/result/9017979109/conc_8/aiperf_artifacts/server_metrics_export.csv,161,Metric=dynamo_component_inflight_requests; Description=Number of requests currently being processed by work handler,dynamo_component_inflight_requests,7.0,,Number of requests currently being processed by work handler,Evidence,aiperf_server_metrics_csv_aggregate,requests,2.1255,0.0,7.0,2.0,4.0,5.0
decode,694d9fdfb4d8ee18,,data/raw/h200_gpu_resident_mtp/conc8/result/9017979109/conc_8/aiperf_artifacts/server_metrics_export.csv,162,Metric=dynamo_component_inflight_requests; Description=Number of requests currently being processed by work handler,dynamo_component_inflight_requests,0.0,,Number of requests currently being processed by work handler,Evidence,aiperf_server_metrics_csv_aggregate,requests,0.0,0.0,0.0,0.0,0.0,0.0
decode,694d9fdfb4d8ee18,,data/raw/h200_gpu_resident_mtp/conc8/result/9017979109/conc_8/aiperf_artifacts/server_metrics_export.csv,163,Metric=dynamo_component_inflight_requests; Description=Number of requests currently being processed by work handler,dynamo_component_inflight_requests,0.0,,Number of requests currently being processed by work handler,Evidence,aiperf_server_metrics_csv_aggregate,requests,0.0,0.0,0.0,0.0,0.0,0.0
decode,694d9fdfb4d8ee18,,data/raw/h200_gpu_resident_mtp/conc8/result/9017979109/conc_8/aiperf_artifacts/server_metrics_export.csv,164,Metric=dynamo_component_inflight_requests; Description=Number of requests currently being processed by work handler,dynamo_component_inflight_requests,0.0,,Number of requests currently being processed by work handler,Evidence,aiperf_server_metrics_csv_aggregate,requests,0.0,0.0,0.0,0.0,0.0,0.0
prefill,694d9fdfb4d8ee15,tp_rank=0;pp_rank=0,data/raw/h200_gpu_resident_mtp/conc8/result/9017979109/conc_8/aiperf_artifacts/server_metrics_export.csv,245,Metric=sglang:full_token_usage; Description=The token usage for full attention layers.,sglang:full_token_usage,0.8749,,The token usage for full attention layers.,Evidence,aiperf_server_metrics_csv_aggregate,,0.0519,0.0,0.8749,0.0,0.192,0.3437
prefill,694d9fdfb4d8ee15,tp_rank=1;pp_rank=0,data/raw/h200_gpu_resident_mtp/conc8/result/9017979109/conc_8/aiperf_artifacts/server_metrics_export.csv,246,Metric=sglang:full_token_usage; Description=The token usage for full attention layers.,sglang:full_token_usage,0.8749,,The token usage for full attention layers.,Evidence,aiperf_server_metrics_csv_aggregate,,0.0519,0.0,0.8749,0.0,0.192,0.3437
prefill,694d9fdfb4d8ee15,tp_rank=2;pp_rank=0,data/raw/h200_gpu_resident_mtp/conc8/result/9017979109/conc_8/aiperf_artifacts/server_metrics_export.csv,247,Metric=sglang:full_token_usage; Description=The token usage for full attention layers.,sglang:full_token_usage,0.8749,,The token usage for full attention layers.,Evidence,aiperf_server_metrics_csv_aggregate,,0.0519,0.0,0.8749,0.0,0.192,0.3437
prefill,694d9fdfb4d8ee15,tp_rank=3;pp_rank=0,data/raw/h200_gpu_resident_mtp/conc8/result/9017979109/conc_8/aiperf_artifacts/server_metrics_export.csv,248,Metric=sglang:full_token_usage; Description=The token usage for full attention layers.,sglang:full_token_usage,0.8749,,The token usage for full attention layers.,Evidence,aiperf_server_metrics_csv_aggregate,,0.0519,0.0,0.8749,0.0,0.192,0.3437
prefill,694d9fdfb4d8ee15,tp_rank=4;pp_rank=0,data/raw/h200_gpu_resident_mtp/conc8/result/9017979109/conc_8/aiperf_artifacts/server_metrics_export.csv,249,Metric=sglang:full_token_usage; Description=The token usage for full attention layers.,sglang:full_token_usage,0.8749,,The token usage for full attention layers.,Evidence,aiperf_server_metrics_csv_aggregate,,0.0519,0.0,0.8749,0.0,0.192,0.3437
prefill,694d9fdfb4d8ee15,tp_rank=5;pp_rank=0,data/raw/h200_gpu_resident_mtp/conc8/result/9017979109/conc_8/aiperf_artifacts/server_metrics_export.csv,250,Metric=sglang:full_token_usage; Description=The token usage for full attention layers.,sglang:full_token_usage,0.8749,,The token usage for full attention layers.,Evidence,aiperf_server_metrics_csv_aggregate,,0.0519,0.0,0.8749,0.0,0.192,0.3437
prefill,694d9fdfb4d8ee15,tp_rank=6;pp_rank=0,data/raw/h200_gpu_resident_mtp/conc8/result/9017979109/conc_8/aiperf_artifacts/server_metrics_export.csv,251,Metric=sglang:full_token_usage; Description=The token usage for full attention layers.,sglang:full_token_usage,0.8749,,The token usage for full attention layers.,Evidence,aiperf_server_metrics_csv_aggregate,,0.0519,0.0,0.8749,0.0,0.192,0.3437
prefill,694d9fdfb4d8ee15,tp_rank=7;pp_rank=0,data/raw/h200_gpu_resident_mtp/conc8/result/9017979109/conc_8/aiperf_artifacts/server_metrics_export.csv,252,Metric=sglang:full_token_usage; Description=The token usage for full attention layers.,sglang:full_token_usage,0.8749,,The token usage for full attention layers.,Evidence,aiperf_server_metrics_csv_aggregate,,0.0519,0.0,0.8749,0.0,0.192,0.3437
prefill,694d9fdfb4d8ee13,tp_rank=0;pp_rank=0,data/raw/h200_gpu_resident_mtp/conc8/result/9017979109/conc_8/aiperf_artifacts/server_metrics_export.csv,253,Metric=sglang:full_token_usage; Description=The token usage for full attention layers.,sglang:full_token_usage,0.7377,,The token usage for full attention layers.,Evidence,aiperf_server_metrics_csv_aggregate,,0.0697,0.0,0.7377,0.0,0.25,0.4375
prefill,694d9fdfb4d8ee13,tp_rank=1;pp_rank=0,data/raw/h200_gpu_resident_mtp/conc8/result/9017979109/conc_8/aiperf_artifacts/server_metrics_export.csv,254,Metric=sglang:full_token_usage; Description=The token usage for full attention layers.,sglang:full_token_usage,0.7377,,The token usage for full attention layers.,Evidence,aiperf_server_metrics_csv_aggregate,,0.0697,0.0,0.7377,0.0,0.25,0.4375
prefill,694d9fdfb4d8ee13,tp_rank=2;pp_rank=0,data/raw/h200_gpu_resident_mtp/conc8/result/9017979109/conc_8/aiperf_artifacts/server_metrics_export.csv,255,Metric=sglang:full_token_usage; Description=The token usage for full attention layers.,sglang:full_token_usage,0.7377,,The token usage for full attention layers.,Evidence,aiperf_server_metrics_csv_aggregate,,0.0697,0.0,0.7377,0.0,0.25,0.4375
prefill,694d9fdfb4d8ee13,tp_rank=3;pp_rank=0,data/raw/h200_gpu_resident_mtp/conc8/result/9017979109/conc_8/aiperf_artifacts/server_metrics_export.csv,256,Metric=sglang:full_token_usage; Description=The token usage for full attention layers.,sglang:full_token_usage,0.7377,,The token usage for full attention layers.,Evidence,aiperf_server_metrics_csv_aggregate,,0.0697,0.0,0.7377,0.0,0.25,0.4375
prefill,694d9fdfb4d8ee13,tp_rank=4;pp_rank=0,data/raw/h200_gpu_resident_mtp/conc8/result/9017979109/conc_8/aiperf_artifacts/server_metrics_export.csv,257,Metric=sglang:full_token_usage; Description=The token usage for full attention layers.,sglang:full_token_usage,0.7377,,The token usage for full attention layers.,Evidence,aiperf_server_metrics_csv_aggregate,,0.0697,0.0,0.7377,0.0,0.25,0.4375
prefill,694d9fdfb4d8ee13,tp_rank=5;pp_rank=0,data/raw/h200_gpu_resident_mtp/conc8/result/9017979109/conc_8/aiperf_artifacts/server_metrics_export.csv,258,Metric=sglang:full_token_usage; Description=The token usage for full attention layers.,sglang:full_token_usage,0.7377,,The token usage for full attention layers.,Evidence,aiperf_server_metrics_csv_aggregate,,0.0698,0.0,0.7377,0.0,0.25,0.4375
prefill,694d9fdfb4d8ee13,tp_rank=6;pp_rank=0,data/raw/h200_gpu_resident_mtp/conc8/result/9017979109/conc_8/aiperf_artifacts/server_metrics_export.csv,259,Metric=sglang:full_token_usage; Description=The token usage for full attention layers.,sglang:full_token_usage,0.7377,,The token usage for full attention layers.,Evidence,aiperf_server_metrics_csv_aggregate,,0.0698,0.0,0.7377,0.0,0.25,0.4375
prefill,694d9fdfb4d8ee13,tp_rank=7;pp_rank=0,data/raw/h200_gpu_resident_mtp/conc8/result/9017979109/conc_8/aiperf_artifacts/server_metrics_export.csv,260,Metric=sglang:full_token_usage; Description=The token usage for full attention layers.,sglang:full_token_usage,0.7377,,The token usage for full attention layers.,Evidence,aiperf_server_metrics_csv_aggregate,,0.0697,0.0,0.7377,0.0,0.25,0.4375
prefill,694d9fdfb4d8ee15,tp_rank=0;pp_rank=0,data/raw/h200_gpu_resident_mtp/conc8/result/9017979109/conc_8/aiperf_artifacts/server_metrics_export.csv,437,Metric=sglang:num_decode_prealloc_queue_reqs; Description=The number of requests in the decode prealloc queue.,sglang:num_decode_prealloc_queue_reqs,0.0,,The number of requests in the decode prealloc queue.,Evidence,aiperf_server_metrics_csv_aggregate,requests,0.0,0.0,0.0,0.0,0.0,0.0
prefill,694d9fdfb4d8ee15,tp_rank=1;pp_rank=0,data/raw/h200_gpu_resident_mtp/conc8/result/9017979109/conc_8/aiperf_artifacts/server_metrics_export.csv,438,Metric=sglang:num_decode_prealloc_queue_reqs; Description=The number of requests in the decode prealloc queue.,sglang:num_decode_prealloc_queue_reqs,0.0,,The number of requests in the decode prealloc queue.,Evidence,aiperf_server_metrics_csv_aggregate,requests,0.0,0.0,0.0,0.0,0.0,0.0
prefill,694d9fdfb4d8ee15,tp_rank=2;pp_rank=0,data/raw/h200_gpu_resident_mtp/conc8/result/9017979109/conc_8/aiperf_artifacts/server_metrics_export.csv,439,Metric=sglang:num_decode_prealloc_queue_reqs; Description=The number of requests in the decode prealloc queue.,sglang:num_decode_prealloc_queue_reqs,0.0,,The number of requests in the decode prealloc queue.,Evidence,aiperf_server_metrics_csv_aggregate,requests,0.0,0.0,0.0,0.0,0.0,0.0
prefill,694d9fdfb4d8ee15,tp_rank=3;pp_rank=0,data/raw/h200_gpu_resident_mtp/conc8/result/9017979109/conc_8/aiperf_artifacts/server_metrics_export.csv,440,Metric=sglang:num_decode_prealloc_queue_reqs; Description=The number of requests in the decode prealloc queue.,sglang:num_decode_prealloc_queue_reqs,0.0,,The number of requests in the decode prealloc queue.,Evidence,aiperf_server_metrics_csv_aggregate,requests,0.0,0.0,0.0,0.0,0.0,0.0
prefill,694d9fdfb4d8ee15,tp_rank=4;pp_rank=0,data/raw/h200_gpu_resident_mtp/conc8/result/9017979109/conc_8/aiperf_artifacts/server_metrics_export.csv,441,Metric=sglang:num_decode_prealloc_queue_reqs; Description=The number of requests in the decode prealloc queue.,sglang:num_decode_prealloc_queue_reqs,0.0,,The number of requests in the decode prealloc queue.,Evidence,aiperf_server_metrics_csv_aggregate,requests,0.0,0.0,0.0,0.0,0.0,0.0
prefill,694d9fdfb4d8ee15,tp_rank=5;pp_rank=0,data/raw/h200_gpu_resident_mtp/conc8/result/9017979109/conc_8/aiperf_artifacts/server_metrics_export.csv,442,Metric=sglang:num_decode_prealloc_queue_reqs; Description=The number of requests in the decode prealloc queue.,sglang:num_decode_prealloc_queue_reqs,0.0,,The number of requests in the decode prealloc queue.,Evidence,aiperf_server_metrics_csv_aggregate,requests,0.0,0.0,0.0,0.0,0.0,0.0
prefill,694d9fdfb4d8ee15,tp_rank=6;pp_rank=0,data/raw/h200_gpu_resident_mtp/conc8/result/9017979109/conc_8/aiperf_artifacts/server_metrics_export.csv,443,Metric=sglang:num_decode_prealloc_queue_reqs; Description=The number of requests in the decode prealloc queue.,sglang:num_decode_prealloc_queue_reqs,0.0,,The number of requests in the decode prealloc queue.,Evidence,aiperf_server_metrics_csv_aggregate,requests,0.0,0.0,0.0,0.0,0.0,0.0
prefill,694d9fdfb4d8ee15,tp_rank=7;pp_rank=0,data/raw/h200_gpu_resident_mtp/conc8/result/9017979109/conc_8/aiperf_artifacts/server_metrics_export.csv,444,Metric=sglang:num_decode_prealloc_queue_reqs; Description=The number of requests in the decode prealloc queue.,sglang:num_decode_prealloc_queue_reqs,0.0,,The number of requests in the decode prealloc queue.,Evidence,aiperf_server_metrics_csv_aggregate,requests,0.0,0.0,0.0,0.0,0.0,0.0
prefill,694d9fdfb4d8ee13,tp_rank=0;pp_rank=0,data/raw/h200_gpu_resident_mtp/conc8/result/9017979109/conc_8/aiperf_artifacts/server_metrics_export.csv,445,Metric=sglang:num_decode_prealloc_queue_reqs; Description=The number of requests in the decode prealloc queue.,sglang:num_decode_prealloc_queue_reqs,0.0,,The number of requests in the decode prealloc queue.,Evidence,aiperf_server_metrics_csv_aggregate,requests,0.0,0.0,0.0,0.0,0.0,0.0
prefill,694d9fdfb4d8ee13,tp_rank=1;pp_rank=0,data/raw/h200_gpu_resident_mtp/conc8/result/9017979109/conc_8/aiperf_artifacts/server_metrics_export.csv,446,Metric=sglang:num_decode_prealloc_queue_reqs; Description=The number of requests in the decode prealloc queue.,sglang:num_decode_prealloc_queue_reqs,0.0,,The number of requests in the decode prealloc queue.,Evidence,aiperf_server_metrics_csv_aggregate,requests,0.0,0.0,0.0,0.0,0.0,0.0
prefill,694d9fdfb4d8ee13,tp_rank=2;pp_rank=0,data/raw/h200_gpu_resident_mtp/conc8/result/9017979109/conc_8/aiperf_artifacts/server_metrics_export.csv,447,Metric=sglang:num_decode_prealloc_queue_reqs; Description=The number of requests in the decode prealloc queue.,sglang:num_decode_prealloc_queue_reqs,0.0,,The number of requests in the decode prealloc queue.,Evidence,aiperf_server_metrics_csv_aggregate,requests,0.0,0.0,0.0,0.0,0.0,0.0
prefill,694d9fdfb4d8ee13,tp_rank=3;pp_rank=0,data/raw/h200_gpu_resident_mtp/conc8/result/9017979109/conc_8/aiperf_artifacts/server_metrics_export.csv,448,Metric=sglang:num_decode_prealloc_queue_reqs; Description=The number of requests in the decode prealloc queue.,sglang:num_decode_prealloc_queue_reqs,0.0,,The number of requests in the decode prealloc queue.,Evidence,aiperf_server_metrics_csv_aggregate,requests,0.0,0.0,0.0,0.0,0.0,0.0
prefill,694d9fdfb4d8ee13,tp_rank=4;pp_rank=0,data/raw/h200_gpu_resident_mtp/conc8/result/9017979109/conc_8/aiperf_artifacts/server_metrics_export.csv,449,Metric=sglang:num_decode_prealloc_queue_reqs; Description=The number of requests in the decode prealloc queue.,sglang:num_decode_prealloc_queue_reqs,0.0,,The number of requests in the decode prealloc queue.,Evidence,aiperf_server_metrics_csv_aggregate,requests,0.0,0.0,0.0,0.0,0.0,0.0
prefill,694d9fdfb4d8ee13,tp_rank=5;pp_rank=0,data/raw/h200_gpu_resident_mtp/conc8/result/9017979109/conc_8/aiperf_artifacts/server_metrics_export.csv,450,Metric=sglang:num_decode_prealloc_queue_reqs; Description=The number of requests in the decode prealloc queue.,sglang:num_decode_prealloc_queue_reqs,0.0,,The number of requests in the decode prealloc queue.,Evidence,aiperf_server_metrics_csv_aggregate,requests,0.0,0.0,0.0,0.0,0.0,0.0
prefill,694d9fdfb4d8ee13,tp_rank=6;pp_rank=0,data/raw/h200_gpu_resident_mtp/conc8/result/9017979109/conc_8/aiperf_artifacts/server_metrics_export.csv,451,Metric=sglang:num_decode_prealloc_queue_reqs; Description=The number of requests in the decode prealloc queue.,sglang:num_decode_prealloc_queue_reqs,0.0,,The number of requests in the decode prealloc queue.,Evidence,aiperf_server_metrics_csv_aggregate,requests,0.0,0.0,0.0,0.0,0.0,0.0
prefill,694d9fdfb4d8ee13,tp_rank=7;pp_rank=0,data/raw/h200_gpu_resident_mtp/conc8/result/9017979109/conc_8/aiperf_artifacts/server_metrics_export.csv,452,Metric=sglang:num_decode_prealloc_queue_reqs; Description=The number of requests in the decode prealloc queue.,sglang:num_decode_prealloc_queue_reqs,0.0,,The number of requests in the decode prealloc queue.,Evidence,aiperf_server_metrics_csv_aggregate,requests,0.0,0.0,0.0,0.0,0.0,0.0
prefill,694d9fdfb4d8ee15,tp_rank=0;pp_rank=0,data/raw/h200_gpu_resident_mtp/conc8/result/9017979109/conc_8/aiperf_artifacts/server_metrics_export.csv,453,Metric=sglang:num_decode_transfer_queue_reqs; Description=The number of requests in the decode transfer queue.,sglang:num_decode_transfer_queue_reqs,0.0,,The number of requests in the decode transfer queue.,Evidence,aiperf_server_metrics_csv_aggregate,requests,0.0,0.0,0.0,0.0,0.0,0.0
prefill,694d9fdfb4d8ee15,tp_rank=1;pp_rank=0,data/raw/h200_gpu_resident_mtp/conc8/result/9017979109/conc_8/aiperf_artifacts/server_metrics_export.csv,454,Metric=sglang:num_decode_transfer_queue_reqs; Description=The number of requests in the decode transfer queue.,sglang:num_decode_transfer_queue_reqs,0.0,,The number of requests in the decode transfer queue.,Evidence,aiperf_server_metrics_csv_aggregate,requests,0.0,0.0,0.0,0.0,0.0,0.0
prefill,694d9fdfb4d8ee15,tp_rank=2;pp_rank=0,data/raw/h200_gpu_resident_mtp/conc8/result/9017979109/conc_8/aiperf_artifacts/server_metrics_export.csv,455,Metric=sglang:num_decode_transfer_queue_reqs; Description=The number of requests in the decode transfer queue.,sglang:num_decode_transfer_queue_reqs,0.0,,The number of requests in the decode transfer queue.,Evidence,aiperf_server_metrics_csv_aggregate,requests,0.0,0.0,0.0,0.0,0.0,0.0
prefill,694d9fdfb4d8ee15,tp_rank=3;pp_rank=0,data/raw/h200_gpu_resident_mtp/conc8/result/9017979109/conc_8/aiperf_artifacts/server_metrics_export.csv,456,Metric=sglang:num_decode_transfer_queue_reqs; Description=The number of requests in the decode transfer queue.,sglang:num_decode_transfer_queue_reqs,0.0,,The number of requests in the decode transfer queue.,Evidence,aiperf_server_metrics_csv_aggregate,requests,0.0,0.0,0.0,0.0,0.0,0.0
prefill,694d9fdfb4d8ee15,tp_rank=4;pp_rank=0,data/raw/h200_gpu_resident_mtp/conc8/result/9017979109/conc_8/aiperf_artifacts/server_metrics_export.csv,457,Metric=sglang:num_decode_transfer_queue_reqs; Description=The number of requests in the decode transfer queue.,sglang:num_decode_transfer_queue_reqs,0.0,,The number of requests in the decode transfer queue.,Evidence,aiperf_server_metrics_csv_aggregate,requests,0.0,0.0,0.0,0.0,0.0,0.0
prefill,694d9fdfb4d8ee15,tp_rank=5;pp_rank=0,data/raw/h200_gpu_resident_mtp/conc8/result/9017979109/conc_8/aiperf_artifacts/server_metrics_export.csv,458,Metric=sglang:num_decode_transfer_queue_reqs; Description=The number of requests in the decode transfer queue.,sglang:num_decode_transfer_queue_reqs,0.0,,The number of requests in the decode transfer queue.,Evidence,aiperf_server_metrics_csv_aggregate,requests,0.0,0.0,0.0,0.0,0.0,0.0
prefill,694d9fdfb4d8ee15,tp_rank=6;pp_rank=0,data/raw/h200_gpu_resident_mtp/conc8/result/9017979109/conc_8/aiperf_artifacts/server_metrics_export.csv,459,Metric=sglang:num_decode_transfer_queue_reqs; Description=The number of requests in the decode transfer queue.,sglang:num_decode_transfer_queue_reqs,0.0,,The number of requests in the decode transfer queue.,Evidence,aiperf_server_metrics_csv_aggregate,requests,0.0,0.0,0.0,0.0,0.0,0.0
prefill,694d9fdfb4d8ee15,tp_rank=7;pp_rank=0,data/raw/h200_gpu_resident_mtp/conc8/result/9017979109/conc_8/aiperf_artifacts/server_metrics_export.csv,460,Metric=sglang:num_decode_transfer_queue_reqs; Description=The number of requests in the decode transfer queue.,sglang:num_decode_transfer_queue_reqs,0.0,,The number of requests in the decode transfer queue.,Evidence,aiperf_server_metrics_csv_aggregate,requests,0.0,0.0,0.0,0.0,0.0,0.0
prefill,694d9fdfb4d8ee13,tp_rank=0;pp_rank=0,data/raw/h200_gpu_resident_mtp/conc8/result/9017979109/conc_8/aiperf_artifacts/server_metrics_export.csv,461,Metric=sglang:num_decode_transfer_queue_reqs; Description=The number of requests in the decode transfer queue.,sglang:num_decode_transfer_queue_reqs,0.0,,The number of requests in the decode transfer queue.,Evidence,aiperf_server_metrics_csv_aggregate,requests,0.0,0.0,0.0,0.0,0.0,0.0
prefill,694d9fdfb4d8ee13,tp_rank=1;pp_rank=0,data/raw/h200_gpu_resident_mtp/conc8/result/9017979109/conc_8/aiperf_artifacts/server_metrics_export.csv,462,Metric=sglang:num_decode_transfer_queue_reqs; Description=The number of requests in the decode transfer queue.,sglang:num_decode_transfer_queue_reqs,0.0,,The number of requests in the decode transfer queue.,Evidence,aiperf_server_metrics_csv_aggregate,requests,0.0,0.0,0.0,0.0,0.0,0.0
prefill,694d9fdfb4d8ee13,tp_rank=2;pp_rank=0,data/raw/h200_gpu_resident_mtp/conc8/result/9017979109/conc_8/aiperf_artifacts/server_metrics_export.csv,463,Metric=sglang:num_decode_transfer_queue_reqs; Description=The number of requests in the decode transfer queue.,sglang:num_decode_transfer_queue_reqs,0.0,,The number of requests in the decode transfer queue.,Evidence,aiperf_server_metrics_csv_aggregate,requests,0.0,0.0,0.0,0.0,0.0,0.0
prefill,694d9fdfb4d8ee13,tp_rank=3;pp_rank=0,data/raw/h200_gpu_resident_mtp/conc8/result/9017979109/conc_8/aiperf_artifacts/server_metrics_export.csv,464,Metric=sglang:num_decode_transfer_queue_reqs; Description=The number of requests in the decode transfer queue.,sglang:num_decode_transfer_queue_reqs,0.0,,The number of requests in the decode transfer queue.,Evidence,aiperf_server_metrics_csv_aggregate,requests,0.0,0.0,0.0,0.0,0.0,0.0
prefill,694d9fdfb4d8ee13,tp_rank=4;pp_rank=0,data/raw/h200_gpu_resident_mtp/conc8/result/9017979109/conc_8/aiperf_artifacts/server_metrics_export.csv,465,Metric=sglang:num_decode_transfer_queue_reqs; Description=The number of requests in the decode transfer queue.,sglang:num_decode_transfer_queue_reqs,0.0,,The number of requests in the decode transfer queue.,Evidence,aiperf_server_metrics_csv_aggregate,requests,0.0,0.0,0.0,0.0,0.0,0.0
prefill,694d9fdfb4d8ee13,tp_rank=5;pp_rank=0,data/raw/h200_gpu_resident_mtp/conc8/result/9017979109/conc_8/aiperf_artifacts/server_metrics_export.csv,466,Metric=sglang:num_decode_transfer_queue_reqs; Description=The number of requests in the decode transfer queue.,sglang:num_decode_transfer_queue_reqs,0.0,,The number of requests in the decode transfer queue.,Evidence,aiperf_server_metrics_csv_aggregate,requests,0.0,0.0,0.0,0.0,0.0,0.0
prefill,694d9fdfb4d8ee13,tp_rank=6;pp_rank=0,data/raw/h200_gpu_resident_mtp/conc8/result/9017979109/conc_8/aiperf_artifacts/server_metrics_export.csv,467,Metric=sglang:num_decode_transfer_queue_reqs; Description=The number of requests in the decode transfer queue.,sglang:num_decode_transfer_queue_reqs,0.0,,The number of requests in the decode transfer queue.,Evidence,aiperf_server_metrics_csv_aggregate,requests,0.0,0.0,0.0,0.0,0.0,0.0
prefill,694d9fdfb4d8ee13,tp_rank=7;pp_rank=0,data/raw/h200_gpu_resident_mtp/conc8/result/9017979109/conc_8/aiperf_artifacts/server_metrics_export.csv,468,Metric=sglang:num_decode_transfer_queue_reqs; Description=The number of requests in the decode transfer queue.,sglang:num_decode_transfer_queue_reqs,0.0,,The number of requests in the decode transfer queue.,Evidence,aiperf_server_metrics_csv_aggregate,requests,0.0,0.0,0.0,0.0,0.0,0.0
prefill,694d9fdfb4d8ee15,tp_rank=0;pp_rank=0,data/raw/h200_gpu_resident_mtp/conc8/result/9017979109/conc_8/aiperf_artifacts/server_metrics_export.csv,501,Metric=sglang:num_prefill_bootstrap_queue_reqs; Description=The number of requests in the prefill bootstrap queue.,sglang:num_prefill_bootstrap_queue_reqs,2.0,,The number of requests in the prefill bootstrap queue.,Evidence,aiperf_server_metrics_csv_aggregate,requests,0.1677,0.0,2.0,0.0,1.0,1.0
prefill,694d9fdfb4d8ee15,tp_rank=1;pp_rank=0,data/raw/h200_gpu_resident_mtp/conc8/result/9017979109/conc_8/aiperf_artifacts/server_metrics_export.csv,502,Metric=sglang:num_prefill_bootstrap_queue_reqs; Description=The number of requests in the prefill bootstrap queue.,sglang:num_prefill_bootstrap_queue_reqs,2.0,,The number of requests in the prefill bootstrap queue.,Evidence,aiperf_server_metrics_csv_aggregate,requests,0.1677,0.0,2.0,0.0,1.0,1.0
prefill,694d9fdfb4d8ee15,tp_rank=2;pp_rank=0,data/raw/h200_gpu_resident_mtp/conc8/result/9017979109/conc_8/aiperf_artifacts/server_metrics_export.csv,503,Metric=sglang:num_prefill_bootstrap_queue_reqs; Description=The number of requests in the prefill bootstrap queue.,sglang:num_prefill_bootstrap_queue_reqs,2.0,,The number of requests in the prefill bootstrap queue.,Evidence,aiperf_server_metrics_csv_aggregate,requests,0.1679,0.0,2.0,0.0,1.0,1.0
prefill,694d9fdfb4d8ee15,tp_rank=3;pp_rank=0,data/raw/h200_gpu_resident_mtp/conc8/result/9017979109/conc_8/aiperf_artifacts/server_metrics_export.csv,504,Metric=sglang:num_prefill_bootstrap_queue_reqs; Description=The number of requests in the prefill bootstrap queue.,sglang:num_prefill_bootstrap_queue_reqs,2.0,,The number of requests in the prefill bootstrap queue.,Evidence,aiperf_server_metrics_csv_aggregate,requests,0.1677,0.0,2.0,0.0,1.0,1.0
prefill,694d9fdfb4d8ee15,tp_rank=4;pp_rank=0,data/raw/h200_gpu_resident_mtp/conc8/result/9017979109/conc_8/aiperf_artifacts/server_metrics_export.csv,505,Metric=sglang:num_prefill_bootstrap_queue_reqs; Description=The number of requests in the prefill bootstrap queue.,sglang:num_prefill_bootstrap_queue_reqs,2.0,,The number of requests in the prefill bootstrap queue.,Evidence,aiperf_server_metrics_csv_aggregate,requests,0.1677,0.0,2.0,0.0,1.0,1.0
prefill,694d9fdfb4d8ee15,tp_rank=5;pp_rank=0,data/raw/h200_gpu_resident_mtp/conc8/result/9017979109/conc_8/aiperf_artifacts/server_metrics_export.csv,506,Metric=sglang:num_prefill_bootstrap_queue_reqs; Description=The number of requests in the prefill bootstrap queue.,sglang:num_prefill_bootstrap_queue_reqs,2.0,,The number of requests in the prefill bootstrap queue.,Evidence,aiperf_server_metrics_csv_aggregate,requests,0.1677,0.0,2.0,0.0,1.0,1.0
prefill,694d9fdfb4d8ee15,tp_rank=6;pp_rank=0,data/raw/h200_gpu_resident_mtp/conc8/result/9017979109/conc_8/aiperf_artifacts/server_metrics_export.csv,507,Metric=sglang:num_prefill_bootstrap_queue_reqs; Description=The number of requests in the prefill bootstrap queue.,sglang:num_prefill_bootstrap_queue_reqs,2.0,,The number of requests in the prefill bootstrap queue.,Evidence,aiperf_server_metrics_csv_aggregate,requests,0.1677,0.0,2.0,0.0,1.0,1.0
prefill,694d9fdfb4d8ee15,tp_rank=7;pp_rank=0,data/raw/h200_gpu_resident_mtp/conc8/result/9017979109/conc_8/aiperf_artifacts/server_metrics_export.csv,508,Metric=sglang:num_prefill_bootstrap_queue_reqs; Description=The number of requests in the prefill bootstrap queue.,sglang:num_prefill_bootstrap_queue_reqs,2.0,,The number of requests in the prefill bootstrap queue.,Evidence,aiperf_server_metrics_csv_aggregate,requests,0.1677,0.0,2.0,0.0,1.0,1.0
prefill,694d9fdfb4d8ee13,tp_rank=0;pp_rank=0,data/raw/h200_gpu_resident_mtp/conc8/result/9017979109/conc_8/aiperf_artifacts/server_metrics_export.csv,509,Metric=sglang:num_prefill_bootstrap_queue_reqs; Description=The number of requests in the prefill bootstrap queue.,sglang:num_prefill_bootstrap_queue_reqs,5.0,,The number of requests in the prefill bootstrap queue.,Evidence,aiperf_server_metrics_csv_aggregate,requests,0.2601,0.0,5.0,0.0,1.0,1.0
prefill,694d9fdfb4d8ee13,tp_rank=1;pp_rank=0,data/raw/h200_gpu_resident_mtp/conc8/result/9017979109/conc_8/aiperf_artifacts/server_metrics_export.csv,510,Metric=sglang:num_prefill_bootstrap_queue_reqs; Description=The number of requests in the prefill bootstrap queue.,sglang:num_prefill_bootstrap_queue_reqs,5.0,,The number of requests in the prefill bootstrap queue.,Evidence,aiperf_server_metrics_csv_aggregate,requests,0.2601,0.0,5.0,0.0,1.0,1.0
prefill,694d9fdfb4d8ee13,tp_rank=2;pp_rank=0,data/raw/h200_gpu_resident_mtp/conc8/result/9017979109/conc_8/aiperf_artifacts/server_metrics_export.csv,511,Metric=sglang:num_prefill_bootstrap_queue_reqs; Description=The number of requests in the prefill bootstrap queue.,sglang:num_prefill_bootstrap_queue_reqs,5.0,,The number of requests in the prefill bootstrap queue.,Evidence,aiperf_server_metrics_csv_aggregate,requests,0.2601,0.0,5.0,0.0,1.0,1.0
prefill,694d9fdfb4d8ee13,tp_rank=3;pp_rank=0,data/raw/h200_gpu_resident_mtp/conc8/result/9017979109/conc_8/aiperf_artifacts/server_metrics_export.csv,512,Metric=sglang:num_prefill_bootstrap_queue_reqs; Description=The number of requests in the prefill bootstrap queue.,sglang:num_prefill_bootstrap_queue_reqs,5.0,,The number of requests in the prefill bootstrap queue.,Evidence,aiperf_server_metrics_csv_aggregate,requests,0.2601,0.0,5.0,0.0,1.0,1.0
prefill,694d9fdfb4d8ee13,tp_rank=4;pp_rank=0,data/raw/h200_gpu_resident_mtp/conc8/result/9017979109/conc_8/aiperf_artifacts/server_metrics_export.csv,513,Metric=sglang:num_prefill_bootstrap_queue_reqs; Description=The number of requests in the prefill bootstrap queue.,sglang:num_prefill_bootstrap_queue_reqs,5.0,,The number of requests in the prefill bootstrap queue.,Evidence,aiperf_server_metrics_csv_aggregate,requests,0.2601,0.0,5.0,0.0,1.0,1.0
prefill,694d9fdfb4d8ee13,tp_rank=5;pp_rank=0,data/raw/h200_gpu_resident_mtp/conc8/result/9017979109/conc_8/aiperf_artifacts/server_metrics_export.csv,514,Metric=sglang:num_prefill_bootstrap_queue_reqs; Description=The number of requests in the prefill bootstrap queue.,sglang:num_prefill_bootstrap_queue_reqs,5.0,,The number of requests in the prefill bootstrap queue.,Evidence,aiperf_server_metrics_csv_aggregate,requests,0.2601,0.0,5.0,0.0,1.0,1.0
prefill,694d9fdfb4d8ee13,tp_rank=6;pp_rank=0,data/raw/h200_gpu_resident_mtp/conc8/result/9017979109/conc_8/aiperf_artifacts/server_metrics_export.csv,515,Metric=sglang:num_prefill_bootstrap_queue_reqs; Description=The number of requests in the prefill bootstrap queue.,sglang:num_prefill_bootstrap_queue_reqs,5.0,,The number of requests in the prefill bootstrap queue.,Evidence,aiperf_server_metrics_csv_aggregate,requests,0.2601,0.0,5.0,0.0,1.0,1.0
prefill,694d9fdfb4d8ee13,tp_rank=7;pp_rank=0,data/raw/h200_gpu_resident_mtp/conc8/result/9017979109/conc_8/aiperf_artifacts/server_metrics_export.csv,516,Metric=sglang:num_prefill_bootstrap_queue_reqs; Description=The number of requests in the prefill bootstrap queue.,sglang:num_prefill_bootstrap_queue_reqs,5.0,,The number of requests in the prefill bootstrap queue.,Evidence,aiperf_server_metrics_csv_aggregate,requests,0.2601,0.0,5.0,0.0,1.0,1.0
prefill,694d9fdfb4d8ee15,tp_rank=0;pp_rank=0,data/raw/h200_gpu_resident_mtp/conc8/result/9017979109/conc_8/aiperf_artifacts/server_metrics_export.csv,517,Metric=sglang:num_prefill_inflight_queue_reqs; Description=The number of requests in the prefill inflight queue.,sglang:num_prefill_inflight_queue_reqs,4.0,,The number of requests in the prefill inflight queue.,Evidence,aiperf_server_metrics_csv_aggregate,requests,0.151,0.0,4.0,0.0,1.0,1.0
prefill,694d9fdfb4d8ee15,tp_rank=1;pp_rank=0,data/raw/h200_gpu_resident_mtp/conc8/result/9017979109/conc_8/aiperf_artifacts/server_metrics_export.csv,518,Metric=sglang:num_prefill_inflight_queue_reqs; Description=The number of requests in the prefill inflight queue.,sglang:num_prefill_inflight_queue_reqs,4.0,,The number of requests in the prefill inflight queue.,Evidence,aiperf_server_metrics_csv_aggregate,requests,0.1508,0.0,4.0,0.0,1.0,1.0
prefill,694d9fdfb4d8ee15,tp_rank=2;pp_rank=0,data/raw/h200_gpu_resident_mtp/conc8/result/9017979109/conc_8/aiperf_artifacts/server_metrics_export.csv,519,Metric=sglang:num_prefill_inflight_queue_reqs; Description=The number of requests in the prefill inflight queue.,sglang:num_prefill_inflight_queue_reqs,4.0,,The number of requests in the prefill inflight queue.,Evidence,aiperf_server_metrics_csv_aggregate,requests,0.1512,0.0,4.0,0.0,1.0,1.0
prefill,694d9fdfb4d8ee15,tp_rank=3;pp_rank=0,data/raw/h200_gpu_resident_mtp/conc8/result/9017979109/conc_8/aiperf_artifacts/server_metrics_export.csv,520,Metric=sglang:num_prefill_inflight_queue_reqs; Description=The number of requests in the prefill inflight queue.,sglang:num_prefill_inflight_queue_reqs,4.0,,The number of requests in the prefill inflight queue.,Evidence,aiperf_server_metrics_csv_aggregate,requests,0.151,0.0,4.0,0.0,1.0,1.0
prefill,694d9fdfb4d8ee15,tp_rank=4;pp_rank=0,data/raw/h200_gpu_resident_mtp/conc8/result/9017979109/conc_8/aiperf_artifacts/server_metrics_export.csv,521,Metric=sglang:num_prefill_inflight_queue_reqs; Description=The number of requests in the prefill inflight queue.,sglang:num_prefill_inflight_queue_reqs,4.0,,The number of requests in the prefill inflight queue.,Evidence,aiperf_server_metrics_csv_aggregate,requests,0.1508,0.0,4.0,0.0,1.0,1.0
prefill,694d9fdfb4d8ee15,tp_rank=5;pp_rank=0,data/raw/h200_gpu_resident_mtp/conc8/result/9017979109/conc_8/aiperf_artifacts/server_metrics_export.csv,522,Metric=sglang:num_prefill_inflight_queue_reqs; Description=The number of requests in the prefill inflight queue.,sglang:num_prefill_inflight_queue_reqs,4.0,,The number of requests in the prefill inflight queue.,Evidence,aiperf_server_metrics_csv_aggregate,requests,0.151,0.0,4.0,0.0,1.0,1.0
prefill,694d9fdfb4d8ee15,tp_rank=6;pp_rank=0,data/raw/h200_gpu_resident_mtp/conc8/result/9017979109/conc_8/aiperf_artifacts/server_metrics_export.csv,523,Metric=sglang:num_prefill_inflight_queue_reqs; Description=The number of requests in the prefill inflight queue.,sglang:num_prefill_inflight_queue_reqs,4.0,,The number of requests in the prefill inflight queue.,Evidence,aiperf_server_metrics_csv_aggregate,requests,0.151,0.0,4.0,0.0,1.0,1.0
prefill,694d9fdfb4d8ee15,tp_rank=7;pp_rank=0,data/raw/h200_gpu_resident_mtp/conc8/result/9017979109/conc_8/aiperf_artifacts/server_metrics_export.csv,524,Metric=sglang:num_prefill_inflight_queue_reqs; Description=The number of requests in the prefill inflight queue.,sglang:num_prefill_inflight_queue_reqs,4.0,,The number of requests in the prefill inflight queue.,Evidence,aiperf_server_metrics_csv_aggregate,requests,0.1508,0.0,4.0,0.0,1.0,1.0
prefill,694d9fdfb4d8ee13,tp_rank=0;pp_rank=0,data/raw/h200_gpu_resident_mtp/conc8/result/9017979109/conc_8/aiperf_artifacts/server_metrics_export.csv,525,Metric=sglang:num_prefill_inflight_queue_reqs; Description=The number of requests in the prefill inflight queue.,sglang:num_prefill_inflight_queue_reqs,3.0,,The number of requests in the prefill inflight queue.,Evidence,aiperf_server_metrics_csv_aggregate,requests,0.2029,0.0,3.0,0.0,1.0,1.0
prefill,694d9fdfb4d8ee13,tp_rank=1;pp_rank=0,data/raw/h200_gpu_resident_mtp/conc8/result/9017979109/conc_8/aiperf_artifacts/server_metrics_export.csv,526,Metric=sglang:num_prefill_inflight_queue_reqs; Description=The number of requests in the prefill inflight queue.,sglang:num_prefill_inflight_queue_reqs,3.0,,The number of requests in the prefill inflight queue.,Evidence,aiperf_server_metrics_csv_aggregate,requests,0.2029,0.0,3.0,0.0,1.0,1.0
prefill,694d9fdfb4d8ee13,tp_rank=2;pp_rank=0,data/raw/h200_gpu_resident_mtp/conc8/result/9017979109/conc_8/aiperf_artifacts/server_metrics_export.csv,527,Metric=sglang:num_prefill_inflight_queue_reqs; Description=The number of requests in the prefill inflight queue.,sglang:num_prefill_inflight_queue_reqs,3.0,,The number of requests in the prefill inflight queue.,Evidence,aiperf_server_metrics_csv_aggregate,requests,0.2027,0.0,3.0,0.0,1.0,1.0
prefill,694d9fdfb4d8ee13,tp_rank=3;pp_rank=0,data/raw/h200_gpu_resident_mtp/conc8/result/9017979109/conc_8/aiperf_artifacts/server_metrics_export.csv,528,Metric=sglang:num_prefill_inflight_queue_reqs; Description=The number of requests in the prefill inflight queue.,sglang:num_prefill_inflight_queue_reqs,3.0,,The number of requests in the prefill inflight queue.,Evidence,aiperf_server_metrics_csv_aggregate,requests,0.2027,0.0,3.0,0.0,1.0,1.0
prefill,694d9fdfb4d8ee13,tp_rank=4;pp_rank=0,data/raw/h200_gpu_resident_mtp/conc8/result/9017979109/conc_8/aiperf_artifacts/server_metrics_export.csv,529,Metric=sglang:num_prefill_inflight_queue_reqs; Description=The number of requests in the prefill inflight queue.,sglang:num_prefill_inflight_queue_reqs,3.0,,The number of requests in the prefill inflight queue.,Evidence,aiperf_server_metrics_csv_aggregate,requests,0.2029,0.0,3.0,0.0,1.0,1.0
prefill,694d9fdfb4d8ee13,tp_rank=5;pp_rank=0,data/raw/h200_gpu_resident_mtp/conc8/result/9017979109/conc_8/aiperf_artifacts/server_metrics_export.csv,530,Metric=sglang:num_prefill_inflight_queue_reqs; Description=The number of requests in the prefill inflight queue.,sglang:num_prefill_inflight_queue_reqs,3.0,,The number of requests in the prefill inflight queue.,Evidence,aiperf_server_metrics_csv_aggregate,requests,0.2027,0.0,3.0,0.0,1.0,1.0
prefill,694d9fdfb4d8ee13,tp_rank=6;pp_rank=0,data/raw/h200_gpu_resident_mtp/conc8/result/9017979109/conc_8/aiperf_artifacts/server_metrics_export.csv,531,Metric=sglang:num_prefill_inflight_queue_reqs; Description=The number of requests in the prefill inflight queue.,sglang:num_prefill_inflight_queue_reqs,3.0,,The number of requests in the prefill inflight queue.,Evidence,aiperf_server_metrics_csv_aggregate,requests,0.2029,0.0,3.0,0.0,1.0,1.0
prefill,694d9fdfb4d8ee13,tp_rank=7;pp_rank=0,data/raw/h200_gpu_resident_mtp/conc8/result/9017979109/conc_8/aiperf_artifacts/server_metrics_export.csv,532,Metric=sglang:num_prefill_inflight_queue_reqs; Description=The number of requests in the prefill inflight queue.,sglang:num_prefill_inflight_queue_reqs,3.0,,The number of requests in the prefill inflight queue.,Evidence,aiperf_server_metrics_csv_aggregate,requests,0.2029,0.0,3.0,0.0,1.0,1.0
prefill,694d9fdfb4d8ee15,tp_rank=0;pp_rank=0,data/raw/h200_gpu_resident_mtp/conc8/result/9017979109/conc_8/aiperf_artifacts/server_metrics_export.csv,533,Metric=sglang:num_queue_reqs; Description=The number of requests in the waiting queue.,sglang:num_queue_reqs,5.0,,"explicit SGLang queue/waiting-request gauge; rank-export scope, not summed",Evidence,aiperf_server_metrics_csv_aggregate,requests,0.1171,0.0,5.0,0.0,0.0,1.0
prefill,694d9fdfb4d8ee15,tp_rank=1;pp_rank=0,data/raw/h200_gpu_resident_mtp/conc8/result/9017979109/conc_8/aiperf_artifacts/server_metrics_export.csv,534,Metric=sglang:num_queue_reqs; Description=The number of requests in the waiting queue.,sglang:num_queue_reqs,5.0,,"explicit SGLang queue/waiting-request gauge; rank-export scope, not summed",Evidence,aiperf_server_metrics_csv_aggregate,requests,0.1171,0.0,5.0,0.0,0.0,1.0
prefill,694d9fdfb4d8ee15,tp_rank=2;pp_rank=0,data/raw/h200_gpu_resident_mtp/conc8/result/9017979109/conc_8/aiperf_artifacts/server_metrics_export.csv,535,Metric=sglang:num_queue_reqs; Description=The number of requests in the waiting queue.,sglang:num_queue_reqs,5.0,,"explicit SGLang queue/waiting-request gauge; rank-export scope, not summed",Evidence,aiperf_server_metrics_csv_aggregate,requests,0.1171,0.0,5.0,0.0,0.0,1.0
prefill,694d9fdfb4d8ee15,tp_rank=3;pp_rank=0,data/raw/h200_gpu_resident_mtp/conc8/result/9017979109/conc_8/aiperf_artifacts/server_metrics_export.csv,536,Metric=sglang:num_queue_reqs; Description=The number of requests in the waiting queue.,sglang:num_queue_reqs,5.0,,"explicit SGLang queue/waiting-request gauge; rank-export scope, not summed",Evidence,aiperf_server_metrics_csv_aggregate,requests,0.1171,0.0,5.0,0.0,0.0,1.0
prefill,694d9fdfb4d8ee15,tp_rank=4;pp_rank=0,data/raw/h200_gpu_resident_mtp/conc8/result/9017979109/conc_8/aiperf_artifacts/server_metrics_export.csv,537,Metric=sglang:num_queue_reqs; Description=The number of requests in the waiting queue.,sglang:num_queue_reqs,5.0,,"explicit SGLang queue/waiting-request gauge; rank-export scope, not summed",Evidence,aiperf_server_metrics_csv_aggregate,requests,0.1171,0.0,5.0,0.0,0.0,1.0
prefill,694d9fdfb4d8ee15,tp_rank=5;pp_rank=0,data/raw/h200_gpu_resident_mtp/conc8/result/9017979109/conc_8/aiperf_artifacts/server_metrics_export.csv,538,Metric=sglang:num_queue_reqs; Description=The number of requests in the waiting queue.,sglang:num_queue_reqs,5.0,,"explicit SGLang queue/waiting-request gauge; rank-export scope, not summed",Evidence,aiperf_server_metrics_csv_aggregate,requests,0.1171,0.0,5.0,0.0,0.0,1.0
prefill,694d9fdfb4d8ee15,tp_rank=6;pp_rank=0,data/raw/h200_gpu_resident_mtp/conc8/result/9017979109/conc_8/aiperf_artifacts/server_metrics_export.csv,539,Metric=sglang:num_queue_reqs; Description=The number of requests in the waiting queue.,sglang:num_queue_reqs,5.0,,"explicit SGLang queue/waiting-request gauge; rank-export scope, not summed",Evidence,aiperf_server_metrics_csv_aggregate,requests,0.1171,0.0,5.0,0.0,0.0,1.0
prefill,694d9fdfb4d8ee15,tp_rank=7;pp_rank=0,data/raw/h200_gpu_resident_mtp/conc8/result/9017979109/conc_8/aiperf_artifacts/server_metrics_export.csv,540,Metric=sglang:num_queue_reqs; Description=The number of requests in the waiting queue.,sglang:num_queue_reqs,5.0,,"explicit SGLang queue/waiting-request gauge; rank-export scope, not summed",Evidence,aiperf_server_metrics_csv_aggregate,requests,0.1173,0.0,5.0,0.0,0.0,1.0
prefill,694d9fdfb4d8ee13,tp_rank=0;pp_rank=0,data/raw/h200_gpu_resident_mtp/conc8/result/9017979109/conc_8/aiperf_artifacts/server_metrics_export.csv,541,Metric=sglang:num_queue_reqs; Description=The number of requests in the waiting queue.,sglang:num_queue_reqs,5.0,,"explicit SGLang queue/waiting-request gauge; rank-export scope, not summed",Evidence,aiperf_server_metrics_csv_aggregate,requests,0.1201,0.0,5.0,0.0,0.0,1.0
prefill,694d9fdfb4d8ee13,tp_rank=1;pp_rank=0,data/raw/h200_gpu_resident_mtp/conc8/result/9017979109/conc_8/aiperf_artifacts/server_metrics_export.csv,542,Metric=sglang:num_queue_reqs; Description=The number of requests in the waiting queue.,sglang:num_queue_reqs,5.0,,"explicit SGLang queue/waiting-request gauge; rank-export scope, not summed",Evidence,aiperf_server_metrics_csv_aggregate,requests,0.1201,0.0,5.0,0.0,0.0,1.0
prefill,694d9fdfb4d8ee13,tp_rank=2;pp_rank=0,data/raw/h200_gpu_resident_mtp/conc8/result/9017979109/conc_8/aiperf_artifacts/server_metrics_export.csv,543,Metric=sglang:num_queue_reqs; Description=The number of requests in the waiting queue.,sglang:num_queue_reqs,5.0,,"explicit SGLang queue/waiting-request gauge; rank-export scope, not summed",Evidence,aiperf_server_metrics_csv_aggregate,requests,0.1201,0.0,5.0,0.0,0.0,1.0
prefill,694d9fdfb4d8ee13,tp_rank=3;pp_rank=0,data/raw/h200_gpu_resident_mtp/conc8/result/9017979109/conc_8/aiperf_artifacts/server_metrics_export.csv,544,Metric=sglang:num_queue_reqs; Description=The number of requests in the waiting queue.,sglang:num_queue_reqs,5.0,,"explicit SGLang queue/waiting-request gauge; rank-export scope, not summed",Evidence,aiperf_server_metrics_csv_aggregate,requests,0.1201,0.0,5.0,0.0,0.0,1.0
prefill,694d9fdfb4d8ee13,tp_rank=4;pp_rank=0,data/raw/h200_gpu_resident_mtp/conc8/result/9017979109/conc_8/aiperf_artifacts/server_metrics_export.csv,545,Metric=sglang:num_queue_reqs; Description=The number of requests in the waiting queue.,sglang:num_queue_reqs,5.0,,"explicit SGLang queue/waiting-request gauge; rank-export scope, not summed",Evidence,aiperf_server_metrics_csv_aggregate,requests,0.1201,0.0,5.0,0.0,0.0,1.0
prefill,694d9fdfb4d8ee13,tp_rank=5;pp_rank=0,data/raw/h200_gpu_resident_mtp/conc8/result/9017979109/conc_8/aiperf_artifacts/server_metrics_export.csv,546,Metric=sglang:num_queue_reqs; Description=The number of requests in the waiting queue.,sglang:num_queue_reqs,5.0,,"explicit SGLang queue/waiting-request gauge; rank-export scope, not summed",Evidence,aiperf_server_metrics_csv_aggregate,requests,0.1201,0.0,5.0,0.0,0.0,1.0
prefill,694d9fdfb4d8ee13,tp_rank=6;pp_rank=0,data/raw/h200_gpu_resident_mtp/conc8/result/9017979109/conc_8/aiperf_artifacts/server_metrics_export.csv,547,Metric=sglang:num_queue_reqs; Description=The number of requests in the waiting queue.,sglang:num_queue_reqs,5.0,,"explicit SGLang queue/waiting-request gauge; rank-export scope, not summed",Evidence,aiperf_server_metrics_csv_aggregate,requests,0.1201,0.0,5.0,0.0,0.0,1.0
prefill,694d9fdfb4d8ee13,tp_rank=7;pp_rank=0,data/raw/h200_gpu_resident_mtp/conc8/result/9017979109/conc_8/aiperf_artifacts/server_metrics_export.csv,548,Metric=sglang:num_queue_reqs; Description=The number of requests in the waiting queue.,sglang:num_queue_reqs,5.0,,"explicit SGLang queue/waiting-request gauge; rank-export scope, not summed",Evidence,aiperf_server_metrics_csv_aggregate,requests,0.1201,0.0,5.0,0.0,0.0,1.0
prefill,694d9fdfb4d8ee15,tp_rank=0;pp_rank=0,data/raw/h200_gpu_resident_mtp/conc8/result/9017979109/conc_8/aiperf_artifacts/server_metrics_export.csv,549,Metric=sglang:num_running_reqs; Description=The number of running requests.,sglang:num_running_reqs,5.0,,"explicit SGLang running-request gauge; rank-export scope, not summed",Evidence,aiperf_server_metrics_csv_aggregate,requests,0.2727,0.0,5.0,0.0,1.0,1.0
prefill,694d9fdfb4d8ee15,tp_rank=1;pp_rank=0,data/raw/h200_gpu_resident_mtp/conc8/result/9017979109/conc_8/aiperf_artifacts/server_metrics_export.csv,550,Metric=sglang:num_running_reqs; Description=The number of running requests.,sglang:num_running_reqs,5.0,,"explicit SGLang running-request gauge; rank-export scope, not summed",Evidence,aiperf_server_metrics_csv_aggregate,requests,0.2727,0.0,5.0,0.0,1.0,1.0
prefill,694d9fdfb4d8ee15,tp_rank=2;pp_rank=0,data/raw/h200_gpu_resident_mtp/conc8/result/9017979109/conc_8/aiperf_artifacts/server_metrics_export.csv,551,Metric=sglang:num_running_reqs; Description=The number of running requests.,sglang:num_running_reqs,5.0,,"explicit SGLang running-request gauge; rank-export scope, not summed",Evidence,aiperf_server_metrics_csv_aggregate,requests,0.2728,0.0,5.0,0.0,1.0,1.0
prefill,694d9fdfb4d8ee15,tp_rank=3;pp_rank=0,data/raw/h200_gpu_resident_mtp/conc8/result/9017979109/conc_8/aiperf_artifacts/server_metrics_export.csv,552,Metric=sglang:num_running_reqs; Description=The number of running requests.,sglang:num_running_reqs,5.0,,"explicit SGLang running-request gauge; rank-export scope, not summed",Evidence,aiperf_server_metrics_csv_aggregate,requests,0.2727,0.0,5.0,0.0,1.0,1.0
prefill,694d9fdfb4d8ee15,tp_rank=4;pp_rank=0,data/raw/h200_gpu_resident_mtp/conc8/result/9017979109/conc_8/aiperf_artifacts/server_metrics_export.csv,553,Metric=sglang:num_running_reqs; Description=The number of running requests.,sglang:num_running_reqs,5.0,,"explicit SGLang running-request gauge; rank-export scope, not summed",Evidence,aiperf_server_metrics_csv_aggregate,requests,0.2723,0.0,5.0,0.0,1.0,1.0
prefill,694d9fdfb4d8ee15,tp_rank=5;pp_rank=0,data/raw/h200_gpu_resident_mtp/conc8/result/9017979109/conc_8/aiperf_artifacts/server_metrics_export.csv,554,Metric=sglang:num_running_reqs; Description=The number of running requests.,sglang:num_running_reqs,5.0,,"explicit SGLang running-request gauge; rank-export scope, not summed",Evidence,aiperf_server_metrics_csv_aggregate,requests,0.2727,0.0,5.0,0.0,1.0,1.0
prefill,694d9fdfb4d8ee15,tp_rank=6;pp_rank=0,data/raw/h200_gpu_resident_mtp/conc8/result/9017979109/conc_8/aiperf_artifacts/server_metrics_export.csv,555,Metric=sglang:num_running_reqs; Description=The number of running requests.,sglang:num_running_reqs,5.0,,"explicit SGLang running-request gauge; rank-export scope, not summed",Evidence,aiperf_server_metrics_csv_aggregate,requests,0.2727,0.0,5.0,0.0,1.0,1.0
prefill,694d9fdfb4d8ee15,tp_rank=7;pp_rank=0,data/raw/h200_gpu_resident_mtp/conc8/result/9017979109/conc_8/aiperf_artifacts/server_metrics_export.csv,556,Metric=sglang:num_running_reqs; Description=The number of running requests.,sglang:num_running_reqs,5.0,,"explicit SGLang running-request gauge; rank-export scope, not summed",Evidence,aiperf_server_metrics_csv_aggregate,requests,0.2727,0.0,5.0,0.0,1.0,1.0
prefill,694d9fdfb4d8ee13,tp_rank=0;pp_rank=0,data/raw/h200_gpu_resident_mtp/conc8/result/9017979109/conc_8/aiperf_artifacts/server_metrics_export.csv,557,Metric=sglang:num_running_reqs; Description=The number of running requests.,sglang:num_running_reqs,4.0,,"explicit SGLang running-request gauge; rank-export scope, not summed",Evidence,aiperf_server_metrics_csv_aggregate,requests,0.3604,0.0,4.0,0.0,1.0,1.0
prefill,694d9fdfb4d8ee13,tp_rank=1;pp_rank=0,data/raw/h200_gpu_resident_mtp/conc8/result/9017979109/conc_8/aiperf_artifacts/server_metrics_export.csv,558,Metric=sglang:num_running_reqs; Description=The number of running requests.,sglang:num_running_reqs,4.0,,"explicit SGLang running-request gauge; rank-export scope, not summed",Evidence,aiperf_server_metrics_csv_aggregate,requests,0.3603,0.0,4.0,0.0,1.0,1.0
prefill,694d9fdfb4d8ee13,tp_rank=2;pp_rank=0,data/raw/h200_gpu_resident_mtp/conc8/result/9017979109/conc_8/aiperf_artifacts/server_metrics_export.csv,559,Metric=sglang:num_running_reqs; Description=The number of running requests.,sglang:num_running_reqs,4.0,,"explicit SGLang running-request gauge; rank-export scope, not summed",Evidence,aiperf_server_metrics_csv_aggregate,requests,0.3603,0.0,4.0,0.0,1.0,1.0
prefill,694d9fdfb4d8ee13,tp_rank=3;pp_rank=0,data/raw/h200_gpu_resident_mtp/conc8/result/9017979109/conc_8/aiperf_artifacts/server_metrics_export.csv,560,Metric=sglang:num_running_reqs; Description=The number of running requests.,sglang:num_running_reqs,4.0,,"explicit SGLang running-request gauge; rank-export scope, not summed",Evidence,aiperf_server_metrics_csv_aggregate,requests,0.3604,0.0,4.0,0.0,1.0,1.0
prefill,694d9fdfb4d8ee13,tp_rank=4;pp_rank=0,data/raw/h200_gpu_resident_mtp/conc8/result/9017979109/conc_8/aiperf_artifacts/server_metrics_export.csv,561,Metric=sglang:num_running_reqs; Description=The number of running requests.,sglang:num_running_reqs,4.0,,"explicit SGLang running-request gauge; rank-export scope, not summed",Evidence,aiperf_server_metrics_csv_aggregate,requests,0.3603,0.0,4.0,0.0,1.0,1.0
prefill,694d9fdfb4d8ee13,tp_rank=5;pp_rank=0,data/raw/h200_gpu_resident_mtp/conc8/result/9017979109/conc_8/aiperf_artifacts/server_metrics_export.csv,562,Metric=sglang:num_running_reqs; Description=The number of running requests.,sglang:num_running_reqs,4.0,,"explicit SGLang running-request gauge; rank-export scope, not summed",Evidence,aiperf_server_metrics_csv_aggregate,requests,0.3603,0.0,4.0,0.0,1.0,1.0
prefill,694d9fdfb4d8ee13,tp_rank=6;pp_rank=0,data/raw/h200_gpu_resident_mtp/conc8/result/9017979109/conc_8/aiperf_artifacts/server_metrics_export.csv,563,Metric=sglang:num_running_reqs; Description=The number of running requests.,sglang:num_running_reqs,4.0,,"explicit SGLang running-request gauge; rank-export scope, not summed",Evidence,aiperf_server_metrics_csv_aggregate,requests,0.3603,0.0,4.0,0.0,1.0,1.0
prefill,694d9fdfb4d8ee13,tp_rank=7;pp_rank=0,data/raw/h200_gpu_resident_mtp/conc8/result/9017979109/conc_8/aiperf_artifacts/server_metrics_export.csv,564,Metric=sglang:num_running_reqs; Description=The number of running requests.,sglang:num_running_reqs,4.0,,"explicit SGLang running-request gauge; rank-export scope, not summed",Evidence,aiperf_server_metrics_csv_aggregate,requests,0.3603,0.0,4.0,0.0,1.0,1.0
prefill,694d9fdfb4d8ee15,tp_rank=0;pp_rank=0,data/raw/h200_gpu_resident_mtp/conc8/result/9017979109/conc_8/aiperf_artifacts/server_metrics_export.csv,565,Metric=sglang:num_unique_running_routing_keys; Description=Number of unique routing keys in running batch.,sglang:num_unique_running_routing_keys,0.0,,Number of unique routing keys in running batch.,Evidence,aiperf_server_metrics_csv_aggregate,,0.0,0.0,0.0,0.0,0.0,0.0
prefill,694d9fdfb4d8ee15,tp_rank=1;pp_rank=0,data/raw/h200_gpu_resident_mtp/conc8/result/9017979109/conc_8/aiperf_artifacts/server_metrics_export.csv,566,Metric=sglang:num_unique_running_routing_keys; Description=Number of unique routing keys in running batch.,sglang:num_unique_running_routing_keys,0.0,,Number of unique routing keys in running batch.,Evidence,aiperf_server_metrics_csv_aggregate,,0.0,0.0,0.0,0.0,0.0,0.0
prefill,694d9fdfb4d8ee15,tp_rank=2;pp_rank=0,data/raw/h200_gpu_resident_mtp/conc8/result/9017979109/conc_8/aiperf_artifacts/server_metrics_export.csv,567,Metric=sglang:num_unique_running_routing_keys; Description=Number of unique routing keys in running batch.,sglang:num_unique_running_routing_keys,0.0,,Number of unique routing keys in running batch.,Evidence,aiperf_server_metrics_csv_aggregate,,0.0,0.0,0.0,0.0,0.0,0.0
prefill,694d9fdfb4d8ee15,tp_rank=3;pp_rank=0,data/raw/h200_gpu_resident_mtp/conc8/result/9017979109/conc_8/aiperf_artifacts/server_metrics_export.csv,568,Metric=sglang:num_unique_running_routing_keys; Description=Number of unique routing keys in running batch.,sglang:num_unique_running_routing_keys,0.0,,Number of unique routing keys in running batch.,Evidence,aiperf_server_metrics_csv_aggregate,,0.0,0.0,0.0,0.0,0.0,0.0
prefill,694d9fdfb4d8ee15,tp_rank=4;pp_rank=0,data/raw/h200_gpu_resident_mtp/conc8/result/9017979109/conc_8/aiperf_artifacts/server_metrics_export.csv,569,Metric=sglang:num_unique_running_routing_keys; Description=Number of unique routing keys in running batch.,sglang:num_unique_running_routing_keys,0.0,,Number of unique routing keys in running batch.,Evidence,aiperf_server_metrics_csv_aggregate,,0.0,0.0,0.0,0.0,0.0,0.0
prefill,694d9fdfb4d8ee15,tp_rank=5;pp_rank=0,data/raw/h200_gpu_resident_mtp/conc8/result/9017979109/conc_8/aiperf_artifacts/server_metrics_export.csv,570,Metric=sglang:num_unique_running_routing_keys; Description=Number of unique routing keys in running batch.,sglang:num_unique_running_routing_keys,0.0,,Number of unique routing keys in running batch.,Evidence,aiperf_server_metrics_csv_aggregate,,0.0,0.0,0.0,0.0,0.0,0.0
prefill,694d9fdfb4d8ee15,tp_rank=6;pp_rank=0,data/raw/h200_gpu_resident_mtp/conc8/result/9017979109/conc_8/aiperf_artifacts/server_metrics_export.csv,571,Metric=sglang:num_unique_running_routing_keys; Description=Number of unique routing keys in running batch.,sglang:num_unique_running_routing_keys,0.0,,Number of unique routing keys in running batch.,Evidence,aiperf_server_metrics_csv_aggregate,,0.0,0.0,0.0,0.0,0.0,0.0
prefill,694d9fdfb4d8ee15,tp_rank=7;pp_rank=0,data/raw/h200_gpu_resident_mtp/conc8/result/9017979109/conc_8/aiperf_artifacts/server_metrics_export.csv,572,Metric=sglang:num_unique_running_routing_keys; Description=Number of unique routing keys in running batch.,sglang:num_unique_running_routing_keys,0.0,,Number of unique routing keys in running batch.,Evidence,aiperf_server_metrics_csv_aggregate,,0.0,0.0,0.0,0.0,0.0,0.0
prefill,694d9fdfb4d8ee13,tp_rank=0;pp_rank=0,data/raw/h200_gpu_resident_mtp/conc8/result/9017979109/conc_8/aiperf_artifacts/server_metrics_export.csv,573,Metric=sglang:num_unique_running_routing_keys; Description=Number of unique routing keys in running batch.,sglang:num_unique_running_routing_keys,0.0,,Number of unique routing keys in running batch.,Evidence,aiperf_server_metrics_csv_aggregate,,0.0,0.0,0.0,0.0,0.0,0.0
prefill,694d9fdfb4d8ee13,tp_rank=1;pp_rank=0,data/raw/h200_gpu_resident_mtp/conc8/result/9017979109/conc_8/aiperf_artifacts/server_metrics_export.csv,574,Metric=sglang:num_unique_running_routing_keys; Description=Number of unique routing keys in running batch.,sglang:num_unique_running_routing_keys,0.0,,Number of unique routing keys in running batch.,Evidence,aiperf_server_metrics_csv_aggregate,,0.0,0.0,0.0,0.0,0.0,0.0
prefill,694d9fdfb4d8ee13,tp_rank=2;pp_rank=0,data/raw/h200_gpu_resident_mtp/conc8/result/9017979109/conc_8/aiperf_artifacts/server_metrics_export.csv,575,Metric=sglang:num_unique_running_routing_keys; Description=Number of unique routing keys in running batch.,sglang:num_unique_running_routing_keys,0.0,,Number of unique routing keys in running batch.,Evidence,aiperf_server_metrics_csv_aggregate,,0.0,0.0,0.0,0.0,0.0,0.0
prefill,694d9fdfb4d8ee13,tp_rank=3;pp_rank=0,data/raw/h200_gpu_resident_mtp/conc8/result/9017979109/conc_8/aiperf_artifacts/server_metrics_export.csv,576,Metric=sglang:num_unique_running_routing_keys; Description=Number of unique routing keys in running batch.,sglang:num_unique_running_routing_keys,0.0,,Number of unique routing keys in running batch.,Evidence,aiperf_server_metrics_csv_aggregate,,0.0,0.0,0.0,0.0,0.0,0.0
prefill,694d9fdfb4d8ee13,tp_rank=4;pp_rank=0,data/raw/h200_gpu_resident_mtp/conc8/result/9017979109/conc_8/aiperf_artifacts/server_metrics_export.csv,577,Metric=sglang:num_unique_running_routing_keys; Description=Number of unique routing keys in running batch.,sglang:num_unique_running_routing_keys,0.0,,Number of unique routing keys in running batch.,Evidence,aiperf_server_metrics_csv_aggregate,,0.0,0.0,0.0,0.0,0.0,0.0
prefill,694d9fdfb4d8ee13,tp_rank=5;pp_rank=0,data/raw/h200_gpu_resident_mtp/conc8/result/9017979109/conc_8/aiperf_artifacts/server_metrics_export.csv,578,Metric=sglang:num_unique_running_routing_keys; Description=Number of unique routing keys in running batch.,sglang:num_unique_running_routing_keys,0.0,,Number of unique routing keys in running batch.,Evidence,aiperf_server_metrics_csv_aggregate,,0.0,0.0,0.0,0.0,0.0,0.0
prefill,694d9fdfb4d8ee13,tp_rank=6;pp_rank=0,data/raw/h200_gpu_resident_mtp/conc8/result/9017979109/conc_8/aiperf_artifacts/server_metrics_export.csv,579,Metric=sglang:num_unique_running_routing_keys; Description=Number of unique routing keys in running batch.,sglang:num_unique_running_routing_keys,0.0,,Number of unique routing keys in running batch.,Evidence,aiperf_server_metrics_csv_aggregate,,0.0,0.0,0.0,0.0,0.0,0.0
prefill,694d9fdfb4d8ee13,tp_rank=7;pp_rank=0,data/raw/h200_gpu_resident_mtp/conc8/result/9017979109/conc_8/aiperf_artifacts/server_metrics_export.csv,580,Metric=sglang:num_unique_running_routing_keys; Description=Number of unique routing keys in running batch.,sglang:num_unique_running_routing_keys,0.0,,Number of unique routing keys in running batch.,Evidence,aiperf_server_metrics_csv_aggregate,,0.0,0.0,0.0,0.0,0.0,0.0
prefill,694d9fdfb4d8ee15,tp_rank=0;pp_rank=0,data/raw/h200_gpu_resident_mtp/conc8/result/9017979109/conc_8/aiperf_artifacts/server_metrics_export.csv,613,Metric=sglang:pending_prealloc_token_usage; Description=The token usage for pending preallocated tokens (not preallocated yet).,sglang:pending_prealloc_token_usage,0.0,,The token usage for pending preallocated tokens (not preallocated yet).,Evidence,aiperf_server_metrics_csv_aggregate,,0.0,0.0,0.0,0.0,0.0,0.0
prefill,694d9fdfb4d8ee15,tp_rank=1;pp_rank=0,data/raw/h200_gpu_resident_mtp/conc8/result/9017979109/conc_8/aiperf_artifacts/server_metrics_export.csv,614,Metric=sglang:pending_prealloc_token_usage; Description=The token usage for pending preallocated tokens (not preallocated yet).,sglang:pending_prealloc_token_usage,0.0,,The token usage for pending preallocated tokens (not preallocated yet).,Evidence,aiperf_server_metrics_csv_aggregate,,0.0,0.0,0.0,0.0,0.0,0.0
prefill,694d9fdfb4d8ee15,tp_rank=2;pp_rank=0,data/raw/h200_gpu_resident_mtp/conc8/result/9017979109/conc_8/aiperf_artifacts/server_metrics_export.csv,615,Metric=sglang:pending_prealloc_token_usage; Description=The token usage for pending preallocated tokens (not preallocated yet).,sglang:pending_prealloc_token_usage,0.0,,The token usage for pending preallocated tokens (not preallocated yet).,Evidence,aiperf_server_metrics_csv_aggregate,,0.0,0.0,0.0,0.0,0.0,0.0
prefill,694d9fdfb4d8ee15,tp_rank=3;pp_rank=0,data/raw/h200_gpu_resident_mtp/conc8/result/9017979109/conc_8/aiperf_artifacts/server_metrics_export.csv,616,Metric=sglang:pending_prealloc_token_usage; Description=The token usage for pending preallocated tokens (not preallocated yet).,sglang:pending_prealloc_token_usage,0.0,,The token usage for pending preallocated tokens (not preallocated yet).,Evidence,aiperf_server_metrics_csv_aggregate,,0.0,0.0,0.0,0.0,0.0,0.0
prefill,694d9fdfb4d8ee15,tp_rank=4;pp_rank=0,data/raw/h200_gpu_resident_mtp/conc8/result/9017979109/conc_8/aiperf_artifacts/server_metrics_export.csv,617,Metric=sglang:pending_prealloc_token_usage; Description=The token usage for pending preallocated tokens (not preallocated yet).,sglang:pending_prealloc_token_usage,0.0,,The token usage for pending preallocated tokens (not preallocated yet).,Evidence,aiperf_server_metrics_csv_aggregate,,0.0,0.0,0.0,0.0,0.0,0.0
prefill,694d9fdfb4d8ee15,tp_rank=5;pp_rank=0,data/raw/h200_gpu_resident_mtp/conc8/result/9017979109/conc_8/aiperf_artifacts/server_metrics_export.csv,618,Metric=sglang:pending_prealloc_token_usage; Description=The token usage for pending preallocated tokens (not preallocated yet).,sglang:pending_prealloc_token_usage,0.0,,The token usage for pending preallocated tokens (not preallocated yet).,Evidence,aiperf_server_metrics_csv_aggregate,,0.0,0.0,0.0,0.0,0.0,0.0
prefill,694d9fdfb4d8ee15,tp_rank=6;pp_rank=0,data/raw/h200_gpu_resident_mtp/conc8/result/9017979109/conc_8/aiperf_artifacts/server_metrics_export.csv,619,Metric=sglang:pending_prealloc_token_usage; Description=The token usage for pending preallocated tokens (not preallocated yet).,sglang:pending_prealloc_token_usage,0.0,,The token usage for pending preallocated tokens (not preallocated yet).,Evidence,aiperf_server_metrics_csv_aggregate,,0.0,0.0,0.0,0.0,0.0,0.0
prefill,694d9fdfb4d8ee15,tp_rank=7;pp_rank=0,data/raw/h200_gpu_resident_mtp/conc8/result/9017979109/conc_8/aiperf_artifacts/server_metrics_export.csv,620,Metric=sglang:pending_prealloc_token_usage; Description=The token usage for pending preallocated tokens (not preallocated yet).,sglang:pending_prealloc_token_usage,0.0,,The token usage for pending preallocated tokens (not preallocated yet).,Evidence,aiperf_server_metrics_csv_aggregate,,0.0,0.0,0.0,0.0,0.0,0.0
prefill,694d9fdfb4d8ee13,tp_rank=0;pp_rank=0,data/raw/h200_gpu_resident_mtp/conc8/result/9017979109/conc_8/aiperf_artifacts/server_metrics_export.csv,621,Metric=sglang:pending_prealloc_token_usage; Description=The token usage for pending preallocated tokens (not preallocated yet).,sglang:pending_prealloc_token_usage,0.0,,The token usage for pending preallocated tokens (not preallocated yet).,Evidence,aiperf_server_metrics_csv_aggregate,,0.0,0.0,0.0,0.0,0.0,0.0
prefill,694d9fdfb4d8ee13,tp_rank=1;pp_rank=0,data/raw/h200_gpu_resident_mtp/conc8/result/9017979109/conc_8/aiperf_artifacts/server_metrics_export.csv,622,Metric=sglang:pending_prealloc_token_usage; Description=The token usage for pending preallocated tokens (not preallocated yet).,sglang:pending_prealloc_token_usage,0.0,,The token usage for pending preallocated tokens (not preallocated yet).,Evidence,aiperf_server_metrics_csv_aggregate,,0.0,0.0,0.0,0.0,0.0,0.0
prefill,694d9fdfb4d8ee13,tp_rank=2;pp_rank=0,data/raw/h200_gpu_resident_mtp/conc8/result/9017979109/conc_8/aiperf_artifacts/server_metrics_export.csv,623,Metric=sglang:pending_prealloc_token_usage; Description=The token usage for pending preallocated tokens (not preallocated yet).,sglang:pending_prealloc_token_usage,0.0,,The token usage for pending preallocated tokens (not preallocated yet).,Evidence,aiperf_server_metrics_csv_aggregate,,0.0,0.0,0.0,0.0,0.0,0.0
prefill,694d9fdfb4d8ee13,tp_rank=3;pp_rank=0,data/raw/h200_gpu_resident_mtp/conc8/result/9017979109/conc_8/aiperf_artifacts/server_metrics_export.csv,624,Metric=sglang:pending_prealloc_token_usage; Description=The token usage for pending preallocated tokens (not preallocated yet).,sglang:pending_prealloc_token_usage,0.0,,The token usage for pending preallocated tokens (not preallocated yet).,Evidence,aiperf_server_metrics_csv_aggregate,,0.0,0.0,0.0,0.0,0.0,0.0
prefill,694d9fdfb4d8ee13,tp_rank=4;pp_rank=0,data/raw/h200_gpu_resident_mtp/conc8/result/9017979109/conc_8/aiperf_artifacts/server_metrics_export.csv,625,Metric=sglang:pending_prealloc_token_usage; Description=The token usage for pending preallocated tokens (not preallocated yet).,sglang:pending_prealloc_token_usage,0.0,,The token usage for pending preallocated tokens (not preallocated yet).,Evidence,aiperf_server_metrics_csv_aggregate,,0.0,0.0,0.0,0.0,0.0,0.0
prefill,694d9fdfb4d8ee13,tp_rank=5;pp_rank=0,data/raw/h200_gpu_resident_mtp/conc8/result/9017979109/conc_8/aiperf_artifacts/server_metrics_export.csv,626,Metric=sglang:pending_prealloc_token_usage; Description=The token usage for pending preallocated tokens (not preallocated yet).,sglang:pending_prealloc_token_usage,0.0,,The token usage for pending preallocated tokens (not preallocated yet).,Evidence,aiperf_server_metrics_csv_aggregate,,0.0,0.0,0.0,0.0,0.0,0.0
prefill,694d9fdfb4d8ee13,tp_rank=6;pp_rank=0,data/raw/h200_gpu_resident_mtp/conc8/result/9017979109/conc_8/aiperf_artifacts/server_metrics_export.csv,627,Metric=sglang:pending_prealloc_token_usage; Description=The token usage for pending preallocated tokens (not preallocated yet).,sglang:pending_prealloc_token_usage,0.0,,The token usage for pending preallocated tokens (not preallocated yet).,Evidence,aiperf_server_metrics_csv_aggregate,,0.0,0.0,0.0,0.0,0.0,0.0
prefill,694d9fdfb4d8ee13,tp_rank=7;pp_rank=0,data/raw/h200_gpu_resident_mtp/conc8/result/9017979109/conc_8/aiperf_artifacts/server_metrics_export.csv,628,Metric=sglang:pending_prealloc_token_usage; Description=The token usage for pending preallocated tokens (not preallocated yet).,sglang:pending_prealloc_token_usage,0.0,,The token usage for pending preallocated tokens (not preallocated yet).,Evidence,aiperf_server_metrics_csv_aggregate,,0.0,0.0,0.0,0.0,0.0,0.0
prefill,694d9fdfb4d8ee15,tp_rank=0;pp_rank=0,data/raw/h200_gpu_resident_mtp/conc8/result/9017979109/conc_8/aiperf_artifacts/server_metrics_export.csv,805,Metric=sglang:token_usage; Description=The token usage.,sglang:token_usage,0.87,,The token usage.,Evidence,aiperf_server_metrics_csv_aggregate,,0.0518,0.0,0.87,0.0,0.19,0.34
prefill,694d9fdfb4d8ee15,tp_rank=1;pp_rank=0,data/raw/h200_gpu_resident_mtp/conc8/result/9017979109/conc_8/aiperf_artifacts/server_metrics_export.csv,806,Metric=sglang:token_usage; Description=The token usage.,sglang:token_usage,0.87,,The token usage.,Evidence,aiperf_server_metrics_csv_aggregate,,0.0518,0.0,0.87,0.0,0.19,0.34
prefill,694d9fdfb4d8ee15,tp_rank=2;pp_rank=0,data/raw/h200_gpu_resident_mtp/conc8/result/9017979109/conc_8/aiperf_artifacts/server_metrics_export.csv,807,Metric=sglang:token_usage; Description=The token usage.,sglang:token_usage,0.87,,The token usage.,Evidence,aiperf_server_metrics_csv_aggregate,,0.0518,0.0,0.87,0.0,0.19,0.34
prefill,694d9fdfb4d8ee15,tp_rank=3;pp_rank=0,data/raw/h200_gpu_resident_mtp/conc8/result/9017979109/conc_8/aiperf_artifacts/server_metrics_export.csv,808,Metric=sglang:token_usage; Description=The token usage.,sglang:token_usage,0.87,,The token usage.,Evidence,aiperf_server_metrics_csv_aggregate,,0.0518,0.0,0.87,0.0,0.19,0.34
prefill,694d9fdfb4d8ee15,tp_rank=4;pp_rank=0,data/raw/h200_gpu_resident_mtp/conc8/result/9017979109/conc_8/aiperf_artifacts/server_metrics_export.csv,809,Metric=sglang:token_usage; Description=The token usage.,sglang:token_usage,0.87,,The token usage.,Evidence,aiperf_server_metrics_csv_aggregate,,0.0518,0.0,0.87,0.0,0.19,0.34
prefill,694d9fdfb4d8ee15,tp_rank=5;pp_rank=0,data/raw/h200_gpu_resident_mtp/conc8/result/9017979109/conc_8/aiperf_artifacts/server_metrics_export.csv,810,Metric=sglang:token_usage; Description=The token usage.,sglang:token_usage,0.87,,The token usage.,Evidence,aiperf_server_metrics_csv_aggregate,,0.0518,0.0,0.87,0.0,0.19,0.34
prefill,694d9fdfb4d8ee15,tp_rank=6;pp_rank=0,data/raw/h200_gpu_resident_mtp/conc8/result/9017979109/conc_8/aiperf_artifacts/server_metrics_export.csv,811,Metric=sglang:token_usage; Description=The token usage.,sglang:token_usage,0.87,,The token usage.,Evidence,aiperf_server_metrics_csv_aggregate,,0.0518,0.0,0.87,0.0,0.19,0.34
prefill,694d9fdfb4d8ee15,tp_rank=7;pp_rank=0,data/raw/h200_gpu_resident_mtp/conc8/result/9017979109/conc_8/aiperf_artifacts/server_metrics_export.csv,812,Metric=sglang:token_usage; Description=The token usage.,sglang:token_usage,0.87,,The token usage.,Evidence,aiperf_server_metrics_csv_aggregate,,0.0518,0.0,0.87,0.0,0.19,0.34
prefill,694d9fdfb4d8ee13,tp_rank=0;pp_rank=0,data/raw/h200_gpu_resident_mtp/conc8/result/9017979109/conc_8/aiperf_artifacts/server_metrics_export.csv,813,Metric=sglang:token_usage; Description=The token usage.,sglang:token_usage,0.74,,The token usage.,Evidence,aiperf_server_metrics_csv_aggregate,,0.0695,0.0,0.74,0.0,0.25,0.44
prefill,694d9fdfb4d8ee13,tp_rank=1;pp_rank=0,data/raw/h200_gpu_resident_mtp/conc8/result/9017979109/conc_8/aiperf_artifacts/server_metrics_export.csv,814,Metric=sglang:token_usage; Description=The token usage.,sglang:token_usage,0.74,,The token usage.,Evidence,aiperf_server_metrics_csv_aggregate,,0.0696,0.0,0.74,0.0,0.25,0.44
prefill,694d9fdfb4d8ee13,tp_rank=2;pp_rank=0,data/raw/h200_gpu_resident_mtp/conc8/result/9017979109/conc_8/aiperf_artifacts/server_metrics_export.csv,815,Metric=sglang:token_usage; Description=The token usage.,sglang:token_usage,0.74,,The token usage.,Evidence,aiperf_server_metrics_csv_aggregate,,0.0695,0.0,0.74,0.0,0.25,0.44
prefill,694d9fdfb4d8ee13,tp_rank=3;pp_rank=0,data/raw/h200_gpu_resident_mtp/conc8/result/9017979109/conc_8/aiperf_artifacts/server_metrics_export.csv,816,Metric=sglang:token_usage; Description=The token usage.,sglang:token_usage,0.74,,The token usage.,Evidence,aiperf_server_metrics_csv_aggregate,,0.0696,0.0,0.74,0.0,0.25,0.44
prefill,694d9fdfb4d8ee13,tp_rank=4;pp_rank=0,data/raw/h200_gpu_resident_mtp/conc8/result/9017979109/conc_8/aiperf_artifacts/server_metrics_export.csv,817,Metric=sglang:token_usage; Description=The token usage.,sglang:token_usage,0.74,,The token usage.,Evidence,aiperf_server_metrics_csv_aggregate,,0.0696,0.0,0.74,0.0,0.25,0.44
prefill,694d9fdfb4d8ee13,tp_rank=5;pp_rank=0,data/raw/h200_gpu_resident_mtp/conc8/result/9017979109/conc_8/aiperf_artifacts/server_metrics_export.csv,818,Metric=sglang:token_usage; Description=The token usage.,sglang:token_usage,0.74,,The token usage.,Evidence,aiperf_server_metrics_csv_aggregate,,0.0697,0.0,0.74,0.0,0.25,0.44
prefill,694d9fdfb4d8ee13,tp_rank=6;pp_rank=0,data/raw/h200_gpu_resident_mtp/conc8/result/9017979109/conc_8/aiperf_artifacts/server_metrics_export.csv,819,Metric=sglang:token_usage; Description=The token usage.,sglang:token_usage,0.74,,The token usage.,Evidence,aiperf_server_metrics_csv_aggregate,,0.0697,0.0,0.74,0.0,0.25,0.44
prefill,694d9fdfb4d8ee13,tp_rank=7;pp_rank=0,data/raw/h200_gpu_resident_mtp/conc8/result/9017979109/conc_8/aiperf_artifacts/server_metrics_export.csv,820,Metric=sglang:token_usage; Description=The token usage.,sglang:token_usage,0.74,,The token usage.,Evidence,aiperf_server_metrics_csv_aggregate,,0.0696,0.0,0.74,0.0,0.25,0.44
decode,694d9fdfb4d8ee1b,dp_rank=0;tp_rank=0;pp_rank=0,data/raw/h200_gpu_resident_mtp/conc8/result/9017979109/conc_8/aiperf_artifacts/server_metrics_export.csv,1365,Metric=sglang:full_token_usage; Description=The token usage for full attention layers.,sglang:full_token_usage,0.9862,,The token usage for full attention layers.,Evidence,aiperf_server_metrics_csv_aggregate,,0.1481,0.0,0.9862,0.0,0.6261,0.7698
decode,694d9fdfb4d8ee1b,dp_rank=1;tp_rank=1;pp_rank=0,data/raw/h200_gpu_resident_mtp/conc8/result/9017979109/conc_8/aiperf_artifacts/server_metrics_export.csv,1366,Metric=sglang:full_token_usage; Description=The token usage for full attention layers.,sglang:full_token_usage,0.9315,,The token usage for full attention layers.,Evidence,aiperf_server_metrics_csv_aggregate,,0.1276,0.0,0.9315,0.0,0.5508,0.5965
decode,694d9fdfb4d8ee1b,dp_rank=2;tp_rank=2;pp_rank=0,data/raw/h200_gpu_resident_mtp/conc8/result/9017979109/conc_8/aiperf_artifacts/server_metrics_export.csv,1367,Metric=sglang:full_token_usage; Description=The token usage for full attention layers.,sglang:full_token_usage,0.9057,,The token usage for full attention layers.,Evidence,aiperf_server_metrics_csv_aggregate,,0.1273,0.0,0.9057,0.0,0.5581,0.6887
decode,694d9fdfb4d8ee1b,dp_rank=3;tp_rank=3;pp_rank=0,data/raw/h200_gpu_resident_mtp/conc8/result/9017979109/conc_8/aiperf_artifacts/server_metrics_export.csv,1368,Metric=sglang:full_token_usage; Description=The token usage for full attention layers.,sglang:full_token_usage,0.9452,,The token usage for full attention layers.,Evidence,aiperf_server_metrics_csv_aggregate,,0.0974,0.0,0.9452,0.0,0.4536,0.6088
decode,694d9fdfb4d8ee1b,dp_rank=4;tp_rank=4;pp_rank=0,data/raw/h200_gpu_resident_mtp/conc8/result/9017979109/conc_8/aiperf_artifacts/server_metrics_export.csv,1369,Metric=sglang:full_token_usage; Description=The token usage for full attention layers.,sglang:full_token_usage,0.9356,,The token usage for full attention layers.,Evidence,aiperf_server_metrics_csv_aggregate,,0.1361,0.0,0.9356,0.0,0.5663,0.6864
decode,694d9fdfb4d8ee1b,dp_rank=5;tp_rank=5;pp_rank=0,data/raw/h200_gpu_resident_mtp/conc8/result/9017979109/conc_8/aiperf_artifacts/server_metrics_export.csv,1370,Metric=sglang:full_token_usage; Description=The token usage for full attention layers.,sglang:full_token_usage,0.9376,,The token usage for full attention layers.,Evidence,aiperf_server_metrics_csv_aggregate,,0.1159,0.0,0.9376,0.0,0.489,0.7376
decode,694d9fdfb4d8ee1b,dp_rank=6;tp_rank=6;pp_rank=0,data/raw/h200_gpu_resident_mtp/conc8/result/9017979109/conc_8/aiperf_artifacts/server_metrics_export.csv,1371,Metric=sglang:full_token_usage; Description=The token usage for full attention layers.,sglang:full_token_usage,0.9611,,The token usage for full attention layers.,Evidence,aiperf_server_metrics_csv_aggregate,,0.1308,0.0,0.9611,0.0,0.5075,0.6978
decode,694d9fdfb4d8ee1b,dp_rank=7;tp_rank=7;pp_rank=0,data/raw/h200_gpu_resident_mtp/conc8/result/9017979109/conc_8/aiperf_artifacts/server_metrics_export.csv,1372,Metric=sglang:full_token_usage; Description=The token usage for full attention layers.,sglang:full_token_usage,0.9939,,The token usage for full attention layers.,Evidence,aiperf_server_metrics_csv_aggregate,,0.1226,0.0,0.9939,0.0,0.5376,0.6146
decode,694d9fdfb4d8ee18,dp_rank=0;tp_rank=0;pp_rank=0,data/raw/h200_gpu_resident_mtp/conc8/result/9017979109/conc_8/aiperf_artifacts/server_metrics_export.csv,1373,Metric=sglang:full_token_usage; Description=The token usage for full attention layers.,sglang:full_token_usage,0.9534,,The token usage for full attention layers.,Evidence,aiperf_server_metrics_csv_aggregate,,0.186,0.0,0.9534,0.0,0.5833,0.9534
decode,694d9fdfb4d8ee18,dp_rank=1;tp_rank=1;pp_rank=0,data/raw/h200_gpu_resident_mtp/conc8/result/9017979109/conc_8/aiperf_artifacts/server_metrics_export.csv,1374,Metric=sglang:full_token_usage; Description=The token usage for full attention layers.,sglang:full_token_usage,0.9775,,The token usage for full attention layers.,Evidence,aiperf_server_metrics_csv_aggregate,,0.2028,0.0,0.9775,0.0,0.7195,0.9083
decode,694d9fdfb4d8ee18,dp_rank=2;tp_rank=2;pp_rank=0,data/raw/h200_gpu_resident_mtp/conc8/result/9017979109/conc_8/aiperf_artifacts/server_metrics_export.csv,1375,Metric=sglang:full_token_usage; Description=The token usage for full attention layers.,sglang:full_token_usage,0.93,,The token usage for full attention layers.,Evidence,aiperf_server_metrics_csv_aggregate,,0.1421,0.0,0.93,0.0,0.5242,0.7968
decode,694d9fdfb4d8ee18,dp_rank=3;tp_rank=3;pp_rank=0,data/raw/h200_gpu_resident_mtp/conc8/result/9017979109/conc_8/aiperf_artifacts/server_metrics_export.csv,1376,Metric=sglang:full_token_usage; Description=The token usage for full attention layers.,sglang:full_token_usage,0.9886,,The token usage for full attention layers.,Evidence,aiperf_server_metrics_csv_aggregate,,0.1372,0.0,0.9886,0.0,0.525,0.6782
decode,694d9fdfb4d8ee18,dp_rank=4;tp_rank=4;pp_rank=0,data/raw/h200_gpu_resident_mtp/conc8/result/9017979109/conc_8/aiperf_artifacts/server_metrics_export.csv,1377,Metric=sglang:full_token_usage; Description=The token usage for full attention layers.,sglang:full_token_usage,0.9994,,The token usage for full attention layers.,Evidence,aiperf_server_metrics_csv_aggregate,,0.1104,0.0,0.9994,0.0,0.4902,0.5001
decode,694d9fdfb4d8ee18,dp_rank=5;tp_rank=5;pp_rank=0,data/raw/h200_gpu_resident_mtp/conc8/result/9017979109/conc_8/aiperf_artifacts/server_metrics_export.csv,1378,Metric=sglang:full_token_usage; Description=The token usage for full attention layers.,sglang:full_token_usage,0.9997,,The token usage for full attention layers.,Evidence,aiperf_server_metrics_csv_aggregate,,0.2055,0.0,0.9997,0.0,0.7514,0.8972
decode,694d9fdfb4d8ee18,dp_rank=6;tp_rank=6;pp_rank=0,data/raw/h200_gpu_resident_mtp/conc8/result/9017979109/conc_8/aiperf_artifacts/server_metrics_export.csv,1379,Metric=sglang:full_token_usage; Description=The token usage for full attention layers.,sglang:full_token_usage,0.9947,,The token usage for full attention layers.,Evidence,aiperf_server_metrics_csv_aggregate,,0.1483,0.0,0.9947,0.0,0.5628,0.7069
decode,694d9fdfb4d8ee18,dp_rank=7;tp_rank=7;pp_rank=0,data/raw/h200_gpu_resident_mtp/conc8/result/9017979109/conc_8/aiperf_artifacts/server_metrics_export.csv,1380,Metric=sglang:full_token_usage; Description=The token usage for full attention layers.,sglang:full_token_usage,0.9839,,The token usage for full attention layers.,Evidence,aiperf_server_metrics_csv_aggregate,,0.2268,0.0,0.9839,0.0,0.7613,0.8697
decode,694d9fdfb4d8ee1b,dp_rank=0;tp_rank=0;pp_rank=0,data/raw/h200_gpu_resident_mtp/conc8/result/9017979109/conc_8/aiperf_artifacts/server_metrics_export.csv,1557,Metric=sglang:num_decode_prealloc_queue_reqs; Description=The number of requests in the decode prealloc queue.,sglang:num_decode_prealloc_queue_reqs,4.0,,The number of requests in the decode prealloc queue.,Evidence,aiperf_server_metrics_csv_aggregate,requests,0.0901,0.0,4.0,0.0,0.0,1.0
decode,694d9fdfb4d8ee1b,dp_rank=1;tp_rank=1;pp_rank=0,data/raw/h200_gpu_resident_mtp/conc8/result/9017979109/conc_8/aiperf_artifacts/server_metrics_export.csv,1558,Metric=sglang:num_decode_prealloc_queue_reqs; Description=The number of requests in the decode prealloc queue.,sglang:num_decode_prealloc_queue_reqs,1.0,,The number of requests in the decode prealloc queue.,Evidence,aiperf_server_metrics_csv_aggregate,requests,0.0048,0.0,1.0,0.0,0.0,0.0
decode,694d9fdfb4d8ee1b,dp_rank=2;tp_rank=2;pp_rank=0,data/raw/h200_gpu_resident_mtp/conc8/result/9017979109/conc_8/aiperf_artifacts/server_metrics_export.csv,1559,Metric=sglang:num_decode_prealloc_queue_reqs; Description=The number of requests in the decode prealloc queue.,sglang:num_decode_prealloc_queue_reqs,1.0,,The number of requests in the decode prealloc queue.,Evidence,aiperf_server_metrics_csv_aggregate,requests,0.0092,0.0,1.0,0.0,0.0,0.0
decode,694d9fdfb4d8ee1b,dp_rank=3;tp_rank=3;pp_rank=0,data/raw/h200_gpu_resident_mtp/conc8/result/9017979109/conc_8/aiperf_artifacts/server_metrics_export.csv,1560,Metric=sglang:num_decode_prealloc_queue_reqs; Description=The number of requests in the decode prealloc queue.,sglang:num_decode_prealloc_queue_reqs,2.0,,The number of requests in the decode prealloc queue.,Evidence,aiperf_server_metrics_csv_aggregate,requests,0.0219,0.0,2.0,0.0,0.0,0.0
decode,694d9fdfb4d8ee1b,dp_rank=4;tp_rank=4;pp_rank=0,data/raw/h200_gpu_resident_mtp/conc8/result/9017979109/conc_8/aiperf_artifacts/server_metrics_export.csv,1561,Metric=sglang:num_decode_prealloc_queue_reqs; Description=The number of requests in the decode prealloc queue.,sglang:num_decode_prealloc_queue_reqs,1.0,,The number of requests in the decode prealloc queue.,Evidence,aiperf_server_metrics_csv_aggregate,requests,0.0192,0.0,1.0,0.0,0.0,0.0
decode,694d9fdfb4d8ee1b,dp_rank=5;tp_rank=5;pp_rank=0,data/raw/h200_gpu_resident_mtp/conc8/result/9017979109/conc_8/aiperf_artifacts/server_metrics_export.csv,1562,Metric=sglang:num_decode_prealloc_queue_reqs; Description=The number of requests in the decode prealloc queue.,sglang:num_decode_prealloc_queue_reqs,1.0,,The number of requests in the decode prealloc queue.,Evidence,aiperf_server_metrics_csv_aggregate,requests,0.0058,0.0,1.0,0.0,0.0,0.0
decode,694d9fdfb4d8ee1b,dp_rank=6;tp_rank=6;pp_rank=0,data/raw/h200_gpu_resident_mtp/conc8/result/9017979109/conc_8/aiperf_artifacts/server_metrics_export.csv,1563,Metric=sglang:num_decode_prealloc_queue_reqs; Description=The number of requests in the decode prealloc queue.,sglang:num_decode_prealloc_queue_reqs,1.0,,The number of requests in the decode prealloc queue.,Evidence,aiperf_server_metrics_csv_aggregate,requests,0.0065,0.0,1.0,0.0,0.0,0.0
decode,694d9fdfb4d8ee1b,dp_rank=7;tp_rank=7;pp_rank=0,data/raw/h200_gpu_resident_mtp/conc8/result/9017979109/conc_8/aiperf_artifacts/server_metrics_export.csv,1564,Metric=sglang:num_decode_prealloc_queue_reqs; Description=The number of requests in the decode prealloc queue.,sglang:num_decode_prealloc_queue_reqs,1.0,,The number of requests in the decode prealloc queue.,Evidence,aiperf_server_metrics_csv_aggregate,requests,0.012,0.0,1.0,0.0,0.0,0.0
decode,694d9fdfb4d8ee18,dp_rank=0;tp_rank=0;pp_rank=0,data/raw/h200_gpu_resident_mtp/conc8/result/9017979109/conc_8/aiperf_artifacts/server_metrics_export.csv,1565,Metric=sglang:num_decode_prealloc_queue_reqs; Description=The number of requests in the decode prealloc queue.,sglang:num_decode_prealloc_queue_reqs,1.0,,The number of requests in the decode prealloc queue.,Evidence,aiperf_server_metrics_csv_aggregate,requests,0.0022,0.0,1.0,0.0,0.0,0.0
decode,694d9fdfb4d8ee18,dp_rank=1;tp_rank=1;pp_rank=0,data/raw/h200_gpu_resident_mtp/conc8/result/9017979109/conc_8/aiperf_artifacts/server_metrics_export.csv,1566,Metric=sglang:num_decode_prealloc_queue_reqs; Description=The number of requests in the decode prealloc queue.,sglang:num_decode_prealloc_queue_reqs,3.0,,The number of requests in the decode prealloc queue.,Evidence,aiperf_server_metrics_csv_aggregate,requests,0.0524,0.0,3.0,0.0,0.0,0.0
decode,694d9fdfb4d8ee18,dp_rank=2;tp_rank=2;pp_rank=0,data/raw/h200_gpu_resident_mtp/conc8/result/9017979109/conc_8/aiperf_artifacts/server_metrics_export.csv,1567,Metric=sglang:num_decode_prealloc_queue_reqs; Description=The number of requests in the decode prealloc queue.,sglang:num_decode_prealloc_queue_reqs,1.0,,The number of requests in the decode prealloc queue.,Evidence,aiperf_server_metrics_csv_aggregate,requests,0.0067,0.0,1.0,0.0,0.0,0.0
decode,694d9fdfb4d8ee18,dp_rank=3;tp_rank=3;pp_rank=0,data/raw/h200_gpu_resident_mtp/conc8/result/9017979109/conc_8/aiperf_artifacts/server_metrics_export.csv,1568,Metric=sglang:num_decode_prealloc_queue_reqs; Description=The number of requests in the decode prealloc queue.,sglang:num_decode_prealloc_queue_reqs,1.0,,The number of requests in the decode prealloc queue.,Evidence,aiperf_server_metrics_csv_aggregate,requests,0.0073,0.0,1.0,0.0,0.0,0.0
decode,694d9fdfb4d8ee18,dp_rank=4;tp_rank=4;pp_rank=0,data/raw/h200_gpu_resident_mtp/conc8/result/9017979109/conc_8/aiperf_artifacts/server_metrics_export.csv,1569,Metric=sglang:num_decode_prealloc_queue_reqs; Description=The number of requests in the decode prealloc queue.,sglang:num_decode_prealloc_queue_reqs,1.0,,The number of requests in the decode prealloc queue.,Evidence,aiperf_server_metrics_csv_aggregate,requests,0.0093,0.0,1.0,0.0,0.0,0.0
decode,694d9fdfb4d8ee18,dp_rank=5;tp_rank=5;pp_rank=0,data/raw/h200_gpu_resident_mtp/conc8/result/9017979109/conc_8/aiperf_artifacts/server_metrics_export.csv,1570,Metric=sglang:num_decode_prealloc_queue_reqs; Description=The number of requests in the decode prealloc queue.,sglang:num_decode_prealloc_queue_reqs,4.0,,The number of requests in the decode prealloc queue.,Evidence,aiperf_server_metrics_csv_aggregate,requests,0.2716,0.0,4.0,0.0,1.0,3.0
decode,694d9fdfb4d8ee18,dp_rank=6;tp_rank=6;pp_rank=0,data/raw/h200_gpu_resident_mtp/conc8/result/9017979109/conc_8/aiperf_artifacts/server_metrics_export.csv,1571,Metric=sglang:num_decode_prealloc_queue_reqs; Description=The number of requests in the decode prealloc queue.,sglang:num_decode_prealloc_queue_reqs,2.0,,The number of requests in the decode prealloc queue.,Evidence,aiperf_server_metrics_csv_aggregate,requests,0.0155,0.0,2.0,0.0,0.0,0.0
decode,694d9fdfb4d8ee18,dp_rank=7;tp_rank=7;pp_rank=0,data/raw/h200_gpu_resident_mtp/conc8/result/9017979109/conc_8/aiperf_artifacts/server_metrics_export.csv,1572,Metric=sglang:num_decode_prealloc_queue_reqs; Description=The number of requests in the decode prealloc queue.,sglang:num_decode_prealloc_queue_reqs,1.0,,The number of requests in the decode prealloc queue.,Evidence,aiperf_server_metrics_csv_aggregate,requests,0.0112,0.0,1.0,0.0,0.0,0.0
decode,694d9fdfb4d8ee1b,dp_rank=0;tp_rank=0;pp_rank=0,data/raw/h200_gpu_resident_mtp/conc8/result/9017979109/conc_8/aiperf_artifacts/server_metrics_export.csv,1573,Metric=sglang:num_decode_transfer_queue_reqs; Description=The number of requests in the decode transfer queue.,sglang:num_decode_transfer_queue_reqs,2.0,,The number of requests in the decode transfer queue.,Evidence,aiperf_server_metrics_csv_aggregate,requests,0.0073,0.0,2.0,0.0,0.0,0.0
decode,694d9fdfb4d8ee1b,dp_rank=1;tp_rank=1;pp_rank=0,data/raw/h200_gpu_resident_mtp/conc8/result/9017979109/conc_8/aiperf_artifacts/server_metrics_export.csv,1574,Metric=sglang:num_decode_transfer_queue_reqs; Description=The number of requests in the decode transfer queue.,sglang:num_decode_transfer_queue_reqs,0.0,,The number of requests in the decode transfer queue.,Evidence,aiperf_server_metrics_csv_aggregate,requests,0.0,0.0,0.0,0.0,0.0,0.0
decode,694d9fdfb4d8ee1b,dp_rank=2;tp_rank=2;pp_rank=0,data/raw/h200_gpu_resident_mtp/conc8/result/9017979109/conc_8/aiperf_artifacts/server_metrics_export.csv,1575,Metric=sglang:num_decode_transfer_queue_reqs; Description=The number of requests in the decode transfer queue.,sglang:num_decode_transfer_queue_reqs,1.0,,The number of requests in the decode transfer queue.,Evidence,aiperf_server_metrics_csv_aggregate,requests,0.0129,0.0,1.0,0.0,0.0,0.0
decode,694d9fdfb4d8ee1b,dp_rank=3;tp_rank=3;pp_rank=0,data/raw/h200_gpu_resident_mtp/conc8/result/9017979109/conc_8/aiperf_artifacts/server_metrics_export.csv,1576,Metric=sglang:num_decode_transfer_queue_reqs; Description=The number of requests in the decode transfer queue.,sglang:num_decode_transfer_queue_reqs,1.0,,The number of requests in the decode transfer queue.,Evidence,aiperf_server_metrics_csv_aggregate,requests,0.011,0.0,1.0,0.0,0.0,0.0
decode,694d9fdfb4d8ee1b,dp_rank=4;tp_rank=4;pp_rank=0,data/raw/h200_gpu_resident_mtp/conc8/result/9017979109/conc_8/aiperf_artifacts/server_metrics_export.csv,1577,Metric=sglang:num_decode_transfer_queue_reqs; Description=The number of requests in the decode transfer queue.,sglang:num_decode_transfer_queue_reqs,1.0,,The number of requests in the decode transfer queue.,Evidence,aiperf_server_metrics_csv_aggregate,requests,0.005,0.0,1.0,0.0,0.0,0.0
decode,694d9fdfb4d8ee1b,dp_rank=5;tp_rank=5;pp_rank=0,data/raw/h200_gpu_resident_mtp/conc8/result/9017979109/conc_8/aiperf_artifacts/server_metrics_export.csv,1578,Metric=sglang:num_decode_transfer_queue_reqs; Description=The number of requests in the decode transfer queue.,sglang:num_decode_transfer_queue_reqs,2.0,,The number of requests in the decode transfer queue.,Evidence,aiperf_server_metrics_csv_aggregate,requests,0.0225,0.0,2.0,0.0,0.0,0.0
decode,694d9fdfb4d8ee1b,dp_rank=6;tp_rank=6;pp_rank=0,data/raw/h200_gpu_resident_mtp/conc8/result/9017979109/conc_8/aiperf_artifacts/server_metrics_export.csv,1579,Metric=sglang:num_decode_transfer_queue_reqs; Description=The number of requests in the decode transfer queue.,sglang:num_decode_transfer_queue_reqs,1.0,,The number of requests in the decode transfer queue.,Evidence,aiperf_server_metrics_csv_aggregate,requests,0.0134,0.0,1.0,0.0,0.0,0.0
decode,694d9fdfb4d8ee1b,dp_rank=7;tp_rank=7;pp_rank=0,data/raw/h200_gpu_resident_mtp/conc8/result/9017979109/conc_8/aiperf_artifacts/server_metrics_export.csv,1580,Metric=sglang:num_decode_transfer_queue_reqs; Description=The number of requests in the decode transfer queue.,sglang:num_decode_transfer_queue_reqs,1.0,,The number of requests in the decode transfer queue.,Evidence,aiperf_server_metrics_csv_aggregate,requests,0.0127,0.0,1.0,0.0,0.0,0.0
decode,694d9fdfb4d8ee18,dp_rank=0;tp_rank=0;pp_rank=0,data/raw/h200_gpu_resident_mtp/conc8/result/9017979109/conc_8/aiperf_artifacts/server_metrics_export.csv,1581,Metric=sglang:num_decode_transfer_queue_reqs; Description=The number of requests in the decode transfer queue.,sglang:num_decode_transfer_queue_reqs,1.0,,The number of requests in the decode transfer queue.,Evidence,aiperf_server_metrics_csv_aggregate,requests,0.0008,0.0,1.0,0.0,0.0,0.0
decode,694d9fdfb4d8ee18,dp_rank=1;tp_rank=1;pp_rank=0,data/raw/h200_gpu_resident_mtp/conc8/result/9017979109/conc_8/aiperf_artifacts/server_metrics_export.csv,1582,Metric=sglang:num_decode_transfer_queue_reqs; Description=The number of requests in the decode transfer queue.,sglang:num_decode_transfer_queue_reqs,1.0,,The number of requests in the decode transfer queue.,Evidence,aiperf_server_metrics_csv_aggregate,requests,0.01,0.0,1.0,0.0,0.0,0.0
decode,694d9fdfb4d8ee18,dp_rank=2;tp_rank=2;pp_rank=0,data/raw/h200_gpu_resident_mtp/conc8/result/9017979109/conc_8/aiperf_artifacts/server_metrics_export.csv,1583,Metric=sglang:num_decode_transfer_queue_reqs; Description=The number of requests in the decode transfer queue.,sglang:num_decode_transfer_queue_reqs,1.0,,The number of requests in the decode transfer queue.,Evidence,aiperf_server_metrics_csv_aggregate,requests,0.0098,0.0,1.0,0.0,0.0,0.0
decode,694d9fdfb4d8ee18,dp_rank=3;tp_rank=3;pp_rank=0,data/raw/h200_gpu_resident_mtp/conc8/result/9017979109/conc_8/aiperf_artifacts/server_metrics_export.csv,1584,Metric=sglang:num_decode_transfer_queue_reqs; Description=The number of requests in the decode transfer queue.,sglang:num_decode_transfer_queue_reqs,1.0,,The number of requests in the decode transfer queue.,Evidence,aiperf_server_metrics_csv_aggregate,requests,0.0053,0.0,1.0,0.0,0.0,0.0
decode,694d9fdfb4d8ee18,dp_rank=4;tp_rank=4;pp_rank=0,data/raw/h200_gpu_resident_mtp/conc8/result/9017979109/conc_8/aiperf_artifacts/server_metrics_export.csv,1585,Metric=sglang:num_decode_transfer_queue_reqs; Description=The number of requests in the decode transfer queue.,sglang:num_decode_transfer_queue_reqs,0.0,,The number of requests in the decode transfer queue.,Evidence,aiperf_server_metrics_csv_aggregate,requests,0.0,0.0,0.0,0.0,0.0,0.0
decode,694d9fdfb4d8ee18,dp_rank=5;tp_rank=5;pp_rank=0,data/raw/h200_gpu_resident_mtp/conc8/result/9017979109/conc_8/aiperf_artifacts/server_metrics_export.csv,1586,Metric=sglang:num_decode_transfer_queue_reqs; Description=The number of requests in the decode transfer queue.,sglang:num_decode_transfer_queue_reqs,1.0,,The number of requests in the decode transfer queue.,Evidence,aiperf_server_metrics_csv_aggregate,requests,0.0057,0.0,1.0,0.0,0.0,0.0
decode,694d9fdfb4d8ee18,dp_rank=6;tp_rank=6;pp_rank=0,data/raw/h200_gpu_resident_mtp/conc8/result/9017979109/conc_8/aiperf_artifacts/server_metrics_export.csv,1587,Metric=sglang:num_decode_transfer_queue_reqs; Description=The number of requests in the decode transfer queue.,sglang:num_decode_transfer_queue_reqs,2.0,,The number of requests in the decode transfer queue.,Evidence,aiperf_server_metrics_csv_aggregate,requests,0.0169,0.0,2.0,0.0,0.0,0.0
decode,694d9fdfb4d8ee18,dp_rank=7;tp_rank=7;pp_rank=0,data/raw/h200_gpu_resident_mtp/conc8/result/9017979109/conc_8/aiperf_artifacts/server_metrics_export.csv,1588,Metric=sglang:num_decode_transfer_queue_reqs; Description=The number of requests in the decode transfer queue.,sglang:num_decode_transfer_queue_reqs,1.0,,The number of requests in the decode transfer queue.,Evidence,aiperf_server_metrics_csv_aggregate,requests,0.0107,0.0,1.0,0.0,0.0,0.0
decode,694d9fdfb4d8ee1b,dp_rank=0;tp_rank=0;pp_rank=0,data/raw/h200_gpu_resident_mtp/conc8/result/9017979109/conc_8/aiperf_artifacts/server_metrics_export.csv,1621,Metric=sglang:num_prefill_bootstrap_queue_reqs; Description=The number of requests in the prefill bootstrap queue.,sglang:num_prefill_bootstrap_queue_reqs,0.0,,The number of requests in the prefill bootstrap queue.,Evidence,aiperf_server_metrics_csv_aggregate,requests,0.0,0.0,0.0,0.0,0.0,0.0
decode,694d9fdfb4d8ee1b,dp_rank=1;tp_rank=1;pp_rank=0,data/raw/h200_gpu_resident_mtp/conc8/result/9017979109/conc_8/aiperf_artifacts/server_metrics_export.csv,1622,Metric=sglang:num_prefill_bootstrap_queue_reqs; Description=The number of requests in the prefill bootstrap queue.,sglang:num_prefill_bootstrap_queue_reqs,0.0,,The number of requests in the prefill bootstrap queue.,Evidence,aiperf_server_metrics_csv_aggregate,requests,0.0,0.0,0.0,0.0,0.0,0.0
decode,694d9fdfb4d8ee1b,dp_rank=2;tp_rank=2;pp_rank=0,data/raw/h200_gpu_resident_mtp/conc8/result/9017979109/conc_8/aiperf_artifacts/server_metrics_export.csv,1623,Metric=sglang:num_prefill_bootstrap_queue_reqs; Description=The number of requests in the prefill bootstrap queue.,sglang:num_prefill_bootstrap_queue_reqs,0.0,,The number of requests in the prefill bootstrap queue.,Evidence,aiperf_server_metrics_csv_aggregate,requests,0.0,0.0,0.0,0.0,0.0,0.0
decode,694d9fdfb4d8ee1b,dp_rank=3;tp_rank=3;pp_rank=0,data/raw/h200_gpu_resident_mtp/conc8/result/9017979109/conc_8/aiperf_artifacts/server_metrics_export.csv,1624,Metric=sglang:num_prefill_bootstrap_queue_reqs; Description=The number of requests in the prefill bootstrap queue.,sglang:num_prefill_bootstrap_queue_reqs,0.0,,The number of requests in the prefill bootstrap queue.,Evidence,aiperf_server_metrics_csv_aggregate,requests,0.0,0.0,0.0,0.0,0.0,0.0
decode,694d9fdfb4d8ee1b,dp_rank=4;tp_rank=4;pp_rank=0,data/raw/h200_gpu_resident_mtp/conc8/result/9017979109/conc_8/aiperf_artifacts/server_metrics_export.csv,1625,Metric=sglang:num_prefill_bootstrap_queue_reqs; Description=The number of requests in the prefill bootstrap queue.,sglang:num_prefill_bootstrap_queue_reqs,0.0,,The number of requests in the prefill bootstrap queue.,Evidence,aiperf_server_metrics_csv_aggregate,requests,0.0,0.0,0.0,0.0,0.0,0.0
decode,694d9fdfb4d8ee1b,dp_rank=5;tp_rank=5;pp_rank=0,data/raw/h200_gpu_resident_mtp/conc8/result/9017979109/conc_8/aiperf_artifacts/server_metrics_export.csv,1626,Metric=sglang:num_prefill_bootstrap_queue_reqs; Description=The number of requests in the prefill bootstrap queue.,sglang:num_prefill_bootstrap_queue_reqs,0.0,,The number of requests in the prefill bootstrap queue.,Evidence,aiperf_server_metrics_csv_aggregate,requests,0.0,0.0,0.0,0.0,0.0,0.0
decode,694d9fdfb4d8ee1b,dp_rank=6;tp_rank=6;pp_rank=0,data/raw/h200_gpu_resident_mtp/conc8/result/9017979109/conc_8/aiperf_artifacts/server_metrics_export.csv,1627,Metric=sglang:num_prefill_bootstrap_queue_reqs; Description=The number of requests in the prefill bootstrap queue.,sglang:num_prefill_bootstrap_queue_reqs,0.0,,The number of requests in the prefill bootstrap queue.,Evidence,aiperf_server_metrics_csv_aggregate,requests,0.0,0.0,0.0,0.0,0.0,0.0
decode,694d9fdfb4d8ee1b,dp_rank=7;tp_rank=7;pp_rank=0,data/raw/h200_gpu_resident_mtp/conc8/result/9017979109/conc_8/aiperf_artifacts/server_metrics_export.csv,1628,Metric=sglang:num_prefill_bootstrap_queue_reqs; Description=The number of requests in the prefill bootstrap queue.,sglang:num_prefill_bootstrap_queue_reqs,0.0,,The number of requests in the prefill bootstrap queue.,Evidence,aiperf_server_metrics_csv_aggregate,requests,0.0,0.0,0.0,0.0,0.0,0.0
decode,694d9fdfb4d8ee18,dp_rank=0;tp_rank=0;pp_rank=0,data/raw/h200_gpu_resident_mtp/conc8/result/9017979109/conc_8/aiperf_artifacts/server_metrics_export.csv,1629,Metric=sglang:num_prefill_bootstrap_queue_reqs; Description=The number of requests in the prefill bootstrap queue.,sglang:num_prefill_bootstrap_queue_reqs,0.0,,The number of requests in the prefill bootstrap queue.,Evidence,aiperf_server_metrics_csv_aggregate,requests,0.0,0.0,0.0,0.0,0.0,0.0
decode,694d9fdfb4d8ee18,dp_rank=1;tp_rank=1;pp_rank=0,data/raw/h200_gpu_resident_mtp/conc8/result/9017979109/conc_8/aiperf_artifacts/server_metrics_export.csv,1630,Metric=sglang:num_prefill_bootstrap_queue_reqs; Description=The number of requests in the prefill bootstrap queue.,sglang:num_prefill_bootstrap_queue_reqs,0.0,,The number of requests in the prefill bootstrap queue.,Evidence,aiperf_server_metrics_csv_aggregate,requests,0.0,0.0,0.0,0.0,0.0,0.0
decode,694d9fdfb4d8ee18,dp_rank=2;tp_rank=2;pp_rank=0,data/raw/h200_gpu_resident_mtp/conc8/result/9017979109/conc_8/aiperf_artifacts/server_metrics_export.csv,1631,Metric=sglang:num_prefill_bootstrap_queue_reqs; Description=The number of requests in the prefill bootstrap queue.,sglang:num_prefill_bootstrap_queue_reqs,0.0,,The number of requests in the prefill bootstrap queue.,Evidence,aiperf_server_metrics_csv_aggregate,requests,0.0,0.0,0.0,0.0,0.0,0.0
decode,694d9fdfb4d8ee18,dp_rank=3;tp_rank=3;pp_rank=0,data/raw/h200_gpu_resident_mtp/conc8/result/9017979109/conc_8/aiperf_artifacts/server_metrics_export.csv,1632,Metric=sglang:num_prefill_bootstrap_queue_reqs; Description=The number of requests in the prefill bootstrap queue.,sglang:num_prefill_bootstrap_queue_reqs,0.0,,The number of requests in the prefill bootstrap queue.,Evidence,aiperf_server_metrics_csv_aggregate,requests,0.0,0.0,0.0,0.0,0.0,0.0
decode,694d9fdfb4d8ee18,dp_rank=4;tp_rank=4;pp_rank=0,data/raw/h200_gpu_resident_mtp/conc8/result/9017979109/conc_8/aiperf_artifacts/server_metrics_export.csv,1633,Metric=sglang:num_prefill_bootstrap_queue_reqs; Description=The number of requests in the prefill bootstrap queue.,sglang:num_prefill_bootstrap_queue_reqs,0.0,,The number of requests in the prefill bootstrap queue.,Evidence,aiperf_server_metrics_csv_aggregate,requests,0.0,0.0,0.0,0.0,0.0,0.0
decode,694d9fdfb4d8ee18,dp_rank=5;tp_rank=5;pp_rank=0,data/raw/h200_gpu_resident_mtp/conc8/result/9017979109/conc_8/aiperf_artifacts/server_metrics_export.csv,1634,Metric=sglang:num_prefill_bootstrap_queue_reqs; Description=The number of requests in the prefill bootstrap queue.,sglang:num_prefill_bootstrap_queue_reqs,0.0,,The number of requests in the prefill bootstrap queue.,Evidence,aiperf_server_metrics_csv_aggregate,requests,0.0,0.0,0.0,0.0,0.0,0.0
decode,694d9fdfb4d8ee18,dp_rank=6;tp_rank=6;pp_rank=0,data/raw/h200_gpu_resident_mtp/conc8/result/9017979109/conc_8/aiperf_artifacts/server_metrics_export.csv,1635,Metric=sglang:num_prefill_bootstrap_queue_reqs; Description=The number of requests in the prefill bootstrap queue.,sglang:num_prefill_bootstrap_queue_reqs,0.0,,The number of requests in the prefill bootstrap queue.,Evidence,aiperf_server_metrics_csv_aggregate,requests,0.0,0.0,0.0,0.0,0.0,0.0
decode,694d9fdfb4d8ee18,dp_rank=7;tp_rank=7;pp_rank=0,data/raw/h200_gpu_resident_mtp/conc8/result/9017979109/conc_8/aiperf_artifacts/server_metrics_export.csv,1636,Metric=sglang:num_prefill_bootstrap_queue_reqs; Description=The number of requests in the prefill bootstrap queue.,sglang:num_prefill_bootstrap_queue_reqs,0.0,,The number of requests in the prefill bootstrap queue.,Evidence,aiperf_server_metrics_csv_aggregate,requests,0.0,0.0,0.0,0.0,0.0,0.0
decode,694d9fdfb4d8ee1b,dp_rank=0;tp_rank=0;pp_rank=0,data/raw/h200_gpu_resident_mtp/conc8/result/9017979109/conc_8/aiperf_artifacts/server_metrics_export.csv,1637,Metric=sglang:num_prefill_inflight_queue_reqs; Description=The number of requests in the prefill inflight queue.,sglang:num_prefill_inflight_queue_reqs,0.0,,The number of requests in the prefill inflight queue.,Evidence,aiperf_server_metrics_csv_aggregate,requests,0.0,0.0,0.0,0.0,0.0,0.0
decode,694d9fdfb4d8ee1b,dp_rank=1;tp_rank=1;pp_rank=0,data/raw/h200_gpu_resident_mtp/conc8/result/9017979109/conc_8/aiperf_artifacts/server_metrics_export.csv,1638,Metric=sglang:num_prefill_inflight_queue_reqs; Description=The number of requests in the prefill inflight queue.,sglang:num_prefill_inflight_queue_reqs,0.0,,The number of requests in the prefill inflight queue.,Evidence,aiperf_server_metrics_csv_aggregate,requests,0.0,0.0,0.0,0.0,0.0,0.0
decode,694d9fdfb4d8ee1b,dp_rank=2;tp_rank=2;pp_rank=0,data/raw/h200_gpu_resident_mtp/conc8/result/9017979109/conc_8/aiperf_artifacts/server_metrics_export.csv,1639,Metric=sglang:num_prefill_inflight_queue_reqs; Description=The number of requests in the prefill inflight queue.,sglang:num_prefill_inflight_queue_reqs,0.0,,The number of requests in the prefill inflight queue.,Evidence,aiperf_server_metrics_csv_aggregate,requests,0.0,0.0,0.0,0.0,0.0,0.0
decode,694d9fdfb4d8ee1b,dp_rank=3;tp_rank=3;pp_rank=0,data/raw/h200_gpu_resident_mtp/conc8/result/9017979109/conc_8/aiperf_artifacts/server_metrics_export.csv,1640,Metric=sglang:num_prefill_inflight_queue_reqs; Description=The number of requests in the prefill inflight queue.,sglang:num_prefill_inflight_queue_reqs,0.0,,The number of requests in the prefill inflight queue.,Evidence,aiperf_server_metrics_csv_aggregate,requests,0.0,0.0,0.0,0.0,0.0,0.0
decode,694d9fdfb4d8ee1b,dp_rank=4;tp_rank=4;pp_rank=0,data/raw/h200_gpu_resident_mtp/conc8/result/9017979109/conc_8/aiperf_artifacts/server_metrics_export.csv,1641,Metric=sglang:num_prefill_inflight_queue_reqs; Description=The number of requests in the prefill inflight queue.,sglang:num_prefill_inflight_queue_reqs,0.0,,The number of requests in the prefill inflight queue.,Evidence,aiperf_server_metrics_csv_aggregate,requests,0.0,0.0,0.0,0.0,0.0,0.0
decode,694d9fdfb4d8ee1b,dp_rank=5;tp_rank=5;pp_rank=0,data/raw/h200_gpu_resident_mtp/conc8/result/9017979109/conc_8/aiperf_artifacts/server_metrics_export.csv,1642,Metric=sglang:num_prefill_inflight_queue_reqs; Description=The number of requests in the prefill inflight queue.,sglang:num_prefill_inflight_queue_reqs,0.0,,The number of requests in the prefill inflight queue.,Evidence,aiperf_server_metrics_csv_aggregate,requests,0.0,0.0,0.0,0.0,0.0,0.0
decode,694d9fdfb4d8ee1b,dp_rank=6;tp_rank=6;pp_rank=0,data/raw/h200_gpu_resident_mtp/conc8/result/9017979109/conc_8/aiperf_artifacts/server_metrics_export.csv,1643,Metric=sglang:num_prefill_inflight_queue_reqs; Description=The number of requests in the prefill inflight queue.,sglang:num_prefill_inflight_queue_reqs,0.0,,The number of requests in the prefill inflight queue.,Evidence,aiperf_server_metrics_csv_aggregate,requests,0.0,0.0,0.0,0.0,0.0,0.0
decode,694d9fdfb4d8ee1b,dp_rank=7;tp_rank=7;pp_rank=0,data/raw/h200_gpu_resident_mtp/conc8/result/9017979109/conc_8/aiperf_artifacts/server_metrics_export.csv,1644,Metric=sglang:num_prefill_inflight_queue_reqs; Description=The number of requests in the prefill inflight queue.,sglang:num_prefill_inflight_queue_reqs,0.0,,The number of requests in the prefill inflight queue.,Evidence,aiperf_server_metrics_csv_aggregate,requests,0.0,0.0,0.0,0.0,0.0,0.0
decode,694d9fdfb4d8ee18,dp_rank=0;tp_rank=0;pp_rank=0,data/raw/h200_gpu_resident_mtp/conc8/result/9017979109/conc_8/aiperf_artifacts/server_metrics_export.csv,1645,Metric=sglang:num_prefill_inflight_queue_reqs; Description=The number of requests in the prefill inflight queue.,sglang:num_prefill_inflight_queue_reqs,0.0,,The number of requests in the prefill inflight queue.,Evidence,aiperf_server_metrics_csv_aggregate,requests,0.0,0.0,0.0,0.0,0.0,0.0
decode,694d9fdfb4d8ee18,dp_rank=1;tp_rank=1;pp_rank=0,data/raw/h200_gpu_resident_mtp/conc8/result/9017979109/conc_8/aiperf_artifacts/server_metrics_export.csv,1646,Metric=sglang:num_prefill_inflight_queue_reqs; Description=The number of requests in the prefill inflight queue.,sglang:num_prefill_inflight_queue_reqs,0.0,,The number of requests in the prefill inflight queue.,Evidence,aiperf_server_metrics_csv_aggregate,requests,0.0,0.0,0.0,0.0,0.0,0.0
decode,694d9fdfb4d8ee18,dp_rank=2;tp_rank=2;pp_rank=0,data/raw/h200_gpu_resident_mtp/conc8/result/9017979109/conc_8/aiperf_artifacts/server_metrics_export.csv,1647,Metric=sglang:num_prefill_inflight_queue_reqs; Description=The number of requests in the prefill inflight queue.,sglang:num_prefill_inflight_queue_reqs,0.0,,The number of requests in the prefill inflight queue.,Evidence,aiperf_server_metrics_csv_aggregate,requests,0.0,0.0,0.0,0.0,0.0,0.0
decode,694d9fdfb4d8ee18,dp_rank=3;tp_rank=3;pp_rank=0,data/raw/h200_gpu_resident_mtp/conc8/result/9017979109/conc_8/aiperf_artifacts/server_metrics_export.csv,1648,Metric=sglang:num_prefill_inflight_queue_reqs; Description=The number of requests in the prefill inflight queue.,sglang:num_prefill_inflight_queue_reqs,0.0,,The number of requests in the prefill inflight queue.,Evidence,aiperf_server_metrics_csv_aggregate,requests,0.0,0.0,0.0,0.0,0.0,0.0
decode,694d9fdfb4d8ee18,dp_rank=4;tp_rank=4;pp_rank=0,data/raw/h200_gpu_resident_mtp/conc8/result/9017979109/conc_8/aiperf_artifacts/server_metrics_export.csv,1649,Metric=sglang:num_prefill_inflight_queue_reqs; Description=The number of requests in the prefill inflight queue.,sglang:num_prefill_inflight_queue_reqs,0.0,,The number of requests in the prefill inflight queue.,Evidence,aiperf_server_metrics_csv_aggregate,requests,0.0,0.0,0.0,0.0,0.0,0.0
decode,694d9fdfb4d8ee18,dp_rank=5;tp_rank=5;pp_rank=0,data/raw/h200_gpu_resident_mtp/conc8/result/9017979109/conc_8/aiperf_artifacts/server_metrics_export.csv,1650,Metric=sglang:num_prefill_inflight_queue_reqs; Description=The number of requests in the prefill inflight queue.,sglang:num_prefill_inflight_queue_reqs,0.0,,The number of requests in the prefill inflight queue.,Evidence,aiperf_server_metrics_csv_aggregate,requests,0.0,0.0,0.0,0.0,0.0,0.0
decode,694d9fdfb4d8ee18,dp_rank=6;tp_rank=6;pp_rank=0,data/raw/h200_gpu_resident_mtp/conc8/result/9017979109/conc_8/aiperf_artifacts/server_metrics_export.csv,1651,Metric=sglang:num_prefill_inflight_queue_reqs; Description=The number of requests in the prefill inflight queue.,sglang:num_prefill_inflight_queue_reqs,0.0,,The number of requests in the prefill inflight queue.,Evidence,aiperf_server_metrics_csv_aggregate,requests,0.0,0.0,0.0,0.0,0.0,0.0
decode,694d9fdfb4d8ee18,dp_rank=7;tp_rank=7;pp_rank=0,data/raw/h200_gpu_resident_mtp/conc8/result/9017979109/conc_8/aiperf_artifacts/server_metrics_export.csv,1652,Metric=sglang:num_prefill_inflight_queue_reqs; Description=The number of requests in the prefill inflight queue.,sglang:num_prefill_inflight_queue_reqs,0.0,,The number of requests in the prefill inflight queue.,Evidence,aiperf_server_metrics_csv_aggregate,requests,0.0,0.0,0.0,0.0,0.0,0.0
decode,694d9fdfb4d8ee1b,dp_rank=0;tp_rank=0;pp_rank=0,data/raw/h200_gpu_resident_mtp/conc8/result/9017979109/conc_8/aiperf_artifacts/server_metrics_export.csv,1653,Metric=sglang:num_queue_reqs; Description=The number of requests in the waiting queue.,sglang:num_queue_reqs,0.0,,"explicit SGLang queue/waiting-request gauge; rank-export scope, not summed",Evidence,aiperf_server_metrics_csv_aggregate,requests,0.0,0.0,0.0,0.0,0.0,0.0
decode,694d9fdfb4d8ee1b,dp_rank=1;tp_rank=1;pp_rank=0,data/raw/h200_gpu_resident_mtp/conc8/result/9017979109/conc_8/aiperf_artifacts/server_metrics_export.csv,1654,Metric=sglang:num_queue_reqs; Description=The number of requests in the waiting queue.,sglang:num_queue_reqs,0.0,,"explicit SGLang queue/waiting-request gauge; rank-export scope, not summed",Evidence,aiperf_server_metrics_csv_aggregate,requests,0.0,0.0,0.0,0.0,0.0,0.0
decode,694d9fdfb4d8ee1b,dp_rank=2;tp_rank=2;pp_rank=0,data/raw/h200_gpu_resident_mtp/conc8/result/9017979109/conc_8/aiperf_artifacts/server_metrics_export.csv,1655,Metric=sglang:num_queue_reqs; Description=The number of requests in the waiting queue.,sglang:num_queue_reqs,0.0,,"explicit SGLang queue/waiting-request gauge; rank-export scope, not summed",Evidence,aiperf_server_metrics_csv_aggregate,requests,0.0,0.0,0.0,0.0,0.0,0.0
decode,694d9fdfb4d8ee1b,dp_rank=3;tp_rank=3;pp_rank=0,data/raw/h200_gpu_resident_mtp/conc8/result/9017979109/conc_8/aiperf_artifacts/server_metrics_export.csv,1656,Metric=sglang:num_queue_reqs; Description=The number of requests in the waiting queue.,sglang:num_queue_reqs,0.0,,"explicit SGLang queue/waiting-request gauge; rank-export scope, not summed",Evidence,aiperf_server_metrics_csv_aggregate,requests,0.0,0.0,0.0,0.0,0.0,0.0
decode,694d9fdfb4d8ee1b,dp_rank=4;tp_rank=4;pp_rank=0,data/raw/h200_gpu_resident_mtp/conc8/result/9017979109/conc_8/aiperf_artifacts/server_metrics_export.csv,1657,Metric=sglang:num_queue_reqs; Description=The number of requests in the waiting queue.,sglang:num_queue_reqs,0.0,,"explicit SGLang queue/waiting-request gauge; rank-export scope, not summed",Evidence,aiperf_server_metrics_csv_aggregate,requests,0.0,0.0,0.0,0.0,0.0,0.0
decode,694d9fdfb4d8ee1b,dp_rank=5;tp_rank=5;pp_rank=0,data/raw/h200_gpu_resident_mtp/conc8/result/9017979109/conc_8/aiperf_artifacts/server_metrics_export.csv,1658,Metric=sglang:num_queue_reqs; Description=The number of requests in the waiting queue.,sglang:num_queue_reqs,0.0,,"explicit SGLang queue/waiting-request gauge; rank-export scope, not summed",Evidence,aiperf_server_metrics_csv_aggregate,requests,0.0,0.0,0.0,0.0,0.0,0.0
decode,694d9fdfb4d8ee1b,dp_rank=6;tp_rank=6;pp_rank=0,data/raw/h200_gpu_resident_mtp/conc8/result/9017979109/conc_8/aiperf_artifacts/server_metrics_export.csv,1659,Metric=sglang:num_queue_reqs; Description=The number of requests in the waiting queue.,sglang:num_queue_reqs,0.0,,"explicit SGLang queue/waiting-request gauge; rank-export scope, not summed",Evidence,aiperf_server_metrics_csv_aggregate,requests,0.0,0.0,0.0,0.0,0.0,0.0
decode,694d9fdfb4d8ee1b,dp_rank=7;tp_rank=7;pp_rank=0,data/raw/h200_gpu_resident_mtp/conc8/result/9017979109/conc_8/aiperf_artifacts/server_metrics_export.csv,1660,Metric=sglang:num_queue_reqs; Description=The number of requests in the waiting queue.,sglang:num_queue_reqs,0.0,,"explicit SGLang queue/waiting-request gauge; rank-export scope, not summed",Evidence,aiperf_server_metrics_csv_aggregate,requests,0.0,0.0,0.0,0.0,0.0,0.0
decode,694d9fdfb4d8ee18,dp_rank=0;tp_rank=0;pp_rank=0,data/raw/h200_gpu_resident_mtp/conc8/result/9017979109/conc_8/aiperf_artifacts/server_metrics_export.csv,1661,Metric=sglang:num_queue_reqs; Description=The number of requests in the waiting queue.,sglang:num_queue_reqs,0.0,,"explicit SGLang queue/waiting-request gauge; rank-export scope, not summed",Evidence,aiperf_server_metrics_csv_aggregate,requests,0.0,0.0,0.0,0.0,0.0,0.0
decode,694d9fdfb4d8ee18,dp_rank=1;tp_rank=1;pp_rank=0,data/raw/h200_gpu_resident_mtp/conc8/result/9017979109/conc_8/aiperf_artifacts/server_metrics_export.csv,1662,Metric=sglang:num_queue_reqs; Description=The number of requests in the waiting queue.,sglang:num_queue_reqs,0.0,,"explicit SGLang queue/waiting-request gauge; rank-export scope, not summed",Evidence,aiperf_server_metrics_csv_aggregate,requests,0.0,0.0,0.0,0.0,0.0,0.0
decode,694d9fdfb4d8ee18,dp_rank=2;tp_rank=2;pp_rank=0,data/raw/h200_gpu_resident_mtp/conc8/result/9017979109/conc_8/aiperf_artifacts/server_metrics_export.csv,1663,Metric=sglang:num_queue_reqs; Description=The number of requests in the waiting queue.,sglang:num_queue_reqs,0.0,,"explicit SGLang queue/waiting-request gauge; rank-export scope, not summed",Evidence,aiperf_server_metrics_csv_aggregate,requests,0.0,0.0,0.0,0.0,0.0,0.0
decode,694d9fdfb4d8ee18,dp_rank=3;tp_rank=3;pp_rank=0,data/raw/h200_gpu_resident_mtp/conc8/result/9017979109/conc_8/aiperf_artifacts/server_metrics_export.csv,1664,Metric=sglang:num_queue_reqs; Description=The number of requests in the waiting queue.,sglang:num_queue_reqs,0.0,,"explicit SGLang queue/waiting-request gauge; rank-export scope, not summed",Evidence,aiperf_server_metrics_csv_aggregate,requests,0.0,0.0,0.0,0.0,0.0,0.0
decode,694d9fdfb4d8ee18,dp_rank=4;tp_rank=4;pp_rank=0,data/raw/h200_gpu_resident_mtp/conc8/result/9017979109/conc_8/aiperf_artifacts/server_metrics_export.csv,1665,Metric=sglang:num_queue_reqs; Description=The number of requests in the waiting queue.,sglang:num_queue_reqs,0.0,,"explicit SGLang queue/waiting-request gauge; rank-export scope, not summed",Evidence,aiperf_server_metrics_csv_aggregate,requests,0.0,0.0,0.0,0.0,0.0,0.0
decode,694d9fdfb4d8ee18,dp_rank=5;tp_rank=5;pp_rank=0,data/raw/h200_gpu_resident_mtp/conc8/result/9017979109/conc_8/aiperf_artifacts/server_metrics_export.csv,1666,Metric=sglang:num_queue_reqs; Description=The number of requests in the waiting queue.,sglang:num_queue_reqs,0.0,,"explicit SGLang queue/waiting-request gauge; rank-export scope, not summed",Evidence,aiperf_server_metrics_csv_aggregate,requests,0.0,0.0,0.0,0.0,0.0,0.0
decode,694d9fdfb4d8ee18,dp_rank=6;tp_rank=6;pp_rank=0,data/raw/h200_gpu_resident_mtp/conc8/result/9017979109/conc_8/aiperf_artifacts/server_metrics_export.csv,1667,Metric=sglang:num_queue_reqs; Description=The number of requests in the waiting queue.,sglang:num_queue_reqs,0.0,,"explicit SGLang queue/waiting-request gauge; rank-export scope, not summed",Evidence,aiperf_server_metrics_csv_aggregate,requests,0.0,0.0,0.0,0.0,0.0,0.0
decode,694d9fdfb4d8ee18,dp_rank=7;tp_rank=7;pp_rank=0,data/raw/h200_gpu_resident_mtp/conc8/result/9017979109/conc_8/aiperf_artifacts/server_metrics_export.csv,1668,Metric=sglang:num_queue_reqs; Description=The number of requests in the waiting queue.,sglang:num_queue_reqs,0.0,,"explicit SGLang queue/waiting-request gauge; rank-export scope, not summed",Evidence,aiperf_server_metrics_csv_aggregate,requests,0.0,0.0,0.0,0.0,0.0,0.0
decode,694d9fdfb4d8ee1b,dp_rank=0;tp_rank=0;pp_rank=0,data/raw/h200_gpu_resident_mtp/conc8/result/9017979109/conc_8/aiperf_artifacts/server_metrics_export.csv,1669,Metric=sglang:num_running_reqs; Description=The number of running requests.,sglang:num_running_reqs,2.0,,"explicit SGLang running-request gauge; rank-export scope, not summed",Evidence,aiperf_server_metrics_csv_aggregate,requests,0.2881,0.0,2.0,0.0,1.0,1.0
decode,694d9fdfb4d8ee1b,dp_rank=1;tp_rank=1;pp_rank=0,data/raw/h200_gpu_resident_mtp/conc8/result/9017979109/conc_8/aiperf_artifacts/server_metrics_export.csv,1670,Metric=sglang:num_running_reqs; Description=The number of running requests.,sglang:num_running_reqs,1.0,,"explicit SGLang running-request gauge; rank-export scope, not summed",Evidence,aiperf_server_metrics_csv_aggregate,requests,0.2998,0.0,1.0,0.0,1.0,1.0
decode,694d9fdfb4d8ee1b,dp_rank=2;tp_rank=2;pp_rank=0,data/raw/h200_gpu_resident_mtp/conc8/result/9017979109/conc_8/aiperf_artifacts/server_metrics_export.csv,1671,Metric=sglang:num_running_reqs; Description=The number of running requests.,sglang:num_running_reqs,2.0,,"explicit SGLang running-request gauge; rank-export scope, not summed",Evidence,aiperf_server_metrics_csv_aggregate,requests,0.2591,0.0,2.0,0.0,1.0,1.0
decode,694d9fdfb4d8ee1b,dp_rank=3;tp_rank=3;pp_rank=0,data/raw/h200_gpu_resident_mtp/conc8/result/9017979109/conc_8/aiperf_artifacts/server_metrics_export.csv,1672,Metric=sglang:num_running_reqs; Description=The number of running requests.,sglang:num_running_reqs,2.0,,"explicit SGLang running-request gauge; rank-export scope, not summed",Evidence,aiperf_server_metrics_csv_aggregate,requests,0.2936,0.0,2.0,0.0,1.0,1.0
decode,694d9fdfb4d8ee1b,dp_rank=4;tp_rank=4;pp_rank=0,data/raw/h200_gpu_resident_mtp/conc8/result/9017979109/conc_8/aiperf_artifacts/server_metrics_export.csv,1673,Metric=sglang:num_running_reqs; Description=The number of running requests.,sglang:num_running_reqs,2.0,,"explicit SGLang running-request gauge; rank-export scope, not summed",Evidence,aiperf_server_metrics_csv_aggregate,requests,0.3011,0.0,2.0,0.0,1.0,1.0
decode,694d9fdfb4d8ee1b,dp_rank=5;tp_rank=5;pp_rank=0,data/raw/h200_gpu_resident_mtp/conc8/result/9017979109/conc_8/aiperf_artifacts/server_metrics_export.csv,1674,Metric=sglang:num_running_reqs; Description=The number of running requests.,sglang:num_running_reqs,2.0,,"explicit SGLang running-request gauge; rank-export scope, not summed",Evidence,aiperf_server_metrics_csv_aggregate,requests,0.2474,0.0,2.0,0.0,1.0,1.0
decode,694d9fdfb4d8ee1b,dp_rank=6;tp_rank=6;pp_rank=0,data/raw/h200_gpu_resident_mtp/conc8/result/9017979109/conc_8/aiperf_artifacts/server_metrics_export.csv,1675,Metric=sglang:num_running_reqs; Description=The number of running requests.,sglang:num_running_reqs,2.0,,"explicit SGLang running-request gauge; rank-export scope, not summed",Evidence,aiperf_server_metrics_csv_aggregate,requests,0.2938,0.0,2.0,0.0,1.0,1.0
decode,694d9fdfb4d8ee1b,dp_rank=7;tp_rank=7;pp_rank=0,data/raw/h200_gpu_resident_mtp/conc8/result/9017979109/conc_8/aiperf_artifacts/server_metrics_export.csv,1676,Metric=sglang:num_running_reqs; Description=The number of running requests.,sglang:num_running_reqs,1.0,,"explicit SGLang running-request gauge; rank-export scope, not summed",Evidence,aiperf_server_metrics_csv_aggregate,requests,0.2756,0.0,1.0,0.0,1.0,1.0
decode,694d9fdfb4d8ee18,dp_rank=0;tp_rank=0;pp_rank=0,data/raw/h200_gpu_resident_mtp/conc8/result/9017979109/conc_8/aiperf_artifacts/server_metrics_export.csv,1677,Metric=sglang:num_running_reqs; Description=The number of running requests.,sglang:num_running_reqs,2.0,,"explicit SGLang running-request gauge; rank-export scope, not summed",Evidence,aiperf_server_metrics_csv_aggregate,requests,0.3502,0.0,2.0,0.0,1.0,1.0
decode,694d9fdfb4d8ee18,dp_rank=1;tp_rank=1;pp_rank=0,data/raw/h200_gpu_resident_mtp/conc8/result/9017979109/conc_8/aiperf_artifacts/server_metrics_export.csv,1678,Metric=sglang:num_running_reqs; Description=The number of running requests.,sglang:num_running_reqs,2.0,,"explicit SGLang running-request gauge; rank-export scope, not summed",Evidence,aiperf_server_metrics_csv_aggregate,requests,0.4246,0.0,2.0,0.0,1.0,1.0
decode,694d9fdfb4d8ee18,dp_rank=2;tp_rank=2;pp_rank=0,data/raw/h200_gpu_resident_mtp/conc8/result/9017979109/conc_8/aiperf_artifacts/server_metrics_export.csv,1679,Metric=sglang:num_running_reqs; Description=The number of running requests.,sglang:num_running_reqs,2.0,,"explicit SGLang running-request gauge; rank-export scope, not summed",Evidence,aiperf_server_metrics_csv_aggregate,requests,0.319,0.0,2.0,0.0,1.0,1.0
decode,694d9fdfb4d8ee18,dp_rank=3;tp_rank=3;pp_rank=0,data/raw/h200_gpu_resident_mtp/conc8/result/9017979109/conc_8/aiperf_artifacts/server_metrics_export.csv,1680,Metric=sglang:num_running_reqs; Description=The number of running requests.,sglang:num_running_reqs,2.0,,"explicit SGLang running-request gauge; rank-export scope, not summed",Evidence,aiperf_server_metrics_csv_aggregate,requests,0.3672,0.0,2.0,0.0,1.0,1.0
decode,694d9fdfb4d8ee18,dp_rank=4;tp_rank=4;pp_rank=0,data/raw/h200_gpu_resident_mtp/conc8/result/9017979109/conc_8/aiperf_artifacts/server_metrics_export.csv,1681,Metric=sglang:num_running_reqs; Description=The number of running requests.,sglang:num_running_reqs,2.0,,"explicit SGLang running-request gauge; rank-export scope, not summed",Evidence,aiperf_server_metrics_csv_aggregate,requests,0.3347,0.0,2.0,0.0,1.0,1.0
decode,694d9fdfb4d8ee18,dp_rank=5;tp_rank=5;pp_rank=0,data/raw/h200_gpu_resident_mtp/conc8/result/9017979109/conc_8/aiperf_artifacts/server_metrics_export.csv,1682,Metric=sglang:num_running_reqs; Description=The number of running requests.,sglang:num_running_reqs,2.0,,"explicit SGLang running-request gauge; rank-export scope, not summed",Evidence,aiperf_server_metrics_csv_aggregate,requests,0.3417,0.0,2.0,0.0,1.0,1.0
decode,694d9fdfb4d8ee18,dp_rank=6;tp_rank=6;pp_rank=0,data/raw/h200_gpu_resident_mtp/conc8/result/9017979109/conc_8/aiperf_artifacts/server_metrics_export.csv,1683,Metric=sglang:num_running_reqs; Description=The number of running requests.,sglang:num_running_reqs,2.0,,"explicit SGLang running-request gauge; rank-export scope, not summed",Evidence,aiperf_server_metrics_csv_aggregate,requests,0.3066,0.0,2.0,0.0,1.0,1.0
decode,694d9fdfb4d8ee18,dp_rank=7;tp_rank=7;pp_rank=0,data/raw/h200_gpu_resident_mtp/conc8/result/9017979109/conc_8/aiperf_artifacts/server_metrics_export.csv,1684,Metric=sglang:num_running_reqs; Description=The number of running requests.,sglang:num_running_reqs,2.0,,"explicit SGLang running-request gauge; rank-export scope, not summed",Evidence,aiperf_server_metrics_csv_aggregate,requests,0.4151,0.0,2.0,0.0,1.0,1.0
decode,694d9fdfb4d8ee1b,dp_rank=0;tp_rank=0;pp_rank=0,data/raw/h200_gpu_resident_mtp/conc8/result/9017979109/conc_8/aiperf_artifacts/server_metrics_export.csv,1685,Metric=sglang:num_unique_running_routing_keys; Description=Number of unique routing keys in running batch.,sglang:num_unique_running_routing_keys,0.0,,Number of unique routing keys in running batch.,Evidence,aiperf_server_metrics_csv_aggregate,,0.0,0.0,0.0,0.0,0.0,0.0
decode,694d9fdfb4d8ee1b,dp_rank=1;tp_rank=1;pp_rank=0,data/raw/h200_gpu_resident_mtp/conc8/result/9017979109/conc_8/aiperf_artifacts/server_metrics_export.csv,1686,Metric=sglang:num_unique_running_routing_keys; Description=Number of unique routing keys in running batch.,sglang:num_unique_running_routing_keys,0.0,,Number of unique routing keys in running batch.,Evidence,aiperf_server_metrics_csv_aggregate,,0.0,0.0,0.0,0.0,0.0,0.0
decode,694d9fdfb4d8ee1b,dp_rank=2;tp_rank=2;pp_rank=0,data/raw/h200_gpu_resident_mtp/conc8/result/9017979109/conc_8/aiperf_artifacts/server_metrics_export.csv,1687,Metric=sglang:num_unique_running_routing_keys; Description=Number of unique routing keys in running batch.,sglang:num_unique_running_routing_keys,0.0,,Number of unique routing keys in running batch.,Evidence,aiperf_server_metrics_csv_aggregate,,0.0,0.0,0.0,0.0,0.0,0.0
decode,694d9fdfb4d8ee1b,dp_rank=3;tp_rank=3;pp_rank=0,data/raw/h200_gpu_resident_mtp/conc8/result/9017979109/conc_8/aiperf_artifacts/server_metrics_export.csv,1688,Metric=sglang:num_unique_running_routing_keys; Description=Number of unique routing keys in running batch.,sglang:num_unique_running_routing_keys,0.0,,Number of unique routing keys in running batch.,Evidence,aiperf_server_metrics_csv_aggregate,,0.0,0.0,0.0,0.0,0.0,0.0
decode,694d9fdfb4d8ee1b,dp_rank=4;tp_rank=4;pp_rank=0,data/raw/h200_gpu_resident_mtp/conc8/result/9017979109/conc_8/aiperf_artifacts/server_metrics_export.csv,1689,Metric=sglang:num_unique_running_routing_keys; Description=Number of unique routing keys in running batch.,sglang:num_unique_running_routing_keys,0.0,,Number of unique routing keys in running batch.,Evidence,aiperf_server_metrics_csv_aggregate,,0.0,0.0,0.0,0.0,0.0,0.0
decode,694d9fdfb4d8ee1b,dp_rank=5;tp_rank=5;pp_rank=0,data/raw/h200_gpu_resident_mtp/conc8/result/9017979109/conc_8/aiperf_artifacts/server_metrics_export.csv,1690,Metric=sglang:num_unique_running_routing_keys; Description=Number of unique routing keys in running batch.,sglang:num_unique_running_routing_keys,0.0,,Number of unique routing keys in running batch.,Evidence,aiperf_server_metrics_csv_aggregate,,0.0,0.0,0.0,0.0,0.0,0.0
decode,694d9fdfb4d8ee1b,dp_rank=6;tp_rank=6;pp_rank=0,data/raw/h200_gpu_resident_mtp/conc8/result/9017979109/conc_8/aiperf_artifacts/server_metrics_export.csv,1691,Metric=sglang:num_unique_running_routing_keys; Description=Number of unique routing keys in running batch.,sglang:num_unique_running_routing_keys,0.0,,Number of unique routing keys in running batch.,Evidence,aiperf_server_metrics_csv_aggregate,,0.0,0.0,0.0,0.0,0.0,0.0
decode,694d9fdfb4d8ee1b,dp_rank=7;tp_rank=7;pp_rank=0,data/raw/h200_gpu_resident_mtp/conc8/result/9017979109/conc_8/aiperf_artifacts/server_metrics_export.csv,1692,Metric=sglang:num_unique_running_routing_keys; Description=Number of unique routing keys in running batch.,sglang:num_unique_running_routing_keys,0.0,,Number of unique routing keys in running batch.,Evidence,aiperf_server_metrics_csv_aggregate,,0.0,0.0,0.0,0.0,0.0,0.0
decode,694d9fdfb4d8ee18,dp_rank=0;tp_rank=0;pp_rank=0,data/raw/h200_gpu_resident_mtp/conc8/result/9017979109/conc_8/aiperf_artifacts/server_metrics_export.csv,1693,Metric=sglang:num_unique_running_routing_keys; Description=Number of unique routing keys in running batch.,sglang:num_unique_running_routing_keys,0.0,,Number of unique routing keys in running batch.,Evidence,aiperf_server_metrics_csv_aggregate,,0.0,0.0,0.0,0.0,0.0,0.0
decode,694d9fdfb4d8ee18,dp_rank=1;tp_rank=1;pp_rank=0,data/raw/h200_gpu_resident_mtp/conc8/result/9017979109/conc_8/aiperf_artifacts/server_metrics_export.csv,1694,Metric=sglang:num_unique_running_routing_keys; Description=Number of unique routing keys in running batch.,sglang:num_unique_running_routing_keys,0.0,,Number of unique routing keys in running batch.,Evidence,aiperf_server_metrics_csv_aggregate,,0.0,0.0,0.0,0.0,0.0,0.0
decode,694d9fdfb4d8ee18,dp_rank=2;tp_rank=2;pp_rank=0,data/raw/h200_gpu_resident_mtp/conc8/result/9017979109/conc_8/aiperf_artifacts/server_metrics_export.csv,1695,Metric=sglang:num_unique_running_routing_keys; Description=Number of unique routing keys in running batch.,sglang:num_unique_running_routing_keys,0.0,,Number of unique routing keys in running batch.,Evidence,aiperf_server_metrics_csv_aggregate,,0.0,0.0,0.0,0.0,0.0,0.0
decode,694d9fdfb4d8ee18,dp_rank=3;tp_rank=3;pp_rank=0,data/raw/h200_gpu_resident_mtp/conc8/result/9017979109/conc_8/aiperf_artifacts/server_metrics_export.csv,1696,Metric=sglang:num_unique_running_routing_keys; Description=Number of unique routing keys in running batch.,sglang:num_unique_running_routing_keys,0.0,,Number of unique routing keys in running batch.,Evidence,aiperf_server_metrics_csv_aggregate,,0.0,0.0,0.0,0.0,0.0,0.0
decode,694d9fdfb4d8ee18,dp_rank=4;tp_rank=4;pp_rank=0,data/raw/h200_gpu_resident_mtp/conc8/result/9017979109/conc_8/aiperf_artifacts/server_metrics_export.csv,1697,Metric=sglang:num_unique_running_routing_keys; Description=Number of unique routing keys in running batch.,sglang:num_unique_running_routing_keys,0.0,,Number of unique routing keys in running batch.,Evidence,aiperf_server_metrics_csv_aggregate,,0.0,0.0,0.0,0.0,0.0,0.0
decode,694d9fdfb4d8ee18,dp_rank=5;tp_rank=5;pp_rank=0,data/raw/h200_gpu_resident_mtp/conc8/result/9017979109/conc_8/aiperf_artifacts/server_metrics_export.csv,1698,Metric=sglang:num_unique_running_routing_keys; Description=Number of unique routing keys in running batch.,sglang:num_unique_running_routing_keys,0.0,,Number of unique routing keys in running batch.,Evidence,aiperf_server_metrics_csv_aggregate,,0.0,0.0,0.0,0.0,0.0,0.0
decode,694d9fdfb4d8ee18,dp_rank=6;tp_rank=6;pp_rank=0,data/raw/h200_gpu_resident_mtp/conc8/result/9017979109/conc_8/aiperf_artifacts/server_metrics_export.csv,1699,Metric=sglang:num_unique_running_routing_keys; Description=Number of unique routing keys in running batch.,sglang:num_unique_running_routing_keys,0.0,,Number of unique routing keys in running batch.,Evidence,aiperf_server_metrics_csv_aggregate,,0.0,0.0,0.0,0.0,0.0,0.0
decode,694d9fdfb4d8ee18,dp_rank=7;tp_rank=7;pp_rank=0,data/raw/h200_gpu_resident_mtp/conc8/result/9017979109/conc_8/aiperf_artifacts/server_metrics_export.csv,1700,Metric=sglang:num_unique_running_routing_keys; Description=Number of unique routing keys in running batch.,sglang:num_unique_running_routing_keys,0.0,,Number of unique routing keys in running batch.,Evidence,aiperf_server_metrics_csv_aggregate,,0.0,0.0,0.0,0.0,0.0,0.0
decode,694d9fdfb4d8ee1b,dp_rank=0;tp_rank=0;pp_rank=0,data/raw/h200_gpu_resident_mtp/conc8/result/9017979109/conc_8/aiperf_artifacts/server_metrics_export.csv,1733,Metric=sglang:pending_prealloc_token_usage; Description=The token usage for pending preallocated tokens (not preallocated yet).,sglang:pending_prealloc_token_usage,0.0,,The token usage for pending preallocated tokens (not preallocated yet).,Evidence,aiperf_server_metrics_csv_aggregate,,0.0,0.0,0.0,0.0,0.0,0.0
decode,694d9fdfb4d8ee1b,dp_rank=1;tp_rank=1;pp_rank=0,data/raw/h200_gpu_resident_mtp/conc8/result/9017979109/conc_8/aiperf_artifacts/server_metrics_export.csv,1734,Metric=sglang:pending_prealloc_token_usage; Description=The token usage for pending preallocated tokens (not preallocated yet).,sglang:pending_prealloc_token_usage,0.0,,The token usage for pending preallocated tokens (not preallocated yet).,Evidence,aiperf_server_metrics_csv_aggregate,,0.0,0.0,0.0,0.0,0.0,0.0
decode,694d9fdfb4d8ee1b,dp_rank=2;tp_rank=2;pp_rank=0,data/raw/h200_gpu_resident_mtp/conc8/result/9017979109/conc_8/aiperf_artifacts/server_metrics_export.csv,1735,Metric=sglang:pending_prealloc_token_usage; Description=The token usage for pending preallocated tokens (not preallocated yet).,sglang:pending_prealloc_token_usage,0.0,,The token usage for pending preallocated tokens (not preallocated yet).,Evidence,aiperf_server_metrics_csv_aggregate,,0.0,0.0,0.0,0.0,0.0,0.0
decode,694d9fdfb4d8ee1b,dp_rank=3;tp_rank=3;pp_rank=0,data/raw/h200_gpu_resident_mtp/conc8/result/9017979109/conc_8/aiperf_artifacts/server_metrics_export.csv,1736,Metric=sglang:pending_prealloc_token_usage; Description=The token usage for pending preallocated tokens (not preallocated yet).,sglang:pending_prealloc_token_usage,0.0,,The token usage for pending preallocated tokens (not preallocated yet).,Evidence,aiperf_server_metrics_csv_aggregate,,0.0,0.0,0.0,0.0,0.0,0.0
decode,694d9fdfb4d8ee1b,dp_rank=4;tp_rank=4;pp_rank=0,data/raw/h200_gpu_resident_mtp/conc8/result/9017979109/conc_8/aiperf_artifacts/server_metrics_export.csv,1737,Metric=sglang:pending_prealloc_token_usage; Description=The token usage for pending preallocated tokens (not preallocated yet).,sglang:pending_prealloc_token_usage,0.0,,The token usage for pending preallocated tokens (not preallocated yet).,Evidence,aiperf_server_metrics_csv_aggregate,,0.0,0.0,0.0,0.0,0.0,0.0
decode,694d9fdfb4d8ee1b,dp_rank=5;tp_rank=5;pp_rank=0,data/raw/h200_gpu_resident_mtp/conc8/result/9017979109/conc_8/aiperf_artifacts/server_metrics_export.csv,1738,Metric=sglang:pending_prealloc_token_usage; Description=The token usage for pending preallocated tokens (not preallocated yet).,sglang:pending_prealloc_token_usage,0.0,,The token usage for pending preallocated tokens (not preallocated yet).,Evidence,aiperf_server_metrics_csv_aggregate,,0.0,0.0,0.0,0.0,0.0,0.0
decode,694d9fdfb4d8ee1b,dp_rank=6;tp_rank=6;pp_rank=0,data/raw/h200_gpu_resident_mtp/conc8/result/9017979109/conc_8/aiperf_artifacts/server_metrics_export.csv,1739,Metric=sglang:pending_prealloc_token_usage; Description=The token usage for pending preallocated tokens (not preallocated yet).,sglang:pending_prealloc_token_usage,0.0,,The token usage for pending preallocated tokens (not preallocated yet).,Evidence,aiperf_server_metrics_csv_aggregate,,0.0,0.0,0.0,0.0,0.0,0.0
decode,694d9fdfb4d8ee1b,dp_rank=7;tp_rank=7;pp_rank=0,data/raw/h200_gpu_resident_mtp/conc8/result/9017979109/conc_8/aiperf_artifacts/server_metrics_export.csv,1740,Metric=sglang:pending_prealloc_token_usage; Description=The token usage for pending preallocated tokens (not preallocated yet).,sglang:pending_prealloc_token_usage,0.0,,The token usage for pending preallocated tokens (not preallocated yet).,Evidence,aiperf_server_metrics_csv_aggregate,,0.0,0.0,0.0,0.0,0.0,0.0
decode,694d9fdfb4d8ee18,dp_rank=0;tp_rank=0;pp_rank=0,data/raw/h200_gpu_resident_mtp/conc8/result/9017979109/conc_8/aiperf_artifacts/server_metrics_export.csv,1741,Metric=sglang:pending_prealloc_token_usage; Description=The token usage for pending preallocated tokens (not preallocated yet).,sglang:pending_prealloc_token_usage,0.0,,The token usage for pending preallocated tokens (not preallocated yet).,Evidence,aiperf_server_metrics_csv_aggregate,,0.0,0.0,0.0,0.0,0.0,0.0
decode,694d9fdfb4d8ee18,dp_rank=1;tp_rank=1;pp_rank=0,data/raw/h200_gpu_resident_mtp/conc8/result/9017979109/conc_8/aiperf_artifacts/server_metrics_export.csv,1742,Metric=sglang:pending_prealloc_token_usage; Description=The token usage for pending preallocated tokens (not preallocated yet).,sglang:pending_prealloc_token_usage,0.0,,The token usage for pending preallocated tokens (not preallocated yet).,Evidence,aiperf_server_metrics_csv_aggregate,,0.0,0.0,0.0,0.0,0.0,0.0
decode,694d9fdfb4d8ee18,dp_rank=2;tp_rank=2;pp_rank=0,data/raw/h200_gpu_resident_mtp/conc8/result/9017979109/conc_8/aiperf_artifacts/server_metrics_export.csv,1743,Metric=sglang:pending_prealloc_token_usage; Description=The token usage for pending preallocated tokens (not preallocated yet).,sglang:pending_prealloc_token_usage,0.0,,The token usage for pending preallocated tokens (not preallocated yet).,Evidence,aiperf_server_metrics_csv_aggregate,,0.0,0.0,0.0,0.0,0.0,0.0
decode,694d9fdfb4d8ee18,dp_rank=3;tp_rank=3;pp_rank=0,data/raw/h200_gpu_resident_mtp/conc8/result/9017979109/conc_8/aiperf_artifacts/server_metrics_export.csv,1744,Metric=sglang:pending_prealloc_token_usage; Description=The token usage for pending preallocated tokens (not preallocated yet).,sglang:pending_prealloc_token_usage,0.0,,The token usage for pending preallocated tokens (not preallocated yet).,Evidence,aiperf_server_metrics_csv_aggregate,,0.0,0.0,0.0,0.0,0.0,0.0
decode,694d9fdfb4d8ee18,dp_rank=4;tp_rank=4;pp_rank=0,data/raw/h200_gpu_resident_mtp/conc8/result/9017979109/conc_8/aiperf_artifacts/server_metrics_export.csv,1745,Metric=sglang:pending_prealloc_token_usage; Description=The token usage for pending preallocated tokens (not preallocated yet).,sglang:pending_prealloc_token_usage,0.0,,The token usage for pending preallocated tokens (not preallocated yet).,Evidence,aiperf_server_metrics_csv_aggregate,,0.0,0.0,0.0,0.0,0.0,0.0
decode,694d9fdfb4d8ee18,dp_rank=5;tp_rank=5;pp_rank=0,data/raw/h200_gpu_resident_mtp/conc8/result/9017979109/conc_8/aiperf_artifacts/server_metrics_export.csv,1746,Metric=sglang:pending_prealloc_token_usage; Description=The token usage for pending preallocated tokens (not preallocated yet).,sglang:pending_prealloc_token_usage,0.0,,The token usage for pending preallocated tokens (not preallocated yet).,Evidence,aiperf_server_metrics_csv_aggregate,,0.0,0.0,0.0,0.0,0.0,0.0
decode,694d9fdfb4d8ee18,dp_rank=6;tp_rank=6;pp_rank=0,data/raw/h200_gpu_resident_mtp/conc8/result/9017979109/conc_8/aiperf_artifacts/server_metrics_export.csv,1747,Metric=sglang:pending_prealloc_token_usage; Description=The token usage for pending preallocated tokens (not preallocated yet).,sglang:pending_prealloc_token_usage,0.0,,The token usage for pending preallocated tokens (not preallocated yet).,Evidence,aiperf_server_metrics_csv_aggregate,,0.0,0.0,0.0,0.0,0.0,0.0
decode,694d9fdfb4d8ee18,dp_rank=7;tp_rank=7;pp_rank=0,data/raw/h200_gpu_resident_mtp/conc8/result/9017979109/conc_8/aiperf_artifacts/server_metrics_export.csv,1748,Metric=sglang:pending_prealloc_token_usage; Description=The token usage for pending preallocated tokens (not preallocated yet).,sglang:pending_prealloc_token_usage,0.0,,The token usage for pending preallocated tokens (not preallocated yet).,Evidence,aiperf_server_metrics_csv_aggregate,,0.0,0.0,0.0,0.0,0.0,0.0
decode,694d9fdfb4d8ee1b,dp_rank=0;tp_rank=0;pp_rank=0,data/raw/h200_gpu_resident_mtp/conc8/result/9017979109/conc_8/aiperf_artifacts/server_metrics_export.csv,1925,Metric=sglang:token_usage; Description=The token usage.,sglang:token_usage,0.99,,The token usage.,Evidence,aiperf_server_metrics_csv_aggregate,,0.1481,0.0,0.99,0.0,0.63,0.77
decode,694d9fdfb4d8ee1b,dp_rank=1;tp_rank=1;pp_rank=0,data/raw/h200_gpu_resident_mtp/conc8/result/9017979109/conc_8/aiperf_artifacts/server_metrics_export.csv,1926,Metric=sglang:token_usage; Description=The token usage.,sglang:token_usage,0.93,,The token usage.,Evidence,aiperf_server_metrics_csv_aggregate,,0.1277,0.0,0.93,0.0,0.55,0.6
decode,694d9fdfb4d8ee1b,dp_rank=2;tp_rank=2;pp_rank=0,data/raw/h200_gpu_resident_mtp/conc8/result/9017979109/conc_8/aiperf_artifacts/server_metrics_export.csv,1927,Metric=sglang:token_usage; Description=The token usage.,sglang:token_usage,0.91,,The token usage.,Evidence,aiperf_server_metrics_csv_aggregate,,0.1272,0.0,0.91,0.0,0.56,0.69
decode,694d9fdfb4d8ee1b,dp_rank=3;tp_rank=3;pp_rank=0,data/raw/h200_gpu_resident_mtp/conc8/result/9017979109/conc_8/aiperf_artifacts/server_metrics_export.csv,1928,Metric=sglang:token_usage; Description=The token usage.,sglang:token_usage,0.95,,The token usage.,Evidence,aiperf_server_metrics_csv_aggregate,,0.0973,0.0,0.95,0.0,0.45,0.61
decode,694d9fdfb4d8ee1b,dp_rank=4;tp_rank=4;pp_rank=0,data/raw/h200_gpu_resident_mtp/conc8/result/9017979109/conc_8/aiperf_artifacts/server_metrics_export.csv,1929,Metric=sglang:token_usage; Description=The token usage.,sglang:token_usage,0.94,,The token usage.,Evidence,aiperf_server_metrics_csv_aggregate,,0.1363,0.0,0.94,0.0,0.57,0.69
decode,694d9fdfb4d8ee1b,dp_rank=5;tp_rank=5;pp_rank=0,data/raw/h200_gpu_resident_mtp/conc8/result/9017979109/conc_8/aiperf_artifacts/server_metrics_export.csv,1930,Metric=sglang:token_usage; Description=The token usage.,sglang:token_usage,0.94,,The token usage.,Evidence,aiperf_server_metrics_csv_aggregate,,0.1159,0.0,0.94,0.0,0.49,0.74
decode,694d9fdfb4d8ee1b,dp_rank=6;tp_rank=6;pp_rank=0,data/raw/h200_gpu_resident_mtp/conc8/result/9017979109/conc_8/aiperf_artifacts/server_metrics_export.csv,1931,Metric=sglang:token_usage; Description=The token usage.,sglang:token_usage,0.96,,The token usage.,Evidence,aiperf_server_metrics_csv_aggregate,,0.1308,0.0,0.96,0.0,0.51,0.7
decode,694d9fdfb4d8ee1b,dp_rank=7;tp_rank=7;pp_rank=0,data/raw/h200_gpu_resident_mtp/conc8/result/9017979109/conc_8/aiperf_artifacts/server_metrics_export.csv,1932,Metric=sglang:token_usage; Description=The token usage.,sglang:token_usage,0.99,,The token usage.,Evidence,aiperf_server_metrics_csv_aggregate,,0.1226,0.0,0.99,0.0,0.54,0.61
decode,694d9fdfb4d8ee18,dp_rank=0;tp_rank=0;pp_rank=0,data/raw/h200_gpu_resident_mtp/conc8/result/9017979109/conc_8/aiperf_artifacts/server_metrics_export.csv,1933,Metric=sglang:token_usage; Description=The token usage.,sglang:token_usage,0.95,,The token usage.,Evidence,aiperf_server_metrics_csv_aggregate,,0.1856,0.0,0.95,0.0,0.58,0.95
decode,694d9fdfb4d8ee18,dp_rank=1;tp_rank=1;pp_rank=0,data/raw/h200_gpu_resident_mtp/conc8/result/9017979109/conc_8/aiperf_artifacts/server_metrics_export.csv,1934,Metric=sglang:token_usage; Description=The token usage.,sglang:token_usage,0.98,,The token usage.,Evidence,aiperf_server_metrics_csv_aggregate,,0.2028,0.0,0.98,0.0,0.72,0.91
decode,694d9fdfb4d8ee18,dp_rank=2;tp_rank=2;pp_rank=0,data/raw/h200_gpu_resident_mtp/conc8/result/9017979109/conc_8/aiperf_artifacts/server_metrics_export.csv,1935,Metric=sglang:token_usage; Description=The token usage.,sglang:token_usage,0.93,,The token usage.,Evidence,aiperf_server_metrics_csv_aggregate,,0.1419,0.0,0.93,0.0,0.52,0.8
decode,694d9fdfb4d8ee18,dp_rank=3;tp_rank=3;pp_rank=0,data/raw/h200_gpu_resident_mtp/conc8/result/9017979109/conc_8/aiperf_artifacts/server_metrics_export.csv,1936,Metric=sglang:token_usage; Description=The token usage.,sglang:token_usage,0.99,,The token usage.,Evidence,aiperf_server_metrics_csv_aggregate,,0.1372,0.0,0.99,0.0,0.53,0.68
decode,694d9fdfb4d8ee18,dp_rank=4;tp_rank=4;pp_rank=0,data/raw/h200_gpu_resident_mtp/conc8/result/9017979109/conc_8/aiperf_artifacts/server_metrics_export.csv,1937,Metric=sglang:token_usage; Description=The token usage.,sglang:token_usage,1.0,,The token usage.,Evidence,aiperf_server_metrics_csv_aggregate,,0.1106,0.0,1.0,0.0,0.49,0.5
decode,694d9fdfb4d8ee18,dp_rank=5;tp_rank=5;pp_rank=0,data/raw/h200_gpu_resident_mtp/conc8/result/9017979109/conc_8/aiperf_artifacts/server_metrics_export.csv,1938,Metric=sglang:token_usage; Description=The token usage.,sglang:token_usage,1.0,,The token usage.,Evidence,aiperf_server_metrics_csv_aggregate,,0.2054,0.0,1.0,0.0,0.75,0.9
decode,694d9fdfb4d8ee18,dp_rank=6;tp_rank=6;pp_rank=0,data/raw/h200_gpu_resident_mtp/conc8/result/9017979109/conc_8/aiperf_artifacts/server_metrics_export.csv,1939,Metric=sglang:token_usage; Description=The token usage.,sglang:token_usage,0.99,,The token usage.,Evidence,aiperf_server_metrics_csv_aggregate,,0.1483,0.0,0.99,0.0,0.56,0.71
decode,694d9fdfb4d8ee18,dp_rank=7;tp_rank=7;pp_rank=0,data/raw/h200_gpu_resident_mtp/conc8/result/9017979109/conc_8/aiperf_artifacts/server_metrics_export.csv,1940,Metric=sglang:token_usage; Description=The token usage.,sglang:token_usage,0.98,,The token usage.,Evidence,aiperf_server_metrics_csv_aggregate,,0.2266,0.0,0.98,0.0,0.76,0.87
csv_histogram_labels_unparsed,,,data/raw/h200_gpu_resident_mtp/conc8/result/9017979109/conc_8/aiperf_artifacts/server_metrics_export.csv,2687,Metric=dynamo_request_plane_queue_seconds; Description=None,dynamo_request_plane_queue_seconds,,,AIPerf histogram row with shifted compact-CSV label schema; use JSON export for component/rank and histogram estimates.,Evidence,aiperf_server_metrics_csv_aggregate,seconds,,,,,,
csv_histogram_labels_unparsed,,,data/raw/h200_gpu_resident_mtp/conc8/result/9017979109/conc_8/aiperf_artifacts/server_metrics_export.csv,2871,Metric=sglang:queue_time_seconds; Description=None,sglang:queue_time_seconds,,,AIPerf histogram row with shifted compact-CSV label schema; use JSON export for component/rank and histogram estimates.,Evidence,aiperf_server_metrics_csv_aggregate,seconds,,,,,,
csv_histogram_labels_unparsed,,,data/raw/h200_gpu_resident_mtp/conc8/result/9017979109/conc_8/aiperf_artifacts/server_metrics_export.csv,2872,Metric=sglang:queue_time_seconds; Description=None,sglang:queue_time_seconds,,,AIPerf histogram row with shifted compact-CSV label schema; use JSON export for component/rank and histogram estimates.,Evidence,aiperf_server_metrics_csv_aggregate,seconds,,,,,,
csv_histogram_labels_unparsed,,,data/raw/h200_gpu_resident_mtp/conc8/result/9017979109/conc_8/aiperf_artifacts/server_metrics_export.csv,2873,Metric=sglang:queue_time_seconds; Description=None,sglang:queue_time_seconds,,,AIPerf histogram row with shifted compact-CSV label schema; use JSON export for component/rank and histogram estimates.,Evidence,aiperf_server_metrics_csv_aggregate,seconds,,,,,,
csv_histogram_labels_unparsed,,,data/raw/h200_gpu_resident_mtp/conc8/result/9017979109/conc_8/aiperf_artifacts/server_metrics_export.csv,2874,Metric=sglang:queue_time_seconds; Description=None,sglang:queue_time_seconds,,,AIPerf histogram row with shifted compact-CSV label schema; use JSON export for component/rank and histogram estimates.,Evidence,aiperf_server_metrics_csv_aggregate,seconds,,,,,,
csv_histogram_labels_unparsed,,,data/raw/h200_gpu_resident_mtp/conc8/result/9017979109/conc_8/aiperf_artifacts/server_metrics_export.csv,2875,Metric=sglang:queue_time_seconds; Description=None,sglang:queue_time_seconds,,,AIPerf histogram row with shifted compact-CSV label schema; use JSON export for component/rank and histogram estimates.,Evidence,aiperf_server_metrics_csv_aggregate,seconds,,,,,,
csv_histogram_labels_unparsed,,,data/raw/h200_gpu_resident_mtp/conc8/result/9017979109/conc_8/aiperf_artifacts/server_metrics_export.csv,2876,Metric=sglang:queue_time_seconds; Description=None,sglang:queue_time_seconds,,,AIPerf histogram row with shifted compact-CSV label schema; use JSON export for component/rank and histogram estimates.,Evidence,aiperf_server_metrics_csv_aggregate,seconds,,,,,,
csv_histogram_labels_unparsed,,,data/raw/h200_gpu_resident_mtp/conc8/result/9017979109/conc_8/aiperf_artifacts/server_metrics_export.csv,2877,Metric=sglang:queue_time_seconds; Description=None,sglang:queue_time_seconds,,,AIPerf histogram row with shifted compact-CSV label schema; use JSON export for component/rank and histogram estimates.,Evidence,aiperf_server_metrics_csv_aggregate,seconds,,,,,,
csv_histogram_labels_unparsed,,,data/raw/h200_gpu_resident_mtp/conc8/result/9017979109/conc_8/aiperf_artifacts/server_metrics_export.csv,2878,Metric=sglang:queue_time_seconds; Description=None,sglang:queue_time_seconds,,,AIPerf histogram row with shifted compact-CSV label schema; use JSON export for component/rank and histogram estimates.,Evidence,aiperf_server_metrics_csv_aggregate,seconds,,,,,,
csv_histogram_labels_unparsed,,,data/raw/h200_gpu_resident_mtp/conc8/result/9017979109/conc_8/aiperf_artifacts/server_metrics_export.csv,2879,Metric=sglang:queue_time_seconds; Description=None,sglang:queue_time_seconds,,,AIPerf histogram row with shifted compact-CSV label schema; use JSON export for component/rank and histogram estimates.,Evidence,aiperf_server_metrics_csv_aggregate,seconds,,,,,,
csv_histogram_labels_unparsed,,,data/raw/h200_gpu_resident_mtp/conc8/result/9017979109/conc_8/aiperf_artifacts/server_metrics_export.csv,2880,Metric=sglang:queue_time_seconds; Description=None,sglang:queue_time_seconds,,,AIPerf histogram row with shifted compact-CSV label schema; use JSON export for component/rank and histogram estimates.,Evidence,aiperf_server_metrics_csv_aggregate,seconds,,,,,,
csv_histogram_labels_unparsed,,,data/raw/h200_gpu_resident_mtp/conc8/result/9017979109/conc_8/aiperf_artifacts/server_metrics_export.csv,2881,Metric=sglang:queue_time_seconds; Description=None,sglang:queue_time_seconds,,,AIPerf histogram row with shifted compact-CSV label schema; use JSON export for component/rank and histogram estimates.,Evidence,aiperf_server_metrics_csv_aggregate,seconds,,,,,,
csv_histogram_labels_unparsed,,,data/raw/h200_gpu_resident_mtp/conc8/result/9017979109/conc_8/aiperf_artifacts/server_metrics_export.csv,2882,Metric=sglang:queue_time_seconds; Description=None,sglang:queue_time_seconds,,,AIPerf histogram row with shifted compact-CSV label schema; use JSON export for component/rank and histogram estimates.,Evidence,aiperf_server_metrics_csv_aggregate,seconds,,,,,,
csv_histogram_labels_unparsed,,,data/raw/h200_gpu_resident_mtp/conc8/result/9017979109/conc_8/aiperf_artifacts/server_metrics_export.csv,2883,Metric=sglang:queue_time_seconds; Description=None,sglang:queue_time_seconds,,,AIPerf histogram row with shifted compact-CSV label schema; use JSON export for component/rank and histogram estimates.,Evidence,aiperf_server_metrics_csv_aggregate,seconds,,,,,,
csv_histogram_labels_unparsed,,,data/raw/h200_gpu_resident_mtp/conc8/result/9017979109/conc_8/aiperf_artifacts/server_metrics_export.csv,2884,Metric=sglang:queue_time_seconds; Description=None,sglang:queue_time_seconds,,,AIPerf histogram row with shifted compact-CSV label schema; use JSON export for component/rank and histogram estimates.,Evidence,aiperf_server_metrics_csv_aggregate,seconds,,,,,,
csv_histogram_labels_unparsed,,,data/raw/h200_gpu_resident_mtp/conc8/result/9017979109/conc_8/aiperf_artifacts/server_metrics_export.csv,2885,Metric=sglang:queue_time_seconds; Description=None,sglang:queue_time_seconds,,,AIPerf histogram row with shifted compact-CSV label schema; use JSON export for component/rank and histogram estimates.,Evidence,aiperf_server_metrics_csv_aggregate,seconds,,,,,,
csv_histogram_labels_unparsed,,,data/raw/h200_gpu_resident_mtp/conc8/result/9017979109/conc_8/aiperf_artifacts/server_metrics_export.csv,2886,Metric=sglang:queue_time_seconds; Description=None,sglang:queue_time_seconds,,,AIPerf histogram row with shifted compact-CSV label schema; use JSON export for component/rank and histogram estimates.,Evidence,aiperf_server_metrics_csv_aggregate,seconds,,,,,,
csv_histogram_labels_unparsed,,,data/raw/h200_gpu_resident_mtp/conc8/result/9017979109/conc_8/aiperf_artifacts/server_metrics_export.csv,2983,Metric=sglang:queue_time_seconds; Description=None,sglang:queue_time_seconds,,,AIPerf histogram row with shifted compact-CSV label schema; use JSON export for component/rank and histogram estimates.,Evidence,aiperf_server_metrics_csv_aggregate,seconds,,,,,,
csv_histogram_labels_unparsed,,,data/raw/h200_gpu_resident_mtp/conc8/result/9017979109/conc_8/aiperf_artifacts/server_metrics_export.csv,2984,Metric=sglang:queue_time_seconds; Description=None,sglang:queue_time_seconds,,,AIPerf histogram row with shifted compact-CSV label schema; use JSON export for component/rank and histogram estimates.,Evidence,aiperf_server_metrics_csv_aggregate,seconds,,,,,,
csv_histogram_labels_unparsed,,,data/raw/h200_gpu_resident_mtp/conc8/result/9017979109/conc_8/aiperf_artifacts/server_metrics_export.csv,2985,Metric=sglang:queue_time_seconds; Description=None,sglang:queue_time_seconds,,,AIPerf histogram row with shifted compact-CSV label schema; use JSON export for component/rank and histogram estimates.,Evidence,aiperf_server_metrics_csv_aggregate,seconds,,,,,,
csv_histogram_labels_unparsed,,,data/raw/h200_gpu_resident_mtp/conc8/result/9017979109/conc_8/aiperf_artifacts/server_metrics_export.csv,2986,Metric=sglang:queue_time_seconds; Description=None,sglang:queue_time_seconds,,,AIPerf histogram row with shifted compact-CSV label schema; use JSON export for component/rank and histogram estimates.,Evidence,aiperf_server_metrics_csv_aggregate,seconds,,,,,,
csv_histogram_labels_unparsed,,,data/raw/h200_gpu_resident_mtp/conc8/result/9017979109/conc_8/aiperf_artifacts/server_metrics_export.csv,2987,Metric=sglang:queue_time_seconds; Description=None,sglang:queue_time_seconds,,,AIPerf histogram row with shifted compact-CSV label schema; use JSON export for component/rank and histogram estimates.,Evidence,aiperf_server_metrics_csv_aggregate,seconds,,,,,,
csv_histogram_labels_unparsed,,,data/raw/h200_gpu_resident_mtp/conc8/result/9017979109/conc_8/aiperf_artifacts/server_metrics_export.csv,2988,Metric=sglang:queue_time_seconds; Description=None,sglang:queue_time_seconds,,,AIPerf histogram row with shifted compact-CSV label schema; use JSON export for component/rank and histogram estimates.,Evidence,aiperf_server_metrics_csv_aggregate,seconds,,,,,,
csv_histogram_labels_unparsed,,,data/raw/h200_gpu_resident_mtp/conc8/result/9017979109/conc_8/aiperf_artifacts/server_metrics_export.csv,2989,Metric=sglang:queue_time_seconds; Description=None,sglang:queue_time_seconds,,,AIPerf histogram row with shifted compact-CSV label schema; use JSON export for component/rank and histogram estimates.,Evidence,aiperf_server_metrics_csv_aggregate,seconds,,,,,,
csv_histogram_labels_unparsed,,,data/raw/h200_gpu_resident_mtp/conc8/result/9017979109/conc_8/aiperf_artifacts/server_metrics_export.csv,2990,Metric=sglang:queue_time_seconds; Description=None,sglang:queue_time_seconds,,,AIPerf histogram row with shifted compact-CSV label schema; use JSON export for component/rank and histogram estimates.,Evidence,aiperf_server_metrics_csv_aggregate,seconds,,,,,,
csv_histogram_labels_unparsed,,,data/raw/h200_gpu_resident_mtp/conc8/result/9017979109/conc_8/aiperf_artifacts/server_metrics_export.csv,2991,Metric=sglang:queue_time_seconds; Description=None,sglang:queue_time_seconds,,,AIPerf histogram row with shifted compact-CSV label schema; use JSON export for component/rank and histogram estimates.,Evidence,aiperf_server_metrics_csv_aggregate,seconds,,,,,,
csv_histogram_labels_unparsed,,,data/raw/h200_gpu_resident_mtp/conc8/result/9017979109/conc_8/aiperf_artifacts/server_metrics_export.csv,2992,Metric=sglang:queue_time_seconds; Description=None,sglang:queue_time_seconds,,,AIPerf histogram row with shifted compact-CSV label schema; use JSON export for component/rank and histogram estimates.,Evidence,aiperf_server_metrics_csv_aggregate,seconds,,,,,,
csv_histogram_labels_unparsed,,,data/raw/h200_gpu_resident_mtp/conc8/result/9017979109/conc_8/aiperf_artifacts/server_metrics_export.csv,2993,Metric=sglang:queue_time_seconds; Description=None,sglang:queue_time_seconds,,,AIPerf histogram row with shifted compact-CSV label schema; use JSON export for component/rank and histogram estimates.,Evidence,aiperf_server_metrics_csv_aggregate,seconds,,,,,,
csv_histogram_labels_unparsed,,,data/raw/h200_gpu_resident_mtp/conc8/result/9017979109/conc_8/aiperf_artifacts/server_metrics_export.csv,2994,Metric=sglang:queue_time_seconds; Description=None,sglang:queue_time_seconds,,,AIPerf histogram row with shifted compact-CSV label schema; use JSON export for component/rank and histogram estimates.,Evidence,aiperf_server_metrics_csv_aggregate,seconds,,,,,,
csv_histogram_labels_unparsed,,,data/raw/h200_gpu_resident_mtp/conc8/result/9017979109/conc_8/aiperf_artifacts/server_metrics_export.csv,2995,Metric=sglang:queue_time_seconds; Description=None,sglang:queue_time_seconds,,,AIPerf histogram row with shifted compact-CSV label schema; use JSON export for component/rank and histogram estimates.,Evidence,aiperf_server_metrics_csv_aggregate,seconds,,,,,,
csv_histogram_labels_unparsed,,,data/raw/h200_gpu_resident_mtp/conc8/result/9017979109/conc_8/aiperf_artifacts/server_metrics_export.csv,2996,Metric=sglang:queue_time_seconds; Description=None,sglang:queue_time_seconds,,,AIPerf histogram row with shifted compact-CSV label schema; use JSON export for component/rank and histogram estimates.,Evidence,aiperf_server_metrics_csv_aggregate,seconds,,,,,,
csv_histogram_labels_unparsed,,,data/raw/h200_gpu_resident_mtp/conc8/result/9017979109/conc_8/aiperf_artifacts/server_metrics_export.csv,2997,Metric=sglang:queue_time_seconds; Description=None,sglang:queue_time_seconds,,,AIPerf histogram row with shifted compact-CSV label schema; use JSON export for component/rank and histogram estimates.,Evidence,aiperf_server_metrics_csv_aggregate,seconds,,,,,,
csv_histogram_labels_unparsed,,,data/raw/h200_gpu_resident_mtp/conc8/result/9017979109/conc_8/aiperf_artifacts/server_metrics_export.csv,2998,Metric=sglang:queue_time_seconds; Description=None,sglang:queue_time_seconds,,,AIPerf histogram row with shifted compact-CSV label schema; use JSON export for component/rank and histogram estimates.,Evidence,aiperf_server_metrics_csv_aggregate,seconds,,,,,,
frontend_log,./worker-7_decode_w1.out,,tar:./worker-7_decode_w1.out,36,max_running_requests,configured_max_running_requests,200.0,2026-08-08T04:51:44.530230Z,configured capacity from log; not observed runtime scheduler count,Evidence,server_log_archive,,,,,,,
frontend_log,./worker-7_decode_w1.out,,tar:./worker-7_decode_w1.out,1041,max_running_requests,configured_max_running_requests,25.0,,configured capacity from log; not observed runtime scheduler count,Evidence,server_log_archive,,,,,,,
frontend_log,./worker-4_decode_w0.out,,tar:./worker-4_decode_w0.out,36,max_running_requests,configured_max_running_requests,200.0,2026-08-08T04:51:36.736243Z,configured capacity from log; not observed runtime scheduler count,Evidence,server_log_archive,,,,,,,
frontend_log,./worker-4_decode_w0.out,,tar:./worker-4_decode_w0.out,1037,max_running_requests,configured_max_running_requests,25.0,,configured capacity from log; not observed runtime scheduler count,Evidence,server_log_archive,,,,,,,
frontend_log,./worker-9_prefill_w0.out,,tar:./worker-9_prefill_w0.out,36,max_running_requests,configured_max_running_requests,32.0,2026-08-08T04:51:24.454472Z,configured capacity from log; not observed runtime scheduler count,Evidence,server_log_archive,,,,,,,
frontend_log,./worker-8_prefill_w1.out,,tar:./worker-8_prefill_w1.out,36,max_running_requests,configured_max_running_requests,32.0,2026-08-08T04:51:29.532954Z,configured capacity from log; not observed runtime scheduler count,Evidence,server_log_archive,,,,,,,
